indicatorId,geoUnit,year,type,subtype,value
FOSGP.5T8.F500600700,ABW,2000,Data Status,Data reporting,NA
FOSGP.5T8.F500600700,ABW,2000,Source,Data sources,Country's submission to UIS SFE Questionnaire C
FOSGP.5T8.F500600700,ABW,2001,Data Status,Data reporting,NA
FOSGP.5T8.F500600700,ABW,2001,Source,Data sources,Country's submission to UIS SFE Questionnaire C
FOSGP.5T8.F500600700,ABW,2002,Data Status,Data reporting,NA
FOSGP.5T8.F500600700,ABW,2002,Source,Data sources,Country's submission to UIS SFE Questionnaire C
FOSGP.5T8.F500600700,ABW,2003,Data Status,Data reporting,NA
FOSGP.5T8.F500600700,ABW,2003,Source,Data sources,Country's submission to UIS SFE Questionnaire C
FOSGP.5T8.F500600700,ABW,2004,Data Status,Data reporting,NA
FOSGP.5T8.F500600700,ABW,2004,Source,Data sources,Country's submission to UIS SFE Questionnaire C
FOSGP.5T8.F500600700,ABW,2005,Data Status,Data reporting,NA
FOSGP.5T8.F500600700,ABW,2005,Source,Data sources,Country's submission to UIS SFE Questionnaire C
FOSGP.5T8.F500600700,ABW,2006,Data Status,Data reporting,NA
FOSGP.5T8.F500600700,ABW,2006,Source,Data sources,Country's submission to UIS SFE Questionnaire C
FOSGP.5T8.F500600700,ABW,2007,Data Status,Data reporting,NA
FOSGP.5T8.F500600700,ABW,2007,Source,Data sources,Country's submission to UIS SFE Questionnaire C
FOSGP.5T8.F500600700,ABW,2008,Data Status,Data reporting,NA
FOSGP.5T8.F500600700,ABW,2008,Source,Data sources,Country's submission to UIS SFE Questionnaire C
FOSGP.5T8.F500600700,ABW,2009,Data Status,Data reporting,NA
FOSGP.5T8.F500600700,ABW,2009,Source,Data sources,Country's submission to UIS SFE Questionnaire C
FOSGP.5T8.F500600700,ABW,2010,Data Status,Data reporting,NA
FOSGP.5T8.F500600700,ABW,2010,Source,Data sources,Country's submission to UIS SFE Questionnaire C
FOSGP.5T8.F500600700,ABW,2011,Data Status,Data reporting,NA
FOSGP.5T8.F500600700,ABW,2011,Source,Data sources,Country's submission to UIS SFE Questionnaire C
FOSGP.5T8.F500600700,ABW,2012,Data Status,Data reporting,NA
FOSGP.5T8.F500600700,ABW,2012,Source,Data sources,Country's submission to UIS SFE Questionnaire C
FOSGP.5T8.F500600700,ABW,2015,Data Status,Data reporting,NA
FOSGP.5T8.F500600700,ABW,2015,Source,Data sources,Country's submission to UIS SFE Questionnaire C
FOSGP.5T8.F500600700,ABW,2016,Data Status,Data reporting,NA
FOSGP.5T8.F500600700,ABW,2016,Source,Data sources,Country's submission to UIS SFE Questionnaire C
FOSGP.5T8.F500600700,AFG,2020,Data Status,Data reporting,NA
FOSGP.5T8.F500600700,AFG,2020,Source,Data sources,Country's submission to UIS SFE Questionnaire C
FOSGP.5T8.F500600700,AGO,2002,Data Status,Data reporting,NA
FOSGP.5T8.F500600700,AGO,2002,Source,Data sources,Country's submission to UIS SFE Questionnaire C
FOSGP.5T8.F500600700,AGO,2015,Source,Data sources,Source: UIS Dynamic template based on UIS Education Survey
FOSGP.5T8.F500600700,AIA,2007,Data Status,Data reporting,NA
FOSGP.5T8.F500600700,AIA,2007,Source,Data sources,Country's submission to UIS SFE Questionnaire C
FOSGP.5T8.F500600700,ALB,2000,Data Status,Data reporting,NA
FOSGP.5T8.F500600700,ALB,2000,Source,Data sources,Country's submission to UIS SFE Questionnaire C
FOSGP.5T8.F500600700,ALB,2001,Data Status,Data reporting,NA
FOSGP.5T8.F500600700,ALB,2001,Source,Data sources,Country's submission to UIS SFE Questionnaire C
FOSGP.5T8.F500600700,ALB,2003,Data Status,Data reporting,NA
FOSGP.5T8.F500600700,ALB,2003,Source,Data sources,Country's submission to UIS SFE Questionnaire C
FOSGP.5T8.F500600700,ALB,2011,Source,Data sources,Source: UIS Dynamic template based on UIS Education Survey
FOSGP.5T8.F500600700,ALB,2015,Source,Data sources,Source: UIS Dynamic template based on UIS Education Survey
FOSGP.5T8.F500600700,ALB,2016,Source,Data sources,Source: UIS Dynamic template based on UIS Education Survey
FOSGP.5T8.F500600700,ALB,2017,Source,Data sources,Source: UIS Dynamic template based on UIS Education Survey
FOSGP.5T8.F500600700,ALB,2018,Source,Data sources,Source: UIS Dynamic template based on UIS Education Survey
FOSGP.5T8.F500600700,ALB,2019,Source,Data sources,Source: UIS Dynamic template based on UIS Education Survey
FOSGP.5T8.F500600700,ALB,2020,Source,Data sources,Source: UIS Dynamic template based on UIS Education Survey
FOSGP.5T8.F500600700,ALB,2021,Source,Data sources,Source: UIS Dynamic template based on UIS Education Survey
FOSGP.5T8.F500600700,ALB,2022,Source,Data sources,Source: UIS Dynamic template based on UIS Education Survey
FOSGP.5T8.F500600700,ALB,2023,Source,Data sources,Source: UIS Dynamic template based on UIS Education Survey
FOSGP.5T8.F500600700,ALB,2024,Source,Data sources,Source: UIS Dynamic template based on UIS Education Survey
FOSGP.5T8.F500600700,AND,2002,Data Status,Data reporting,NA
FOSGP.5T8.F500600700,AND,2002,Source,Data sources,Country's submission to UIS SFE Questionnaire C
FOSGP.5T8.F500600700,AND,2003,Data Status,Data reporting,NA
FOSGP.5T8.F500600700,AND,2003,Source,Data sources,Country's submission to UIS SFE Questionnaire C
FOSGP.5T8.F500600700,AND,2004,Data Status,Data reporting,NA
FOSGP.5T8.F500600700,AND,2004,Source,Data sources,Country's submission to UIS SFE Questionnaire C
FOSGP.5T8.F500600700,AND,2005,Data Status,Data reporting,NA
FOSGP.5T8.F500600700,AND,2005,Source,Data sources,Country's submission to UIS SFE Questionnaire C
FOSGP.5T8.F500600700,AND,2006,Data Status,Data reporting,NA
FOSGP.5T8.F500600700,AND,2006,Source,Data sources,Country's submission to UIS SFE Questionnaire C
FOSGP.5T8.F500600700,AND,2008,Data Status,Data reporting,NA
FOSGP.5T8.F500600700,AND,2008,Source,Data sources,Country's submission to UIS SFE Questionnaire C
FOSGP.5T8.F500600700,AND,2012,Source,Data sources,Source: UIS Dynamic template based on UIS Education Survey
FOSGP.5T8.F500600700,AND,2015,Source,Data sources,Source: UIS Dynamic template based on UIS Education Survey
FOSGP.5T8.F500600700,AND,2016,Source,Data sources,Source: UIS Dynamic template based on UIS Education Survey
FOSGP.5T8.F500600700,AND,2017,Source,Data sources,Source: UIS Dynamic template based on UIS Education Survey
FOSGP.5T8.F500600700,AND,2018,Source,Data sources,Source: UIS Dynamic template based on UIS Education Survey
FOSGP.5T8.F500600700,AND,2019,Source,Data sources,Source: UIS Dynamic template based on UIS Education Survey
FOSGP.5T8.F500600700,AND,2020,Source,Data sources,Source: UIS Dynamic template based on UIS Education Survey
FOSGP.5T8.F500600700,AND,2021,Source,Data sources,Source: UIS Dynamic template based on UIS Education Survey
FOSGP.5T8.F500600700,AND,2022,Source,Data sources,Source: UIS Dynamic template based on UIS Education Survey
FOSGP.5T8.F500600700,AND,2023,Source,Data sources,Source: UIS Dynamic template based on UIS Education Survey
FOSGP.5T8.F500600700,AND,2024,Source,Data sources,Source: UIS Dynamic template based on UIS Education Survey
FOSGP.5T8.F500600700,ARE,2018,Source,Data sources,Source: UIS Dynamic template based on UIS Education Survey
FOSGP.5T8.F500600700,ARE,2019,Source,Data sources,Source: UIS Dynamic template based on UIS Education Survey
FOSGP.5T8.F500600700,ARE,2020,Source,Data sources,Source: UIS Dynamic template based on UIS Education Survey
FOSGP.5T8.F500600700,ARE,2021,Source,Data sources,Source: UIS Dynamic template based on UIS Education Survey
FOSGP.5T8.F500600700,ARE,2022,Source,Data sources,Source: UIS Dynamic template based on UIS Education Survey
FOSGP.5T8.F500600700,ARE,2023,Source,Data sources,Source: UIS Dynamic template based on UIS Education Survey
FOSGP.5T8.F500600700,ARE,2024,Source,Data sources,Source: UIS Dynamic template based on UIS Education Survey
FOSGP.5T8.F500600700,ARG,2006,Data Status,Data reporting,NA
FOSGP.5T8.F500600700,ARG,2006,Source,Data sources,Country's submission to UIS SFE Questionnaire C
FOSGP.5T8.F500600700,ARG,2007,Data Status,Data reporting,NA
FOSGP.5T8.F500600700,ARG,2007,Source,Data sources,Country's submission to UIS SFE Questionnaire C
FOSGP.5T8.F500600700,ARG,2008,Data Status,Data reporting,NA
FOSGP.5T8.F500600700,ARG,2008,Source,Data sources,Country's submission to UIS SFE Questionnaire C
FOSGP.5T8.F500600700,ARG,2009,Data Status,Data reporting,NA
FOSGP.5T8.F500600700,ARG,2009,Source,Data sources,Country's submission to UIS SFE Questionnaire C
FOSGP.5T8.F500600700,ARG,2010,Data Status,Data reporting,NA
FOSGP.5T8.F500600700,ARG,2010,Source,Data sources,Country's submission to UIS SFE Questionnaire C
FOSGP.5T8.F500600700,ARG,2011,Data Status,Data reporting,NA
FOSGP.5T8.F500600700,ARG,2011,Source,Data sources,Country's submission to UIS SFE Questionnaire C
FOSGP.5T8.F500600700,ARG,2016,Source,Data sources,Source: UIS Dynamic template based on UIS Education Survey
FOSGP.5T8.F500600700,ARG,2017,Source,Data sources,Source: UIS Dynamic template based on UIS Education Survey
FOSGP.5T8.F500600700,ARG,2018,Source,Data sources,Source: UIS Dynamic template based on UIS Education Survey
FOSGP.5T8.F500600700,ARG,2019,Source,Data sources,Source: UIS Dynamic template based on UIS Education Survey
FOSGP.5T8.F500600700,ARG,2020,Source,Data sources,Source: UIS Dynamic template based on UIS Education Survey
FOSGP.5T8.F500600700,ARG,2021,Source,Data sources,Source: UIS Dynamic template based on UIS Education Survey
FOSGP.5T8.F500600700,ARG,2022,Source,Data sources,Source: UIS Dynamic template based on UIS Education Survey
FOSGP.5T8.F500600700,ARG,2023,Source,Data sources,Source: UIS Dynamic template based on UIS Education Survey
FOSGP.5T8.F500600700,ARM,2010,Source,Data sources,Source: UIS Dynamic template based on UIS Education Survey
FOSGP.5T8.F500600700,ARM,2015,Source,Data sources,Source: UIS Dynamic template based on UIS Education Survey
FOSGP.5T8.F500600700,ARM,2016,Source,Data sources,Source: UIS Dynamic template based on UIS Education Survey
FOSGP.5T8.F500600700,ARM,2017,Source,Data sources,Source: UIS Dynamic template based on UIS Education Survey
FOSGP.5T8.F500600700,ARM,2018,Source,Data sources,Source: UIS Dynamic template based on UIS Education Survey
FOSGP.5T8.F500600700,ARM,2019,Source,Data sources,Source: UIS Dynamic template based on UIS Education Survey
FOSGP.5T8.F500600700,ARM,2020,Source,Data sources,Source: UIS Dynamic template based on UIS Education Survey
FOSGP.5T8.F500600700,ARM,2021,Source,Data sources,Source: UIS Dynamic template based on UIS Education Survey
FOSGP.5T8.F500600700,ARM,2022,Source,Data sources,Source: UIS Dynamic template based on UIS Education Survey
FOSGP.5T8.F500600700,ARM,2023,Source,Data sources,Source: UIS Dynamic template based on UIS Education Survey
FOSGP.5T8.F500600700,ARM,2024,Source,Data sources,Source: UIS Dynamic template based on UIS Education Survey
FOSGP.5T8.F500600700,ATG,2009,Data Status,Data reporting,NA
FOSGP.5T8.F500600700,ATG,2009,Source,Data sources,Country's submission to UIS SFE Questionnaire C
FOSGP.5T8.F500600700,ATG,2010,Data Status,Data reporting,NA
FOSGP.5T8.F500600700,ATG,2010,Source,Data sources,Country's submission to UIS SFE Questionnaire C
FOSGP.5T8.F500600700,ATG,2011,Data Status,Data reporting,NA
FOSGP.5T8.F500600700,ATG,2011,Source,Data sources,Country's submission to UIS SFE Questionnaire C
FOSGP.5T8.F500600700,ATG,2012,Data Status,Data reporting,NA
FOSGP.5T8.F500600700,ATG,2012,Source,Data sources,Country's submission to UIS SFE Questionnaire C
FOSGP.5T8.F500600700,AUS,2000,Data Status,Data reporting,NA
FOSGP.5T8.F500600700,AUS,2000,Source,Data sources,Country's submission to UNESCO OECD Eurostat (UOE) joint data collection
FOSGP.5T8.F500600700,AUS,2002,Data Status,Data reporting,NA
FOSGP.5T8.F500600700,AUS,2002,Source,Data sources,Country's submission to UNESCO OECD Eurostat (UOE) joint data collection
FOSGP.5T8.F500600700,AUS,2003,Data Status,Data reporting,NA
FOSGP.5T8.F500600700,AUS,2003,Source,Data sources,Country's submission to UNESCO OECD Eurostat (UOE) joint data collection
FOSGP.5T8.F500600700,AUS,2005,Data Status,Data reporting,NA
FOSGP.5T8.F500600700,AUS,2005,Source,Data sources,Country's submission to UNESCO OECD Eurostat (UOE) joint data collection
FOSGP.5T8.F500600700,AUS,2006,Data Status,Data reporting,NA
FOSGP.5T8.F500600700,AUS,2006,Source,Data sources,Country's submission to UNESCO OECD Eurostat (UOE) joint data collection
FOSGP.5T8.F500600700,AUS,2007,Data Status,Data reporting,NA
FOSGP.5T8.F500600700,AUS,2007,Source,Data sources,Country's submission to UNESCO OECD Eurostat (UOE) joint data collection
FOSGP.5T8.F500600700,AUS,2008,Data Status,Data reporting,NA
FOSGP.5T8.F500600700,AUS,2008,Source,Data sources,Country's submission to UNESCO OECD Eurostat (UOE) joint data collection
FOSGP.5T8.F500600700,AUS,2009,Data Status,Data reporting,NA
FOSGP.5T8.F500600700,AUS,2009,Source,Data sources,Country's submission to UNESCO OECD Eurostat (UOE) joint data collection
FOSGP.5T8.F500600700,AUS,2011,Data Status,Data reporting,NA
FOSGP.5T8.F500600700,AUS,2011,Source,Data sources,Country's submission to UNESCO OECD Eurostat (UOE) joint data collection
FOSGP.5T8.F500600700,AUS,2013,Data Status,Data reporting,NA
FOSGP.5T8.F500600700,AUS,2013,Source,Data sources,Country's submission to UNESCO OECD Eurostat (UOE) joint data collection
FOSGP.5T8.F500600700,AUS,2014,Data Status,Data reporting,NA
FOSGP.5T8.F500600700,AUS,2014,Source,Data sources,Country's submission to UNESCO OECD Eurostat (UOE) joint data collection
FOSGP.5T8.F500600700,AUS,2015,Data Status,Data reporting,NA
FOSGP.5T8.F500600700,AUS,2015,Source,Data sources,Country's submission to UNESCO OECD Eurostat (UOE) joint data collection
FOSGP.5T8.F500600700,AUS,2017,Data Status,Data reporting,NA
FOSGP.5T8.F500600700,AUS,2017,Source,Data sources,Country's submission to UNESCO OECD Eurostat (UOE) joint data collection
FOSGP.5T8.F500600700,AUS,2018,Data Status,Data reporting,NA
FOSGP.5T8.F500600700,AUS,2018,Source,Data sources,Country's submission to UNESCO OECD Eurostat (UOE) joint data collection
FOSGP.5T8.F500600700,AUS,2019,Data Status,Data reporting,NA
FOSGP.5T8.F500600700,AUS,2019,Source,Data sources,Country's submission to UNESCO OECD Eurostat (UOE) joint data collection
FOSGP.5T8.F500600700,AUS,2020,Data Status,Data reporting,NA
FOSGP.5T8.F500600700,AUS,2020,Source,Data sources,Country's submission to UNESCO OECD Eurostat (UOE) joint data collection
FOSGP.5T8.F500600700,AUS,2021,Data Status,Data reporting,NA
FOSGP.5T8.F500600700,AUS,2021,Source,Data sources,Country's submission to UNESCO OECD Eurostat (UOE) joint data collection
FOSGP.5T8.F500600700,AUS,2022,Data Status,Data reporting,NA
FOSGP.5T8.F500600700,AUS,2022,Source,Data sources,Country's submission to UNESCO OECD Eurostat (UOE) joint data collection
FOSGP.5T8.F500600700,AUS,2023,Data Status,Data reporting,NA
FOSGP.5T8.F500600700,AUS,2023,Source,Data sources,Country's submission to UNESCO OECD Eurostat (UOE) joint data collection
FOSGP.5T8.F500600700,AUT,2007,Data Status,Data reporting,NA
FOSGP.5T8.F500600700,AUT,2007,Source,Data sources,Country's submission to UNESCO OECD Eurostat (UOE) joint data collection
FOSGP.5T8.F500600700,AUT,2008,Data Status,Data reporting,NA
FOSGP.5T8.F500600700,AUT,2008,Source,Data sources,Country's submission to UNESCO OECD Eurostat (UOE) joint data collection
FOSGP.5T8.F500600700,AUT,2009,Data Status,Data reporting,NA
FOSGP.5T8.F500600700,AUT,2009,Source,Data sources,Country's submission to UNESCO OECD Eurostat (UOE) joint data collection
FOSGP.5T8.F500600700,AUT,2010,Data Status,Data reporting,NA
FOSGP.5T8.F500600700,AUT,2010,Source,Data sources,Country's submission to UNESCO OECD Eurostat (UOE) joint data collection
FOSGP.5T8.F500600700,AUT,2011,Data Status,Data reporting,NA
FOSGP.5T8.F500600700,AUT,2011,Source,Data sources,Country's submission to UNESCO OECD Eurostat (UOE) joint data collection
FOSGP.5T8.F500600700,AUT,2012,Data Status,Data reporting,NA
FOSGP.5T8.F500600700,AUT,2012,Source,Data sources,Country's submission to UNESCO OECD Eurostat (UOE) joint data collection
FOSGP.5T8.F500600700,AUT,2013,Data Status,Data reporting,NA
FOSGP.5T8.F500600700,AUT,2013,Source,Data sources,Country's submission to UNESCO OECD Eurostat (UOE) joint data collection
FOSGP.5T8.F500600700,AUT,2014,Data Status,Data reporting,NA
FOSGP.5T8.F500600700,AUT,2014,Source,Data sources,Country's submission to UNESCO OECD Eurostat (UOE) joint data collection
FOSGP.5T8.F500600700,AUT,2015,Data Status,Data reporting,NA
FOSGP.5T8.F500600700,AUT,2015,Source,Data sources,Country's submission to UNESCO OECD Eurostat (UOE) joint data collection
FOSGP.5T8.F500600700,AUT,2016,Data Status,Data reporting,NA
FOSGP.5T8.F500600700,AUT,2016,Source,Data sources,Country's submission to UNESCO OECD Eurostat (UOE) joint data collection
FOSGP.5T8.F500600700,AUT,2018,Data Status,Data reporting,NA
FOSGP.5T8.F500600700,AUT,2018,Source,Data sources,Country's submission to UNESCO OECD Eurostat (UOE) joint data collection
FOSGP.5T8.F500600700,AUT,2019,Data Status,Data reporting,NA
FOSGP.5T8.F500600700,AUT,2019,Source,Data sources,Country's submission to UNESCO OECD Eurostat (UOE) joint data collection
FOSGP.5T8.F500600700,AUT,2020,Data Status,Data reporting,NA
FOSGP.5T8.F500600700,AUT,2020,Source,Data sources,Country's submission to UNESCO OECD Eurostat (UOE) joint data collection
FOSGP.5T8.F500600700,AUT,2021,Data Status,Data reporting,NA
FOSGP.5T8.F500600700,AUT,2021,Source,Data sources,Country's submission to UNESCO OECD Eurostat (UOE) joint data collection
FOSGP.5T8.F500600700,AUT,2022,Data Status,Data reporting,NA
FOSGP.5T8.F500600700,AUT,2022,Source,Data sources,Country's submission to UNESCO OECD Eurostat (UOE) joint data collection
FOSGP.5T8.F500600700,AUT,2023,Data Status,Data reporting,NA
FOSGP.5T8.F500600700,AUT,2023,Source,Data sources,Country's submission to UNESCO OECD Eurostat (UOE) joint data collection
FOSGP.5T8.F500600700,AUT,2024,Data Status,Data reporting,NA
FOSGP.5T8.F500600700,AUT,2024,Source,Data sources,Country's submission to UNESCO OECD Eurostat (UOE) joint data collection
FOSGP.5T8.F500600700,AZE,2008,Data Status,Data reporting,NA
FOSGP.5T8.F500600700,AZE,2008,Source,Data sources,Country's submission to UIS SFE Questionnaire C
FOSGP.5T8.F500600700,AZE,2009,Data Status,Data reporting,NA
FOSGP.5T8.F500600700,AZE,2009,Source,Data sources,Country's submission to UIS SFE Questionnaire C
FOSGP.5T8.F500600700,AZE,2010,Source,Data sources,Source: UIS Dynamic template based on UIS Education Survey
FOSGP.5T8.F500600700,AZE,2011,Source,Data sources,Source: UIS Dynamic template based on UIS Education Survey
FOSGP.5T8.F500600700,AZE,2012,Source,Data sources,Source: UIS Dynamic template based on UIS Education Survey
FOSGP.5T8.F500600700,AZE,2015,Source,Data sources,Source: UIS Dynamic template based on UIS Education Survey
FOSGP.5T8.F500600700,AZE,2016,Source,Data sources,Source: UIS Dynamic template based on UIS Education Survey
FOSGP.5T8.F500600700,AZE,2017,Source,Data sources,Source: UIS Dynamic template based on UIS Education Survey
FOSGP.5T8.F500600700,AZE,2018,Source,Data sources,Source: UIS Dynamic template based on UIS Education Survey
FOSGP.5T8.F500600700,AZE,2019,Source,Data sources,Source: UIS Dynamic template based on UIS Education Survey
FOSGP.5T8.F500600700,AZE,2020,Source,Data sources,Source: UIS Dynamic template based on UIS Education Survey
FOSGP.5T8.F500600700,AZE,2021,Source,Data sources,Source: UIS Dynamic template based on UIS Education Survey
FOSGP.5T8.F500600700,AZE,2022,Source,Data sources,Source: UIS Dynamic template based on UIS Education Survey
FOSGP.5T8.F500600700,AZE,2023,Source,Data sources,Source: UIS Dynamic template based on UIS Education Survey
FOSGP.5T8.F500600700,AZE,2024,Source,Data sources,Source: UIS Dynamic template based on UIS Education Survey
FOSGP.5T8.F500600700,BDI,2001,Data Status,Data reporting,NA
FOSGP.5T8.F500600700,BDI,2001,Source,Data sources,Country's submission to UIS SFE Questionnaire C
FOSGP.5T8.F500600700,BDI,2004,Data Status,Data reporting,NA
FOSGP.5T8.F500600700,BDI,2004,Source,Data sources,Country's submission to UIS SFE Questionnaire C
FOSGP.5T8.F500600700,BDI,2010,Data Status,Data reporting,NA
FOSGP.5T8.F500600700,BDI,2010,Source,Data sources,Country's submission to UIS SFE Questionnaire C
FOSGP.5T8.F500600700,BDI,2015,Source,Data sources,Source: UIS Dynamic template
FOSGP.5T8.F500600700,BDI,2016,Source,Data sources,Source: UIS Dynamic template
FOSGP.5T8.F500600700,BDI,2017,Source,Data sources,Source: UIS Dynamic template
FOSGP.5T8.F500600700,BDI,2018,Source,Data sources,Source: UIS Dynamic template
FOSGP.5T8.F500600700,BDI,2025,Data Status,Data reporting,NA
FOSGP.5T8.F500600700,BDI,2025,Source,Data sources,Country's submission to UIS SFE Questionnaire C
FOSGP.5T8.F500600700,BEL,2000,Data Status,Data reporting,NA
FOSGP.5T8.F500600700,BEL,2000,Source,Data sources,Country's submission to UNESCO OECD Eurostat (UOE) joint data collection
FOSGP.5T8.F500600700,BEL,2001,Data Status,Data reporting,NA
FOSGP.5T8.F500600700,BEL,2001,Source,Data sources,Country's submission to UNESCO OECD Eurostat (UOE) joint data collection
FOSGP.5T8.F500600700,BEL,2002,Data Status,Data reporting,NA
FOSGP.5T8.F500600700,BEL,2002,Source,Data sources,Country's submission to UNESCO OECD Eurostat (UOE) joint data collection
FOSGP.5T8.F500600700,BEL,2006,Data Status,Data reporting,NA
FOSGP.5T8.F500600700,BEL,2006,Source,Data sources,Country's submission to UNESCO OECD Eurostat (UOE) joint data collection
FOSGP.5T8.F500600700,BEL,2008,Data Status,Data reporting,NA
FOSGP.5T8.F500600700,BEL,2008,Source,Data sources,Country's submission to UNESCO OECD Eurostat (UOE) joint data collection
FOSGP.5T8.F500600700,BEL,2009,Data Status,Data reporting,NA
FOSGP.5T8.F500600700,BEL,2009,Source,Data sources,Country's submission to UNESCO OECD Eurostat (UOE) joint data collection
FOSGP.5T8.F500600700,BEL,2010,Data Status,Data reporting,NA
FOSGP.5T8.F500600700,BEL,2010,Source,Data sources,Country's submission to UNESCO OECD Eurostat (UOE) joint data collection
FOSGP.5T8.F500600700,BEL,2011,Data Status,Data reporting,NA
FOSGP.5T8.F500600700,BEL,2011,Source,Data sources,Country's submission to UNESCO OECD Eurostat (UOE) joint data collection
FOSGP.5T8.F500600700,BEL,2012,Data Status,Data reporting,NA
FOSGP.5T8.F500600700,BEL,2012,Source,Data sources,Country's submission to UNESCO OECD Eurostat (UOE) joint data collection
FOSGP.5T8.F500600700,BEL,2013,Data Status,Data reporting,NA
FOSGP.5T8.F500600700,BEL,2013,Source,Data sources,Country's submission to UNESCO OECD Eurostat (UOE) joint data collection
FOSGP.5T8.F500600700,BEL,2014,Data Status,Data reporting,NA
FOSGP.5T8.F500600700,BEL,2014,Source,Data sources,Country's submission to UNESCO OECD Eurostat (UOE) joint data collection
FOSGP.5T8.F500600700,BEL,2015,Data Status,Data reporting,NA
FOSGP.5T8.F500600700,BEL,2015,Source,Data sources,Country's submission to UNESCO OECD Eurostat (UOE) joint data collection
FOSGP.5T8.F500600700,BEL,2016,Data Status,Data reporting,NA
FOSGP.5T8.F500600700,BEL,2016,Source,Data sources,Country's submission to UNESCO OECD Eurostat (UOE) joint data collection
FOSGP.5T8.F500600700,BEL,2017,Data Status,Data reporting,NA
FOSGP.5T8.F500600700,BEL,2017,Source,Data sources,Country's submission to UNESCO OECD Eurostat (UOE) joint data collection
FOSGP.5T8.F500600700,BEL,2018,Data Status,Data reporting,NA
FOSGP.5T8.F500600700,BEL,2018,Source,Data sources,Country's submission to UNESCO OECD Eurostat (UOE) joint data collection
FOSGP.5T8.F500600700,BEL,2019,Data Status,Data reporting,NA
FOSGP.5T8.F500600700,BEL,2019,Source,Data sources,Country's submission to UNESCO OECD Eurostat (UOE) joint data collection
FOSGP.5T8.F500600700,BEL,2020,Data Status,Data reporting,NA
FOSGP.5T8.F500600700,BEL,2020,Source,Data sources,Country's submission to UNESCO OECD Eurostat (UOE) joint data collection
FOSGP.5T8.F500600700,BEL,2021,Data Status,Data reporting,NA
FOSGP.5T8.F500600700,BEL,2021,Source,Data sources,Country's submission to UNESCO OECD Eurostat (UOE) joint data collection
FOSGP.5T8.F500600700,BEL,2022,Data Status,Data reporting,NA
FOSGP.5T8.F500600700,BEL,2022,Source,Data sources,Country's submission to UNESCO OECD Eurostat (UOE) joint data collection
FOSGP.5T8.F500600700,BEL,2023,Data Status,Data reporting,NA
FOSGP.5T8.F500600700,BEL,2023,Source,Data sources,Country's submission to UNESCO OECD Eurostat (UOE) joint data collection
FOSGP.5T8.F500600700,BEN,2011,Data Status,Data reporting,NA
FOSGP.5T8.F500600700,BEN,2011,Source,Data sources,Country's submission to UIS SFE Questionnaire C
FOSGP.5T8.F500600700,BEN,2014,Data Status,Data reporting,NA
FOSGP.5T8.F500600700,BEN,2014,Source,Data sources,Country's submission to UIS SFE Questionnaire C
FOSGP.5T8.F500600700,BEN,2015,Data Status,Data reporting,NA
FOSGP.5T8.F500600700,BEN,2015,Source,Data sources,Country's submission to UIS SFE Questionnaire C
FOSGP.5T8.F500600700,BEN,2018,Data Status,Data reporting,NA
FOSGP.5T8.F500600700,BEN,2018,Source,Data sources,Country's submission to UIS SFE Questionnaire C
FOSGP.5T8.F500600700,BEN,2019,Data Status,Data reporting,NA
FOSGP.5T8.F500600700,BEN,2019,Source,Data sources,Country's submission to UIS SFE Questionnaire C
FOSGP.5T8.F500600700,BEN,2020,Data Status,Data reporting,NA
FOSGP.5T8.F500600700,BEN,2020,Source,Data sources,Country's submission to UIS SFE Questionnaire C
FOSGP.5T8.F500600700,BEN,2021,Data Status,Data reporting,NA
FOSGP.5T8.F500600700,BEN,2021,Source,Data sources,Country's submission to UIS SFE Questionnaire C
FOSGP.5T8.F500600700,BEN,2022,Data Status,Data reporting,NA
FOSGP.5T8.F500600700,BEN,2022,Source,Data sources,Country's submission to UIS SFE Questionnaire C
FOSGP.5T8.F500600700,BFA,2010,Source,Data sources,Source: UIS Dynamic template based on UIS Education Survey
FOSGP.5T8.F500600700,BFA,2011,Data Status,Data reporting,NA
FOSGP.5T8.F500600700,BFA,2011,Source,Data sources,Country's submission to UIS SFE Questionnaire C
FOSGP.5T8.F500600700,BFA,2012,Source,Data sources,Source: UIS Dynamic template based on UIS Education Survey
FOSGP.5T8.F500600700,BFA,2014,Source,Data sources,Source: UIS Dynamic template based on UIS Education Survey
FOSGP.5T8.F500600700,BFA,2015,Source,Data sources,Source: UIS Dynamic template based on UIS Education Survey
FOSGP.5T8.F500600700,BFA,2016,Source,Data sources,Source: UIS Dynamic template based on UIS Education Survey
FOSGP.5T8.F500600700,BFA,2017,Source,Data sources,Source: UIS Dynamic template based on UIS Education Survey
FOSGP.5T8.F500600700,BFA,2018,Source,Data sources,Source: UIS Dynamic template based on UIS Education Survey
FOSGP.5T8.F500600700,BFA,2019,Source,Data sources,Source: UIS Dynamic template based on UIS Education Survey
FOSGP.5T8.F500600700,BFA,2020,Source,Data sources,Source: UIS Dynamic template based on UIS Education Survey
FOSGP.5T8.F500600700,BFA,2021,Source,Data sources,Source: UIS Dynamic template based on UIS Education Survey
FOSGP.5T8.F500600700,BFA,2022,Source,Data sources,Source: UIS Dynamic template based on UIS Education Survey
FOSGP.5T8.F500600700,BFA,2024,Source,Data sources,Source: UIS Dynamic template based on UIS Education Survey
FOSGP.5T8.F500600700,BGD,2016,Source,Data sources,Source: UIS Dynamic template based on UIS Education Survey
FOSGP.5T8.F500600700,BGD,2017,Source,Data sources,Source: UIS Dynamic template based on UIS Education Survey
FOSGP.5T8.F500600700,BGD,2018,Source,Data sources,Source: UIS Dynamic template based on UIS Education Survey
FOSGP.5T8.F500600700,BGD,2019,Source,Data sources,Source: UIS Dynamic template based on UIS Education Survey
FOSGP.5T8.F500600700,BGD,2020,Source,Data sources,Source: UIS Dynamic template based on UIS Education Survey
FOSGP.5T8.F500600700,BGR,2000,Data Status,Data reporting,NA
FOSGP.5T8.F500600700,BGR,2000,Source,Data sources,Country's submission to UNESCO OECD Eurostat (UOE) joint data collection
FOSGP.5T8.F500600700,BGR,2001,Data Status,Data reporting,NA
FOSGP.5T8.F500600700,BGR,2001,Source,Data sources,Country's submission to UNESCO OECD Eurostat (UOE) joint data collection
FOSGP.5T8.F500600700,BGR,2002,Data Status,Data reporting,NA
FOSGP.5T8.F500600700,BGR,2002,Source,Data sources,Country's submission to UNESCO OECD Eurostat (UOE) joint data collection
FOSGP.5T8.F500600700,BGR,2003,Data Status,Data reporting,NA
FOSGP.5T8.F500600700,BGR,2003,Source,Data sources,Country's submission to UNESCO OECD Eurostat (UOE) joint data collection
FOSGP.5T8.F500600700,BGR,2004,Data Status,Data reporting,NA
FOSGP.5T8.F500600700,BGR,2004,Source,Data sources,Country's submission to UNESCO OECD Eurostat (UOE) joint data collection
FOSGP.5T8.F500600700,BGR,2005,Data Status,Data reporting,NA
FOSGP.5T8.F500600700,BGR,2005,Source,Data sources,Country's submission to UNESCO OECD Eurostat (UOE) joint data collection
FOSGP.5T8.F500600700,BGR,2007,Data Status,Data reporting,NA
FOSGP.5T8.F500600700,BGR,2007,Source,Data sources,Country's submission to UNESCO OECD Eurostat (UOE) joint data collection
FOSGP.5T8.F500600700,BGR,2008,Data Status,Data reporting,NA
FOSGP.5T8.F500600700,BGR,2008,Source,Data sources,Country's submission to UNESCO OECD Eurostat (UOE) joint data collection
FOSGP.5T8.F500600700,BGR,2009,Data Status,Data reporting,NA
FOSGP.5T8.F500600700,BGR,2009,Source,Data sources,Country's submission to UNESCO OECD Eurostat (UOE) joint data collection
FOSGP.5T8.F500600700,BGR,2010,Data Status,Data reporting,NA
FOSGP.5T8.F500600700,BGR,2010,Source,Data sources,Country's submission to UNESCO OECD Eurostat (UOE) joint data collection
FOSGP.5T8.F500600700,BGR,2011,Data Status,Data reporting,NA
FOSGP.5T8.F500600700,BGR,2011,Source,Data sources,Country's submission to UNESCO OECD Eurostat (UOE) joint data collection
FOSGP.5T8.F500600700,BGR,2012,Data Status,Data reporting,NA
FOSGP.5T8.F500600700,BGR,2012,Source,Data sources,Country's submission to UNESCO OECD Eurostat (UOE) joint data collection
FOSGP.5T8.F500600700,BGR,2013,Data Status,Data reporting,NA
FOSGP.5T8.F500600700,BGR,2013,Source,Data sources,Country's submission to UNESCO OECD Eurostat (UOE) joint data collection
FOSGP.5T8.F500600700,BGR,2014,Data Status,Data reporting,NA
FOSGP.5T8.F500600700,BGR,2014,Source,Data sources,Country's submission to UNESCO OECD Eurostat (UOE) joint data collection
FOSGP.5T8.F500600700,BGR,2015,Data Status,Data reporting,NA
FOSGP.5T8.F500600700,BGR,2015,Source,Data sources,Country's submission to UNESCO OECD Eurostat (UOE) joint data collection
FOSGP.5T8.F500600700,BGR,2016,Data Status,Data reporting,NA
FOSGP.5T8.F500600700,BGR,2016,Source,Data sources,Country's submission to UNESCO OECD Eurostat (UOE) joint data collection
FOSGP.5T8.F500600700,BGR,2017,Data Status,Data reporting,NA
FOSGP.5T8.F500600700,BGR,2017,Source,Data sources,Country's submission to UNESCO OECD Eurostat (UOE) joint data collection
FOSGP.5T8.F500600700,BGR,2018,Data Status,Data reporting,NA
FOSGP.5T8.F500600700,BGR,2018,Source,Data sources,Country's submission to UNESCO OECD Eurostat (UOE) joint data collection
FOSGP.5T8.F500600700,BGR,2019,Data Status,Data reporting,NA
FOSGP.5T8.F500600700,BGR,2019,Source,Data sources,Country's submission to UNESCO OECD Eurostat (UOE) joint data collection
FOSGP.5T8.F500600700,BGR,2020,Data Status,Data reporting,NA
FOSGP.5T8.F500600700,BGR,2020,Source,Data sources,Country's submission to UNESCO OECD Eurostat (UOE) joint data collection
FOSGP.5T8.F500600700,BGR,2021,Data Status,Data reporting,NA
FOSGP.5T8.F500600700,BGR,2021,Source,Data sources,Country's submission to UNESCO OECD Eurostat (UOE) joint data collection
FOSGP.5T8.F500600700,BGR,2023,Data Status,Data reporting,NA
FOSGP.5T8.F500600700,BGR,2023,Source,Data sources,Country's submission to UNESCO OECD Eurostat (UOE) joint data collection
FOSGP.5T8.F500600700,BHR,2003,Data Status,Data reporting,NA
FOSGP.5T8.F500600700,BHR,2003,Source,Data sources,Country's submission to UIS SFE Questionnaire C
FOSGP.5T8.F500600700,BHR,2005,Data Status,Data reporting,NA
FOSGP.5T8.F500600700,BHR,2005,Source,Data sources,Country's submission to UIS SFE Questionnaire C
FOSGP.5T8.F500600700,BHR,2006,Data Status,Data reporting,NA
FOSGP.5T8.F500600700,BHR,2006,Source,Data sources,Country's submission to UIS SFE Questionnaire C
FOSGP.5T8.F500600700,BHR,2015,Source,Data sources,Source: UIS Dynamic template based on UIS Education Survey
FOSGP.5T8.F500600700,BHR,2016,Source,Data sources,Source: UIS Dynamic template based on UIS Education Survey
FOSGP.5T8.F500600700,BHR,2017,Source,Data sources,Source: UIS Dynamic template based on UIS Education Survey
FOSGP.5T8.F500600700,BHR,2018,Source,Data sources,Source: UIS Dynamic template based on UIS Education Survey
FOSGP.5T8.F500600700,BHR,2019,Source,Data sources,Source: UIS Dynamic template based on UIS Education Survey
FOSGP.5T8.F500600700,BHR,2020,Source,Data sources,Source: UIS Dynamic template based on UIS Education Survey
FOSGP.5T8.F500600700,BHR,2021,Source,Data sources,Source: UIS Dynamic template
FOSGP.5T8.F500600700,BHR,2022,Source,Data sources,Source: UIS Dynamic template based on UIS Education Survey
FOSGP.5T8.F500600700,BHR,2023,Source,Data sources,Source: UIS Dynamic template based on UIS Education Survey
FOSGP.5T8.F500600700,BHR,2024,Source,Data sources,Source: UIS Dynamic template based on UIS Education Survey
FOSGP.5T8.F500600700,BIH,2015,Data Status,Data reporting,NA
FOSGP.5T8.F500600700,BIH,2015,Source,Data sources,Country's submission to UIS SFE Questionnaire C
FOSGP.5T8.F500600700,BIH,2016,Data Status,Data reporting,NA
FOSGP.5T8.F500600700,BIH,2016,Source,Data sources,Country's submission to UIS SFE Questionnaire C
FOSGP.5T8.F500600700,BIH,2017,Data Status,Data reporting,NA
FOSGP.5T8.F500600700,BIH,2017,Source,Data sources,Country's submission to UIS SFE Questionnaire C
FOSGP.5T8.F500600700,BIH,2018,Data Status,Data reporting,NA
FOSGP.5T8.F500600700,BIH,2018,Source,Data sources,Country's submission to UIS SFE Questionnaire C
FOSGP.5T8.F500600700,BIH,2019,Data Status,Data reporting,NA
FOSGP.5T8.F500600700,BIH,2019,Source,Data sources,Country's submission to UIS SFE Questionnaire C
FOSGP.5T8.F500600700,BIH,2020,Data Status,Data reporting,NA
FOSGP.5T8.F500600700,BIH,2020,Source,Data sources,Country's submission to UIS SFE Questionnaire C
FOSGP.5T8.F500600700,BIH,2021,Data Status,Data reporting,NA
FOSGP.5T8.F500600700,BIH,2021,Source,Data sources,Country's submission to UIS SFE Questionnaire C
FOSGP.5T8.F500600700,BIH,2022,Data Status,Data reporting,NA
FOSGP.5T8.F500600700,BIH,2022,Source,Data sources,Country's submission to UIS SFE Questionnaire C
FOSGP.5T8.F500600700,BIH,2023,Data Status,Data reporting,NA
FOSGP.5T8.F500600700,BIH,2023,Source,Data sources,Country's submission to UIS SFE Questionnaire C
FOSGP.5T8.F500600700,BLR,2004,Data Status,Data reporting,NA
FOSGP.5T8.F500600700,BLR,2004,Source,Data sources,Country's submission to UIS SFE Questionnaire C
FOSGP.5T8.F500600700,BLR,2005,Data Status,Data reporting,NA
FOSGP.5T8.F500600700,BLR,2005,Source,Data sources,Country's submission to UIS SFE Questionnaire C
FOSGP.5T8.F500600700,BLR,2007,Data Status,Data reporting,NA
FOSGP.5T8.F500600700,BLR,2007,Source,Data sources,Country's submission to UIS SFE Questionnaire C
FOSGP.5T8.F500600700,BLR,2015,Source,Data sources,Source: UIS Dynamic template based on UIS Education Survey
FOSGP.5T8.F500600700,BLR,2016,Source,Data sources,Source: UIS Dynamic template based on UIS Education Survey
FOSGP.5T8.F500600700,BLR,2017,Source,Data sources,Source: UIS Dynamic template based on UIS Education Survey
FOSGP.5T8.F500600700,BLR,2018,Source,Data sources,Source: UIS Dynamic template based on UIS Education Survey
FOSGP.5T8.F500600700,BLR,2019,Source,Data sources,Source: UIS Dynamic template based on UIS Education Survey
FOSGP.5T8.F500600700,BLR,2020,Source,Data sources,Source: UIS Dynamic template based on UIS Education Survey
FOSGP.5T8.F500600700,BLR,2021,Source,Data sources,Source: UIS Dynamic template based on UIS Education Survey
FOSGP.5T8.F500600700,BLR,2022,Source,Data sources,Source: UIS Dynamic template based on UIS Education Survey
FOSGP.5T8.F500600700,BLR,2023,Source,Data sources,Source: UIS Dynamic template based on UIS Education Survey
FOSGP.5T8.F500600700,BLR,2024,Source,Data sources,Source: UIS Dynamic template based on UIS Education Survey
FOSGP.5T8.F500600700,BLZ,2015,Source,Data sources,Source: UIS Dynamic template based on UIS Education Survey
FOSGP.5T8.F500600700,BLZ,2020,Source,Data sources,Source: UIS Dynamic template based on UIS Education Survey
FOSGP.5T8.F500600700,BLZ,2021,Source,Data sources,Source: UIS Dynamic template based on UIS Education Survey
FOSGP.5T8.F500600700,BLZ,2022,Source,Data sources,Source: UIS Dynamic template based on UIS Education Survey
FOSGP.5T8.F500600700,BLZ,2023,Source,Data sources,Source: UIS Dynamic template based on UIS Education Survey
FOSGP.5T8.F500600700,BLZ,2024,Source,Data sources,Source: UIS Dynamic template based on UIS Education Survey
FOSGP.5T8.F500600700,BMU,2001,Data Status,Data reporting,NA
FOSGP.5T8.F500600700,BMU,2001,Source,Data sources,Country's submission to UIS SFE Questionnaire C
FOSGP.5T8.F500600700,BMU,2005,Data Status,Data reporting,NA
FOSGP.5T8.F500600700,BMU,2005,Source,Data sources,Country's submission to UIS SFE Questionnaire C
FOSGP.5T8.F500600700,BMU,2007,Data Status,Data reporting,NA
FOSGP.5T8.F500600700,BMU,2007,Source,Data sources,Country's submission to UIS SFE Questionnaire C
FOSGP.5T8.F500600700,BMU,2009,Data Status,Data reporting,NA
FOSGP.5T8.F500600700,BMU,2009,Source,Data sources,Country's submission to UIS SFE Questionnaire C
FOSGP.5T8.F500600700,BMU,2010,Data Status,Data reporting,NA
FOSGP.5T8.F500600700,BMU,2010,Source,Data sources,Country's submission to UIS SFE Questionnaire C
FOSGP.5T8.F500600700,BMU,2011,Data Status,Data reporting,NA
FOSGP.5T8.F500600700,BMU,2011,Source,Data sources,Country's submission to UIS SFE Questionnaire C
FOSGP.5T8.F500600700,BMU,2012,Data Status,Data reporting,NA
FOSGP.5T8.F500600700,BMU,2012,Source,Data sources,Country's submission to UIS SFE Questionnaire C
FOSGP.5T8.F500600700,BMU,2015,Data Status,Data reporting,NA
FOSGP.5T8.F500600700,BMU,2015,Source,Data sources,Country's submission to UIS SFE Questionnaire C
FOSGP.5T8.F500600700,BMU,2017,Data Status,Data reporting,NA
FOSGP.5T8.F500600700,BMU,2017,Source,Data sources,Country's submission to UIS SFE Questionnaire C
FOSGP.5T8.F500600700,BMU,2018,Data Status,Data reporting,NA
FOSGP.5T8.F500600700,BMU,2018,Source,Data sources,Country's submission to UIS SFE Questionnaire C
FOSGP.5T8.F500600700,BMU,2023,Data Status,Data reporting,NA
FOSGP.5T8.F500600700,BMU,2023,Source,Data sources,Country's submission to UIS SFE Questionnaire C
FOSGP.5T8.F500600700,BRA,2001,Data Status,Data reporting,NA
FOSGP.5T8.F500600700,BRA,2001,Source,Data sources,Country's submission to UNESCO OECD Eurostat (UOE) joint data collection
FOSGP.5T8.F500600700,BRA,2002,Data Status,Data reporting,NA
FOSGP.5T8.F500600700,BRA,2002,Source,Data sources,Country's submission to UNESCO OECD Eurostat (UOE) joint data collection
FOSGP.5T8.F500600700,BRA,2003,Data Status,Data reporting,NA
FOSGP.5T8.F500600700,BRA,2003,Source,Data sources,Country's submission to UNESCO OECD Eurostat (UOE) joint data collection
FOSGP.5T8.F500600700,BRA,2004,Data Status,Data reporting,NA
FOSGP.5T8.F500600700,BRA,2004,Source,Data sources,Country's submission to UNESCO OECD Eurostat (UOE) joint data collection
FOSGP.5T8.F500600700,BRA,2005,Data Status,Data reporting,NA
FOSGP.5T8.F500600700,BRA,2005,Source,Data sources,Country's submission to UNESCO OECD Eurostat (UOE) joint data collection
FOSGP.5T8.F500600700,BRA,2007,Data Status,Data reporting,NA
FOSGP.5T8.F500600700,BRA,2007,Source,Data sources,Country's submission to UNESCO OECD Eurostat (UOE) joint data collection
FOSGP.5T8.F500600700,BRA,2008,Data Status,Data reporting,NA
FOSGP.5T8.F500600700,BRA,2008,Source,Data sources,Country's submission to UNESCO OECD Eurostat (UOE) joint data collection
FOSGP.5T8.F500600700,BRA,2009,Data Status,Data reporting,NA
FOSGP.5T8.F500600700,BRA,2009,Source,Data sources,Country's submission to UNESCO OECD Eurostat (UOE) joint data collection
FOSGP.5T8.F500600700,BRA,2010,Data Status,Data reporting,NA
FOSGP.5T8.F500600700,BRA,2010,Source,Data sources,Country's submission to UNESCO OECD Eurostat (UOE) joint data collection
FOSGP.5T8.F500600700,BRA,2011,Data Status,Data reporting,NA
FOSGP.5T8.F500600700,BRA,2011,Source,Data sources,Country's submission to UNESCO OECD Eurostat (UOE) joint data collection
FOSGP.5T8.F500600700,BRA,2012,Data Status,Data reporting,NA
FOSGP.5T8.F500600700,BRA,2012,Source,Data sources,Country's submission to UNESCO OECD Eurostat (UOE) joint data collection
FOSGP.5T8.F500600700,BRA,2014,Data Status,Data reporting,NA
FOSGP.5T8.F500600700,BRA,2014,Source,Data sources,Country's submission to UNESCO OECD Eurostat (UOE) joint data collection
FOSGP.5T8.F500600700,BRA,2015,Data Status,Data reporting,NA
FOSGP.5T8.F500600700,BRA,2015,Source,Data sources,Country's submission to UNESCO OECD Eurostat (UOE) joint data collection
FOSGP.5T8.F500600700,BRA,2016,Data Status,Data reporting,NA
FOSGP.5T8.F500600700,BRA,2016,Source,Data sources,Country's submission to UNESCO OECD Eurostat (UOE) joint data collection
FOSGP.5T8.F500600700,BRA,2017,Data Status,Data reporting,NA
FOSGP.5T8.F500600700,BRA,2017,Source,Data sources,Country's submission to UNESCO OECD Eurostat (UOE) joint data collection
FOSGP.5T8.F500600700,BRA,2018,Data Status,Data reporting,NA
FOSGP.5T8.F500600700,BRA,2018,Source,Data sources,Country's submission to UNESCO OECD Eurostat (UOE) joint data collection
FOSGP.5T8.F500600700,BRA,2019,Data Status,Data reporting,NA
FOSGP.5T8.F500600700,BRA,2019,Source,Data sources,Country's submission to UNESCO OECD Eurostat (UOE) joint data collection
FOSGP.5T8.F500600700,BRA,2020,Data Status,Data reporting,NA
FOSGP.5T8.F500600700,BRA,2020,Source,Data sources,Country's submission to UNESCO OECD Eurostat (UOE) joint data collection
FOSGP.5T8.F500600700,BRA,2022,Data Status,Data reporting,NA
FOSGP.5T8.F500600700,BRA,2022,Source,Data sources,Country's submission to UNESCO OECD Eurostat (UOE) joint data collection
FOSGP.5T8.F500600700,BRA,2023,Data Status,Data reporting,NA
FOSGP.5T8.F500600700,BRA,2023,Source,Data sources,Country's submission to UNESCO OECD Eurostat (UOE) joint data collection
FOSGP.5T8.F500600700,BRB,2011,Source,Data sources,Source: UIS Dynamic template based on UIS Education Survey
FOSGP.5T8.F500600700,BRN,2000,Data Status,Data reporting,NA
FOSGP.5T8.F500600700,BRN,2000,Source,Data sources,Country's submission to UIS SFE Questionnaire C
FOSGP.5T8.F500600700,BRN,2001,Data Status,Data reporting,NA
FOSGP.5T8.F500600700,BRN,2001,Source,Data sources,Country's submission to UIS SFE Questionnaire C
FOSGP.5T8.F500600700,BRN,2003,Data Status,Data reporting,NA
FOSGP.5T8.F500600700,BRN,2003,Source,Data sources,Country's submission to UIS SFE Questionnaire C
FOSGP.5T8.F500600700,BRN,2004,Data Status,Data reporting,NA
FOSGP.5T8.F500600700,BRN,2004,Source,Data sources,Country's submission to UIS SFE Questionnaire C
FOSGP.5T8.F500600700,BRN,2005,Data Status,Data reporting,NA
FOSGP.5T8.F500600700,BRN,2005,Source,Data sources,Country's submission to UIS SFE Questionnaire C
FOSGP.5T8.F500600700,BRN,2006,Data Status,Data reporting,NA
FOSGP.5T8.F500600700,BRN,2006,Source,Data sources,Country's submission to UIS SFE Questionnaire C
FOSGP.5T8.F500600700,BRN,2007,Data Status,Data reporting,NA
FOSGP.5T8.F500600700,BRN,2007,Source,Data sources,Country's submission to UIS SFE Questionnaire C
FOSGP.5T8.F500600700,BRN,2008,Data Status,Data reporting,NA
FOSGP.5T8.F500600700,BRN,2008,Source,Data sources,Country's submission to UIS SFE Questionnaire C
FOSGP.5T8.F500600700,BRN,2009,Data Status,Data reporting,NA
FOSGP.5T8.F500600700,BRN,2009,Source,Data sources,Country's submission to UIS SFE Questionnaire C
FOSGP.5T8.F500600700,BRN,2010,Data Status,Data reporting,NA
FOSGP.5T8.F500600700,BRN,2010,Source,Data sources,Country's submission to UIS SFE Questionnaire C
FOSGP.5T8.F500600700,BRN,2011,Data Status,Data reporting,NA
FOSGP.5T8.F500600700,BRN,2011,Source,Data sources,Country's submission to UIS SFE Questionnaire C
FOSGP.5T8.F500600700,BRN,2012,Data Status,Data reporting,NA
FOSGP.5T8.F500600700,BRN,2012,Source,Data sources,Country's submission to UIS SFE Questionnaire C
FOSGP.5T8.F500600700,BRN,2015,Data Status,Data reporting,NA
FOSGP.5T8.F500600700,BRN,2015,Source,Data sources,Country's submission to UIS SFE Questionnaire C
FOSGP.5T8.F500600700,BRN,2018,Data Status,Data reporting,NA
FOSGP.5T8.F500600700,BRN,2018,Source,Data sources,Country's submission to UIS SFE Questionnaire C
FOSGP.5T8.F500600700,BRN,2019,Data Status,Data reporting,NA
FOSGP.5T8.F500600700,BRN,2019,Source,Data sources,Country's submission to UIS SFE Questionnaire C
FOSGP.5T8.F500600700,BRN,2020,Data Status,Data reporting,NA
FOSGP.5T8.F500600700,BRN,2020,Source,Data sources,Country's submission to UIS SFE Questionnaire C
FOSGP.5T8.F500600700,BRN,2023,Data Status,Data reporting,NA
FOSGP.5T8.F500600700,BRN,2023,Source,Data sources,Country's submission to UIS SFE Questionnaire C
FOSGP.5T8.F500600700,BWA,2001,Data Status,Data reporting,NA
FOSGP.5T8.F500600700,BWA,2001,Source,Data sources,Country's submission to UIS SFE Questionnaire C
FOSGP.5T8.F500600700,BWA,2002,Data Status,Data reporting,NA
FOSGP.5T8.F500600700,BWA,2002,Source,Data sources,Country's submission to UIS SFE Questionnaire C
FOSGP.5T8.F500600700,BWA,2020,Source,Data sources,Source: UIS Dynamic template based on UIS Education Survey
FOSGP.5T8.F500600700,BWA,2021,Source,Data sources,Source: UIS Dynamic templateStatistics Botswana-Education sector (https://www.statsbots.org.bw/publication-by-sector/education)
FOSGP.5T8.F500600700,BWA,2022,Source,Data sources,Source: UIS Dynamic templateStatistics Botswana-Education sector (https://www.statsbots.org.bw/publication-by-sector/education)
FOSGP.5T8.F500600700,BWA,2023,Source,Data sources,Source: UIS Dynamic templateStatistics Botswana-Education sector (https://www.statsbots.org.bw/publication-by-sector/education)
FOSGP.5T8.F500600700,BWA,2024,Source,Data sources,Source: UIS Dynamic template based on data provided by country
FOSGP.5T8.F500600700,CAN,2013,Data Status,Data reporting,NA
FOSGP.5T8.F500600700,CAN,2013,Source,Data sources,Country's submission to UNESCO OECD Eurostat (UOE) joint data collection
FOSGP.5T8.F500600700,CAN,2014,Data Status,Data reporting,NA
FOSGP.5T8.F500600700,CAN,2014,Source,Data sources,Country's submission to UNESCO OECD Eurostat (UOE) joint data collection
FOSGP.5T8.F500600700,CAN,2015,Data Status,Data reporting,NA
FOSGP.5T8.F500600700,CAN,2015,Source,Data sources,Country's submission to UNESCO OECD Eurostat (UOE) joint data collection
FOSGP.5T8.F500600700,CAN,2016,Data Status,Data reporting,NA
FOSGP.5T8.F500600700,CAN,2016,Source,Data sources,Country's submission to UNESCO OECD Eurostat (UOE) joint data collection
FOSGP.5T8.F500600700,CAN,2018,Data Status,Data reporting,NA
FOSGP.5T8.F500600700,CAN,2018,Source,Data sources,Country's submission to UNESCO OECD Eurostat (UOE) joint data collection
FOSGP.5T8.F500600700,CAN,2019,Data Status,Data reporting,NA
FOSGP.5T8.F500600700,CAN,2019,Source,Data sources,Country's submission to UNESCO OECD Eurostat (UOE) joint data collection
FOSGP.5T8.F500600700,CAN,2020,Data Status,Data reporting,NA
FOSGP.5T8.F500600700,CAN,2020,Source,Data sources,Country's submission to UNESCO OECD Eurostat (UOE) joint data collection
FOSGP.5T8.F500600700,CAN,2021,Data Status,Data reporting,NA
FOSGP.5T8.F500600700,CAN,2021,Source,Data sources,Country's submission to UNESCO OECD Eurostat (UOE) joint data collection
FOSGP.5T8.F500600700,CAN,2022,Data Status,Data reporting,NA
FOSGP.5T8.F500600700,CAN,2022,Source,Data sources,Country's submission to UNESCO OECD Eurostat (UOE) joint data collection
FOSGP.5T8.F500600700,CAN,2023,Data Status,Data reporting,NA
FOSGP.5T8.F500600700,CAN,2023,Source,Data sources,Country's submission to UNESCO OECD Eurostat (UOE) joint data collection
FOSGP.5T8.F500600700,CHE,2000,Data Status,Data reporting,NA
FOSGP.5T8.F500600700,CHE,2000,Source,Data sources,Country's submission to UNESCO OECD Eurostat (UOE) joint data collection
FOSGP.5T8.F500600700,CHE,2001,Data Status,Data reporting,NA
FOSGP.5T8.F500600700,CHE,2001,Source,Data sources,Country's submission to UNESCO OECD Eurostat (UOE) joint data collection
FOSGP.5T8.F500600700,CHE,2002,Data Status,Data reporting,NA
FOSGP.5T8.F500600700,CHE,2002,Source,Data sources,Country's submission to UNESCO OECD Eurostat (UOE) joint data collection
FOSGP.5T8.F500600700,CHE,2003,Data Status,Data reporting,NA
FOSGP.5T8.F500600700,CHE,2003,Source,Data sources,Country's submission to UNESCO OECD Eurostat (UOE) joint data collection
FOSGP.5T8.F500600700,CHE,2004,Data Status,Data reporting,NA
FOSGP.5T8.F500600700,CHE,2004,Source,Data sources,Country's submission to UNESCO OECD Eurostat (UOE) joint data collection
FOSGP.5T8.F500600700,CHE,2005,Data Status,Data reporting,NA
FOSGP.5T8.F500600700,CHE,2005,Source,Data sources,Country's submission to UNESCO OECD Eurostat (UOE) joint data collection
FOSGP.5T8.F500600700,CHE,2006,Data Status,Data reporting,NA
FOSGP.5T8.F500600700,CHE,2006,Source,Data sources,Country's submission to UNESCO OECD Eurostat (UOE) joint data collection
FOSGP.5T8.F500600700,CHE,2008,Data Status,Data reporting,NA
FOSGP.5T8.F500600700,CHE,2008,Source,Data sources,Country's submission to UNESCO OECD Eurostat (UOE) joint data collection
FOSGP.5T8.F500600700,CHE,2009,Data Status,Data reporting,NA
FOSGP.5T8.F500600700,CHE,2009,Source,Data sources,Country's submission to UNESCO OECD Eurostat (UOE) joint data collection
FOSGP.5T8.F500600700,CHE,2010,Data Status,Data reporting,NA
FOSGP.5T8.F500600700,CHE,2010,Source,Data sources,Country's submission to UNESCO OECD Eurostat (UOE) joint data collection
FOSGP.5T8.F500600700,CHE,2011,Data Status,Data reporting,NA
FOSGP.5T8.F500600700,CHE,2011,Source,Data sources,Country's submission to UNESCO OECD Eurostat (UOE) joint data collection
FOSGP.5T8.F500600700,CHE,2013,Data Status,Data reporting,NA
FOSGP.5T8.F500600700,CHE,2013,Source,Data sources,Country's submission to UNESCO OECD Eurostat (UOE) joint data collection
FOSGP.5T8.F500600700,CHE,2014,Data Status,Data reporting,NA
FOSGP.5T8.F500600700,CHE,2014,Source,Data sources,Country's submission to UNESCO OECD Eurostat (UOE) joint data collection
FOSGP.5T8.F500600700,CHE,2015,Data Status,Data reporting,NA
FOSGP.5T8.F500600700,CHE,2015,Source,Data sources,Country's submission to UNESCO OECD Eurostat (UOE) joint data collection
FOSGP.5T8.F500600700,CHE,2016,Data Status,Data reporting,NA
FOSGP.5T8.F500600700,CHE,2016,Source,Data sources,Country's submission to UNESCO OECD Eurostat (UOE) joint data collection
FOSGP.5T8.F500600700,CHE,2017,Data Status,Data reporting,NA
FOSGP.5T8.F500600700,CHE,2017,Source,Data sources,Country's submission to UNESCO OECD Eurostat (UOE) joint data collection
FOSGP.5T8.F500600700,CHE,2018,Data Status,Data reporting,NA
FOSGP.5T8.F500600700,CHE,2018,Source,Data sources,Country's submission to UNESCO OECD Eurostat (UOE) joint data collection
FOSGP.5T8.F500600700,CHE,2019,Data Status,Data reporting,NA
FOSGP.5T8.F500600700,CHE,2019,Source,Data sources,Country's submission to UNESCO OECD Eurostat (UOE) joint data collection
FOSGP.5T8.F500600700,CHE,2020,Data Status,Data reporting,NA
FOSGP.5T8.F500600700,CHE,2020,Source,Data sources,Country's submission to UNESCO OECD Eurostat (UOE) joint data collection
FOSGP.5T8.F500600700,CHE,2021,Data Status,Data reporting,NA
FOSGP.5T8.F500600700,CHE,2021,Source,Data sources,Country's submission to UNESCO OECD Eurostat (UOE) joint data collection
FOSGP.5T8.F500600700,CHE,2022,Data Status,Data reporting,NA
FOSGP.5T8.F500600700,CHE,2022,Source,Data sources,Country's submission to UNESCO OECD Eurostat (UOE) joint data collection
FOSGP.5T8.F500600700,CHE,2023,Data Status,Data reporting,NA
FOSGP.5T8.F500600700,CHE,2023,Source,Data sources,Country's submission to UNESCO OECD Eurostat (UOE) joint data collection
FOSGP.5T8.F500600700,CHL,2004,Data Status,Data reporting,NA
FOSGP.5T8.F500600700,CHL,2004,Source,Data sources,Country's submission to UNESCO OECD Eurostat (UOE) joint data collection
FOSGP.5T8.F500600700,CHL,2006,Data Status,Data reporting,NA
FOSGP.5T8.F500600700,CHL,2006,Source,Data sources,Country's submission to UNESCO OECD Eurostat (UOE) joint data collection
FOSGP.5T8.F500600700,CHL,2007,Data Status,Data reporting,NA
FOSGP.5T8.F500600700,CHL,2007,Source,Data sources,Country's submission to UNESCO OECD Eurostat (UOE) joint data collection
FOSGP.5T8.F500600700,CHL,2008,Data Status,Data reporting,NA
FOSGP.5T8.F500600700,CHL,2008,Source,Data sources,Country's submission to UNESCO OECD Eurostat (UOE) joint data collection
FOSGP.5T8.F500600700,CHL,2009,Data Status,Data reporting,NA
FOSGP.5T8.F500600700,CHL,2009,Source,Data sources,Country's submission to UNESCO OECD Eurostat (UOE) joint data collection
FOSGP.5T8.F500600700,CHL,2010,Data Status,Data reporting,NA
FOSGP.5T8.F500600700,CHL,2010,Source,Data sources,Country's submission to UNESCO OECD Eurostat (UOE) joint data collection
FOSGP.5T8.F500600700,CHL,2012,Data Status,Data reporting,NA
FOSGP.5T8.F500600700,CHL,2012,Source,Data sources,Country's submission to UNESCO OECD Eurostat (UOE) joint data collection
FOSGP.5T8.F500600700,CHL,2013,Data Status,Data reporting,NA
FOSGP.5T8.F500600700,CHL,2013,Source,Data sources,Country's submission to UNESCO OECD Eurostat (UOE) joint data collection
FOSGP.5T8.F500600700,CHL,2014,Data Status,Data reporting,NA
FOSGP.5T8.F500600700,CHL,2014,Source,Data sources,Country's submission to UNESCO OECD Eurostat (UOE) joint data collection
FOSGP.5T8.F500600700,CHL,2015,Data Status,Data reporting,NA
FOSGP.5T8.F500600700,CHL,2015,Source,Data sources,Country's submission to UNESCO OECD Eurostat (UOE) joint data collection
FOSGP.5T8.F500600700,CHL,2016,Data Status,Data reporting,NA
FOSGP.5T8.F500600700,CHL,2016,Source,Data sources,Country's submission to UNESCO OECD Eurostat (UOE) joint data collection
FOSGP.5T8.F500600700,CHL,2017,Data Status,Data reporting,NA
FOSGP.5T8.F500600700,CHL,2017,Source,Data sources,Country's submission to UNESCO OECD Eurostat (UOE) joint data collection
FOSGP.5T8.F500600700,CHL,2018,Data Status,Data reporting,NA
FOSGP.5T8.F500600700,CHL,2018,Source,Data sources,Country's submission to UNESCO OECD Eurostat (UOE) joint data collection
FOSGP.5T8.F500600700,CHL,2019,Data Status,Data reporting,NA
FOSGP.5T8.F500600700,CHL,2019,Source,Data sources,Country's submission to UNESCO OECD Eurostat (UOE) joint data collection
FOSGP.5T8.F500600700,CHL,2020,Data Status,Data reporting,NA
FOSGP.5T8.F500600700,CHL,2020,Source,Data sources,Country's submission to UNESCO OECD Eurostat (UOE) joint data collection
FOSGP.5T8.F500600700,CHL,2021,Data Status,Data reporting,NA
FOSGP.5T8.F500600700,CHL,2021,Source,Data sources,Country's submission to UNESCO OECD Eurostat (UOE) joint data collection
FOSGP.5T8.F500600700,CHL,2022,Data Status,Data reporting,NA
FOSGP.5T8.F500600700,CHL,2022,Source,Data sources,Country's submission to UNESCO OECD Eurostat (UOE) joint data collection
FOSGP.5T8.F500600700,CHL,2023,Data Status,Data reporting,NA
FOSGP.5T8.F500600700,CHL,2023,Source,Data sources,Country's submission to UNESCO OECD Eurostat (UOE) joint data collection
FOSGP.5T8.F500600700,CHL,2024,Data Status,Data reporting,NA
FOSGP.5T8.F500600700,CHL,2024,Source,Data sources,Country's submission to UNESCO OECD Eurostat (UOE) joint data collection
FOSGP.5T8.F500600700,CMR,2006,Data Status,Data reporting,NA
FOSGP.5T8.F500600700,CMR,2006,Source,Data sources,Country's submission to UIS SFE Questionnaire C
FOSGP.5T8.F500600700,CMR,2008,Data Status,Data reporting,NA
FOSGP.5T8.F500600700,CMR,2008,Source,Data sources,Country's submission to UIS SFE Questionnaire C
FOSGP.5T8.F500600700,CMR,2010,Source,Data sources,Source: UIS Dynamic template based on UIS Education Survey
FOSGP.5T8.F500600700,CMR,2015,Source,Data sources,Source: UIS Dynamic template based on UIS Education Survey
FOSGP.5T8.F500600700,CMR,2019,Source,Data sources,Source: UIS Dynamic template based on UIS Education Survey
FOSGP.5T8.F500600700,CMR,2020,Source,Data sources,Source: UIS Dynamic template based on UIS Education Survey
FOSGP.5T8.F500600700,CMR,2021,Source,Data sources,Source: UIS Dynamic template based on UIS Education Survey
FOSGP.5T8.F500600700,CMR,2022,Source,Data sources,Source: UIS Dynamic template based on UIS Education Survey
FOSGP.5T8.F500600700,CMR,2023,Source,Data sources,Source: UIS Dynamic template based on UIS Education Survey
FOSGP.5T8.F500600700,CMR,2024,Source,Data sources,Source: UIS Dynamic template based on UIS Education Survey
FOSGP.5T8.F500600700,COD,2016,Data Status,Data reporting,NA
FOSGP.5T8.F500600700,COD,2016,Source,Data sources,Country's submission to UIS SFE Questionnaire C
FOSGP.5T8.F500600700,COG,2017,Data Status,Data reporting,NA
FOSGP.5T8.F500600700,COG,2017,Source,Data sources,Country's submission to UIS SFE Questionnaire C
FOSGP.5T8.F500600700,COK,2015,Source,Data sources,Source: UIS Dynamic template based on UIS Education Survey
FOSGP.5T8.F500600700,COK,2023,Data Status,Data reporting,NA
FOSGP.5T8.F500600700,COK,2023,Source,Data sources,Country's submission to UIS SFE Questionnaire C
FOSGP.5T8.F500600700,COL,2002,Data Status,Data reporting,NA
FOSGP.5T8.F500600700,COL,2002,Source,Data sources,Country's submission to UNESCO OECD Eurostat (UOE) joint data collection
FOSGP.5T8.F500600700,COL,2011,Data Status,Data reporting,NA
FOSGP.5T8.F500600700,COL,2011,Source,Data sources,Country's submission to UNESCO OECD Eurostat (UOE) joint data collection
FOSGP.5T8.F500600700,COL,2012,Data Status,Data reporting,NA
FOSGP.5T8.F500600700,COL,2012,Source,Data sources,Country's submission to UNESCO OECD Eurostat (UOE) joint data collection
FOSGP.5T8.F500600700,COL,2014,Data Status,Data reporting,NA
FOSGP.5T8.F500600700,COL,2014,Source,Data sources,Country's submission to UNESCO OECD Eurostat (UOE) joint data collection
FOSGP.5T8.F500600700,COL,2015,Data Status,Data reporting,NA
FOSGP.5T8.F500600700,COL,2015,Source,Data sources,Country's submission to UNESCO OECD Eurostat (UOE) joint data collection
FOSGP.5T8.F500600700,COL,2016,Data Status,Data reporting,NA
FOSGP.5T8.F500600700,COL,2016,Source,Data sources,Country's submission to UNESCO OECD Eurostat (UOE) joint data collection
FOSGP.5T8.F500600700,COL,2017,Data Status,Data reporting,NA
FOSGP.5T8.F500600700,COL,2017,Source,Data sources,Country's submission to UNESCO OECD Eurostat (UOE) joint data collection
FOSGP.5T8.F500600700,COL,2018,Data Status,Data reporting,NA
FOSGP.5T8.F500600700,COL,2018,Source,Data sources,Country's submission to UNESCO OECD Eurostat (UOE) joint data collection
FOSGP.5T8.F500600700,COL,2019,Data Status,Data reporting,NA
FOSGP.5T8.F500600700,COL,2019,Source,Data sources,Country's submission to UNESCO OECD Eurostat (UOE) joint data collection
FOSGP.5T8.F500600700,COL,2020,Data Status,Data reporting,NA
FOSGP.5T8.F500600700,COL,2020,Source,Data sources,Country's submission to UNESCO OECD Eurostat (UOE) joint data collection
FOSGP.5T8.F500600700,COL,2021,Data Status,Data reporting,NA
FOSGP.5T8.F500600700,COL,2021,Source,Data sources,Country's submission to UNESCO OECD Eurostat (UOE) joint data collection
FOSGP.5T8.F500600700,COL,2023,Data Status,Data reporting,NA
FOSGP.5T8.F500600700,COL,2023,Source,Data sources,Country's submission to UNESCO OECD Eurostat (UOE) joint data collection
FOSGP.5T8.F500600700,CPV,2016,Source,Data sources,Source: UIS Dynamic template based on UIS Education Survey
FOSGP.5T8.F500600700,CPV,2017,Source,Data sources,Source: UIS Dynamic template based on UIS Education Survey
FOSGP.5T8.F500600700,CPV,2018,Source,Data sources,Source: UIS Dynamic template based on UIS Education Survey
FOSGP.5T8.F500600700,CRI,2001,Data Status,Data reporting,NA
FOSGP.5T8.F500600700,CRI,2001,Source,Data sources,Country's submission to UNESCO OECD Eurostat (UOE) joint data collection
FOSGP.5T8.F500600700,CRI,2002,Data Status,Data reporting,NA
FOSGP.5T8.F500600700,CRI,2002,Source,Data sources,Country's submission to UNESCO OECD Eurostat (UOE) joint data collection
FOSGP.5T8.F500600700,CRI,2007,Data Status,Data reporting,NA
FOSGP.5T8.F500600700,CRI,2007,Source,Data sources,Country's submission to UNESCO OECD Eurostat (UOE) joint data collection
FOSGP.5T8.F500600700,CRI,2010,Data Status,Data reporting,NA
FOSGP.5T8.F500600700,CRI,2010,Source,Data sources,Country's submission to UNESCO OECD Eurostat (UOE) joint data collection
FOSGP.5T8.F500600700,CRI,2011,Data Status,Data reporting,NA
FOSGP.5T8.F500600700,CRI,2011,Source,Data sources,Country's submission to UNESCO OECD Eurostat (UOE) joint data collection
FOSGP.5T8.F500600700,CRI,2015,Data Status,Data reporting,NA
FOSGP.5T8.F500600700,CRI,2015,Source,Data sources,Country's submission to UNESCO OECD Eurostat (UOE) joint data collection
FOSGP.5T8.F500600700,CRI,2016,Data Status,Data reporting,NA
FOSGP.5T8.F500600700,CRI,2016,Source,Data sources,Country's submission to UNESCO OECD Eurostat (UOE) joint data collection
FOSGP.5T8.F500600700,CRI,2017,Data Status,Data reporting,NA
FOSGP.5T8.F500600700,CRI,2017,Source,Data sources,Country's submission to UNESCO OECD Eurostat (UOE) joint data collection
FOSGP.5T8.F500600700,CRI,2018,Data Status,Data reporting,NA
FOSGP.5T8.F500600700,CRI,2018,Source,Data sources,Country's submission to UNESCO OECD Eurostat (UOE) joint data collection
FOSGP.5T8.F500600700,CRI,2019,Data Status,Data reporting,NA
FOSGP.5T8.F500600700,CRI,2019,Source,Data sources,Country's submission to UNESCO OECD Eurostat (UOE) joint data collection
FOSGP.5T8.F500600700,CRI,2020,Data Status,Data reporting,NA
FOSGP.5T8.F500600700,CRI,2020,Source,Data sources,Country's submission to UNESCO OECD Eurostat (UOE) joint data collection
FOSGP.5T8.F500600700,CRI,2021,Data Status,Data reporting,NA
FOSGP.5T8.F500600700,CRI,2021,Source,Data sources,Country's submission to UNESCO OECD Eurostat (UOE) joint data collection
FOSGP.5T8.F500600700,CRI,2022,Data Status,Data reporting,NA
FOSGP.5T8.F500600700,CRI,2022,Source,Data sources,Country's submission to UNESCO OECD Eurostat (UOE) joint data collection
FOSGP.5T8.F500600700,CRI,2023,Data Status,Data reporting,NA
FOSGP.5T8.F500600700,CRI,2023,Source,Data sources,Country's submission to UNESCO OECD Eurostat (UOE) joint data collection
FOSGP.5T8.F500600700,CUB,2002,Data Status,Data reporting,NA
FOSGP.5T8.F500600700,CUB,2002,Source,Data sources,Country's submission to UIS SFE Questionnaire C
FOSGP.5T8.F500600700,CUB,2012,Source,Data sources,Source: UIS Dynamic template based on UIS Education Survey
FOSGP.5T8.F500600700,CUB,2016,Source,Data sources,Source: UIS Dynamic template based on UIS Education Survey
FOSGP.5T8.F500600700,CUB,2019,Source,Data sources,Source: UIS Dynamic template based on UIS Education Survey
FOSGP.5T8.F500600700,CUB,2020,Source,Data sources,Source: UIS Dynamic template based on UIS Education Survey
FOSGP.5T8.F500600700,CUB,2021,Source,Data sources,Source: UIS Dynamic template based on UIS Education Survey
FOSGP.5T8.F500600700,CUB,2023,Source,Data sources,Source: UIS Dynamic template based on UIS Education Survey
FOSGP.5T8.F500600700,CUB,2024,Source,Data sources,Source: UIS Dynamic template based on UIS Education Survey
FOSGP.5T8.F500600700,CYM,2006,Data Status,Data reporting,NA
FOSGP.5T8.F500600700,CYM,2006,Source,Data sources,Country's submission to UIS SFE Questionnaire C
FOSGP.5T8.F500600700,CYM,2007,Data Status,Data reporting,NA
FOSGP.5T8.F500600700,CYM,2007,Source,Data sources,Country's submission to UIS SFE Questionnaire C
FOSGP.5T8.F500600700,CYM,2008,Data Status,Data reporting,NA
FOSGP.5T8.F500600700,CYM,2008,Source,Data sources,Country's submission to UIS SFE Questionnaire C
FOSGP.5T8.F500600700,CYP,2002,Data Status,Data reporting,NA
FOSGP.5T8.F500600700,CYP,2002,Source,Data sources,Country's submission to UNESCO OECD Eurostat (UOE) joint data collection
FOSGP.5T8.F500600700,CYP,2003,Data Status,Data reporting,NA
FOSGP.5T8.F500600700,CYP,2003,Source,Data sources,Country's submission to UNESCO OECD Eurostat (UOE) joint data collection
FOSGP.5T8.F500600700,CYP,2006,Data Status,Data reporting,NA
FOSGP.5T8.F500600700,CYP,2006,Source,Data sources,Country's submission to UNESCO OECD Eurostat (UOE) joint data collection
FOSGP.5T8.F500600700,CYP,2007,Data Status,Data reporting,NA
FOSGP.5T8.F500600700,CYP,2007,Source,Data sources,Country's submission to UNESCO OECD Eurostat (UOE) joint data collection
FOSGP.5T8.F500600700,CYP,2008,Data Status,Data reporting,NA
FOSGP.5T8.F500600700,CYP,2008,Source,Data sources,Country's submission to UNESCO OECD Eurostat (UOE) joint data collection
FOSGP.5T8.F500600700,CYP,2009,Data Status,Data reporting,NA
FOSGP.5T8.F500600700,CYP,2009,Source,Data sources,Country's submission to UNESCO OECD Eurostat (UOE) joint data collection
FOSGP.5T8.F500600700,CYP,2010,Data Status,Data reporting,NA
FOSGP.5T8.F500600700,CYP,2010,Source,Data sources,Country's submission to UNESCO OECD Eurostat (UOE) joint data collection
FOSGP.5T8.F500600700,CYP,2011,Data Status,Data reporting,NA
FOSGP.5T8.F500600700,CYP,2011,Source,Data sources,Country's submission to UNESCO OECD Eurostat (UOE) joint data collection
FOSGP.5T8.F500600700,CYP,2012,Data Status,Data reporting,NA
FOSGP.5T8.F500600700,CYP,2012,Source,Data sources,Country's submission to UNESCO OECD Eurostat (UOE) joint data collection
FOSGP.5T8.F500600700,CYP,2013,Data Status,Data reporting,NA
FOSGP.5T8.F500600700,CYP,2013,Source,Data sources,Country's submission to UNESCO OECD Eurostat (UOE) joint data collection
FOSGP.5T8.F500600700,CYP,2014,Data Status,Data reporting,NA
FOSGP.5T8.F500600700,CYP,2014,Source,Data sources,Country's submission to UNESCO OECD Eurostat (UOE) joint data collection
FOSGP.5T8.F500600700,CYP,2015,Data Status,Data reporting,NA
FOSGP.5T8.F500600700,CYP,2015,Source,Data sources,Country's submission to UNESCO OECD Eurostat (UOE) joint data collection
FOSGP.5T8.F500600700,CYP,2016,Data Status,Data reporting,NA
FOSGP.5T8.F500600700,CYP,2016,Source,Data sources,Country's submission to UNESCO OECD Eurostat (UOE) joint data collection
FOSGP.5T8.F500600700,CYP,2017,Data Status,Data reporting,NA
FOSGP.5T8.F500600700,CYP,2017,Source,Data sources,Country's submission to UNESCO OECD Eurostat (UOE) joint data collection
FOSGP.5T8.F500600700,CYP,2018,Data Status,Data reporting,NA
FOSGP.5T8.F500600700,CYP,2018,Source,Data sources,Country's submission to UNESCO OECD Eurostat (UOE) joint data collection
FOSGP.5T8.F500600700,CYP,2019,Data Status,Data reporting,NA
FOSGP.5T8.F500600700,CYP,2019,Source,Data sources,Country's submission to UNESCO OECD Eurostat (UOE) joint data collection
FOSGP.5T8.F500600700,CYP,2020,Data Status,Data reporting,NA
FOSGP.5T8.F500600700,CYP,2020,Source,Data sources,Country's submission to UNESCO OECD Eurostat (UOE) joint data collection
FOSGP.5T8.F500600700,CYP,2021,Data Status,Data reporting,NA
FOSGP.5T8.F500600700,CYP,2021,Source,Data sources,Country's submission to UNESCO OECD Eurostat (UOE) joint data collection
FOSGP.5T8.F500600700,CYP,2022,Data Status,Data reporting,NA
FOSGP.5T8.F500600700,CYP,2022,Source,Data sources,Country's submission to UNESCO OECD Eurostat (UOE) joint data collection
FOSGP.5T8.F500600700,CYP,2023,Data Status,Data reporting,NA
FOSGP.5T8.F500600700,CYP,2023,Source,Data sources,Country's submission to UNESCO OECD Eurostat (UOE) joint data collection
FOSGP.5T8.F500600700,CYP,2024,Data Status,Data reporting,NA
FOSGP.5T8.F500600700,CYP,2024,Source,Data sources,Country's submission to UNESCO OECD Eurostat (UOE) joint data collection
FOSGP.5T8.F500600700,CZE,2000,Data Status,Data reporting,NA
FOSGP.5T8.F500600700,CZE,2000,Source,Data sources,Country's submission to UNESCO OECD Eurostat (UOE) joint data collection
FOSGP.5T8.F500600700,CZE,2001,Data Status,Data reporting,NA
FOSGP.5T8.F500600700,CZE,2001,Source,Data sources,Country's submission to UNESCO OECD Eurostat (UOE) joint data collection
FOSGP.5T8.F500600700,CZE,2002,Data Status,Data reporting,NA
FOSGP.5T8.F500600700,CZE,2002,Source,Data sources,Country's submission to UNESCO OECD Eurostat (UOE) joint data collection
FOSGP.5T8.F500600700,CZE,2003,Data Status,Data reporting,NA
FOSGP.5T8.F500600700,CZE,2003,Source,Data sources,Country's submission to UNESCO OECD Eurostat (UOE) joint data collection
FOSGP.5T8.F500600700,CZE,2004,Data Status,Data reporting,NA
FOSGP.5T8.F500600700,CZE,2004,Source,Data sources,Country's submission to UNESCO OECD Eurostat (UOE) joint data collection
FOSGP.5T8.F500600700,CZE,2005,Data Status,Data reporting,NA
FOSGP.5T8.F500600700,CZE,2005,Source,Data sources,Country's submission to UNESCO OECD Eurostat (UOE) joint data collection
FOSGP.5T8.F500600700,CZE,2007,Data Status,Data reporting,NA
FOSGP.5T8.F500600700,CZE,2007,Source,Data sources,Country's submission to UNESCO OECD Eurostat (UOE) joint data collection
FOSGP.5T8.F500600700,CZE,2008,Data Status,Data reporting,NA
FOSGP.5T8.F500600700,CZE,2008,Source,Data sources,Country's submission to UNESCO OECD Eurostat (UOE) joint data collection
FOSGP.5T8.F500600700,CZE,2009,Data Status,Data reporting,NA
FOSGP.5T8.F500600700,CZE,2009,Source,Data sources,Country's submission to UNESCO OECD Eurostat (UOE) joint data collection
FOSGP.5T8.F500600700,CZE,2010,Data Status,Data reporting,NA
FOSGP.5T8.F500600700,CZE,2010,Source,Data sources,Country's submission to UNESCO OECD Eurostat (UOE) joint data collection
FOSGP.5T8.F500600700,CZE,2011,Data Status,Data reporting,NA
FOSGP.5T8.F500600700,CZE,2011,Source,Data sources,Country's submission to UNESCO OECD Eurostat (UOE) joint data collection
FOSGP.5T8.F500600700,CZE,2012,Data Status,Data reporting,NA
FOSGP.5T8.F500600700,CZE,2012,Source,Data sources,Country's submission to UNESCO OECD Eurostat (UOE) joint data collection
FOSGP.5T8.F500600700,CZE,2013,Data Status,Data reporting,NA
FOSGP.5T8.F500600700,CZE,2013,Source,Data sources,Country's submission to UNESCO OECD Eurostat (UOE) joint data collection
FOSGP.5T8.F500600700,CZE,2014,Data Status,Data reporting,NA
FOSGP.5T8.F500600700,CZE,2014,Source,Data sources,Country's submission to UNESCO OECD Eurostat (UOE) joint data collection
FOSGP.5T8.F500600700,CZE,2015,Data Status,Data reporting,NA
FOSGP.5T8.F500600700,CZE,2015,Source,Data sources,Country's submission to UNESCO OECD Eurostat (UOE) joint data collection
FOSGP.5T8.F500600700,CZE,2016,Data Status,Data reporting,NA
FOSGP.5T8.F500600700,CZE,2016,Source,Data sources,Country's submission to UNESCO OECD Eurostat (UOE) joint data collection
FOSGP.5T8.F500600700,CZE,2017,Data Status,Data reporting,NA
FOSGP.5T8.F500600700,CZE,2017,Source,Data sources,Country's submission to UNESCO OECD Eurostat (UOE) joint data collection
FOSGP.5T8.F500600700,CZE,2018,Data Status,Data reporting,NA
FOSGP.5T8.F500600700,CZE,2018,Source,Data sources,Country's submission to UNESCO OECD Eurostat (UOE) joint data collection
FOSGP.5T8.F500600700,CZE,2019,Data Status,Data reporting,NA
FOSGP.5T8.F500600700,CZE,2019,Source,Data sources,Country's submission to UNESCO OECD Eurostat (UOE) joint data collection
FOSGP.5T8.F500600700,CZE,2020,Data Status,Data reporting,NA
FOSGP.5T8.F500600700,CZE,2020,Source,Data sources,Country's submission to UNESCO OECD Eurostat (UOE) joint data collection
FOSGP.5T8.F500600700,CZE,2021,Data Status,Data reporting,NA
FOSGP.5T8.F500600700,CZE,2021,Source,Data sources,Country's submission to UNESCO OECD Eurostat (UOE) joint data collection
FOSGP.5T8.F500600700,CZE,2022,Data Status,Data reporting,NA
FOSGP.5T8.F500600700,CZE,2022,Source,Data sources,Country's submission to UNESCO OECD Eurostat (UOE) joint data collection
FOSGP.5T8.F500600700,CZE,2023,Data Status,Data reporting,NA
FOSGP.5T8.F500600700,CZE,2023,Source,Data sources,Country's submission to UNESCO OECD Eurostat (UOE) joint data collection
FOSGP.5T8.F500600700,DEU,2000,Data Status,Data reporting,NA
FOSGP.5T8.F500600700,DEU,2000,Source,Data sources,Country's submission to UNESCO OECD Eurostat (UOE) joint data collection
FOSGP.5T8.F500600700,DEU,2001,Data Status,Data reporting,NA
FOSGP.5T8.F500600700,DEU,2001,Source,Data sources,Country's submission to UNESCO OECD Eurostat (UOE) joint data collection
FOSGP.5T8.F500600700,DEU,2002,Data Status,Data reporting,NA
FOSGP.5T8.F500600700,DEU,2002,Source,Data sources,Country's submission to UNESCO OECD Eurostat (UOE) joint data collection
FOSGP.5T8.F500600700,DEU,2015,Data Status,Data reporting,NA
FOSGP.5T8.F500600700,DEU,2015,Source,Data sources,Country's submission to UNESCO OECD Eurostat (UOE) joint data collection
FOSGP.5T8.F500600700,DEU,2016,Data Status,Data reporting,NA
FOSGP.5T8.F500600700,DEU,2016,Source,Data sources,Country's submission to UNESCO OECD Eurostat (UOE) joint data collection
FOSGP.5T8.F500600700,DEU,2017,Data Status,Data reporting,NA
FOSGP.5T8.F500600700,DEU,2017,Source,Data sources,Country's submission to UNESCO OECD Eurostat (UOE) joint data collection
FOSGP.5T8.F500600700,DEU,2018,Data Status,Data reporting,NA
FOSGP.5T8.F500600700,DEU,2018,Source,Data sources,Country's submission to UNESCO OECD Eurostat (UOE) joint data collection
FOSGP.5T8.F500600700,DEU,2019,Data Status,Data reporting,NA
FOSGP.5T8.F500600700,DEU,2019,Source,Data sources,Country's submission to UNESCO OECD Eurostat (UOE) joint data collection
FOSGP.5T8.F500600700,DEU,2020,Data Status,Data reporting,NA
FOSGP.5T8.F500600700,DEU,2020,Source,Data sources,Country's submission to UNESCO OECD Eurostat (UOE) joint data collection
FOSGP.5T8.F500600700,DEU,2021,Data Status,Data reporting,NA
FOSGP.5T8.F500600700,DEU,2021,Source,Data sources,Country's submission to UNESCO OECD Eurostat (UOE) joint data collection
FOSGP.5T8.F500600700,DEU,2022,Data Status,Data reporting,NA
FOSGP.5T8.F500600700,DEU,2022,Source,Data sources,Country's submission to UNESCO OECD Eurostat (UOE) joint data collection
FOSGP.5T8.F500600700,DEU,2023,Data Status,Data reporting,NA
FOSGP.5T8.F500600700,DEU,2023,Source,Data sources,Country's submission to UNESCO OECD Eurostat (UOE) joint data collection
FOSGP.5T8.F500600700,DEU,2024,Data Status,Data reporting,NA
FOSGP.5T8.F500600700,DEU,2024,Source,Data sources,Country's submission to UNESCO OECD Eurostat (UOE) joint data collection
FOSGP.5T8.F500600700,DJI,2009,Data Status,Data reporting,NA
FOSGP.5T8.F500600700,DJI,2009,Source,Data sources,Country's submission to UIS SFE Questionnaire C
FOSGP.5T8.F500600700,DNK,2000,Data Status,Data reporting,NA
FOSGP.5T8.F500600700,DNK,2000,Source,Data sources,Country's submission to UNESCO OECD Eurostat (UOE) joint data collection
FOSGP.5T8.F500600700,DNK,2001,Data Status,Data reporting,NA
FOSGP.5T8.F500600700,DNK,2001,Source,Data sources,Country's submission to UNESCO OECD Eurostat (UOE) joint data collection
FOSGP.5T8.F500600700,DNK,2002,Data Status,Data reporting,NA
FOSGP.5T8.F500600700,DNK,2002,Source,Data sources,Country's submission to UNESCO OECD Eurostat (UOE) joint data collection
FOSGP.5T8.F500600700,DNK,2003,Data Status,Data reporting,NA
FOSGP.5T8.F500600700,DNK,2003,Source,Data sources,Country's submission to UNESCO OECD Eurostat (UOE) joint data collection
FOSGP.5T8.F500600700,DNK,2004,Data Status,Data reporting,NA
FOSGP.5T8.F500600700,DNK,2004,Source,Data sources,Country's submission to UNESCO OECD Eurostat (UOE) joint data collection
FOSGP.5T8.F500600700,DNK,2005,Data Status,Data reporting,NA
FOSGP.5T8.F500600700,DNK,2005,Source,Data sources,Country's submission to UNESCO OECD Eurostat (UOE) joint data collection
FOSGP.5T8.F500600700,DNK,2006,Data Status,Data reporting,NA
FOSGP.5T8.F500600700,DNK,2006,Source,Data sources,Country's submission to UNESCO OECD Eurostat (UOE) joint data collection
FOSGP.5T8.F500600700,DNK,2007,Data Status,Data reporting,NA
FOSGP.5T8.F500600700,DNK,2007,Source,Data sources,Country's submission to UNESCO OECD Eurostat (UOE) joint data collection
FOSGP.5T8.F500600700,DNK,2008,Data Status,Data reporting,NA
FOSGP.5T8.F500600700,DNK,2008,Source,Data sources,Country's submission to UNESCO OECD Eurostat (UOE) joint data collection
FOSGP.5T8.F500600700,DNK,2009,Data Status,Data reporting,NA
FOSGP.5T8.F500600700,DNK,2009,Source,Data sources,Country's submission to UNESCO OECD Eurostat (UOE) joint data collection
FOSGP.5T8.F500600700,DNK,2010,Data Status,Data reporting,NA
FOSGP.5T8.F500600700,DNK,2010,Source,Data sources,Country's submission to UNESCO OECD Eurostat (UOE) joint data collection
FOSGP.5T8.F500600700,DNK,2011,Data Status,Data reporting,NA
FOSGP.5T8.F500600700,DNK,2011,Source,Data sources,Country's submission to UNESCO OECD Eurostat (UOE) joint data collection
FOSGP.5T8.F500600700,DNK,2012,Data Status,Data reporting,NA
FOSGP.5T8.F500600700,DNK,2012,Source,Data sources,Country's submission to UNESCO OECD Eurostat (UOE) joint data collection
FOSGP.5T8.F500600700,DNK,2013,Data Status,Data reporting,NA
FOSGP.5T8.F500600700,DNK,2013,Source,Data sources,Country's submission to UNESCO OECD Eurostat (UOE) joint data collection
FOSGP.5T8.F500600700,DNK,2014,Data Status,Data reporting,NA
FOSGP.5T8.F500600700,DNK,2014,Source,Data sources,Country's submission to UNESCO OECD Eurostat (UOE) joint data collection
FOSGP.5T8.F500600700,DNK,2015,Data Status,Data reporting,NA
FOSGP.5T8.F500600700,DNK,2015,Source,Data sources,Country's submission to UNESCO OECD Eurostat (UOE) joint data collection
FOSGP.5T8.F500600700,DNK,2016,Data Status,Data reporting,NA
FOSGP.5T8.F500600700,DNK,2016,Source,Data sources,Country's submission to UNESCO OECD Eurostat (UOE) joint data collection
FOSGP.5T8.F500600700,DNK,2017,Data Status,Data reporting,NA
FOSGP.5T8.F500600700,DNK,2017,Source,Data sources,Country's submission to UNESCO OECD Eurostat (UOE) joint data collection
FOSGP.5T8.F500600700,DNK,2018,Data Status,Data reporting,NA
FOSGP.5T8.F500600700,DNK,2018,Source,Data sources,Country's submission to UNESCO OECD Eurostat (UOE) joint data collection
FOSGP.5T8.F500600700,DNK,2019,Data Status,Data reporting,NA
FOSGP.5T8.F500600700,DNK,2019,Source,Data sources,Country's submission to UNESCO OECD Eurostat (UOE) joint data collection
FOSGP.5T8.F500600700,DNK,2020,Data Status,Data reporting,NA
FOSGP.5T8.F500600700,DNK,2020,Source,Data sources,Country's submission to UNESCO OECD Eurostat (UOE) joint data collection
FOSGP.5T8.F500600700,DNK,2021,Data Status,Data reporting,NA
FOSGP.5T8.F500600700,DNK,2021,Source,Data sources,Country's submission to UNESCO OECD Eurostat (UOE) joint data collection
FOSGP.5T8.F500600700,DNK,2023,Data Status,Data reporting,NA
FOSGP.5T8.F500600700,DNK,2023,Source,Data sources,Country's submission to UNESCO OECD Eurostat (UOE) joint data collection
FOSGP.5T8.F500600700,DOM,2015,Source,Data sources,Source: UIS Dynamic template based on UIS Education Survey
FOSGP.5T8.F500600700,DOM,2016,Source,Data sources,Source: UIS Dynamic template based on UIS Education Survey
FOSGP.5T8.F500600700,DOM,2017,Source,Data sources,Source: UIS Dynamic template based on UIS Education Survey
FOSGP.5T8.F500600700,DOM,2020,Source,Data sources,Source: UIS Dynamic template based on UIS Education Survey
FOSGP.5T8.F500600700,DOM,2021,Source,Data sources,Source: UIS Dynamic template based on UIS Education Survey
FOSGP.5T8.F500600700,DOM,2022,Source,Data sources,Source: UIS Dynamic template based on UIS Education Survey
FOSGP.5T8.F500600700,DOM,2023,Source,Data sources,Source: UIS Dynamic template based on UIS Education Survey
FOSGP.5T8.F500600700,DOM,2024,Source,Data sources,Source: UIS Dynamic template based on UIS Education Survey
FOSGP.5T8.F500600700,DZA,2007,Data Status,Data reporting,NA
FOSGP.5T8.F500600700,DZA,2007,Source,Data sources,Country's submission to UIS SFE Questionnaire C
FOSGP.5T8.F500600700,DZA,2009,Data Status,Data reporting,NA
FOSGP.5T8.F500600700,DZA,2009,Source,Data sources,Country's submission to UIS SFE Questionnaire C
FOSGP.5T8.F500600700,DZA,2010,Source,Data sources,Source: UIS Dynamic template based on UIS Education Survey
FOSGP.5T8.F500600700,DZA,2011,Source,Data sources,Source: UIS Dynamic template based on UIS Education Survey
FOSGP.5T8.F500600700,DZA,2015,Source,Data sources,Source: UIS Dynamic template based on UIS Education Survey
FOSGP.5T8.F500600700,DZA,2016,Source,Data sources,Source: UIS Dynamic template based on UIS Education Survey
FOSGP.5T8.F500600700,DZA,2018,Source,Data sources,Source: UIS Dynamic template based on UIS Education Survey
FOSGP.5T8.F500600700,DZA,2019,Source,Data sources,Source: UIS Dynamic template based on UIS Education Survey
FOSGP.5T8.F500600700,DZA,2020,Source,Data sources,Source: UIS Dynamic template based on UIS Education Survey
FOSGP.5T8.F500600700,DZA,2021,Source,Data sources,Source: UIS Dynamic template based on UIS Education Survey
FOSGP.5T8.F500600700,DZA,2022,Source,Data sources,Source: UIS Dynamic template based on UIS Education Survey
FOSGP.5T8.F500600700,DZA,2023,Source,Data sources,Source: UIS Dynamic template based on UIS Education Survey
FOSGP.5T8.F500600700,DZA,2024,Source,Data sources,Source: UIS Dynamic template based on UIS Education Survey
FOSGP.5T8.F500600700,ECU,2007,Data Status,Data reporting,NA
FOSGP.5T8.F500600700,ECU,2007,Source,Data sources,Country's submission to UIS SFE Questionnaire C
FOSGP.5T8.F500600700,ECU,2008,Data Status,Data reporting,NA
FOSGP.5T8.F500600700,ECU,2008,Source,Data sources,Country's submission to UIS SFE Questionnaire C
FOSGP.5T8.F500600700,ECU,2014,Source,Data sources,Source: UIS Dynamic template based on UIS Education Survey
FOSGP.5T8.F500600700,ECU,2015,Source,Data sources,Source: UIS Dynamic template based on UIS Education Survey
FOSGP.5T8.F500600700,ECU,2016,Source,Data sources,Source: UIS Dynamic template based on UIS Education Survey
FOSGP.5T8.F500600700,ECU,2018,Source,Data sources,Source: UIS Dynamic template based on UIS Education Survey
FOSGP.5T8.F500600700,ECU,2019,Source,Data sources,Source: UIS Dynamic template based on UIS Education Survey
FOSGP.5T8.F500600700,ECU,2020,Source,Data sources,Source: UIS Dynamic template based on UIS Education Survey
FOSGP.5T8.F500600700,ECU,2022,Source,Data sources,Source: UIS Dynamic template based on UIS Education Survey
FOSGP.5T8.F500600700,ECU,2023,Source,Data sources,Source: UIS Dynamic template based on UIS Education Survey
FOSGP.5T8.F500600700,EGY,2016,Data Status,Data reporting,NA
FOSGP.5T8.F500600700,EGY,2016,Source,Data sources,Country's submission to UIS SFE Questionnaire C
FOSGP.5T8.F500600700,EGY,2022,Data Status,Data reporting,NA
FOSGP.5T8.F500600700,EGY,2022,Source,Data sources,Country's submission to UIS SFE Questionnaire C
FOSGP.5T8.F500600700,EGY,2023,Source,Data sources,Source: UIS Dynamic template based on UIS Education Survey
FOSGP.5T8.F500600700,EGY,2024,Data Status,Data reporting,NA
FOSGP.5T8.F500600700,EGY,2024,Source,Data sources,Country's submission to UIS SFE Questionnaire C
FOSGP.5T8.F500600700,EGY,2025,Source,Data sources,Source: UIS Dynamic template
FOSGP.5T8.F500600700,ERI,2000,Data Status,Data reporting,NA
FOSGP.5T8.F500600700,ERI,2000,Source,Data sources,Country's submission to UIS SFE Questionnaire C
FOSGP.5T8.F500600700,ERI,2002,Data Status,Data reporting,NA
FOSGP.5T8.F500600700,ERI,2002,Source,Data sources,Country's submission to UIS SFE Questionnaire C
FOSGP.5T8.F500600700,ERI,2003,Data Status,Data reporting,NA
FOSGP.5T8.F500600700,ERI,2003,Source,Data sources,Country's submission to UIS SFE Questionnaire C
FOSGP.5T8.F500600700,ERI,2004,Data Status,Data reporting,NA
FOSGP.5T8.F500600700,ERI,2004,Source,Data sources,Country's submission to UIS SFE Questionnaire C
FOSGP.5T8.F500600700,ERI,2016,Data Status,Data reporting,NA
FOSGP.5T8.F500600700,ERI,2016,Source,Data sources,Country's submission to UIS SFE Questionnaire C
FOSGP.5T8.F500600700,ESP,2000,Data Status,Data reporting,NA
FOSGP.5T8.F500600700,ESP,2000,Source,Data sources,Country's submission to UNESCO OECD Eurostat (UOE) joint data collection
FOSGP.5T8.F500600700,ESP,2001,Data Status,Data reporting,NA
FOSGP.5T8.F500600700,ESP,2001,Source,Data sources,Country's submission to UNESCO OECD Eurostat (UOE) joint data collection
FOSGP.5T8.F500600700,ESP,2002,Data Status,Data reporting,NA
FOSGP.5T8.F500600700,ESP,2002,Source,Data sources,Country's submission to UNESCO OECD Eurostat (UOE) joint data collection
FOSGP.5T8.F500600700,ESP,2003,Data Status,Data reporting,NA
FOSGP.5T8.F500600700,ESP,2003,Source,Data sources,Country's submission to UNESCO OECD Eurostat (UOE) joint data collection
FOSGP.5T8.F500600700,ESP,2004,Data Status,Data reporting,NA
FOSGP.5T8.F500600700,ESP,2004,Source,Data sources,Country's submission to UNESCO OECD Eurostat (UOE) joint data collection
FOSGP.5T8.F500600700,ESP,2005,Data Status,Data reporting,NA
FOSGP.5T8.F500600700,ESP,2005,Source,Data sources,Country's submission to UNESCO OECD Eurostat (UOE) joint data collection
FOSGP.5T8.F500600700,ESP,2006,Data Status,Data reporting,NA
FOSGP.5T8.F500600700,ESP,2006,Source,Data sources,Country's submission to UNESCO OECD Eurostat (UOE) joint data collection
FOSGP.5T8.F500600700,ESP,2007,Data Status,Data reporting,NA
FOSGP.5T8.F500600700,ESP,2007,Source,Data sources,Country's submission to UNESCO OECD Eurostat (UOE) joint data collection
FOSGP.5T8.F500600700,ESP,2008,Data Status,Data reporting,NA
FOSGP.5T8.F500600700,ESP,2008,Source,Data sources,Country's submission to UNESCO OECD Eurostat (UOE) joint data collection
FOSGP.5T8.F500600700,ESP,2009,Data Status,Data reporting,NA
FOSGP.5T8.F500600700,ESP,2009,Source,Data sources,Country's submission to UNESCO OECD Eurostat (UOE) joint data collection
FOSGP.5T8.F500600700,ESP,2010,Data Status,Data reporting,NA
FOSGP.5T8.F500600700,ESP,2010,Source,Data sources,Country's submission to UNESCO OECD Eurostat (UOE) joint data collection
FOSGP.5T8.F500600700,ESP,2011,Data Status,Data reporting,NA
FOSGP.5T8.F500600700,ESP,2011,Source,Data sources,Country's submission to UNESCO OECD Eurostat (UOE) joint data collection
FOSGP.5T8.F500600700,ESP,2012,Data Status,Data reporting,NA
FOSGP.5T8.F500600700,ESP,2012,Source,Data sources,Country's submission to UNESCO OECD Eurostat (UOE) joint data collection
FOSGP.5T8.F500600700,ESP,2013,Data Status,Data reporting,NA
FOSGP.5T8.F500600700,ESP,2013,Source,Data sources,Country's submission to UNESCO OECD Eurostat (UOE) joint data collection
FOSGP.5T8.F500600700,ESP,2014,Data Status,Data reporting,NA
FOSGP.5T8.F500600700,ESP,2014,Source,Data sources,Country's submission to UNESCO OECD Eurostat (UOE) joint data collection
FOSGP.5T8.F500600700,ESP,2015,Data Status,Data reporting,NA
FOSGP.5T8.F500600700,ESP,2015,Source,Data sources,Country's submission to UNESCO OECD Eurostat (UOE) joint data collection
FOSGP.5T8.F500600700,ESP,2016,Data Status,Data reporting,NA
FOSGP.5T8.F500600700,ESP,2016,Source,Data sources,Country's submission to UNESCO OECD Eurostat (UOE) joint data collection
FOSGP.5T8.F500600700,ESP,2017,Data Status,Data reporting,NA
FOSGP.5T8.F500600700,ESP,2017,Source,Data sources,Country's submission to UNESCO OECD Eurostat (UOE) joint data collection
FOSGP.5T8.F500600700,ESP,2018,Data Status,Data reporting,NA
FOSGP.5T8.F500600700,ESP,2018,Source,Data sources,Country's submission to UNESCO OECD Eurostat (UOE) joint data collection
FOSGP.5T8.F500600700,ESP,2020,Data Status,Data reporting,NA
FOSGP.5T8.F500600700,ESP,2020,Source,Data sources,Country's submission to UNESCO OECD Eurostat (UOE) joint data collection
FOSGP.5T8.F500600700,ESP,2021,Data Status,Data reporting,NA
FOSGP.5T8.F500600700,ESP,2021,Source,Data sources,Country's submission to UNESCO OECD Eurostat (UOE) joint data collection
FOSGP.5T8.F500600700,ESP,2022,Data Status,Data reporting,NA
FOSGP.5T8.F500600700,ESP,2022,Source,Data sources,Country's submission to UNESCO OECD Eurostat (UOE) joint data collection
FOSGP.5T8.F500600700,ESP,2023,Data Status,Data reporting,NA
FOSGP.5T8.F500600700,ESP,2023,Source,Data sources,Country's submission to UNESCO OECD Eurostat (UOE) joint data collection
FOSGP.5T8.F500600700,EST,2000,Data Status,Data reporting,NA
FOSGP.5T8.F500600700,EST,2000,Source,Data sources,Country's submission to UNESCO OECD Eurostat (UOE) joint data collection
FOSGP.5T8.F500600700,EST,2001,Data Status,Data reporting,NA
FOSGP.5T8.F500600700,EST,2001,Source,Data sources,Country's submission to UNESCO OECD Eurostat (UOE) joint data collection
FOSGP.5T8.F500600700,EST,2002,Data Status,Data reporting,NA
FOSGP.5T8.F500600700,EST,2002,Source,Data sources,Country's submission to UNESCO OECD Eurostat (UOE) joint data collection
FOSGP.5T8.F500600700,EST,2003,Data Status,Data reporting,NA
FOSGP.5T8.F500600700,EST,2003,Source,Data sources,Country's submission to UNESCO OECD Eurostat (UOE) joint data collection
FOSGP.5T8.F500600700,EST,2004,Data Status,Data reporting,NA
FOSGP.5T8.F500600700,EST,2004,Source,Data sources,Country's submission to UNESCO OECD Eurostat (UOE) joint data collection
FOSGP.5T8.F500600700,EST,2005,Data Status,Data reporting,NA
FOSGP.5T8.F500600700,EST,2005,Source,Data sources,Country's submission to UNESCO OECD Eurostat (UOE) joint data collection
FOSGP.5T8.F500600700,EST,2006,Data Status,Data reporting,NA
FOSGP.5T8.F500600700,EST,2006,Source,Data sources,Country's submission to UNESCO OECD Eurostat (UOE) joint data collection
FOSGP.5T8.F500600700,EST,2007,Data Status,Data reporting,NA
FOSGP.5T8.F500600700,EST,2007,Source,Data sources,Country's submission to UNESCO OECD Eurostat (UOE) joint data collection
FOSGP.5T8.F500600700,EST,2008,Data Status,Data reporting,NA
FOSGP.5T8.F500600700,EST,2008,Source,Data sources,Country's submission to UNESCO OECD Eurostat (UOE) joint data collection
FOSGP.5T8.F500600700,EST,2009,Data Status,Data reporting,NA
FOSGP.5T8.F500600700,EST,2009,Source,Data sources,Country's submission to UNESCO OECD Eurostat (UOE) joint data collection
FOSGP.5T8.F500600700,EST,2010,Data Status,Data reporting,NA
FOSGP.5T8.F500600700,EST,2010,Source,Data sources,Country's submission to UNESCO OECD Eurostat (UOE) joint data collection
FOSGP.5T8.F500600700,EST,2011,Data Status,Data reporting,NA
FOSGP.5T8.F500600700,EST,2011,Source,Data sources,Country's submission to UNESCO OECD Eurostat (UOE) joint data collection
FOSGP.5T8.F500600700,EST,2012,Data Status,Data reporting,NA
FOSGP.5T8.F500600700,EST,2012,Source,Data sources,Country's submission to UNESCO OECD Eurostat (UOE) joint data collection
FOSGP.5T8.F500600700,EST,2013,Data Status,Data reporting,NA
FOSGP.5T8.F500600700,EST,2013,Source,Data sources,Country's submission to UNESCO OECD Eurostat (UOE) joint data collection
FOSGP.5T8.F500600700,EST,2014,Data Status,Data reporting,NA
FOSGP.5T8.F500600700,EST,2014,Source,Data sources,Country's submission to UNESCO OECD Eurostat (UOE) joint data collection
FOSGP.5T8.F500600700,EST,2015,Data Status,Data reporting,NA
FOSGP.5T8.F500600700,EST,2015,Source,Data sources,Country's submission to UNESCO OECD Eurostat (UOE) joint data collection
FOSGP.5T8.F500600700,EST,2016,Data Status,Data reporting,NA
FOSGP.5T8.F500600700,EST,2016,Source,Data sources,Country's submission to UNESCO OECD Eurostat (UOE) joint data collection
FOSGP.5T8.F500600700,EST,2017,Data Status,Data reporting,NA
FOSGP.5T8.F500600700,EST,2017,Source,Data sources,Country's submission to UNESCO OECD Eurostat (UOE) joint data collection
FOSGP.5T8.F500600700,EST,2018,Data Status,Data reporting,NA
FOSGP.5T8.F500600700,EST,2018,Source,Data sources,Country's submission to UNESCO OECD Eurostat (UOE) joint data collection
FOSGP.5T8.F500600700,EST,2019,Data Status,Data reporting,NA
FOSGP.5T8.F500600700,EST,2019,Source,Data sources,Country's submission to UNESCO OECD Eurostat (UOE) joint data collection
FOSGP.5T8.F500600700,EST,2020,Data Status,Data reporting,NA
FOSGP.5T8.F500600700,EST,2020,Source,Data sources,Country's submission to UNESCO OECD Eurostat (UOE) joint data collection
FOSGP.5T8.F500600700,EST,2021,Data Status,Data reporting,NA
FOSGP.5T8.F500600700,EST,2021,Source,Data sources,Country's submission to UNESCO OECD Eurostat (UOE) joint data collection
FOSGP.5T8.F500600700,EST,2022,Data Status,Data reporting,NA
FOSGP.5T8.F500600700,EST,2022,Source,Data sources,Country's submission to UNESCO OECD Eurostat (UOE) joint data collection
FOSGP.5T8.F500600700,EST,2023,Data Status,Data reporting,NA
FOSGP.5T8.F500600700,EST,2023,Source,Data sources,Country's submission to UNESCO OECD Eurostat (UOE) joint data collection
FOSGP.5T8.F500600700,EST,2024,Data Status,Data reporting,NA
FOSGP.5T8.F500600700,EST,2024,Source,Data sources,Country's submission to UNESCO OECD Eurostat (UOE) joint data collection
FOSGP.5T8.F500600700,ETH,2000,Data Status,Data reporting,NA
FOSGP.5T8.F500600700,ETH,2000,Source,Data sources,Country's submission to UIS SFE Questionnaire C
FOSGP.5T8.F500600700,ETH,2002,Data Status,Data reporting,NA
FOSGP.5T8.F500600700,ETH,2002,Source,Data sources,Country's submission to UIS SFE Questionnaire C
FOSGP.5T8.F500600700,ETH,2003,Data Status,Data reporting,NA
FOSGP.5T8.F500600700,ETH,2003,Source,Data sources,Country's submission to UIS SFE Questionnaire C
FOSGP.5T8.F500600700,ETH,2004,Data Status,Data reporting,NA
FOSGP.5T8.F500600700,ETH,2004,Source,Data sources,Country's submission to UIS SFE Questionnaire C
FOSGP.5T8.F500600700,ETH,2005,Data Status,Data reporting,NA
FOSGP.5T8.F500600700,ETH,2005,Source,Data sources,Country's submission to UIS SFE Questionnaire C
FOSGP.5T8.F500600700,ETH,2008,Data Status,Data reporting,NA
FOSGP.5T8.F500600700,ETH,2008,Source,Data sources,Country's submission to UIS SFE Questionnaire C
FOSGP.5T8.F500600700,FIN,2000,Data Status,Data reporting,NA
FOSGP.5T8.F500600700,FIN,2000,Source,Data sources,Country's submission to UNESCO OECD Eurostat (UOE) joint data collection
FOSGP.5T8.F500600700,FIN,2001,Data Status,Data reporting,NA
FOSGP.5T8.F500600700,FIN,2001,Source,Data sources,Country's submission to UNESCO OECD Eurostat (UOE) joint data collection
FOSGP.5T8.F500600700,FIN,2002,Data Status,Data reporting,NA
FOSGP.5T8.F500600700,FIN,2002,Source,Data sources,Country's submission to UNESCO OECD Eurostat (UOE) joint data collection
FOSGP.5T8.F500600700,FIN,2003,Data Status,Data reporting,NA
FOSGP.5T8.F500600700,FIN,2003,Source,Data sources,Country's submission to UNESCO OECD Eurostat (UOE) joint data collection
FOSGP.5T8.F500600700,FIN,2004,Data Status,Data reporting,NA
FOSGP.5T8.F500600700,FIN,2004,Source,Data sources,Country's submission to UNESCO OECD Eurostat (UOE) joint data collection
FOSGP.5T8.F500600700,FIN,2009,Data Status,Data reporting,NA
FOSGP.5T8.F500600700,FIN,2009,Source,Data sources,Country's submission to UNESCO OECD Eurostat (UOE) joint data collection
FOSGP.5T8.F500600700,FIN,2010,Data Status,Data reporting,NA
FOSGP.5T8.F500600700,FIN,2010,Source,Data sources,Country's submission to UNESCO OECD Eurostat (UOE) joint data collection
FOSGP.5T8.F500600700,FIN,2011,Data Status,Data reporting,NA
FOSGP.5T8.F500600700,FIN,2011,Source,Data sources,Country's submission to UNESCO OECD Eurostat (UOE) joint data collection
FOSGP.5T8.F500600700,FIN,2012,Data Status,Data reporting,NA
FOSGP.5T8.F500600700,FIN,2012,Source,Data sources,Country's submission to UNESCO OECD Eurostat (UOE) joint data collection
FOSGP.5T8.F500600700,FIN,2013,Data Status,Data reporting,NA
FOSGP.5T8.F500600700,FIN,2013,Source,Data sources,Country's submission to UNESCO OECD Eurostat (UOE) joint data collection
FOSGP.5T8.F500600700,FIN,2014,Data Status,Data reporting,NA
FOSGP.5T8.F500600700,FIN,2014,Source,Data sources,Country's submission to UNESCO OECD Eurostat (UOE) joint data collection
FOSGP.5T8.F500600700,FIN,2015,Data Status,Data reporting,NA
FOSGP.5T8.F500600700,FIN,2015,Source,Data sources,Country's submission to UNESCO OECD Eurostat (UOE) joint data collection
FOSGP.5T8.F500600700,FIN,2016,Data Status,Data reporting,NA
FOSGP.5T8.F500600700,FIN,2016,Source,Data sources,Country's submission to UNESCO OECD Eurostat (UOE) joint data collection
FOSGP.5T8.F500600700,FIN,2017,Data Status,Data reporting,NA
FOSGP.5T8.F500600700,FIN,2017,Source,Data sources,Country's submission to UNESCO OECD Eurostat (UOE) joint data collection
FOSGP.5T8.F500600700,FIN,2018,Data Status,Data reporting,NA
FOSGP.5T8.F500600700,FIN,2018,Source,Data sources,Country's submission to UNESCO OECD Eurostat (UOE) joint data collection
FOSGP.5T8.F500600700,FIN,2019,Data Status,Data reporting,NA
FOSGP.5T8.F500600700,FIN,2019,Source,Data sources,Country's submission to UNESCO OECD Eurostat (UOE) joint data collection
FOSGP.5T8.F500600700,FIN,2020,Data Status,Data reporting,NA
FOSGP.5T8.F500600700,FIN,2020,Source,Data sources,Country's submission to UNESCO OECD Eurostat (UOE) joint data collection
FOSGP.5T8.F500600700,FIN,2021,Data Status,Data reporting,NA
FOSGP.5T8.F500600700,FIN,2021,Source,Data sources,Country's submission to UNESCO OECD Eurostat (UOE) joint data collection
FOSGP.5T8.F500600700,FIN,2022,Data Status,Data reporting,NA
FOSGP.5T8.F500600700,FIN,2022,Source,Data sources,Country's submission to UNESCO OECD Eurostat (UOE) joint data collection
FOSGP.5T8.F500600700,FIN,2023,Data Status,Data reporting,NA
FOSGP.5T8.F500600700,FIN,2023,Source,Data sources,Country's submission to UNESCO OECD Eurostat (UOE) joint data collection
FOSGP.5T8.F500600700,FJI,2016,Source,Data sources,Source: UIS Dynamic template based on data provided by country
FOSGP.5T8.F500600700,FJI,2019,Source,Data sources,Source: UIS Dynamic template based on data provided by country
FOSGP.5T8.F500600700,FRA,2000,Data Status,Data reporting,NA
FOSGP.5T8.F500600700,FRA,2000,Source,Data sources,Country's submission to UNESCO OECD Eurostat (UOE) joint data collection
FOSGP.5T8.F500600700,FRA,2002,Data Status,Data reporting,NA
FOSGP.5T8.F500600700,FRA,2002,Source,Data sources,Country's submission to UNESCO OECD Eurostat (UOE) joint data collection
FOSGP.5T8.F500600700,FRA,2003,Data Status,Data reporting,NA
FOSGP.5T8.F500600700,FRA,2003,Source,Data sources,Country's submission to UNESCO OECD Eurostat (UOE) joint data collection
FOSGP.5T8.F500600700,FRA,2004,Data Status,Data reporting,NA
FOSGP.5T8.F500600700,FRA,2004,Source,Data sources,Country's submission to UNESCO OECD Eurostat (UOE) joint data collection
FOSGP.5T8.F500600700,FRA,2006,Data Status,Data reporting,NA
FOSGP.5T8.F500600700,FRA,2006,Source,Data sources,Country's submission to UNESCO OECD Eurostat (UOE) joint data collection
FOSGP.5T8.F500600700,FRA,2007,Data Status,Data reporting,NA
FOSGP.5T8.F500600700,FRA,2007,Source,Data sources,Country's submission to UNESCO OECD Eurostat (UOE) joint data collection
FOSGP.5T8.F500600700,FRA,2008,Data Status,Data reporting,NA
FOSGP.5T8.F500600700,FRA,2008,Source,Data sources,Country's submission to UNESCO OECD Eurostat (UOE) joint data collection
FOSGP.5T8.F500600700,FRA,2009,Data Status,Data reporting,NA
FOSGP.5T8.F500600700,FRA,2009,Source,Data sources,Country's submission to UNESCO OECD Eurostat (UOE) joint data collection
FOSGP.5T8.F500600700,FRA,2012,Data Status,Data reporting,NA
FOSGP.5T8.F500600700,FRA,2012,Source,Data sources,Country's submission to UNESCO OECD Eurostat (UOE) joint data collection
FOSGP.5T8.F500600700,FRA,2013,Data Status,Data reporting,NA
FOSGP.5T8.F500600700,FRA,2013,Source,Data sources,Country's submission to UNESCO OECD Eurostat (UOE) joint data collection
FOSGP.5T8.F500600700,FRA,2014,Data Status,Data reporting,NA
FOSGP.5T8.F500600700,FRA,2014,Source,Data sources,Country's submission to UNESCO OECD Eurostat (UOE) joint data collection
FOSGP.5T8.F500600700,FRA,2015,Data Status,Data reporting,NA
FOSGP.5T8.F500600700,FRA,2015,Source,Data sources,Country's submission to UNESCO OECD Eurostat (UOE) joint data collection
FOSGP.5T8.F500600700,FRA,2016,Data Status,Data reporting,NA
FOSGP.5T8.F500600700,FRA,2016,Source,Data sources,Country's submission to UNESCO OECD Eurostat (UOE) joint data collection
FOSGP.5T8.F500600700,FRA,2018,Data Status,Data reporting,NA
FOSGP.5T8.F500600700,FRA,2018,Source,Data sources,Country's submission to UNESCO OECD Eurostat (UOE) joint data collection
FOSGP.5T8.F500600700,FRA,2019,Data Status,Data reporting,NA
FOSGP.5T8.F500600700,FRA,2019,Source,Data sources,Country's submission to UNESCO OECD Eurostat (UOE) joint data collection
FOSGP.5T8.F500600700,FRA,2020,Data Status,Data reporting,NA
FOSGP.5T8.F500600700,FRA,2020,Source,Data sources,Country's submission to UNESCO OECD Eurostat (UOE) joint data collection
FOSGP.5T8.F500600700,FRA,2021,Data Status,Data reporting,NA
FOSGP.5T8.F500600700,FRA,2021,Source,Data sources,Country's submission to UNESCO OECD Eurostat (UOE) joint data collection
FOSGP.5T8.F500600700,FRA,2022,Data Status,Data reporting,NA
FOSGP.5T8.F500600700,FRA,2022,Source,Data sources,Country's submission to UNESCO OECD Eurostat (UOE) joint data collection
FOSGP.5T8.F500600700,FRA,2023,Data Status,Data reporting,NA
FOSGP.5T8.F500600700,FRA,2023,Source,Data sources,Country's submission to UNESCO OECD Eurostat (UOE) joint data collection
FOSGP.5T8.F500600700,GBR,2000,Data Status,Data reporting,NA
FOSGP.5T8.F500600700,GBR,2000,Source,Data sources,Country's submission to UNESCO OECD Eurostat (UOE) joint data collection
FOSGP.5T8.F500600700,GBR,2001,Data Status,Data reporting,NA
FOSGP.5T8.F500600700,GBR,2001,Source,Data sources,Country's submission to UNESCO OECD Eurostat (UOE) joint data collection
FOSGP.5T8.F500600700,GBR,2002,Data Status,Data reporting,NA
FOSGP.5T8.F500600700,GBR,2002,Source,Data sources,Country's submission to UNESCO OECD Eurostat (UOE) joint data collection
FOSGP.5T8.F500600700,GBR,2003,Data Status,Data reporting,NA
FOSGP.5T8.F500600700,GBR,2003,Source,Data sources,Country's submission to UNESCO OECD Eurostat (UOE) joint data collection
FOSGP.5T8.F500600700,GBR,2004,Data Status,Data reporting,NA
FOSGP.5T8.F500600700,GBR,2004,Source,Data sources,Country's submission to UNESCO OECD Eurostat (UOE) joint data collection
FOSGP.5T8.F500600700,GBR,2005,Data Status,Data reporting,NA
FOSGP.5T8.F500600700,GBR,2005,Source,Data sources,Country's submission to UNESCO OECD Eurostat (UOE) joint data collection
FOSGP.5T8.F500600700,GBR,2006,Data Status,Data reporting,NA
FOSGP.5T8.F500600700,GBR,2006,Source,Data sources,Country's submission to UNESCO OECD Eurostat (UOE) joint data collection
FOSGP.5T8.F500600700,GBR,2007,Data Status,Data reporting,NA
FOSGP.5T8.F500600700,GBR,2007,Source,Data sources,Country's submission to UNESCO OECD Eurostat (UOE) joint data collection
FOSGP.5T8.F500600700,GBR,2008,Data Status,Data reporting,NA
FOSGP.5T8.F500600700,GBR,2008,Source,Data sources,Country's submission to UNESCO OECD Eurostat (UOE) joint data collection
FOSGP.5T8.F500600700,GBR,2009,Data Status,Data reporting,NA
FOSGP.5T8.F500600700,GBR,2009,Source,Data sources,Country's submission to UNESCO OECD Eurostat (UOE) joint data collection
FOSGP.5T8.F500600700,GBR,2010,Data Status,Data reporting,NA
FOSGP.5T8.F500600700,GBR,2010,Source,Data sources,Country's submission to UNESCO OECD Eurostat (UOE) joint data collection
FOSGP.5T8.F500600700,GBR,2011,Data Status,Data reporting,NA
FOSGP.5T8.F500600700,GBR,2011,Source,Data sources,Country's submission to UNESCO OECD Eurostat (UOE) joint data collection
FOSGP.5T8.F500600700,GBR,2012,Data Status,Data reporting,NA
FOSGP.5T8.F500600700,GBR,2012,Source,Data sources,Country's submission to UNESCO OECD Eurostat (UOE) joint data collection
FOSGP.5T8.F500600700,GBR,2013,Data Status,Data reporting,NA
FOSGP.5T8.F500600700,GBR,2013,Source,Data sources,Country's submission to UNESCO OECD Eurostat (UOE) joint data collection
FOSGP.5T8.F500600700,GBR,2014,Data Status,Data reporting,NA
FOSGP.5T8.F500600700,GBR,2014,Source,Data sources,Country's submission to UNESCO OECD Eurostat (UOE) joint data collection
FOSGP.5T8.F500600700,GBR,2015,Data Status,Data reporting,NA
FOSGP.5T8.F500600700,GBR,2015,Source,Data sources,Country's submission to UNESCO OECD Eurostat (UOE) joint data collection
FOSGP.5T8.F500600700,GBR,2016,Data Status,Data reporting,NA
FOSGP.5T8.F500600700,GBR,2016,Source,Data sources,Country's submission to UNESCO OECD Eurostat (UOE) joint data collection
FOSGP.5T8.F500600700,GBR,2019,Data Status,Data reporting,NA
FOSGP.5T8.F500600700,GBR,2019,Source,Data sources,Country's submission to UNESCO OECD Eurostat (UOE) joint data collection
FOSGP.5T8.F500600700,GBR,2020,Data Status,Data reporting,NA
FOSGP.5T8.F500600700,GBR,2020,Source,Data sources,Country's submission to UNESCO OECD Eurostat (UOE) joint data collection
FOSGP.5T8.F500600700,GBR,2021,Data Status,Data reporting,NA
FOSGP.5T8.F500600700,GBR,2021,Source,Data sources,Country's submission to UNESCO OECD Eurostat (UOE) joint data collection
FOSGP.5T8.F500600700,GBR,2023,Data Status,Data reporting,NA
FOSGP.5T8.F500600700,GBR,2023,Source,Data sources,Country's submission to UNESCO OECD Eurostat (UOE) joint data collection
FOSGP.5T8.F500600700,GEO,2000,Data Status,Data reporting,NA
FOSGP.5T8.F500600700,GEO,2000,Source,Data sources,Country's submission to UIS SFE Questionnaire C
FOSGP.5T8.F500600700,GEO,2001,Data Status,Data reporting,NA
FOSGP.5T8.F500600700,GEO,2001,Source,Data sources,Country's submission to UIS SFE Questionnaire C
FOSGP.5T8.F500600700,GEO,2002,Data Status,Data reporting,NA
FOSGP.5T8.F500600700,GEO,2002,Source,Data sources,Country's submission to UIS SFE Questionnaire C
FOSGP.5T8.F500600700,GEO,2003,Data Status,Data reporting,NA
FOSGP.5T8.F500600700,GEO,2003,Source,Data sources,Country's submission to UIS SFE Questionnaire C
FOSGP.5T8.F500600700,GEO,2004,Data Status,Data reporting,NA
FOSGP.5T8.F500600700,GEO,2004,Source,Data sources,Country's submission to UIS SFE Questionnaire C
FOSGP.5T8.F500600700,GEO,2006,Data Status,Data reporting,NA
FOSGP.5T8.F500600700,GEO,2006,Source,Data sources,Country's submission to UIS SFE Questionnaire C
FOSGP.5T8.F500600700,GEO,2007,Data Status,Data reporting,NA
FOSGP.5T8.F500600700,GEO,2007,Source,Data sources,Country's submission to UIS SFE Questionnaire C
FOSGP.5T8.F500600700,GEO,2010,Source,Data sources,Source: UIS Dynamic template based on UIS Education Survey
FOSGP.5T8.F500600700,GEO,2012,Source,Data sources,Source: UIS Dynamic template based on UIS Education Survey
FOSGP.5T8.F500600700,GEO,2016,Source,Data sources,Source: UIS Dynamic template based on UIS Education Survey
FOSGP.5T8.F500600700,GEO,2017,Source,Data sources,Source: UIS Dynamic template based on UIS Education Survey
FOSGP.5T8.F500600700,GEO,2018,Source,Data sources,Source: UIS Dynamic template based on UIS Education Survey
FOSGP.5T8.F500600700,GEO,2019,Source,Data sources,Source: UIS Dynamic template based on UIS Education Survey
FOSGP.5T8.F500600700,GEO,2020,Source,Data sources,Source: UIS Dynamic template based on UIS Education Survey
FOSGP.5T8.F500600700,GEO,2021,Source,Data sources,Source: UIS Dynamic template based on UIS Education Survey
FOSGP.5T8.F500600700,GEO,2022,Source,Data sources,Source: UIS Dynamic template based on UIS Education Survey
FOSGP.5T8.F500600700,GEO,2023,Source,Data sources,Source: UIS Dynamic template based on UIS Education Survey
FOSGP.5T8.F500600700,GEO,2025,Data Status,Data reporting,NA
FOSGP.5T8.F500600700,GEO,2025,Source,Data sources,Country's submission to UIS SFE Questionnaire C
FOSGP.5T8.F500600700,GHA,2015,Source,Data sources,Source: UIS Dynamic template based on data provided by country
FOSGP.5T8.F500600700,GHA,2016,Source,Data sources,Source: UIS Dynamic template based on data provided by country
FOSGP.5T8.F500600700,GHA,2017,Source,Data sources,Source: UIS Dynamic template based on data provided by country
FOSGP.5T8.F500600700,GHA,2018,Source,Data sources,Source: UIS Dynamic template based on data provided by country
FOSGP.5T8.F500600700,GHA,2019,Source,Data sources,Source: UIS Dynamic template based on data provided by country
FOSGP.5T8.F500600700,GHA,2020,Source,Data sources,Source: UIS Dynamic template based on data provided by country
FOSGP.5T8.F500600700,GHA,2021,Source,Data sources,Source: UIS Dynamic template based on data provided by country
FOSGP.5T8.F500600700,GHA,2022,Source,Data sources,Source: UIS Dynamic template based on data provided by country
FOSGP.5T8.F500600700,GHA,2023,Source,Data sources,Source: UIS Dynamic template
FOSGP.5T8.F500600700,GHA,2024,Data Status,Data reporting,NA
FOSGP.5T8.F500600700,GHA,2024,Source,Data sources,Country's submission to UIS SFE Questionnaire C
FOSGP.5T8.F500600700,GMB,2004,Data Status,Data reporting,NA
FOSGP.5T8.F500600700,GMB,2004,Source,Data sources,Country's submission to UIS SFE Questionnaire C
FOSGP.5T8.F500600700,GMB,2011,Data Status,Data reporting,NA
FOSGP.5T8.F500600700,GMB,2011,Source,Data sources,Country's submission to UIS SFE Questionnaire C
FOSGP.5T8.F500600700,GMB,2025,Data Status,Data reporting,NA
FOSGP.5T8.F500600700,GMB,2025,Source,Data sources,Country's submission to UIS SFE Questionnaire C
FOSGP.5T8.F500600700,GRC,2004,Data Status,Data reporting,NA
FOSGP.5T8.F500600700,GRC,2004,Source,Data sources,Country's submission to UNESCO OECD Eurostat (UOE) joint data collection
FOSGP.5T8.F500600700,GRC,2005,Data Status,Data reporting,NA
FOSGP.5T8.F500600700,GRC,2005,Source,Data sources,Country's submission to UNESCO OECD Eurostat (UOE) joint data collection
FOSGP.5T8.F500600700,GRC,2007,Data Status,Data reporting,NA
FOSGP.5T8.F500600700,GRC,2007,Source,Data sources,Country's submission to UNESCO OECD Eurostat (UOE) joint data collection
FOSGP.5T8.F500600700,GRC,2008,Data Status,Data reporting,NA
FOSGP.5T8.F500600700,GRC,2008,Source,Data sources,Country's submission to UNESCO OECD Eurostat (UOE) joint data collection
FOSGP.5T8.F500600700,GRC,2010,Data Status,Data reporting,NA
FOSGP.5T8.F500600700,GRC,2010,Source,Data sources,Country's submission to UNESCO OECD Eurostat (UOE) joint data collection
FOSGP.5T8.F500600700,GRC,2011,Data Status,Data reporting,NA
FOSGP.5T8.F500600700,GRC,2011,Source,Data sources,Country's submission to UNESCO OECD Eurostat (UOE) joint data collection
FOSGP.5T8.F500600700,GRC,2012,Data Status,Data reporting,NA
FOSGP.5T8.F500600700,GRC,2012,Source,Data sources,Country's submission to UNESCO OECD Eurostat (UOE) joint data collection
FOSGP.5T8.F500600700,GRC,2013,Data Status,Data reporting,NA
FOSGP.5T8.F500600700,GRC,2013,Source,Data sources,Country's submission to UNESCO OECD Eurostat (UOE) joint data collection
FOSGP.5T8.F500600700,GRC,2014,Data Status,Data reporting,NA
FOSGP.5T8.F500600700,GRC,2014,Source,Data sources,Country's submission to UNESCO OECD Eurostat (UOE) joint data collection
FOSGP.5T8.F500600700,GRC,2016,Data Status,Data reporting,NA
FOSGP.5T8.F500600700,GRC,2016,Source,Data sources,Country's submission to UNESCO OECD Eurostat (UOE) joint data collection
FOSGP.5T8.F500600700,GRC,2017,Data Status,Data reporting,NA
FOSGP.5T8.F500600700,GRC,2017,Source,Data sources,Country's submission to UNESCO OECD Eurostat (UOE) joint data collection
FOSGP.5T8.F500600700,GRC,2018,Data Status,Data reporting,NA
FOSGP.5T8.F500600700,GRC,2018,Source,Data sources,Country's submission to UNESCO OECD Eurostat (UOE) joint data collection
FOSGP.5T8.F500600700,GRC,2019,Data Status,Data reporting,NA
FOSGP.5T8.F500600700,GRC,2019,Source,Data sources,Country's submission to UNESCO OECD Eurostat (UOE) joint data collection
FOSGP.5T8.F500600700,GRC,2020,Data Status,Data reporting,NA
FOSGP.5T8.F500600700,GRC,2020,Source,Data sources,Country's submission to UNESCO OECD Eurostat (UOE) joint data collection
FOSGP.5T8.F500600700,GRC,2021,Data Status,Data reporting,NA
FOSGP.5T8.F500600700,GRC,2021,Source,Data sources,Country's submission to UNESCO OECD Eurostat (UOE) joint data collection
FOSGP.5T8.F500600700,GRC,2022,Data Status,Data reporting,NA
FOSGP.5T8.F500600700,GRC,2022,Source,Data sources,Country's submission to UNESCO OECD Eurostat (UOE) joint data collection
FOSGP.5T8.F500600700,GRD,2015,Data Status,Data reporting,NA
FOSGP.5T8.F500600700,GRD,2015,Source,Data sources,Country's submission to UIS SFE Questionnaire C
FOSGP.5T8.F500600700,GRD,2017,Data Status,Data reporting,NA
FOSGP.5T8.F500600700,GRD,2017,Source,Data sources,Country's submission to UIS SFE Questionnaire C
FOSGP.5T8.F500600700,GRD,2018,Data Status,Data reporting,NA
FOSGP.5T8.F500600700,GRD,2018,Source,Data sources,Country's submission to UIS SFE Questionnaire C
FOSGP.5T8.F500600700,GTM,2002,Data Status,Data reporting,NA
FOSGP.5T8.F500600700,GTM,2002,Source,Data sources,Country's submission to UIS SFE Questionnaire C
FOSGP.5T8.F500600700,GTM,2007,Data Status,Data reporting,NA
FOSGP.5T8.F500600700,GTM,2007,Source,Data sources,Country's submission to UIS SFE Questionnaire C
FOSGP.5T8.F500600700,GTM,2014,Source,Data sources,Source: UIS Dynamic template based on UIS Education Survey
FOSGP.5T8.F500600700,GTM,2015,Source,Data sources,Source: UIS Dynamic template based on UIS Education Survey
FOSGP.5T8.F500600700,GUY,2004,Data Status,Data reporting,NA
FOSGP.5T8.F500600700,GUY,2004,Source,Data sources,Country's submission to UIS SFE Questionnaire C
FOSGP.5T8.F500600700,GUY,2005,Data Status,Data reporting,NA
FOSGP.5T8.F500600700,GUY,2005,Source,Data sources,Country's submission to UIS SFE Questionnaire C
FOSGP.5T8.F500600700,GUY,2006,Data Status,Data reporting,NA
FOSGP.5T8.F500600700,GUY,2006,Source,Data sources,Country's submission to UIS SFE Questionnaire C
FOSGP.5T8.F500600700,GUY,2007,Data Status,Data reporting,NA
FOSGP.5T8.F500600700,GUY,2007,Source,Data sources,Country's submission to UIS SFE Questionnaire C
FOSGP.5T8.F500600700,GUY,2008,Data Status,Data reporting,NA
FOSGP.5T8.F500600700,GUY,2008,Source,Data sources,Country's submission to UIS SFE Questionnaire C
FOSGP.5T8.F500600700,GUY,2009,Data Status,Data reporting,NA
FOSGP.5T8.F500600700,GUY,2009,Source,Data sources,Country's submission to UIS SFE Questionnaire C
FOSGP.5T8.F500600700,GUY,2010,Data Status,Data reporting,NA
FOSGP.5T8.F500600700,GUY,2010,Source,Data sources,Country's submission to UIS SFE Questionnaire C
FOSGP.5T8.F500600700,GUY,2011,Data Status,Data reporting,NA
FOSGP.5T8.F500600700,GUY,2011,Source,Data sources,Country's submission to UIS SFE Questionnaire C
FOSGP.5T8.F500600700,GUY,2012,Data Status,Data reporting,NA
FOSGP.5T8.F500600700,GUY,2012,Source,Data sources,Country's submission to UIS SFE Questionnaire C
FOSGP.5T8.F500600700,HKG,2003,Data Status,Data reporting,NA
FOSGP.5T8.F500600700,HKG,2003,Source,Data sources,Country's submission to UIS SFE Questionnaire C
FOSGP.5T8.F500600700,HKG,2004,Data Status,Data reporting,NA
FOSGP.5T8.F500600700,HKG,2004,Source,Data sources,Country's submission to UIS SFE Questionnaire C
FOSGP.5T8.F500600700,HKG,2005,Data Status,Data reporting,NA
FOSGP.5T8.F500600700,HKG,2005,Source,Data sources,Country's submission to UIS SFE Questionnaire C
FOSGP.5T8.F500600700,HKG,2006,Data Status,Data reporting,NA
FOSGP.5T8.F500600700,HKG,2006,Source,Data sources,Country's submission to UIS SFE Questionnaire C
FOSGP.5T8.F500600700,HND,2003,Data Status,Data reporting,NA
FOSGP.5T8.F500600700,HND,2003,Source,Data sources,Country's submission to UIS SFE Questionnaire C
FOSGP.5T8.F500600700,HND,2010,Source,Data sources,Source: UIS Dynamic template based on UIS Education Survey
FOSGP.5T8.F500600700,HND,2012,Source,Data sources,Source: UIS Dynamic template based on UIS Education Survey
FOSGP.5T8.F500600700,HND,2015,Source,Data sources,Source: UIS Dynamic template based on UIS Education Survey
FOSGP.5T8.F500600700,HND,2016,Source,Data sources,Source: UIS Dynamic template based on UIS Education Survey
FOSGP.5T8.F500600700,HND,2017,Source,Data sources,Source: UIS Dynamic template based on UIS Education Survey
FOSGP.5T8.F500600700,HND,2018,Source,Data sources,Source: UIS Dynamic template
FOSGP.5T8.F500600700,HND,2019,Source,Data sources,Source: UIS Dynamic template based on UIS Education Survey
FOSGP.5T8.F500600700,HND,2024,Data Status,Data reporting,NA
FOSGP.5T8.F500600700,HND,2024,Source,Data sources,Country's submission to UIS SFE Questionnaire C
FOSGP.5T8.F500600700,HRV,2000,Data Status,Data reporting,NA
FOSGP.5T8.F500600700,HRV,2000,Source,Data sources,Country's submission to UNESCO OECD Eurostat (UOE) joint data collection
FOSGP.5T8.F500600700,HRV,2001,Data Status,Data reporting,NA
FOSGP.5T8.F500600700,HRV,2001,Source,Data sources,Country's submission to UNESCO OECD Eurostat (UOE) joint data collection
FOSGP.5T8.F500600700,HRV,2002,Data Status,Data reporting,NA
FOSGP.5T8.F500600700,HRV,2002,Source,Data sources,Country's submission to UNESCO OECD Eurostat (UOE) joint data collection
FOSGP.5T8.F500600700,HRV,2003,Data Status,Data reporting,NA
FOSGP.5T8.F500600700,HRV,2003,Source,Data sources,Country's submission to UNESCO OECD Eurostat (UOE) joint data collection
FOSGP.5T8.F500600700,HRV,2005,Data Status,Data reporting,NA
FOSGP.5T8.F500600700,HRV,2005,Source,Data sources,Country's submission to UNESCO OECD Eurostat (UOE) joint data collection
FOSGP.5T8.F500600700,HRV,2006,Data Status,Data reporting,NA
FOSGP.5T8.F500600700,HRV,2006,Source,Data sources,Country's submission to UNESCO OECD Eurostat (UOE) joint data collection
FOSGP.5T8.F500600700,HRV,2007,Data Status,Data reporting,NA
FOSGP.5T8.F500600700,HRV,2007,Source,Data sources,Country's submission to UNESCO OECD Eurostat (UOE) joint data collection
FOSGP.5T8.F500600700,HRV,2008,Data Status,Data reporting,NA
FOSGP.5T8.F500600700,HRV,2008,Source,Data sources,Country's submission to UNESCO OECD Eurostat (UOE) joint data collection
FOSGP.5T8.F500600700,HRV,2009,Data Status,Data reporting,NA
FOSGP.5T8.F500600700,HRV,2009,Source,Data sources,Country's submission to UNESCO OECD Eurostat (UOE) joint data collection
FOSGP.5T8.F500600700,HRV,2010,Data Status,Data reporting,NA
FOSGP.5T8.F500600700,HRV,2010,Source,Data sources,Country's submission to UNESCO OECD Eurostat (UOE) joint data collection
FOSGP.5T8.F500600700,HRV,2012,Data Status,Data reporting,NA
FOSGP.5T8.F500600700,HRV,2012,Source,Data sources,Country's submission to UNESCO OECD Eurostat (UOE) joint data collection
FOSGP.5T8.F500600700,HRV,2014,Data Status,Data reporting,NA
FOSGP.5T8.F500600700,HRV,2014,Source,Data sources,Country's submission to UNESCO OECD Eurostat (UOE) joint data collection
FOSGP.5T8.F500600700,HRV,2015,Data Status,Data reporting,NA
FOSGP.5T8.F500600700,HRV,2015,Source,Data sources,Country's submission to UNESCO OECD Eurostat (UOE) joint data collection
FOSGP.5T8.F500600700,HRV,2016,Data Status,Data reporting,NA
FOSGP.5T8.F500600700,HRV,2016,Source,Data sources,Country's submission to UNESCO OECD Eurostat (UOE) joint data collection
FOSGP.5T8.F500600700,HRV,2017,Data Status,Data reporting,NA
FOSGP.5T8.F500600700,HRV,2017,Source,Data sources,Country's submission to UNESCO OECD Eurostat (UOE) joint data collection
FOSGP.5T8.F500600700,HRV,2018,Data Status,Data reporting,NA
FOSGP.5T8.F500600700,HRV,2018,Source,Data sources,Country's submission to UNESCO OECD Eurostat (UOE) joint data collection
FOSGP.5T8.F500600700,HRV,2019,Data Status,Data reporting,NA
FOSGP.5T8.F500600700,HRV,2019,Source,Data sources,Country's submission to UNESCO OECD Eurostat (UOE) joint data collection
FOSGP.5T8.F500600700,HRV,2020,Data Status,Data reporting,NA
FOSGP.5T8.F500600700,HRV,2020,Source,Data sources,Country's submission to UNESCO OECD Eurostat (UOE) joint data collection
FOSGP.5T8.F500600700,HRV,2022,Data Status,Data reporting,NA
FOSGP.5T8.F500600700,HRV,2022,Source,Data sources,Country's submission to UNESCO OECD Eurostat (UOE) joint data collection
FOSGP.5T8.F500600700,HRV,2023,Data Status,Data reporting,NA
FOSGP.5T8.F500600700,HRV,2023,Source,Data sources,Country's submission to UNESCO OECD Eurostat (UOE) joint data collection
FOSGP.5T8.F500600700,HUN,2000,Data Status,Data reporting,NA
FOSGP.5T8.F500600700,HUN,2000,Source,Data sources,Country's submission to UNESCO OECD Eurostat (UOE) joint data collection
FOSGP.5T8.F500600700,HUN,2001,Data Status,Data reporting,NA
FOSGP.5T8.F500600700,HUN,2001,Source,Data sources,Country's submission to UNESCO OECD Eurostat (UOE) joint data collection
FOSGP.5T8.F500600700,HUN,2002,Data Status,Data reporting,NA
FOSGP.5T8.F500600700,HUN,2002,Source,Data sources,Country's submission to UNESCO OECD Eurostat (UOE) joint data collection
FOSGP.5T8.F500600700,HUN,2003,Data Status,Data reporting,NA
FOSGP.5T8.F500600700,HUN,2003,Source,Data sources,Country's submission to UNESCO OECD Eurostat (UOE) joint data collection
FOSGP.5T8.F500600700,HUN,2004,Data Status,Data reporting,NA
FOSGP.5T8.F500600700,HUN,2004,Source,Data sources,Country's submission to UNESCO OECD Eurostat (UOE) joint data collection
FOSGP.5T8.F500600700,HUN,2005,Data Status,Data reporting,NA
FOSGP.5T8.F500600700,HUN,2005,Source,Data sources,Country's submission to UNESCO OECD Eurostat (UOE) joint data collection
FOSGP.5T8.F500600700,HUN,2006,Data Status,Data reporting,NA
FOSGP.5T8.F500600700,HUN,2006,Source,Data sources,Country's submission to UNESCO OECD Eurostat (UOE) joint data collection
FOSGP.5T8.F500600700,HUN,2008,Data Status,Data reporting,NA
FOSGP.5T8.F500600700,HUN,2008,Source,Data sources,Country's submission to UNESCO OECD Eurostat (UOE) joint data collection
FOSGP.5T8.F500600700,HUN,2009,Data Status,Data reporting,NA
FOSGP.5T8.F500600700,HUN,2009,Source,Data sources,Country's submission to UNESCO OECD Eurostat (UOE) joint data collection
FOSGP.5T8.F500600700,HUN,2010,Data Status,Data reporting,NA
FOSGP.5T8.F500600700,HUN,2010,Source,Data sources,Country's submission to UNESCO OECD Eurostat (UOE) joint data collection
FOSGP.5T8.F500600700,HUN,2011,Data Status,Data reporting,NA
FOSGP.5T8.F500600700,HUN,2011,Source,Data sources,Country's submission to UNESCO OECD Eurostat (UOE) joint data collection
FOSGP.5T8.F500600700,HUN,2012,Data Status,Data reporting,NA
FOSGP.5T8.F500600700,HUN,2012,Source,Data sources,Country's submission to UNESCO OECD Eurostat (UOE) joint data collection
FOSGP.5T8.F500600700,HUN,2013,Data Status,Data reporting,NA
FOSGP.5T8.F500600700,HUN,2013,Source,Data sources,Country's submission to UNESCO OECD Eurostat (UOE) joint data collection
FOSGP.5T8.F500600700,HUN,2014,Data Status,Data reporting,NA
FOSGP.5T8.F500600700,HUN,2014,Source,Data sources,Country's submission to UNESCO OECD Eurostat (UOE) joint data collection
FOSGP.5T8.F500600700,HUN,2015,Data Status,Data reporting,NA
FOSGP.5T8.F500600700,HUN,2015,Source,Data sources,Country's submission to UNESCO OECD Eurostat (UOE) joint data collection
FOSGP.5T8.F500600700,HUN,2016,Data Status,Data reporting,NA
FOSGP.5T8.F500600700,HUN,2016,Source,Data sources,Country's submission to UNESCO OECD Eurostat (UOE) joint data collection
FOSGP.5T8.F500600700,HUN,2017,Data Status,Data reporting,NA
FOSGP.5T8.F500600700,HUN,2017,Source,Data sources,Country's submission to UNESCO OECD Eurostat (UOE) joint data collection
FOSGP.5T8.F500600700,HUN,2018,Data Status,Data reporting,NA
FOSGP.5T8.F500600700,HUN,2018,Source,Data sources,Country's submission to UNESCO OECD Eurostat (UOE) joint data collection
FOSGP.5T8.F500600700,HUN,2019,Data Status,Data reporting,NA
FOSGP.5T8.F500600700,HUN,2019,Source,Data sources,Country's submission to UNESCO OECD Eurostat (UOE) joint data collection
FOSGP.5T8.F500600700,HUN,2020,Data Status,Data reporting,NA
FOSGP.5T8.F500600700,HUN,2020,Source,Data sources,Country's submission to UNESCO OECD Eurostat (UOE) joint data collection
FOSGP.5T8.F500600700,HUN,2021,Data Status,Data reporting,NA
FOSGP.5T8.F500600700,HUN,2021,Source,Data sources,Country's submission to UNESCO OECD Eurostat (UOE) joint data collection
FOSGP.5T8.F500600700,HUN,2022,Data Status,Data reporting,NA
FOSGP.5T8.F500600700,HUN,2022,Source,Data sources,Country's submission to UNESCO OECD Eurostat (UOE) joint data collection
FOSGP.5T8.F500600700,HUN,2023,Data Status,Data reporting,NA
FOSGP.5T8.F500600700,HUN,2023,Source,Data sources,Country's submission to UNESCO OECD Eurostat (UOE) joint data collection
FOSGP.5T8.F500600700,IDN,2014,Source,Data sources,Source: UIS Dynamic template based on UIS Education Survey
FOSGP.5T8.F500600700,IDN,2015,Source,Data sources,Source: UIS Dynamic template based on UIS Education Survey
FOSGP.5T8.F500600700,IDN,2016,Source,Data sources,Source: UIS Dynamic template based on UIS Education Survey
FOSGP.5T8.F500600700,IDN,2017,Source,Data sources,Source: UIS Dynamic template based on UIS Education Survey
FOSGP.5T8.F500600700,IDN,2018,Source,Data sources,Source: UIS Dynamic template based on UIS Education Survey
FOSGP.5T8.F500600700,IND,2013,Source,Data sources,Source: UIS Dynamic template based on UIS Education Survey
FOSGP.5T8.F500600700,IND,2014,Source,Data sources,Source: UIS Dynamic template based on UIS Education Survey
FOSGP.5T8.F500600700,IND,2015,Source,Data sources,Source: UIS Dynamic template based on UIS Education Survey
FOSGP.5T8.F500600700,IND,2016,Source,Data sources,Source: UIS Dynamic template based on UIS Education Survey
FOSGP.5T8.F500600700,IND,2017,Source,Data sources,Source: UIS Dynamic template based on UIS Education Survey
FOSGP.5T8.F500600700,IND,2018,Source,Data sources,Source: UIS Dynamic template based on UIS Education Survey
FOSGP.5T8.F500600700,IND,2019,Source,Data sources,Source: UIS Dynamic template based on UIS Education Survey
FOSGP.5T8.F500600700,IND,2020,Source,Data sources,Source: UIS Dynamic template based on UIS Education Survey
FOSGP.5T8.F500600700,IND,2021,Source,Data sources,Source: UIS Dynamic template based on data provided by country
FOSGP.5T8.F500600700,IND,2022,Source,Data sources,Source: UIS Dynamic template based on data provided by country
FOSGP.5T8.F500600700,IND,2023,Source,Data sources,Source: UIS Dynamic template based on data provided by country
FOSGP.5T8.F500600700,IRL,2000,Data Status,Data reporting,NA
FOSGP.5T8.F500600700,IRL,2000,Source,Data sources,Country's submission to UNESCO OECD Eurostat (UOE) joint data collection
FOSGP.5T8.F500600700,IRL,2001,Data Status,Data reporting,NA
FOSGP.5T8.F500600700,IRL,2001,Source,Data sources,Country's submission to UNESCO OECD Eurostat (UOE) joint data collection
FOSGP.5T8.F500600700,IRL,2002,Data Status,Data reporting,NA
FOSGP.5T8.F500600700,IRL,2002,Source,Data sources,Country's submission to UNESCO OECD Eurostat (UOE) joint data collection
FOSGP.5T8.F500600700,IRL,2003,Data Status,Data reporting,NA
FOSGP.5T8.F500600700,IRL,2003,Source,Data sources,Country's submission to UNESCO OECD Eurostat (UOE) joint data collection
FOSGP.5T8.F500600700,IRL,2004,Data Status,Data reporting,NA
FOSGP.5T8.F500600700,IRL,2004,Source,Data sources,Country's submission to UNESCO OECD Eurostat (UOE) joint data collection
FOSGP.5T8.F500600700,IRL,2009,Data Status,Data reporting,NA
FOSGP.5T8.F500600700,IRL,2009,Source,Data sources,Country's submission to UNESCO OECD Eurostat (UOE) joint data collection
FOSGP.5T8.F500600700,IRL,2010,Data Status,Data reporting,NA
FOSGP.5T8.F500600700,IRL,2010,Source,Data sources,Country's submission to UNESCO OECD Eurostat (UOE) joint data collection
FOSGP.5T8.F500600700,IRL,2012,Data Status,Data reporting,NA
FOSGP.5T8.F500600700,IRL,2012,Source,Data sources,Country's submission to UNESCO OECD Eurostat (UOE) joint data collection
FOSGP.5T8.F500600700,IRL,2013,Data Status,Data reporting,NA
FOSGP.5T8.F500600700,IRL,2013,Source,Data sources,Country's submission to UNESCO OECD Eurostat (UOE) joint data collection
FOSGP.5T8.F500600700,IRL,2014,Data Status,Data reporting,NA
FOSGP.5T8.F500600700,IRL,2014,Source,Data sources,Country's submission to UNESCO OECD Eurostat (UOE) joint data collection
FOSGP.5T8.F500600700,IRL,2015,Data Status,Data reporting,NA
FOSGP.5T8.F500600700,IRL,2015,Source,Data sources,Country's submission to UNESCO OECD Eurostat (UOE) joint data collection
FOSGP.5T8.F500600700,IRL,2016,Data Status,Data reporting,NA
FOSGP.5T8.F500600700,IRL,2016,Source,Data sources,Country's submission to UNESCO OECD Eurostat (UOE) joint data collection
FOSGP.5T8.F500600700,IRL,2018,Data Status,Data reporting,NA
FOSGP.5T8.F500600700,IRL,2018,Source,Data sources,Country's submission to UNESCO OECD Eurostat (UOE) joint data collection
FOSGP.5T8.F500600700,IRL,2019,Data Status,Data reporting,NA
FOSGP.5T8.F500600700,IRL,2019,Source,Data sources,Country's submission to UNESCO OECD Eurostat (UOE) joint data collection
FOSGP.5T8.F500600700,IRL,2020,Data Status,Data reporting,NA
FOSGP.5T8.F500600700,IRL,2020,Source,Data sources,Country's submission to UNESCO OECD Eurostat (UOE) joint data collection
FOSGP.5T8.F500600700,IRL,2021,Data Status,Data reporting,NA
FOSGP.5T8.F500600700,IRL,2021,Source,Data sources,Country's submission to UNESCO OECD Eurostat (UOE) joint data collection
FOSGP.5T8.F500600700,IRL,2022,Data Status,Data reporting,NA
FOSGP.5T8.F500600700,IRL,2022,Source,Data sources,Country's submission to UNESCO OECD Eurostat (UOE) joint data collection
FOSGP.5T8.F500600700,IRN,2004,Data Status,Data reporting,NA
FOSGP.5T8.F500600700,IRN,2004,Source,Data sources,Country's submission to UIS SFE Questionnaire C
FOSGP.5T8.F500600700,IRN,2005,Data Status,Data reporting,NA
FOSGP.5T8.F500600700,IRN,2005,Source,Data sources,Country's submission to UIS SFE Questionnaire C
FOSGP.5T8.F500600700,IRN,2006,Data Status,Data reporting,NA
FOSGP.5T8.F500600700,IRN,2006,Source,Data sources,Country's submission to UIS SFE Questionnaire C
FOSGP.5T8.F500600700,IRN,2007,Data Status,Data reporting,NA
FOSGP.5T8.F500600700,IRN,2007,Source,Data sources,Country's submission to UIS SFE Questionnaire C
FOSGP.5T8.F500600700,IRN,2009,Data Status,Data reporting,NA
FOSGP.5T8.F500600700,IRN,2009,Source,Data sources,Country's submission to UIS SFE Questionnaire C
FOSGP.5T8.F500600700,IRN,2011,Data Status,Data reporting,NA
FOSGP.5T8.F500600700,IRN,2011,Source,Data sources,Country's submission to UIS SFE Questionnaire C
FOSGP.5T8.F500600700,IRN,2012,Data Status,Data reporting,NA
FOSGP.5T8.F500600700,IRN,2012,Source,Data sources,Country's submission to UIS SFE Questionnaire C
FOSGP.5T8.F500600700,IRN,2015,Data Status,Data reporting,NA
FOSGP.5T8.F500600700,IRN,2015,Source,Data sources,Country's submission to UIS SFE Questionnaire C
FOSGP.5T8.F500600700,IRN,2016,Data Status,Data reporting,NA
FOSGP.5T8.F500600700,IRN,2016,Source,Data sources,Country's submission to UIS SFE Questionnaire C
FOSGP.5T8.F500600700,IRN,2017,Data Status,Data reporting,NA
FOSGP.5T8.F500600700,IRN,2017,Source,Data sources,Country's submission to UIS SFE Questionnaire C
FOSGP.5T8.F500600700,IRN,2018,Data Status,Data reporting,NA
FOSGP.5T8.F500600700,IRN,2018,Source,Data sources,Country's submission to UIS SFE Questionnaire C
FOSGP.5T8.F500600700,IRN,2019,Data Status,Data reporting,NA
FOSGP.5T8.F500600700,IRN,2019,Source,Data sources,Country's submission to UIS SFE Questionnaire C
FOSGP.5T8.F500600700,IRN,2020,Data Status,Data reporting,NA
FOSGP.5T8.F500600700,IRN,2020,Source,Data sources,Country's submission to UIS SFE Questionnaire C
FOSGP.5T8.F500600700,IRN,2021,Data Status,Data reporting,NA
FOSGP.5T8.F500600700,IRN,2021,Source,Data sources,Country's submission to UIS SFE Questionnaire C
FOSGP.5T8.F500600700,IRQ,2004,Data Status,Data reporting,NA
FOSGP.5T8.F500600700,IRQ,2004,Source,Data sources,Country's submission to UIS SFE Questionnaire C
FOSGP.5T8.F500600700,ISL,2000,Data Status,Data reporting,NA
FOSGP.5T8.F500600700,ISL,2000,Source,Data sources,Country's submission to UNESCO OECD Eurostat (UOE) joint data collection
FOSGP.5T8.F500600700,ISL,2001,Data Status,Data reporting,NA
FOSGP.5T8.F500600700,ISL,2001,Source,Data sources,Country's submission to UNESCO OECD Eurostat (UOE) joint data collection
FOSGP.5T8.F500600700,ISL,2002,Data Status,Data reporting,NA
FOSGP.5T8.F500600700,ISL,2002,Source,Data sources,Country's submission to UNESCO OECD Eurostat (UOE) joint data collection
FOSGP.5T8.F500600700,ISL,2003,Data Status,Data reporting,NA
FOSGP.5T8.F500600700,ISL,2003,Source,Data sources,Country's submission to UNESCO OECD Eurostat (UOE) joint data collection
FOSGP.5T8.F500600700,ISL,2004,Data Status,Data reporting,NA
FOSGP.5T8.F500600700,ISL,2004,Source,Data sources,Country's submission to UNESCO OECD Eurostat (UOE) joint data collection
FOSGP.5T8.F500600700,ISL,2005,Data Status,Data reporting,NA
FOSGP.5T8.F500600700,ISL,2005,Source,Data sources,Country's submission to UNESCO OECD Eurostat (UOE) joint data collection
FOSGP.5T8.F500600700,ISL,2006,Data Status,Data reporting,NA
FOSGP.5T8.F500600700,ISL,2006,Source,Data sources,Country's submission to UNESCO OECD Eurostat (UOE) joint data collection
FOSGP.5T8.F500600700,ISL,2007,Data Status,Data reporting,NA
FOSGP.5T8.F500600700,ISL,2007,Source,Data sources,Country's submission to UNESCO OECD Eurostat (UOE) joint data collection
FOSGP.5T8.F500600700,ISL,2008,Data Status,Data reporting,NA
FOSGP.5T8.F500600700,ISL,2008,Source,Data sources,Country's submission to UNESCO OECD Eurostat (UOE) joint data collection
FOSGP.5T8.F500600700,ISL,2009,Data Status,Data reporting,NA
FOSGP.5T8.F500600700,ISL,2009,Source,Data sources,Country's submission to UNESCO OECD Eurostat (UOE) joint data collection
FOSGP.5T8.F500600700,ISL,2010,Data Status,Data reporting,NA
FOSGP.5T8.F500600700,ISL,2010,Source,Data sources,Country's submission to UNESCO OECD Eurostat (UOE) joint data collection
FOSGP.5T8.F500600700,ISL,2018,Data Status,Data reporting,NA
FOSGP.5T8.F500600700,ISL,2018,Source,Data sources,Country's submission to UNESCO OECD Eurostat (UOE) joint data collection
FOSGP.5T8.F500600700,ISL,2019,Data Status,Data reporting,NA
FOSGP.5T8.F500600700,ISL,2019,Source,Data sources,Country's submission to UNESCO OECD Eurostat (UOE) joint data collection
FOSGP.5T8.F500600700,ISL,2020,Data Status,Data reporting,NA
FOSGP.5T8.F500600700,ISL,2020,Source,Data sources,Country's submission to UNESCO OECD Eurostat (UOE) joint data collection
FOSGP.5T8.F500600700,ISL,2021,Data Status,Data reporting,NA
FOSGP.5T8.F500600700,ISL,2021,Source,Data sources,Country's submission to UNESCO OECD Eurostat (UOE) joint data collection
FOSGP.5T8.F500600700,ISL,2022,Data Status,Data reporting,NA
FOSGP.5T8.F500600700,ISL,2022,Source,Data sources,Country's submission to UNESCO OECD Eurostat (UOE) joint data collection
FOSGP.5T8.F500600700,ISL,2023,Data Status,Data reporting,NA
FOSGP.5T8.F500600700,ISL,2023,Source,Data sources,Country's submission to UNESCO OECD Eurostat (UOE) joint data collection
FOSGP.5T8.F500600700,ISR,2020,Data Status,Data reporting,NA
FOSGP.5T8.F500600700,ISR,2020,Source,Data sources,Country's submission to UNESCO OECD Eurostat (UOE) joint data collection
FOSGP.5T8.F500600700,ISR,2021,Data Status,Data reporting,NA
FOSGP.5T8.F500600700,ISR,2021,Source,Data sources,Country's submission to UNESCO OECD Eurostat (UOE) joint data collection
FOSGP.5T8.F500600700,ISR,2022,Data Status,Data reporting,NA
FOSGP.5T8.F500600700,ISR,2022,Source,Data sources,Country's submission to UNESCO OECD Eurostat (UOE) joint data collection
FOSGP.5T8.F500600700,ISR,2023,Data Status,Data reporting,NA
FOSGP.5T8.F500600700,ISR,2023,Source,Data sources,Country's submission to UNESCO OECD Eurostat (UOE) joint data collection
FOSGP.5T8.F500600700,ITA,2000,Data Status,Data reporting,NA
FOSGP.5T8.F500600700,ITA,2000,Source,Data sources,Country's submission to UNESCO OECD Eurostat (UOE) joint data collection
FOSGP.5T8.F500600700,ITA,2001,Data Status,Data reporting,NA
FOSGP.5T8.F500600700,ITA,2001,Source,Data sources,Country's submission to UNESCO OECD Eurostat (UOE) joint data collection
FOSGP.5T8.F500600700,ITA,2002,Data Status,Data reporting,NA
FOSGP.5T8.F500600700,ITA,2002,Source,Data sources,Country's submission to UNESCO OECD Eurostat (UOE) joint data collection
FOSGP.5T8.F500600700,ITA,2003,Data Status,Data reporting,NA
FOSGP.5T8.F500600700,ITA,2003,Source,Data sources,Country's submission to UNESCO OECD Eurostat (UOE) joint data collection
FOSGP.5T8.F500600700,ITA,2004,Data Status,Data reporting,NA
FOSGP.5T8.F500600700,ITA,2004,Source,Data sources,Country's submission to UNESCO OECD Eurostat (UOE) joint data collection
FOSGP.5T8.F500600700,ITA,2005,Data Status,Data reporting,NA
FOSGP.5T8.F500600700,ITA,2005,Source,Data sources,Country's submission to UNESCO OECD Eurostat (UOE) joint data collection
FOSGP.5T8.F500600700,ITA,2006,Data Status,Data reporting,NA
FOSGP.5T8.F500600700,ITA,2006,Source,Data sources,Country's submission to UNESCO OECD Eurostat (UOE) joint data collection
FOSGP.5T8.F500600700,ITA,2007,Data Status,Data reporting,NA
FOSGP.5T8.F500600700,ITA,2007,Source,Data sources,Country's submission to UNESCO OECD Eurostat (UOE) joint data collection
FOSGP.5T8.F500600700,ITA,2008,Data Status,Data reporting,NA
FOSGP.5T8.F500600700,ITA,2008,Source,Data sources,Country's submission to UNESCO OECD Eurostat (UOE) joint data collection
FOSGP.5T8.F500600700,ITA,2011,Data Status,Data reporting,NA
FOSGP.5T8.F500600700,ITA,2011,Source,Data sources,Country's submission to UNESCO OECD Eurostat (UOE) joint data collection
FOSGP.5T8.F500600700,ITA,2012,Data Status,Data reporting,NA
FOSGP.5T8.F500600700,ITA,2012,Source,Data sources,Country's submission to UNESCO OECD Eurostat (UOE) joint data collection
FOSGP.5T8.F500600700,ITA,2013,Data Status,Data reporting,NA
FOSGP.5T8.F500600700,ITA,2013,Source,Data sources,Country's submission to UNESCO OECD Eurostat (UOE) joint data collection
FOSGP.5T8.F500600700,ITA,2014,Data Status,Data reporting,NA
FOSGP.5T8.F500600700,ITA,2014,Source,Data sources,Country's submission to UNESCO OECD Eurostat (UOE) joint data collection
FOSGP.5T8.F500600700,ITA,2015,Data Status,Data reporting,NA
FOSGP.5T8.F500600700,ITA,2015,Source,Data sources,Country's submission to UNESCO OECD Eurostat (UOE) joint data collection
FOSGP.5T8.F500600700,ITA,2016,Data Status,Data reporting,NA
FOSGP.5T8.F500600700,ITA,2016,Source,Data sources,Country's submission to UNESCO OECD Eurostat (UOE) joint data collection
FOSGP.5T8.F500600700,ITA,2018,Data Status,Data reporting,NA
FOSGP.5T8.F500600700,ITA,2018,Source,Data sources,Country's submission to UNESCO OECD Eurostat (UOE) joint data collection
FOSGP.5T8.F500600700,ITA,2019,Data Status,Data reporting,NA
FOSGP.5T8.F500600700,ITA,2019,Source,Data sources,Country's submission to UNESCO OECD Eurostat (UOE) joint data collection
FOSGP.5T8.F500600700,ITA,2020,Data Status,Data reporting,NA
FOSGP.5T8.F500600700,ITA,2020,Source,Data sources,Country's submission to UNESCO OECD Eurostat (UOE) joint data collection
FOSGP.5T8.F500600700,ITA,2021,Data Status,Data reporting,NA
FOSGP.5T8.F500600700,ITA,2021,Source,Data sources,Country's submission to UNESCO OECD Eurostat (UOE) joint data collection
FOSGP.5T8.F500600700,ITA,2022,Data Status,Data reporting,NA
FOSGP.5T8.F500600700,ITA,2022,Source,Data sources,Country's submission to UNESCO OECD Eurostat (UOE) joint data collection
FOSGP.5T8.F500600700,ITA,2023,Data Status,Data reporting,NA
FOSGP.5T8.F500600700,ITA,2023,Source,Data sources,Country's submission to UNESCO OECD Eurostat (UOE) joint data collection
FOSGP.5T8.F500600700,JOR,2004,Data Status,Data reporting,NA
FOSGP.5T8.F500600700,JOR,2004,Source,Data sources,Country's submission to UIS SFE Questionnaire C
FOSGP.5T8.F500600700,JOR,2005,Data Status,Data reporting,NA
FOSGP.5T8.F500600700,JOR,2005,Source,Data sources,Country's submission to UIS SFE Questionnaire C
FOSGP.5T8.F500600700,JOR,2007,Data Status,Data reporting,NA
FOSGP.5T8.F500600700,JOR,2007,Source,Data sources,Country's submission to UIS SFE Questionnaire C
FOSGP.5T8.F500600700,JOR,2015,Source,Data sources,Source: UIS Dynamic template based on UIS Education Survey
FOSGP.5T8.F500600700,JOR,2020,Source,Data sources,Source: UIS Dynamic template based on UIS Education Survey
FOSGP.5T8.F500600700,JOR,2021,Data Status,Data reporting,NA
FOSGP.5T8.F500600700,JOR,2021,Source,Data sources,Country's submission to UIS SFE Questionnaire C
FOSGP.5T8.F500600700,JOR,2022,Source,Data sources,Source: UIS Dynamic template based on UIS Education Survey
FOSGP.5T8.F500600700,JOR,2023,Source,Data sources,Source: UIS Dynamic template based on UIS Education Survey
FOSGP.5T8.F500600700,JOR,2024,Source,Data sources,Source: UIS Dynamic template based on UIS Education Survey
FOSGP.5T8.F500600700,KAZ,2016,Source,Data sources,Source: UIS Dynamic template based on UIS Education Survey
FOSGP.5T8.F500600700,KAZ,2017,Source,Data sources,Source: UIS Dynamic template based on UIS Education Survey
FOSGP.5T8.F500600700,KAZ,2018,Source,Data sources,Source: UIS Dynamic template based on UIS Education Survey
FOSGP.5T8.F500600700,KAZ,2019,Source,Data sources,Source: UIS Dynamic template based on UIS Education Survey
FOSGP.5T8.F500600700,KAZ,2020,Source,Data sources,Source: UIS Dynamic template based on UIS Education Survey
FOSGP.5T8.F500600700,KAZ,2024,Source,Data sources,Source: UIS Dynamic template based on data provided by country
FOSGP.5T8.F500600700,KAZ,2025,Source,Data sources,Source: UIS Dynamic template based on data provided by country
FOSGP.5T8.F500600700,KEN,2000,Data Status,Data reporting,NA
FOSGP.5T8.F500600700,KEN,2000,Source,Data sources,Country's submission to UIS SFE Questionnaire C
FOSGP.5T8.F500600700,KEN,2001,Data Status,Data reporting,NA
FOSGP.5T8.F500600700,KEN,2001,Source,Data sources,Country's submission to UIS SFE Questionnaire C
FOSGP.5T8.F500600700,KEN,2016,Source,Data sources,Source: UIS Dynamic template based on data provided by country
FOSGP.5T8.F500600700,KEN,2017,Source,Data sources,Source: UIS Dynamic template based on data provided by country
FOSGP.5T8.F500600700,KEN,2019,Source,Data sources,Source: UIS Dynamic template based on data provided by country
FOSGP.5T8.F500600700,KEN,2024,Source,Data sources,Source: UIS Dynamic template based on data provided by country
FOSGP.5T8.F500600700,KGZ,2001,Data Status,Data reporting,NA
FOSGP.5T8.F500600700,KGZ,2001,Source,Data sources,Country's submission to UIS SFE Questionnaire C
FOSGP.5T8.F500600700,KGZ,2002,Data Status,Data reporting,NA
FOSGP.5T8.F500600700,KGZ,2002,Source,Data sources,Country's submission to UIS SFE Questionnaire C
FOSGP.5T8.F500600700,KGZ,2003,Data Status,Data reporting,NA
FOSGP.5T8.F500600700,KGZ,2003,Source,Data sources,Country's submission to UIS SFE Questionnaire C
FOSGP.5T8.F500600700,KGZ,2004,Data Status,Data reporting,NA
FOSGP.5T8.F500600700,KGZ,2004,Source,Data sources,Country's submission to UIS SFE Questionnaire C
FOSGP.5T8.F500600700,KGZ,2005,Data Status,Data reporting,NA
FOSGP.5T8.F500600700,KGZ,2005,Source,Data sources,Country's submission to UIS SFE Questionnaire C
FOSGP.5T8.F500600700,KGZ,2006,Data Status,Data reporting,NA
FOSGP.5T8.F500600700,KGZ,2006,Source,Data sources,Country's submission to UIS SFE Questionnaire C
FOSGP.5T8.F500600700,KGZ,2007,Data Status,Data reporting,NA
FOSGP.5T8.F500600700,KGZ,2007,Source,Data sources,Country's submission to UIS SFE Questionnaire C
FOSGP.5T8.F500600700,KGZ,2008,Data Status,Data reporting,NA
FOSGP.5T8.F500600700,KGZ,2008,Source,Data sources,Country's submission to UIS SFE Questionnaire C
FOSGP.5T8.F500600700,KGZ,2009,Data Status,Data reporting,NA
FOSGP.5T8.F500600700,KGZ,2009,Source,Data sources,Country's submission to UIS SFE Questionnaire C
FOSGP.5T8.F500600700,KGZ,2010,Data Status,Data reporting,NA
FOSGP.5T8.F500600700,KGZ,2010,Source,Data sources,Country's submission to UIS SFE Questionnaire C
FOSGP.5T8.F500600700,KGZ,2011,Data Status,Data reporting,NA
FOSGP.5T8.F500600700,KGZ,2011,Source,Data sources,Country's submission to UIS SFE Questionnaire C
FOSGP.5T8.F500600700,KGZ,2012,Data Status,Data reporting,NA
FOSGP.5T8.F500600700,KGZ,2012,Source,Data sources,Country's submission to UIS SFE Questionnaire C
FOSGP.5T8.F500600700,KGZ,2015,Data Status,Data reporting,NA
FOSGP.5T8.F500600700,KGZ,2015,Source,Data sources,Country's submission to UIS SFE Questionnaire C
FOSGP.5T8.F500600700,KGZ,2016,Source,Data sources,Source: UIS Dynamic template based on UIS Education Survey
FOSGP.5T8.F500600700,KGZ,2017,Source,Data sources,Source: UIS Dynamic template based on UIS Education Survey
FOSGP.5T8.F500600700,KGZ,2018,Source,Data sources,Source: UIS Dynamic template based on UIS Education Survey
FOSGP.5T8.F500600700,KGZ,2019,Source,Data sources,Source: UIS Dynamic template based on UIS Education Survey
FOSGP.5T8.F500600700,KGZ,2020,Source,Data sources,Source: UIS Dynamic template based on UIS Education Survey
FOSGP.5T8.F500600700,KGZ,2021,Source,Data sources,Source: UIS Dynamic template based on UIS Education Survey
FOSGP.5T8.F500600700,KGZ,2022,Source,Data sources,Source: UIS Dynamic template based on data provided by country
FOSGP.5T8.F500600700,KGZ,2023,Source,Data sources,Source: UIS Dynamic template based on data provided by country
FOSGP.5T8.F500600700,KGZ,2024,Source,Data sources,Source: UIS Dynamic template based on data provided by country
FOSGP.5T8.F500600700,KGZ,2025,Source,Data sources,Source: UIS Dynamic template based on data provided by country
FOSGP.5T8.F500600700,KHM,2000,Data Status,Data reporting,NA
FOSGP.5T8.F500600700,KHM,2000,Source,Data sources,Country's submission to UIS SFE Questionnaire C
FOSGP.5T8.F500600700,KHM,2001,Data Status,Data reporting,NA
FOSGP.5T8.F500600700,KHM,2001,Source,Data sources,Country's submission to UIS SFE Questionnaire C
FOSGP.5T8.F500600700,KHM,2002,Data Status,Data reporting,NA
FOSGP.5T8.F500600700,KHM,2002,Source,Data sources,Country's submission to UIS SFE Questionnaire C
FOSGP.5T8.F500600700,KHM,2004,Data Status,Data reporting,NA
FOSGP.5T8.F500600700,KHM,2004,Source,Data sources,Country's submission to UIS SFE Questionnaire C
FOSGP.5T8.F500600700,KHM,2007,Data Status,Data reporting,NA
FOSGP.5T8.F500600700,KHM,2007,Source,Data sources,Country's submission to UIS SFE Questionnaire C
FOSGP.5T8.F500600700,KHM,2008,Data Status,Data reporting,NA
FOSGP.5T8.F500600700,KHM,2008,Source,Data sources,Country's submission to UIS SFE Questionnaire C
FOSGP.5T8.F500600700,KHM,2015,Source,Data sources,Source: UIS Dynamic templateEducation Statistics and Indicators 2014 - 2015
FOSGP.5T8.F500600700,KHM,2018,Source,Data sources,"Source: UIS Dynamic templatePublic Education Statistics and Indicators 2017 - 2018;
Private Education Statistics and Indicators 2017 - 2018;"
FOSGP.5T8.F500600700,KHM,2019,Source,Data sources,"Source: UIS Dynamic templatePublic Education Statistics and Indicators 2018 - 2019;
Private Education Statistics and Indicators 2018 - 2019"
FOSGP.5T8.F500600700,KOR,2000,Data Status,Data reporting,NA
FOSGP.5T8.F500600700,KOR,2000,Source,Data sources,Country's submission to UNESCO OECD Eurostat (UOE) joint data collection
FOSGP.5T8.F500600700,KOR,2001,Data Status,Data reporting,NA
FOSGP.5T8.F500600700,KOR,2001,Source,Data sources,Country's submission to UNESCO OECD Eurostat (UOE) joint data collection
FOSGP.5T8.F500600700,KOR,2002,Data Status,Data reporting,NA
FOSGP.5T8.F500600700,KOR,2002,Source,Data sources,Country's submission to UNESCO OECD Eurostat (UOE) joint data collection
FOSGP.5T8.F500600700,KOR,2003,Data Status,Data reporting,NA
FOSGP.5T8.F500600700,KOR,2003,Source,Data sources,Country's submission to UNESCO OECD Eurostat (UOE) joint data collection
FOSGP.5T8.F500600700,KOR,2004,Data Status,Data reporting,NA
FOSGP.5T8.F500600700,KOR,2004,Source,Data sources,Country's submission to UNESCO OECD Eurostat (UOE) joint data collection
FOSGP.5T8.F500600700,KOR,2005,Data Status,Data reporting,NA
FOSGP.5T8.F500600700,KOR,2005,Source,Data sources,Country's submission to UNESCO OECD Eurostat (UOE) joint data collection
FOSGP.5T8.F500600700,KOR,2006,Data Status,Data reporting,NA
FOSGP.5T8.F500600700,KOR,2006,Source,Data sources,Country's submission to UNESCO OECD Eurostat (UOE) joint data collection
FOSGP.5T8.F500600700,KOR,2007,Data Status,Data reporting,NA
FOSGP.5T8.F500600700,KOR,2007,Source,Data sources,Country's submission to UNESCO OECD Eurostat (UOE) joint data collection
FOSGP.5T8.F500600700,KOR,2008,Data Status,Data reporting,NA
FOSGP.5T8.F500600700,KOR,2008,Source,Data sources,Country's submission to UNESCO OECD Eurostat (UOE) joint data collection
FOSGP.5T8.F500600700,KOR,2009,Data Status,Data reporting,NA
FOSGP.5T8.F500600700,KOR,2009,Source,Data sources,Country's submission to UNESCO OECD Eurostat (UOE) joint data collection
FOSGP.5T8.F500600700,KOR,2011,Data Status,Data reporting,NA
FOSGP.5T8.F500600700,KOR,2011,Source,Data sources,Country's submission to UNESCO OECD Eurostat (UOE) joint data collection
FOSGP.5T8.F500600700,KOR,2015,Data Status,Data reporting,NA
FOSGP.5T8.F500600700,KOR,2015,Source,Data sources,Country's submission to UNESCO OECD Eurostat (UOE) joint data collection
FOSGP.5T8.F500600700,KOR,2016,Data Status,Data reporting,NA
FOSGP.5T8.F500600700,KOR,2016,Source,Data sources,Country's submission to UNESCO OECD Eurostat (UOE) joint data collection
FOSGP.5T8.F500600700,KOR,2017,Data Status,Data reporting,NA
FOSGP.5T8.F500600700,KOR,2017,Source,Data sources,Country's submission to UNESCO OECD Eurostat (UOE) joint data collection
FOSGP.5T8.F500600700,KOR,2019,Data Status,Data reporting,NA
FOSGP.5T8.F500600700,KOR,2019,Source,Data sources,Country's submission to UNESCO OECD Eurostat (UOE) joint data collection
FOSGP.5T8.F500600700,KOR,2020,Data Status,Data reporting,NA
FOSGP.5T8.F500600700,KOR,2020,Source,Data sources,Country's submission to UNESCO OECD Eurostat (UOE) joint data collection
FOSGP.5T8.F500600700,KOR,2021,Data Status,Data reporting,NA
FOSGP.5T8.F500600700,KOR,2021,Source,Data sources,Country's submission to UNESCO OECD Eurostat (UOE) joint data collection
FOSGP.5T8.F500600700,KOR,2022,Data Status,Data reporting,NA
FOSGP.5T8.F500600700,KOR,2022,Source,Data sources,Country's submission to UNESCO OECD Eurostat (UOE) joint data collection
FOSGP.5T8.F500600700,KOR,2023,Data Status,Data reporting,NA
FOSGP.5T8.F500600700,KOR,2023,Source,Data sources,Country's submission to UNESCO OECD Eurostat (UOE) joint data collection
FOSGP.5T8.F500600700,KOR,2024,Data Status,Data reporting,NA
FOSGP.5T8.F500600700,KOR,2024,Source,Data sources,Country's submission to UNESCO OECD Eurostat (UOE) joint data collection
FOSGP.5T8.F500600700,LAO,2001,Data Status,Data reporting,NA
FOSGP.5T8.F500600700,LAO,2001,Source,Data sources,Country's submission to UIS SFE Questionnaire C
FOSGP.5T8.F500600700,LAO,2004,Data Status,Data reporting,NA
FOSGP.5T8.F500600700,LAO,2004,Source,Data sources,Country's submission to UIS SFE Questionnaire C
FOSGP.5T8.F500600700,LAO,2005,Data Status,Data reporting,NA
FOSGP.5T8.F500600700,LAO,2005,Source,Data sources,Country's submission to UIS SFE Questionnaire C
FOSGP.5T8.F500600700,LAO,2009,Data Status,Data reporting,NA
FOSGP.5T8.F500600700,LAO,2009,Source,Data sources,Country's submission to UIS SFE Questionnaire C
FOSGP.5T8.F500600700,LAO,2011,Data Status,Data reporting,NA
FOSGP.5T8.F500600700,LAO,2011,Source,Data sources,Country's submission to UIS SFE Questionnaire C
FOSGP.5T8.F500600700,LAO,2012,Data Status,Data reporting,NA
FOSGP.5T8.F500600700,LAO,2012,Source,Data sources,Country's submission to UIS SFE Questionnaire C
FOSGP.5T8.F500600700,LAO,2015,Source,Data sources,Source: UIS Dynamic template based on UIS Education Survey
FOSGP.5T8.F500600700,LAO,2016,Source,Data sources,Source: UIS Dynamic template based on UIS Education Survey
FOSGP.5T8.F500600700,LAO,2017,Source,Data sources,Source: UIS Dynamic template based on UIS Education Survey
FOSGP.5T8.F500600700,LAO,2018,Source,Data sources,Source: UIS Dynamic template based on UIS Education Survey
FOSGP.5T8.F500600700,LAO,2019,Source,Data sources,Source: UIS Dynamic template based on UIS Education Survey
FOSGP.5T8.F500600700,LBN,2000,Data Status,Data reporting,NA
FOSGP.5T8.F500600700,LBN,2000,Source,Data sources,Country's submission to UIS SFE Questionnaire C
FOSGP.5T8.F500600700,LBN,2001,Data Status,Data reporting,NA
FOSGP.5T8.F500600700,LBN,2001,Source,Data sources,Country's submission to UIS SFE Questionnaire C
FOSGP.5T8.F500600700,LBN,2002,Data Status,Data reporting,NA
FOSGP.5T8.F500600700,LBN,2002,Source,Data sources,Country's submission to UIS SFE Questionnaire C
FOSGP.5T8.F500600700,LBN,2004,Data Status,Data reporting,NA
FOSGP.5T8.F500600700,LBN,2004,Source,Data sources,Country's submission to UIS SFE Questionnaire C
FOSGP.5T8.F500600700,LBN,2005,Data Status,Data reporting,NA
FOSGP.5T8.F500600700,LBN,2005,Source,Data sources,Country's submission to UIS SFE Questionnaire C
FOSGP.5T8.F500600700,LBN,2006,Data Status,Data reporting,NA
FOSGP.5T8.F500600700,LBN,2006,Source,Data sources,Country's submission to UIS SFE Questionnaire C
FOSGP.5T8.F500600700,LBN,2007,Data Status,Data reporting,NA
FOSGP.5T8.F500600700,LBN,2007,Source,Data sources,Country's submission to UIS SFE Questionnaire C
FOSGP.5T8.F500600700,LBN,2008,Data Status,Data reporting,NA
FOSGP.5T8.F500600700,LBN,2008,Source,Data sources,Country's submission to UIS SFE Questionnaire C
FOSGP.5T8.F500600700,LBN,2009,Data Status,Data reporting,NA
FOSGP.5T8.F500600700,LBN,2009,Source,Data sources,Country's submission to UIS SFE Questionnaire C
FOSGP.5T8.F500600700,LBN,2010,Source,Data sources,Source: UIS Dynamic template based on UIS Education Survey
FOSGP.5T8.F500600700,LBN,2011,Source,Data sources,Source: UIS Dynamic template based on UIS Education Survey
FOSGP.5T8.F500600700,LBN,2021,Source,Data sources,Source: UIS Dynamic template based on UIS Education Survey
FOSGP.5T8.F500600700,LBN,2022,Source,Data sources,Source: UIS Dynamic template based on UIS Education Survey
FOSGP.5T8.F500600700,LBN,2023,Source,Data sources,Source: UIS Dynamic template based on UIS Education Survey
FOSGP.5T8.F500600700,LBR,2000,Data Status,Data reporting,NA
FOSGP.5T8.F500600700,LBR,2000,Source,Data sources,Country's submission to UIS SFE Questionnaire C
FOSGP.5T8.F500600700,LCA,2023,Data Status,Data reporting,NA
FOSGP.5T8.F500600700,LCA,2023,Source,Data sources,Country's submission to UIS SFE Questionnaire C
FOSGP.5T8.F500600700,LIE,2003,Data Status,Data reporting,NA
FOSGP.5T8.F500600700,LIE,2003,Source,Data sources,Country's submission to UNESCO OECD Eurostat (UOE) joint data collection
FOSGP.5T8.F500600700,LIE,2004,Data Status,Data reporting,NA
FOSGP.5T8.F500600700,LIE,2004,Source,Data sources,Country's submission to UNESCO OECD Eurostat (UOE) joint data collection
FOSGP.5T8.F500600700,LIE,2006,Data Status,Data reporting,NA
FOSGP.5T8.F500600700,LIE,2006,Source,Data sources,Country's submission to UNESCO OECD Eurostat (UOE) joint data collection
FOSGP.5T8.F500600700,LIE,2007,Data Status,Data reporting,NA
FOSGP.5T8.F500600700,LIE,2007,Source,Data sources,Country's submission to UNESCO OECD Eurostat (UOE) joint data collection
FOSGP.5T8.F500600700,LIE,2008,Data Status,Data reporting,NA
FOSGP.5T8.F500600700,LIE,2008,Source,Data sources,Country's submission to UNESCO OECD Eurostat (UOE) joint data collection
FOSGP.5T8.F500600700,LIE,2009,Data Status,Data reporting,NA
FOSGP.5T8.F500600700,LIE,2009,Source,Data sources,Country's submission to UNESCO OECD Eurostat (UOE) joint data collection
FOSGP.5T8.F500600700,LIE,2010,Data Status,Data reporting,NA
FOSGP.5T8.F500600700,LIE,2010,Source,Data sources,Country's submission to UNESCO OECD Eurostat (UOE) joint data collection
FOSGP.5T8.F500600700,LIE,2011,Data Status,Data reporting,NA
FOSGP.5T8.F500600700,LIE,2011,Source,Data sources,Country's submission to UNESCO OECD Eurostat (UOE) joint data collection
FOSGP.5T8.F500600700,LIE,2012,Data Status,Data reporting,NA
FOSGP.5T8.F500600700,LIE,2012,Source,Data sources,Country's submission to UNESCO OECD Eurostat (UOE) joint data collection
FOSGP.5T8.F500600700,LIE,2018,Data Status,Data reporting,NA
FOSGP.5T8.F500600700,LIE,2018,Source,Data sources,Country's submission to UNESCO OECD Eurostat (UOE) joint data collection
FOSGP.5T8.F500600700,LIE,2019,Data Status,Data reporting,NA
FOSGP.5T8.F500600700,LIE,2019,Source,Data sources,Country's submission to UNESCO OECD Eurostat (UOE) joint data collection
FOSGP.5T8.F500600700,LIE,2020,Data Status,Data reporting,NA
FOSGP.5T8.F500600700,LIE,2020,Source,Data sources,Country's submission to UNESCO OECD Eurostat (UOE) joint data collection
FOSGP.5T8.F500600700,LKA,2015,Source,Data sources,Source: UIS Dynamic template based on UIS Education Survey
FOSGP.5T8.F500600700,LKA,2016,Source,Data sources,Source: UIS Dynamic template based on UIS Education Survey
FOSGP.5T8.F500600700,LKA,2017,Data Status,Data reporting,NA
FOSGP.5T8.F500600700,LKA,2017,Source,Data sources,Country's submission to UIS SFE Questionnaire C
FOSGP.5T8.F500600700,LKA,2018,Source,Data sources,Source: UIS Dynamic template based on UIS Education Survey
FOSGP.5T8.F500600700,LKA,2019,Source,Data sources,Source: UIS Dynamic template based on UIS Education Survey
FOSGP.5T8.F500600700,LKA,2020,Source,Data sources,Source: UIS Dynamic template based on UIS Education Survey
FOSGP.5T8.F500600700,LKA,2021,Source,Data sources,Source: UIS Dynamic templateAnnual School Census of Sri Lanka  (https://moe.gov.lk/wp-content/uploads/2023/02/School_Census-2021_Summary-Tables-Final-Report1.pdf)
FOSGP.5T8.F500600700,LKA,2022,Source,Data sources,Source: UIS Dynamic template based on data provided by country
FOSGP.5T8.F500600700,LKA,2023,Source,Data sources,Source: UIS Dynamic template based on data provided by country
FOSGP.5T8.F500600700,LSO,2000,Data Status,Data reporting,NA
FOSGP.5T8.F500600700,LSO,2000,Source,Data sources,Country's submission to UIS SFE Questionnaire C
FOSGP.5T8.F500600700,LSO,2001,Data Status,Data reporting,NA
FOSGP.5T8.F500600700,LSO,2001,Source,Data sources,Country's submission to UIS SFE Questionnaire C
FOSGP.5T8.F500600700,LSO,2002,Data Status,Data reporting,NA
FOSGP.5T8.F500600700,LSO,2002,Source,Data sources,Country's submission to UIS SFE Questionnaire C
FOSGP.5T8.F500600700,LSO,2012,Data Status,Data reporting,NA
FOSGP.5T8.F500600700,LSO,2012,Source,Data sources,Country's submission to UIS SFE Questionnaire C
FOSGP.5T8.F500600700,LSO,2015,Source,Data sources,Source: UIS Dynamic template
FOSGP.5T8.F500600700,LSO,2017,Source,Data sources,Source: UIS Dynamic template based on UIS Education Survey
FOSGP.5T8.F500600700,LSO,2018,Source,Data sources,Source: UIS Dynamic template based on data provided by country
FOSGP.5T8.F500600700,LTU,2000,Data Status,Data reporting,NA
FOSGP.5T8.F500600700,LTU,2000,Source,Data sources,Country's submission to UNESCO OECD Eurostat (UOE) joint data collection
FOSGP.5T8.F500600700,LTU,2001,Data Status,Data reporting,NA
FOSGP.5T8.F500600700,LTU,2001,Source,Data sources,Country's submission to UNESCO OECD Eurostat (UOE) joint data collection
FOSGP.5T8.F500600700,LTU,2002,Data Status,Data reporting,NA
FOSGP.5T8.F500600700,LTU,2002,Source,Data sources,Country's submission to UNESCO OECD Eurostat (UOE) joint data collection
FOSGP.5T8.F500600700,LTU,2003,Data Status,Data reporting,NA
FOSGP.5T8.F500600700,LTU,2003,Source,Data sources,Country's submission to UNESCO OECD Eurostat (UOE) joint data collection
FOSGP.5T8.F500600700,LTU,2004,Data Status,Data reporting,NA
FOSGP.5T8.F500600700,LTU,2004,Source,Data sources,Country's submission to UNESCO OECD Eurostat (UOE) joint data collection
FOSGP.5T8.F500600700,LTU,2005,Data Status,Data reporting,NA
FOSGP.5T8.F500600700,LTU,2005,Source,Data sources,Country's submission to UNESCO OECD Eurostat (UOE) joint data collection
FOSGP.5T8.F500600700,LTU,2006,Data Status,Data reporting,NA
FOSGP.5T8.F500600700,LTU,2006,Source,Data sources,Country's submission to UNESCO OECD Eurostat (UOE) joint data collection
FOSGP.5T8.F500600700,LTU,2007,Data Status,Data reporting,NA
FOSGP.5T8.F500600700,LTU,2007,Source,Data sources,Country's submission to UNESCO OECD Eurostat (UOE) joint data collection
FOSGP.5T8.F500600700,LTU,2008,Data Status,Data reporting,NA
FOSGP.5T8.F500600700,LTU,2008,Source,Data sources,Country's submission to UNESCO OECD Eurostat (UOE) joint data collection
FOSGP.5T8.F500600700,LTU,2009,Data Status,Data reporting,NA
FOSGP.5T8.F500600700,LTU,2009,Source,Data sources,Country's submission to UNESCO OECD Eurostat (UOE) joint data collection
FOSGP.5T8.F500600700,LTU,2010,Data Status,Data reporting,NA
FOSGP.5T8.F500600700,LTU,2010,Source,Data sources,Country's submission to UNESCO OECD Eurostat (UOE) joint data collection
FOSGP.5T8.F500600700,LTU,2011,Data Status,Data reporting,NA
FOSGP.5T8.F500600700,LTU,2011,Source,Data sources,Country's submission to UNESCO OECD Eurostat (UOE) joint data collection
FOSGP.5T8.F500600700,LTU,2012,Data Status,Data reporting,NA
FOSGP.5T8.F500600700,LTU,2012,Source,Data sources,Country's submission to UNESCO OECD Eurostat (UOE) joint data collection
FOSGP.5T8.F500600700,LTU,2013,Data Status,Data reporting,NA
FOSGP.5T8.F500600700,LTU,2013,Source,Data sources,Country's submission to UNESCO OECD Eurostat (UOE) joint data collection
FOSGP.5T8.F500600700,LTU,2014,Data Status,Data reporting,NA
FOSGP.5T8.F500600700,LTU,2014,Source,Data sources,Country's submission to UNESCO OECD Eurostat (UOE) joint data collection
FOSGP.5T8.F500600700,LTU,2015,Data Status,Data reporting,NA
FOSGP.5T8.F500600700,LTU,2015,Source,Data sources,Country's submission to UNESCO OECD Eurostat (UOE) joint data collection
FOSGP.5T8.F500600700,LTU,2016,Data Status,Data reporting,NA
FOSGP.5T8.F500600700,LTU,2016,Source,Data sources,Country's submission to UNESCO OECD Eurostat (UOE) joint data collection
FOSGP.5T8.F500600700,LTU,2017,Data Status,Data reporting,NA
FOSGP.5T8.F500600700,LTU,2017,Source,Data sources,Country's submission to UNESCO OECD Eurostat (UOE) joint data collection
FOSGP.5T8.F500600700,LTU,2018,Data Status,Data reporting,NA
FOSGP.5T8.F500600700,LTU,2018,Source,Data sources,Country's submission to UNESCO OECD Eurostat (UOE) joint data collection
FOSGP.5T8.F500600700,LTU,2019,Data Status,Data reporting,NA
FOSGP.5T8.F500600700,LTU,2019,Source,Data sources,Country's submission to UNESCO OECD Eurostat (UOE) joint data collection
FOSGP.5T8.F500600700,LTU,2020,Data Status,Data reporting,NA
FOSGP.5T8.F500600700,LTU,2020,Source,Data sources,Country's submission to UNESCO OECD Eurostat (UOE) joint data collection
FOSGP.5T8.F500600700,LTU,2021,Data Status,Data reporting,NA
FOSGP.5T8.F500600700,LTU,2021,Source,Data sources,Country's submission to UNESCO OECD Eurostat (UOE) joint data collection
FOSGP.5T8.F500600700,LTU,2022,Data Status,Data reporting,NA
FOSGP.5T8.F500600700,LTU,2022,Source,Data sources,Country's submission to UNESCO OECD Eurostat (UOE) joint data collection
FOSGP.5T8.F500600700,LTU,2023,Data Status,Data reporting,NA
FOSGP.5T8.F500600700,LTU,2023,Source,Data sources,Country's submission to UNESCO OECD Eurostat (UOE) joint data collection
FOSGP.5T8.F500600700,LUX,2008,Data Status,Data reporting,NA
FOSGP.5T8.F500600700,LUX,2008,Source,Data sources,Country's submission to UNESCO OECD Eurostat (UOE) joint data collection
FOSGP.5T8.F500600700,LUX,2012,Data Status,Data reporting,NA
FOSGP.5T8.F500600700,LUX,2012,Source,Data sources,Country's submission to UNESCO OECD Eurostat (UOE) joint data collection
FOSGP.5T8.F500600700,LUX,2013,Data Status,Data reporting,NA
FOSGP.5T8.F500600700,LUX,2013,Source,Data sources,Country's submission to UNESCO OECD Eurostat (UOE) joint data collection
FOSGP.5T8.F500600700,LUX,2014,Data Status,Data reporting,NA
FOSGP.5T8.F500600700,LUX,2014,Source,Data sources,Country's submission to UNESCO OECD Eurostat (UOE) joint data collection
FOSGP.5T8.F500600700,LUX,2015,Data Status,Data reporting,NA
FOSGP.5T8.F500600700,LUX,2015,Source,Data sources,Country's submission to UNESCO OECD Eurostat (UOE) joint data collection
FOSGP.5T8.F500600700,LUX,2016,Data Status,Data reporting,NA
FOSGP.5T8.F500600700,LUX,2016,Source,Data sources,Country's submission to UNESCO OECD Eurostat (UOE) joint data collection
FOSGP.5T8.F500600700,LUX,2018,Data Status,Data reporting,NA
FOSGP.5T8.F500600700,LUX,2018,Source,Data sources,Country's submission to UNESCO OECD Eurostat (UOE) joint data collection
FOSGP.5T8.F500600700,LUX,2019,Data Status,Data reporting,NA
FOSGP.5T8.F500600700,LUX,2019,Source,Data sources,Country's submission to UNESCO OECD Eurostat (UOE) joint data collection
FOSGP.5T8.F500600700,LUX,2020,Data Status,Data reporting,NA
FOSGP.5T8.F500600700,LUX,2020,Source,Data sources,Country's submission to UNESCO OECD Eurostat (UOE) joint data collection
FOSGP.5T8.F500600700,LUX,2021,Data Status,Data reporting,NA
FOSGP.5T8.F500600700,LUX,2021,Source,Data sources,Country's submission to UNESCO OECD Eurostat (UOE) joint data collection
FOSGP.5T8.F500600700,LUX,2022,Data Status,Data reporting,NA
FOSGP.5T8.F500600700,LUX,2022,Source,Data sources,Country's submission to UNESCO OECD Eurostat (UOE) joint data collection
FOSGP.5T8.F500600700,LUX,2023,Data Status,Data reporting,NA
FOSGP.5T8.F500600700,LUX,2023,Source,Data sources,Country's submission to UNESCO OECD Eurostat (UOE) joint data collection
FOSGP.5T8.F500600700,LVA,2000,Data Status,Data reporting,NA
FOSGP.5T8.F500600700,LVA,2000,Source,Data sources,Country's submission to UNESCO OECD Eurostat (UOE) joint data collection
FOSGP.5T8.F500600700,LVA,2001,Data Status,Data reporting,NA
FOSGP.5T8.F500600700,LVA,2001,Source,Data sources,Country's submission to UNESCO OECD Eurostat (UOE) joint data collection
FOSGP.5T8.F500600700,LVA,2002,Data Status,Data reporting,NA
FOSGP.5T8.F500600700,LVA,2002,Source,Data sources,Country's submission to UNESCO OECD Eurostat (UOE) joint data collection
FOSGP.5T8.F500600700,LVA,2003,Data Status,Data reporting,NA
FOSGP.5T8.F500600700,LVA,2003,Source,Data sources,Country's submission to UNESCO OECD Eurostat (UOE) joint data collection
FOSGP.5T8.F500600700,LVA,2004,Data Status,Data reporting,NA
FOSGP.5T8.F500600700,LVA,2004,Source,Data sources,Country's submission to UNESCO OECD Eurostat (UOE) joint data collection
FOSGP.5T8.F500600700,LVA,2005,Data Status,Data reporting,NA
FOSGP.5T8.F500600700,LVA,2005,Source,Data sources,Country's submission to UNESCO OECD Eurostat (UOE) joint data collection
FOSGP.5T8.F500600700,LVA,2006,Data Status,Data reporting,NA
FOSGP.5T8.F500600700,LVA,2006,Source,Data sources,Country's submission to UNESCO OECD Eurostat (UOE) joint data collection
FOSGP.5T8.F500600700,LVA,2007,Data Status,Data reporting,NA
FOSGP.5T8.F500600700,LVA,2007,Source,Data sources,Country's submission to UNESCO OECD Eurostat (UOE) joint data collection
FOSGP.5T8.F500600700,LVA,2008,Data Status,Data reporting,NA
FOSGP.5T8.F500600700,LVA,2008,Source,Data sources,Country's submission to UNESCO OECD Eurostat (UOE) joint data collection
FOSGP.5T8.F500600700,LVA,2009,Data Status,Data reporting,NA
FOSGP.5T8.F500600700,LVA,2009,Source,Data sources,Country's submission to UNESCO OECD Eurostat (UOE) joint data collection
FOSGP.5T8.F500600700,LVA,2010,Data Status,Data reporting,NA
FOSGP.5T8.F500600700,LVA,2010,Source,Data sources,Country's submission to UNESCO OECD Eurostat (UOE) joint data collection
FOSGP.5T8.F500600700,LVA,2011,Data Status,Data reporting,NA
FOSGP.5T8.F500600700,LVA,2011,Source,Data sources,Country's submission to UNESCO OECD Eurostat (UOE) joint data collection
FOSGP.5T8.F500600700,LVA,2012,Data Status,Data reporting,NA
FOSGP.5T8.F500600700,LVA,2012,Source,Data sources,Country's submission to UNESCO OECD Eurostat (UOE) joint data collection
FOSGP.5T8.F500600700,LVA,2013,Data Status,Data reporting,NA
FOSGP.5T8.F500600700,LVA,2013,Source,Data sources,Country's submission to UNESCO OECD Eurostat (UOE) joint data collection
FOSGP.5T8.F500600700,LVA,2014,Data Status,Data reporting,NA
FOSGP.5T8.F500600700,LVA,2014,Source,Data sources,Country's submission to UNESCO OECD Eurostat (UOE) joint data collection
FOSGP.5T8.F500600700,LVA,2015,Data Status,Data reporting,NA
FOSGP.5T8.F500600700,LVA,2015,Source,Data sources,Country's submission to UNESCO OECD Eurostat (UOE) joint data collection
FOSGP.5T8.F500600700,LVA,2016,Data Status,Data reporting,NA
FOSGP.5T8.F500600700,LVA,2016,Source,Data sources,Country's submission to UNESCO OECD Eurostat (UOE) joint data collection
FOSGP.5T8.F500600700,LVA,2017,Data Status,Data reporting,NA
FOSGP.5T8.F500600700,LVA,2017,Source,Data sources,Country's submission to UNESCO OECD Eurostat (UOE) joint data collection
FOSGP.5T8.F500600700,LVA,2018,Data Status,Data reporting,NA
FOSGP.5T8.F500600700,LVA,2018,Source,Data sources,Country's submission to UNESCO OECD Eurostat (UOE) joint data collection
FOSGP.5T8.F500600700,LVA,2019,Data Status,Data reporting,NA
FOSGP.5T8.F500600700,LVA,2019,Source,Data sources,Country's submission to UNESCO OECD Eurostat (UOE) joint data collection
FOSGP.5T8.F500600700,LVA,2020,Data Status,Data reporting,NA
FOSGP.5T8.F500600700,LVA,2020,Source,Data sources,Country's submission to UNESCO OECD Eurostat (UOE) joint data collection
FOSGP.5T8.F500600700,LVA,2021,Data Status,Data reporting,NA
FOSGP.5T8.F500600700,LVA,2021,Source,Data sources,Country's submission to UNESCO OECD Eurostat (UOE) joint data collection
FOSGP.5T8.F500600700,LVA,2022,Data Status,Data reporting,NA
FOSGP.5T8.F500600700,LVA,2022,Source,Data sources,Country's submission to UNESCO OECD Eurostat (UOE) joint data collection
FOSGP.5T8.F500600700,LVA,2023,Data Status,Data reporting,NA
FOSGP.5T8.F500600700,LVA,2023,Source,Data sources,Country's submission to UNESCO OECD Eurostat (UOE) joint data collection
FOSGP.5T8.F500600700,MAC,2001,Data Status,Data reporting,NA
FOSGP.5T8.F500600700,MAC,2001,Source,Data sources,Country's submission to UIS SFE Questionnaire C
FOSGP.5T8.F500600700,MAC,2002,Data Status,Data reporting,NA
FOSGP.5T8.F500600700,MAC,2002,Source,Data sources,Country's submission to UIS SFE Questionnaire C
FOSGP.5T8.F500600700,MAC,2003,Data Status,Data reporting,NA
FOSGP.5T8.F500600700,MAC,2003,Source,Data sources,Country's submission to UIS SFE Questionnaire C
FOSGP.5T8.F500600700,MAC,2005,Data Status,Data reporting,NA
FOSGP.5T8.F500600700,MAC,2005,Source,Data sources,Country's submission to UIS SFE Questionnaire C
FOSGP.5T8.F500600700,MAC,2006,Data Status,Data reporting,NA
FOSGP.5T8.F500600700,MAC,2006,Source,Data sources,Country's submission to UIS SFE Questionnaire C
FOSGP.5T8.F500600700,MAC,2007,Data Status,Data reporting,NA
FOSGP.5T8.F500600700,MAC,2007,Source,Data sources,Country's submission to UIS SFE Questionnaire C
FOSGP.5T8.F500600700,MAC,2008,Data Status,Data reporting,NA
FOSGP.5T8.F500600700,MAC,2008,Source,Data sources,Country's submission to UIS SFE Questionnaire C
FOSGP.5T8.F500600700,MAC,2009,Data Status,Data reporting,NA
FOSGP.5T8.F500600700,MAC,2009,Source,Data sources,Country's submission to UIS SFE Questionnaire C
FOSGP.5T8.F500600700,MAC,2010,Source,Data sources,Source: UIS Dynamic template based on UIS Education Survey
FOSGP.5T8.F500600700,MAC,2011,Source,Data sources,Source: UIS Dynamic template based on UIS Education Survey
FOSGP.5T8.F500600700,MAC,2012,Source,Data sources,Source: UIS Dynamic template based on UIS Education Survey
FOSGP.5T8.F500600700,MAC,2015,Source,Data sources,Source: UIS Dynamic template based on UIS Education Survey
FOSGP.5T8.F500600700,MAC,2016,Source,Data sources,Source: UIS Dynamic template based on UIS Education Survey
FOSGP.5T8.F500600700,MAC,2017,Source,Data sources,Source: UIS Dynamic template based on UIS Education Survey
FOSGP.5T8.F500600700,MAC,2018,Source,Data sources,Source: UIS Dynamic template based on UIS Education Survey
FOSGP.5T8.F500600700,MAC,2019,Source,Data sources,Source: UIS Dynamic template based on UIS Education Survey
FOSGP.5T8.F500600700,MAC,2020,Source,Data sources,Source: UIS Dynamic template based on UIS Education Survey
FOSGP.5T8.F500600700,MAC,2021,Source,Data sources,Source: UIS Dynamic template based on UIS Education Survey
FOSGP.5T8.F500600700,MAC,2022,Source,Data sources,Source: UIS Dynamic template based on UIS Education Survey
FOSGP.5T8.F500600700,MAC,2023,Source,Data sources,Source: UIS Dynamic template based on UIS Education Survey
FOSGP.5T8.F500600700,MAC,2024,Source,Data sources,Source: UIS Dynamic template based on UIS Education Survey
FOSGP.5T8.F500600700,MAR,2001,Data Status,Data reporting,NA
FOSGP.5T8.F500600700,MAR,2001,Source,Data sources,Country's submission to UIS SFE Questionnaire C
FOSGP.5T8.F500600700,MAR,2007,Data Status,Data reporting,NA
FOSGP.5T8.F500600700,MAR,2007,Source,Data sources,Country's submission to UIS SFE Questionnaire C
FOSGP.5T8.F500600700,MAR,2008,Data Status,Data reporting,NA
FOSGP.5T8.F500600700,MAR,2008,Source,Data sources,Country's submission to UIS SFE Questionnaire C
FOSGP.5T8.F500600700,MAR,2009,Data Status,Data reporting,NA
FOSGP.5T8.F500600700,MAR,2009,Source,Data sources,Country's submission to UIS SFE Questionnaire C
FOSGP.5T8.F500600700,MAR,2010,Source,Data sources,Source: UIS Dynamic template based on UIS Education Survey
FOSGP.5T8.F500600700,MAR,2015,Source,Data sources,Source: UIS Dynamic template based on UIS Education Survey
FOSGP.5T8.F500600700,MAR,2016,Source,Data sources,Source: UIS Dynamic template based on UIS Education Survey
FOSGP.5T8.F500600700,MAR,2017,Source,Data sources,Source: UIS Dynamic template based on UIS Education Survey
FOSGP.5T8.F500600700,MAR,2018,Source,Data sources,Source: UIS Dynamic template based on UIS Education Survey
FOSGP.5T8.F500600700,MAR,2019,Source,Data sources,Source: UIS Dynamic template based on UIS Education Survey
FOSGP.5T8.F500600700,MAR,2020,Data Status,Data reporting,NA
FOSGP.5T8.F500600700,MAR,2020,Source,Data sources,Country's submission to UIS SFE Questionnaire C
FOSGP.5T8.F500600700,MAR,2021,Source,Data sources,Source: UIS Dynamic template based on UIS Education Survey
FOSGP.5T8.F500600700,MAR,2022,Data Status,Data reporting,NA
FOSGP.5T8.F500600700,MAR,2022,Source,Data sources,Country's submission to UIS SFE Questionnaire C
FOSGP.5T8.F500600700,MAR,2023,Data Status,Data reporting,NA
FOSGP.5T8.F500600700,MAR,2023,Source,Data sources,Country's submission to UIS SFE Questionnaire C
FOSGP.5T8.F500600700,MAR,2024,Data Status,Data reporting,NA
FOSGP.5T8.F500600700,MAR,2024,Source,Data sources,Country's submission to UIS SFE Questionnaire C
FOSGP.5T8.F500600700,MCO,2016,Data Status,Data reporting,NA
FOSGP.5T8.F500600700,MCO,2016,Source,Data sources,Country's submission to UIS SFE Questionnaire C
FOSGP.5T8.F500600700,MCO,2017,Data Status,Data reporting,NA
FOSGP.5T8.F500600700,MCO,2017,Source,Data sources,Country's submission to UIS SFE Questionnaire C
FOSGP.5T8.F500600700,MCO,2018,Data Status,Data reporting,NA
FOSGP.5T8.F500600700,MCO,2018,Source,Data sources,Country's submission to UIS SFE Questionnaire C
FOSGP.5T8.F500600700,MCO,2019,Data Status,Data reporting,NA
FOSGP.5T8.F500600700,MCO,2019,Source,Data sources,Country's submission to UIS SFE Questionnaire C
FOSGP.5T8.F500600700,MCO,2020,Data Status,Data reporting,NA
FOSGP.5T8.F500600700,MCO,2020,Source,Data sources,Country's submission to UIS SFE Questionnaire C
FOSGP.5T8.F500600700,MCO,2021,Data Status,Data reporting,NA
FOSGP.5T8.F500600700,MCO,2021,Source,Data sources,Country's submission to UIS SFE Questionnaire C
FOSGP.5T8.F500600700,MCO,2022,Data Status,Data reporting,NA
FOSGP.5T8.F500600700,MCO,2022,Source,Data sources,Country's submission to UIS SFE Questionnaire C
FOSGP.5T8.F500600700,MCO,2023,Data Status,Data reporting,NA
FOSGP.5T8.F500600700,MCO,2023,Source,Data sources,Country's submission to UIS SFE Questionnaire C
FOSGP.5T8.F500600700,MCO,2024,Data Status,Data reporting,NA
FOSGP.5T8.F500600700,MCO,2024,Source,Data sources,Country's submission to UIS SFE Questionnaire C
FOSGP.5T8.F500600700,MDA,2014,Source,Data sources,Source: UIS Dynamic template based on UIS Education Survey
FOSGP.5T8.F500600700,MDA,2015,Source,Data sources,Source: UIS Dynamic template based on UIS Education Survey
FOSGP.5T8.F500600700,MDA,2018,Source,Data sources,Source: UIS Dynamic template based on UIS Education Survey
FOSGP.5T8.F500600700,MDA,2019,Source,Data sources,Source: UIS Dynamic template based on UIS Education Survey
FOSGP.5T8.F500600700,MDA,2020,Source,Data sources,Source: UIS Dynamic template based on UIS Education Survey
FOSGP.5T8.F500600700,MDA,2021,Source,Data sources,Source: UIS Dynamic template based on UIS Education Survey
FOSGP.5T8.F500600700,MDA,2022,Source,Data sources,Source: UIS Dynamic template based on UIS Education Survey
FOSGP.5T8.F500600700,MDA,2023,Source,Data sources,Source: UIS Dynamic template based on UIS Education Survey
FOSGP.5T8.F500600700,MDA,2024,Source,Data sources,Source: UIS Dynamic template based on UIS Education Survey
FOSGP.5T8.F500600700,MDG,2005,Data Status,Data reporting,NA
FOSGP.5T8.F500600700,MDG,2005,Source,Data sources,Country's submission to UIS SFE Questionnaire C
FOSGP.5T8.F500600700,MDG,2006,Data Status,Data reporting,NA
FOSGP.5T8.F500600700,MDG,2006,Source,Data sources,Country's submission to UIS SFE Questionnaire C
FOSGP.5T8.F500600700,MDG,2007,Data Status,Data reporting,NA
FOSGP.5T8.F500600700,MDG,2007,Source,Data sources,Country's submission to UIS SFE Questionnaire C
FOSGP.5T8.F500600700,MDG,2008,Data Status,Data reporting,NA
FOSGP.5T8.F500600700,MDG,2008,Source,Data sources,Country's submission to UIS SFE Questionnaire C
FOSGP.5T8.F500600700,MDG,2009,Data Status,Data reporting,NA
FOSGP.5T8.F500600700,MDG,2009,Source,Data sources,Country's submission to UIS SFE Questionnaire C
FOSGP.5T8.F500600700,MDG,2010,Data Status,Data reporting,NA
FOSGP.5T8.F500600700,MDG,2010,Source,Data sources,Country's submission to UIS SFE Questionnaire C
FOSGP.5T8.F500600700,MDG,2014,Source,Data sources,Source: UIS Dynamic template
FOSGP.5T8.F500600700,MDG,2015,Source,Data sources,Source: UIS Dynamic template
FOSGP.5T8.F500600700,MDG,2016,Source,Data sources,Source: UIS Dynamic template
FOSGP.5T8.F500600700,MDG,2017,Source,Data sources,Source: UIS Dynamic template
FOSGP.5T8.F500600700,MDG,2018,Source,Data sources,Source: UIS Dynamic template
FOSGP.5T8.F500600700,MDG,2019,Data Status,Data reporting,NA
FOSGP.5T8.F500600700,MDG,2019,Source,Data sources,Country's submission to UIS SFE Questionnaire C
FOSGP.5T8.F500600700,MDG,2020,Data Status,Data reporting,NA
FOSGP.5T8.F500600700,MDG,2020,Source,Data sources,Country's submission to UIS SFE Questionnaire C
FOSGP.5T8.F500600700,MDG,2021,Source,Data sources,Source: UIS Dynamic template based on data provided by country
FOSGP.5T8.F500600700,MDG,2022,Source,Data sources,Source: UIS Dynamic template based on data provided by country
FOSGP.5T8.F500600700,MDG,2023,Source,Data sources,Source: UIS Dynamic template based on data provided by country
FOSGP.5T8.F500600700,MDV,2017,Source,Data sources,Source: UIS Dynamic templateSchool Statistics 2017 (https://www.moe.gov.mv/assets/upload/STAT_BOOK_2017.pdf)
FOSGP.5T8.F500600700,MDV,2019,Source,Data sources,Source: UIS Dynamic templateSchool Statistics 2019 (https://www.moe.gov.mv/assets/upload/School_Statistics_20191.pdf)
FOSGP.5T8.F500600700,MEX,2000,Data Status,Data reporting,NA
FOSGP.5T8.F500600700,MEX,2000,Source,Data sources,Country's submission to UNESCO OECD Eurostat (UOE) joint data collection
FOSGP.5T8.F500600700,MEX,2001,Data Status,Data reporting,NA
FOSGP.5T8.F500600700,MEX,2001,Source,Data sources,Country's submission to UNESCO OECD Eurostat (UOE) joint data collection
FOSGP.5T8.F500600700,MEX,2002,Data Status,Data reporting,NA
FOSGP.5T8.F500600700,MEX,2002,Source,Data sources,Country's submission to UNESCO OECD Eurostat (UOE) joint data collection
FOSGP.5T8.F500600700,MEX,2003,Data Status,Data reporting,NA
FOSGP.5T8.F500600700,MEX,2003,Source,Data sources,Country's submission to UNESCO OECD Eurostat (UOE) joint data collection
FOSGP.5T8.F500600700,MEX,2005,Data Status,Data reporting,NA
FOSGP.5T8.F500600700,MEX,2005,Source,Data sources,Country's submission to UNESCO OECD Eurostat (UOE) joint data collection
FOSGP.5T8.F500600700,MEX,2006,Data Status,Data reporting,NA
FOSGP.5T8.F500600700,MEX,2006,Source,Data sources,Country's submission to UNESCO OECD Eurostat (UOE) joint data collection
FOSGP.5T8.F500600700,MEX,2007,Data Status,Data reporting,NA
FOSGP.5T8.F500600700,MEX,2007,Source,Data sources,Country's submission to UNESCO OECD Eurostat (UOE) joint data collection
FOSGP.5T8.F500600700,MEX,2008,Data Status,Data reporting,NA
FOSGP.5T8.F500600700,MEX,2008,Source,Data sources,Country's submission to UNESCO OECD Eurostat (UOE) joint data collection
FOSGP.5T8.F500600700,MEX,2009,Data Status,Data reporting,NA
FOSGP.5T8.F500600700,MEX,2009,Source,Data sources,Country's submission to UNESCO OECD Eurostat (UOE) joint data collection
FOSGP.5T8.F500600700,MEX,2010,Data Status,Data reporting,NA
FOSGP.5T8.F500600700,MEX,2010,Source,Data sources,Country's submission to UNESCO OECD Eurostat (UOE) joint data collection
FOSGP.5T8.F500600700,MEX,2011,Data Status,Data reporting,NA
FOSGP.5T8.F500600700,MEX,2011,Source,Data sources,Country's submission to UNESCO OECD Eurostat (UOE) joint data collection
FOSGP.5T8.F500600700,MEX,2013,Data Status,Data reporting,NA
FOSGP.5T8.F500600700,MEX,2013,Source,Data sources,Country's submission to UNESCO OECD Eurostat (UOE) joint data collection
FOSGP.5T8.F500600700,MEX,2014,Data Status,Data reporting,NA
FOSGP.5T8.F500600700,MEX,2014,Source,Data sources,Country's submission to UNESCO OECD Eurostat (UOE) joint data collection
FOSGP.5T8.F500600700,MEX,2015,Data Status,Data reporting,NA
FOSGP.5T8.F500600700,MEX,2015,Source,Data sources,Country's submission to UNESCO OECD Eurostat (UOE) joint data collection
FOSGP.5T8.F500600700,MEX,2016,Data Status,Data reporting,NA
FOSGP.5T8.F500600700,MEX,2016,Source,Data sources,Country's submission to UNESCO OECD Eurostat (UOE) joint data collection
FOSGP.5T8.F500600700,MEX,2017,Data Status,Data reporting,NA
FOSGP.5T8.F500600700,MEX,2017,Source,Data sources,Country's submission to UNESCO OECD Eurostat (UOE) joint data collection
FOSGP.5T8.F500600700,MEX,2019,Data Status,Data reporting,NA
FOSGP.5T8.F500600700,MEX,2019,Source,Data sources,Country's submission to UNESCO OECD Eurostat (UOE) joint data collection
FOSGP.5T8.F500600700,MEX,2020,Data Status,Data reporting,NA
FOSGP.5T8.F500600700,MEX,2020,Source,Data sources,Country's submission to UNESCO OECD Eurostat (UOE) joint data collection
FOSGP.5T8.F500600700,MEX,2021,Data Status,Data reporting,NA
FOSGP.5T8.F500600700,MEX,2021,Source,Data sources,Country's submission to UNESCO OECD Eurostat (UOE) joint data collection
FOSGP.5T8.F500600700,MEX,2022,Data Status,Data reporting,NA
FOSGP.5T8.F500600700,MEX,2022,Source,Data sources,Country's submission to UNESCO OECD Eurostat (UOE) joint data collection
FOSGP.5T8.F500600700,MEX,2023,Data Status,Data reporting,NA
FOSGP.5T8.F500600700,MEX,2023,Source,Data sources,Country's submission to UNESCO OECD Eurostat (UOE) joint data collection
FOSGP.5T8.F500600700,MHL,2019,Data Status,Data reporting,NA
FOSGP.5T8.F500600700,MHL,2019,Source,Data sources,Country's submission to UIS SFE Questionnaire C
FOSGP.5T8.F500600700,MHL,2022,Data Status,Data reporting,NA
FOSGP.5T8.F500600700,MHL,2022,Source,Data sources,Country's submission to UIS SFE Questionnaire C
FOSGP.5T8.F500600700,MHL,2024,Source,Data sources,Source: UIS Dynamic template based on data provided by country
FOSGP.5T8.F500600700,MKD,2000,Data Status,Data reporting,NA
FOSGP.5T8.F500600700,MKD,2000,Source,Data sources,Country's submission to UNESCO OECD Eurostat (UOE) joint data collection
FOSGP.5T8.F500600700,MKD,2001,Data Status,Data reporting,NA
FOSGP.5T8.F500600700,MKD,2001,Source,Data sources,Country's submission to UNESCO OECD Eurostat (UOE) joint data collection
FOSGP.5T8.F500600700,MKD,2002,Data Status,Data reporting,NA
FOSGP.5T8.F500600700,MKD,2002,Source,Data sources,Country's submission to UNESCO OECD Eurostat (UOE) joint data collection
FOSGP.5T8.F500600700,MKD,2003,Data Status,Data reporting,NA
FOSGP.5T8.F500600700,MKD,2003,Source,Data sources,Country's submission to UNESCO OECD Eurostat (UOE) joint data collection
FOSGP.5T8.F500600700,MKD,2004,Data Status,Data reporting,NA
FOSGP.5T8.F500600700,MKD,2004,Source,Data sources,Country's submission to UNESCO OECD Eurostat (UOE) joint data collection
FOSGP.5T8.F500600700,MKD,2005,Data Status,Data reporting,NA
FOSGP.5T8.F500600700,MKD,2005,Source,Data sources,Country's submission to UNESCO OECD Eurostat (UOE) joint data collection
FOSGP.5T8.F500600700,MKD,2006,Data Status,Data reporting,NA
FOSGP.5T8.F500600700,MKD,2006,Source,Data sources,Country's submission to UNESCO OECD Eurostat (UOE) joint data collection
FOSGP.5T8.F500600700,MKD,2007,Data Status,Data reporting,NA
FOSGP.5T8.F500600700,MKD,2007,Source,Data sources,Country's submission to UNESCO OECD Eurostat (UOE) joint data collection
FOSGP.5T8.F500600700,MKD,2008,Data Status,Data reporting,NA
FOSGP.5T8.F500600700,MKD,2008,Source,Data sources,Country's submission to UNESCO OECD Eurostat (UOE) joint data collection
FOSGP.5T8.F500600700,MKD,2009,Data Status,Data reporting,NA
FOSGP.5T8.F500600700,MKD,2009,Source,Data sources,Country's submission to UNESCO OECD Eurostat (UOE) joint data collection
FOSGP.5T8.F500600700,MKD,2010,Data Status,Data reporting,NA
FOSGP.5T8.F500600700,MKD,2010,Source,Data sources,Country's submission to UNESCO OECD Eurostat (UOE) joint data collection
FOSGP.5T8.F500600700,MKD,2011,Data Status,Data reporting,NA
FOSGP.5T8.F500600700,MKD,2011,Source,Data sources,Country's submission to UNESCO OECD Eurostat (UOE) joint data collection
FOSGP.5T8.F500600700,MKD,2012,Data Status,Data reporting,NA
FOSGP.5T8.F500600700,MKD,2012,Source,Data sources,Country's submission to UNESCO OECD Eurostat (UOE) joint data collection
FOSGP.5T8.F500600700,MKD,2013,Data Status,Data reporting,NA
FOSGP.5T8.F500600700,MKD,2013,Source,Data sources,Country's submission to UNESCO OECD Eurostat (UOE) joint data collection
FOSGP.5T8.F500600700,MKD,2014,Data Status,Data reporting,NA
FOSGP.5T8.F500600700,MKD,2014,Source,Data sources,Country's submission to UNESCO OECD Eurostat (UOE) joint data collection
FOSGP.5T8.F500600700,MKD,2015,Data Status,Data reporting,NA
FOSGP.5T8.F500600700,MKD,2015,Source,Data sources,Country's submission to UNESCO OECD Eurostat (UOE) joint data collection
FOSGP.5T8.F500600700,MKD,2017,Data Status,Data reporting,NA
FOSGP.5T8.F500600700,MKD,2017,Source,Data sources,Country's submission to UNESCO OECD Eurostat (UOE) joint data collection
FOSGP.5T8.F500600700,MKD,2018,Data Status,Data reporting,NA
FOSGP.5T8.F500600700,MKD,2018,Source,Data sources,Country's submission to UNESCO OECD Eurostat (UOE) joint data collection
FOSGP.5T8.F500600700,MKD,2020,Data Status,Data reporting,NA
FOSGP.5T8.F500600700,MKD,2020,Source,Data sources,Country's submission to UNESCO OECD Eurostat (UOE) joint data collection
FOSGP.5T8.F500600700,MKD,2021,Data Status,Data reporting,NA
FOSGP.5T8.F500600700,MKD,2021,Source,Data sources,Country's submission to UNESCO OECD Eurostat (UOE) joint data collection
FOSGP.5T8.F500600700,MKD,2022,Data Status,Data reporting,NA
FOSGP.5T8.F500600700,MKD,2022,Source,Data sources,Country's submission to UNESCO OECD Eurostat (UOE) joint data collection
FOSGP.5T8.F500600700,MKD,2023,Data Status,Data reporting,NA
FOSGP.5T8.F500600700,MKD,2023,Source,Data sources,Country's submission to UNESCO OECD Eurostat (UOE) joint data collection
FOSGP.5T8.F500600700,MLT,2000,Data Status,Data reporting,NA
FOSGP.5T8.F500600700,MLT,2000,Source,Data sources,Country's submission to UNESCO OECD Eurostat (UOE) joint data collection
FOSGP.5T8.F500600700,MLT,2001,Data Status,Data reporting,NA
FOSGP.5T8.F500600700,MLT,2001,Source,Data sources,Country's submission to UNESCO OECD Eurostat (UOE) joint data collection
FOSGP.5T8.F500600700,MLT,2002,Data Status,Data reporting,NA
FOSGP.5T8.F500600700,MLT,2002,Source,Data sources,Country's submission to UNESCO OECD Eurostat (UOE) joint data collection
FOSGP.5T8.F500600700,MLT,2003,Data Status,Data reporting,NA
FOSGP.5T8.F500600700,MLT,2003,Source,Data sources,Country's submission to UNESCO OECD Eurostat (UOE) joint data collection
FOSGP.5T8.F500600700,MLT,2004,Data Status,Data reporting,NA
FOSGP.5T8.F500600700,MLT,2004,Source,Data sources,Country's submission to UNESCO OECD Eurostat (UOE) joint data collection
FOSGP.5T8.F500600700,MLT,2005,Data Status,Data reporting,NA
FOSGP.5T8.F500600700,MLT,2005,Source,Data sources,Country's submission to UNESCO OECD Eurostat (UOE) joint data collection
FOSGP.5T8.F500600700,MLT,2006,Data Status,Data reporting,NA
FOSGP.5T8.F500600700,MLT,2006,Source,Data sources,Country's submission to UNESCO OECD Eurostat (UOE) joint data collection
FOSGP.5T8.F500600700,MLT,2008,Data Status,Data reporting,NA
FOSGP.5T8.F500600700,MLT,2008,Source,Data sources,Country's submission to UNESCO OECD Eurostat (UOE) joint data collection
FOSGP.5T8.F500600700,MLT,2009,Data Status,Data reporting,NA
FOSGP.5T8.F500600700,MLT,2009,Source,Data sources,Country's submission to UNESCO OECD Eurostat (UOE) joint data collection
FOSGP.5T8.F500600700,MLT,2010,Data Status,Data reporting,NA
FOSGP.5T8.F500600700,MLT,2010,Source,Data sources,Country's submission to UNESCO OECD Eurostat (UOE) joint data collection
FOSGP.5T8.F500600700,MLT,2011,Data Status,Data reporting,NA
FOSGP.5T8.F500600700,MLT,2011,Source,Data sources,Country's submission to UNESCO OECD Eurostat (UOE) joint data collection
FOSGP.5T8.F500600700,MLT,2013,Data Status,Data reporting,NA
FOSGP.5T8.F500600700,MLT,2013,Source,Data sources,Country's submission to UNESCO OECD Eurostat (UOE) joint data collection
FOSGP.5T8.F500600700,MLT,2014,Data Status,Data reporting,NA
FOSGP.5T8.F500600700,MLT,2014,Source,Data sources,Country's submission to UNESCO OECD Eurostat (UOE) joint data collection
FOSGP.5T8.F500600700,MLT,2015,Data Status,Data reporting,NA
FOSGP.5T8.F500600700,MLT,2015,Source,Data sources,Country's submission to UNESCO OECD Eurostat (UOE) joint data collection
FOSGP.5T8.F500600700,MLT,2016,Data Status,Data reporting,NA
FOSGP.5T8.F500600700,MLT,2016,Source,Data sources,Country's submission to UNESCO OECD Eurostat (UOE) joint data collection
FOSGP.5T8.F500600700,MLT,2017,Data Status,Data reporting,NA
FOSGP.5T8.F500600700,MLT,2017,Source,Data sources,Country's submission to UNESCO OECD Eurostat (UOE) joint data collection
FOSGP.5T8.F500600700,MLT,2019,Data Status,Data reporting,NA
FOSGP.5T8.F500600700,MLT,2019,Source,Data sources,Country's submission to UNESCO OECD Eurostat (UOE) joint data collection
FOSGP.5T8.F500600700,MLT,2020,Data Status,Data reporting,NA
FOSGP.5T8.F500600700,MLT,2020,Source,Data sources,Country's submission to UNESCO OECD Eurostat (UOE) joint data collection
FOSGP.5T8.F500600700,MLT,2021,Data Status,Data reporting,NA
FOSGP.5T8.F500600700,MLT,2021,Source,Data sources,Country's submission to UNESCO OECD Eurostat (UOE) joint data collection
FOSGP.5T8.F500600700,MLT,2022,Data Status,Data reporting,NA
FOSGP.5T8.F500600700,MLT,2022,Source,Data sources,Country's submission to UNESCO OECD Eurostat (UOE) joint data collection
FOSGP.5T8.F500600700,MLT,2023,Data Status,Data reporting,NA
FOSGP.5T8.F500600700,MLT,2023,Source,Data sources,Country's submission to UNESCO OECD Eurostat (UOE) joint data collection
FOSGP.5T8.F500600700,MMR,2018,Data Status,Data reporting,NA
FOSGP.5T8.F500600700,MMR,2018,Source,Data sources,Country's submission to UIS SFE Questionnaire C
FOSGP.5T8.F500600700,MNE,2019,Data Status,Data reporting,NA
FOSGP.5T8.F500600700,MNE,2019,Source,Data sources,Country's submission to UNESCO OECD Eurostat (UOE) joint data collection
FOSGP.5T8.F500600700,MNG,2000,Data Status,Data reporting,NA
FOSGP.5T8.F500600700,MNG,2000,Source,Data sources,Country's submission to UIS SFE Questionnaire C
FOSGP.5T8.F500600700,MNG,2001,Data Status,Data reporting,NA
FOSGP.5T8.F500600700,MNG,2001,Source,Data sources,Country's submission to UIS SFE Questionnaire C
FOSGP.5T8.F500600700,MNG,2002,Data Status,Data reporting,NA
FOSGP.5T8.F500600700,MNG,2002,Source,Data sources,Country's submission to UIS SFE Questionnaire C
FOSGP.5T8.F500600700,MNG,2003,Data Status,Data reporting,NA
FOSGP.5T8.F500600700,MNG,2003,Source,Data sources,Country's submission to UIS SFE Questionnaire C
FOSGP.5T8.F500600700,MNG,2004,Data Status,Data reporting,NA
FOSGP.5T8.F500600700,MNG,2004,Source,Data sources,Country's submission to UIS SFE Questionnaire C
FOSGP.5T8.F500600700,MNG,2005,Data Status,Data reporting,NA
FOSGP.5T8.F500600700,MNG,2005,Source,Data sources,Country's submission to UIS SFE Questionnaire C
FOSGP.5T8.F500600700,MNG,2006,Data Status,Data reporting,NA
FOSGP.5T8.F500600700,MNG,2006,Source,Data sources,Country's submission to UIS SFE Questionnaire C
FOSGP.5T8.F500600700,MNG,2007,Data Status,Data reporting,NA
FOSGP.5T8.F500600700,MNG,2007,Source,Data sources,Country's submission to UIS SFE Questionnaire C
FOSGP.5T8.F500600700,MNG,2008,Data Status,Data reporting,NA
FOSGP.5T8.F500600700,MNG,2008,Source,Data sources,Country's submission to UIS SFE Questionnaire C
FOSGP.5T8.F500600700,MNG,2009,Data Status,Data reporting,NA
FOSGP.5T8.F500600700,MNG,2009,Source,Data sources,Country's submission to UIS SFE Questionnaire C
FOSGP.5T8.F500600700,MNG,2010,Source,Data sources,Source: UIS Dynamic template based on UIS Education Survey
FOSGP.5T8.F500600700,MNG,2011,Data Status,Data reporting,NA
FOSGP.5T8.F500600700,MNG,2011,Source,Data sources,Country's submission to UIS SFE Questionnaire C
FOSGP.5T8.F500600700,MNG,2012,Source,Data sources,Source: UIS Dynamic template based on UIS Education Survey
FOSGP.5T8.F500600700,MNG,2013,Source,Data sources,Source: UIS Dynamic template based on UIS Education Survey
FOSGP.5T8.F500600700,MNG,2014,Source,Data sources,Source: UIS Dynamic template based on UIS Education Survey
FOSGP.5T8.F500600700,MNG,2015,Source,Data sources,Source: UIS Dynamic template based on UIS Education Survey
FOSGP.5T8.F500600700,MNG,2016,Source,Data sources,Source: UIS Dynamic template based on UIS Education Survey
FOSGP.5T8.F500600700,MNG,2017,Data Status,Data reporting,NA
FOSGP.5T8.F500600700,MNG,2017,Source,Data sources,Country's submission to UIS SFE Questionnaire C
FOSGP.5T8.F500600700,MNG,2018,Data Status,Data reporting,NA
FOSGP.5T8.F500600700,MNG,2018,Source,Data sources,Country's submission to UIS SFE Questionnaire C
FOSGP.5T8.F500600700,MNG,2019,Data Status,Data reporting,NA
FOSGP.5T8.F500600700,MNG,2019,Source,Data sources,Country's submission to UIS SFE Questionnaire C
FOSGP.5T8.F500600700,MNG,2020,Source,Data sources,Source: UIS Dynamic template based on data provided by country
FOSGP.5T8.F500600700,MNG,2021,Source,Data sources,Source: UIS Dynamic template based on data provided by country
FOSGP.5T8.F500600700,MNG,2022,Source,Data sources,Source: UIS Dynamic template based on data provided by country
FOSGP.5T8.F500600700,MNG,2023,Source,Data sources,Source: UIS Dynamic template based on data provided by country
FOSGP.5T8.F500600700,MNG,2024,Source,Data sources,Source: UIS Dynamic template
FOSGP.5T8.F500600700,MOZ,2004,Data Status,Data reporting,NA
FOSGP.5T8.F500600700,MOZ,2004,Source,Data sources,Country's submission to UIS SFE Questionnaire C
FOSGP.5T8.F500600700,MOZ,2005,Data Status,Data reporting,NA
FOSGP.5T8.F500600700,MOZ,2005,Source,Data sources,Country's submission to UIS SFE Questionnaire C
FOSGP.5T8.F500600700,MOZ,2006,Data Status,Data reporting,NA
FOSGP.5T8.F500600700,MOZ,2006,Source,Data sources,Country's submission to UIS SFE Questionnaire C
FOSGP.5T8.F500600700,MOZ,2008,Data Status,Data reporting,NA
FOSGP.5T8.F500600700,MOZ,2008,Source,Data sources,Country's submission to UIS SFE Questionnaire C
FOSGP.5T8.F500600700,MOZ,2009,Data Status,Data reporting,NA
FOSGP.5T8.F500600700,MOZ,2009,Source,Data sources,Country's submission to UIS SFE Questionnaire C
FOSGP.5T8.F500600700,MOZ,2012,Data Status,Data reporting,NA
FOSGP.5T8.F500600700,MOZ,2012,Source,Data sources,Country's submission to UIS SFE Questionnaire C
FOSGP.5T8.F500600700,MOZ,2015,Source,Data sources,Source: UIS Dynamic template based on UIS Education Survey
FOSGP.5T8.F500600700,MOZ,2016,Source,Data sources,Source: UIS Dynamic template based on UIS Education Survey
FOSGP.5T8.F500600700,MOZ,2017,Source,Data sources,Source: UIS Dynamic template based on UIS Education Survey
FOSGP.5T8.F500600700,MOZ,2018,Source,Data sources,Source: UIS Dynamic template based on UIS Education Survey
FOSGP.5T8.F500600700,MRT,2016,Source,Data sources,Source: UIS Dynamic template based on UIS Education Survey
FOSGP.5T8.F500600700,MRT,2020,Source,Data sources,Source: UIS Dynamic template based on UIS Education Survey
FOSGP.5T8.F500600700,MUS,2017,Source,Data sources,Source: UIS Dynamic template based on UIS Education Survey
FOSGP.5T8.F500600700,MUS,2020,Source,Data sources,Source: UIS Dynamic template based on UIS Education Survey
FOSGP.5T8.F500600700,MUS,2021,Source,Data sources,Source: UIS Dynamic template based on UIS Education Survey
FOSGP.5T8.F500600700,MUS,2022,Source,Data sources,Source: UIS Dynamic template
FOSGP.5T8.F500600700,MUS,2023,Source,Data sources,Source: UIS Dynamic template based on UIS Education Survey
FOSGP.5T8.F500600700,MYS,2004,Data Status,Data reporting,NA
FOSGP.5T8.F500600700,MYS,2004,Source,Data sources,Country's submission to UIS SFE Questionnaire C
FOSGP.5T8.F500600700,MYS,2006,Data Status,Data reporting,NA
FOSGP.5T8.F500600700,MYS,2006,Source,Data sources,Country's submission to UIS SFE Questionnaire C
FOSGP.5T8.F500600700,MYS,2007,Data Status,Data reporting,NA
FOSGP.5T8.F500600700,MYS,2007,Source,Data sources,Country's submission to UIS SFE Questionnaire C
FOSGP.5T8.F500600700,MYS,2008,Data Status,Data reporting,NA
FOSGP.5T8.F500600700,MYS,2008,Source,Data sources,Country's submission to UIS SFE Questionnaire C
FOSGP.5T8.F500600700,MYS,2009,Data Status,Data reporting,NA
FOSGP.5T8.F500600700,MYS,2009,Source,Data sources,Country's submission to UIS SFE Questionnaire C
FOSGP.5T8.F500600700,MYS,2010,Data Status,Data reporting,NA
FOSGP.5T8.F500600700,MYS,2010,Source,Data sources,Country's submission to UIS SFE Questionnaire C
FOSGP.5T8.F500600700,MYS,2011,Data Status,Data reporting,NA
FOSGP.5T8.F500600700,MYS,2011,Source,Data sources,Country's submission to UIS SFE Questionnaire C
FOSGP.5T8.F500600700,MYS,2012,Data Status,Data reporting,NA
FOSGP.5T8.F500600700,MYS,2012,Source,Data sources,Country's submission to UIS SFE Questionnaire C
FOSGP.5T8.F500600700,MYS,2015,Source,Data sources,Source: UIS Dynamic template based on UIS Education Survey
FOSGP.5T8.F500600700,MYS,2016,Source,Data sources,Source: UIS Dynamic template based on UIS Education Survey
FOSGP.5T8.F500600700,MYS,2017,Source,Data sources,Source: UIS Dynamic template based on UIS Education Survey (https://emisonline.moe.gov.my/risalahmap/; https://www.moe.gov.my/menumedia/media-cetak/penerbitan/buku-perangkaan-pendidikan-malaysia/5641-buku-perangkaan-pendidikan-malaysia-2022-1/file)
FOSGP.5T8.F500600700,MYS,2018,Source,Data sources,Source: UIS Dynamic template based on UIS Education Survey (https://emisonline.moe.gov.my/risalahmap/; https://www.moe.gov.my/menumedia/media-cetak/penerbitan/buku-perangkaan-pendidikan-malaysia/5641-buku-perangkaan-pendidikan-malaysia-2022-1/file)
FOSGP.5T8.F500600700,MYS,2019,Source,Data sources,Source: UIS Dynamic template based on UIS Education Survey (https://emisonline.moe.gov.my/risalahmap/; https://www.moe.gov.my/menumedia/media-cetak/penerbitan/buku-perangkaan-pendidikan-malaysia/5641-buku-perangkaan-pendidikan-malaysia-2022-1/file)
FOSGP.5T8.F500600700,MYS,2020,Source,Data sources,Source: UIS Dynamic template based on UIS Education Survey (https://emisonline.moe.gov.my/risalahmap/; https://www.moe.gov.my/menumedia/media-cetak/penerbitan/buku-perangkaan-pendidikan-malaysia/5641-buku-perangkaan-pendidikan-malaysia-2022-1/file)
FOSGP.5T8.F500600700,MYS,2021,Source,Data sources,Source: UIS Dynamic template based on data provided by country (https://emisonline.moe.gov.my/risalahmap/; https://www.moe.gov.my/menumedia/media-cetak/penerbitan/buku-perangkaan-pendidikan-malaysia/5641-buku-perangkaan-pendidikan-malaysia-2022-1/file)
FOSGP.5T8.F500600700,MYS,2022,Source,Data sources,Source: UIS Dynamic template based on data provided by country (https://emisonline.moe.gov.my/risalahmap/; https://www.moe.gov.my/menumedia/media-cetak/penerbitan/buku-perangkaan-pendidikan-malaysia/5641-buku-perangkaan-pendidikan-malaysia-2022-1/file)
FOSGP.5T8.F500600700,MYS,2023,Source,Data sources,Source: UIS Dynamic template based on data provided by country (https://emisonline.moe.gov.my/risalahmap/; https://www.moe.gov.my/menumedia/media-cetak/penerbitan/buku-perangkaan-pendidikan-malaysia/5641-buku-perangkaan-pendidikan-malaysia-2022-1/file)
FOSGP.5T8.F500600700,MYS,2024,Source,Data sources,Source: UIS Dynamic template based on data provided by country
FOSGP.5T8.F500600700,NAM,2001,Data Status,Data reporting,NA
FOSGP.5T8.F500600700,NAM,2001,Source,Data sources,Country's submission to UIS SFE Questionnaire C
FOSGP.5T8.F500600700,NAM,2003,Data Status,Data reporting,NA
FOSGP.5T8.F500600700,NAM,2003,Source,Data sources,Country's submission to UIS SFE Questionnaire C
FOSGP.5T8.F500600700,NAM,2005,Data Status,Data reporting,NA
FOSGP.5T8.F500600700,NAM,2005,Source,Data sources,Country's submission to UIS SFE Questionnaire C
FOSGP.5T8.F500600700,NAM,2014,Source,Data sources,Source: UIS Dynamic template based on UIS Education Survey
FOSGP.5T8.F500600700,NAM,2015,Source,Data sources,Source: UIS Dynamic template based on UIS Education Survey
FOSGP.5T8.F500600700,NAM,2016,Source,Data sources,Source: UIS Dynamic template based on UIS Education Survey
FOSGP.5T8.F500600700,NAM,2017,Source,Data sources,Source: UIS Dynamic template based on UIS Education Survey
FOSGP.5T8.F500600700,NAM,2018,Source,Data sources,Source: UIS Dynamic template based on UIS Education Survey
FOSGP.5T8.F500600700,NAM,2019,Source,Data sources,Source: UIS Dynamic template
FOSGP.5T8.F500600700,NAM,2020,Source,Data sources,Source: UIS Dynamic template
FOSGP.5T8.F500600700,NAM,2022,Source,Data sources,Source: UIS Dynamic template
FOSGP.5T8.F500600700,NER,2001,Data Status,Data reporting,NA
FOSGP.5T8.F500600700,NER,2001,Source,Data sources,Country's submission to UIS SFE Questionnaire C
FOSGP.5T8.F500600700,NER,2015,Source,Data sources,Source: UIS Dynamic template based on UIS Education Survey
FOSGP.5T8.F500600700,NER,2016,Source,Data sources,Source: UIS Dynamic template based on UIS Education Survey
FOSGP.5T8.F500600700,NER,2017,Source,Data sources,Source: UIS Dynamic template based on UIS Education Survey
FOSGP.5T8.F500600700,NER,2018,Source,Data sources,Source: UIS Dynamic template based on UIS Education Survey
FOSGP.5T8.F500600700,NER,2019,Source,Data sources,Source: UIS Dynamic template based on UIS Education Survey
FOSGP.5T8.F500600700,NIC,2023,Data Status,Data reporting,NA
FOSGP.5T8.F500600700,NIC,2023,Source,Data sources,Country's submission to UIS SFE Questionnaire C
FOSGP.5T8.F500600700,NLD,2000,Data Status,Data reporting,NA
FOSGP.5T8.F500600700,NLD,2000,Source,Data sources,Country's submission to UNESCO OECD Eurostat (UOE) joint data collection
FOSGP.5T8.F500600700,NLD,2001,Data Status,Data reporting,NA
FOSGP.5T8.F500600700,NLD,2001,Source,Data sources,Country's submission to UNESCO OECD Eurostat (UOE) joint data collection
FOSGP.5T8.F500600700,NLD,2002,Data Status,Data reporting,NA
FOSGP.5T8.F500600700,NLD,2002,Source,Data sources,Country's submission to UNESCO OECD Eurostat (UOE) joint data collection
FOSGP.5T8.F500600700,NLD,2004,Data Status,Data reporting,NA
FOSGP.5T8.F500600700,NLD,2004,Source,Data sources,Country's submission to UNESCO OECD Eurostat (UOE) joint data collection
FOSGP.5T8.F500600700,NLD,2010,Data Status,Data reporting,NA
FOSGP.5T8.F500600700,NLD,2010,Source,Data sources,Country's submission to UNESCO OECD Eurostat (UOE) joint data collection
FOSGP.5T8.F500600700,NLD,2013,Data Status,Data reporting,NA
FOSGP.5T8.F500600700,NLD,2013,Source,Data sources,Country's submission to UNESCO OECD Eurostat (UOE) joint data collection
FOSGP.5T8.F500600700,NLD,2014,Data Status,Data reporting,NA
FOSGP.5T8.F500600700,NLD,2014,Source,Data sources,Country's submission to UNESCO OECD Eurostat (UOE) joint data collection
FOSGP.5T8.F500600700,NLD,2017,Data Status,Data reporting,NA
FOSGP.5T8.F500600700,NLD,2017,Source,Data sources,Country's submission to UNESCO OECD Eurostat (UOE) joint data collection
FOSGP.5T8.F500600700,NLD,2018,Data Status,Data reporting,NA
FOSGP.5T8.F500600700,NLD,2018,Source,Data sources,Country's submission to UNESCO OECD Eurostat (UOE) joint data collection
FOSGP.5T8.F500600700,NLD,2019,Data Status,Data reporting,NA
FOSGP.5T8.F500600700,NLD,2019,Source,Data sources,Country's submission to UNESCO OECD Eurostat (UOE) joint data collection
FOSGP.5T8.F500600700,NLD,2020,Data Status,Data reporting,NA
FOSGP.5T8.F500600700,NLD,2020,Source,Data sources,Country's submission to UNESCO OECD Eurostat (UOE) joint data collection
FOSGP.5T8.F500600700,NLD,2021,Data Status,Data reporting,NA
FOSGP.5T8.F500600700,NLD,2021,Source,Data sources,Country's submission to UNESCO OECD Eurostat (UOE) joint data collection
FOSGP.5T8.F500600700,NLD,2022,Data Status,Data reporting,NA
FOSGP.5T8.F500600700,NLD,2022,Source,Data sources,Country's submission to UNESCO OECD Eurostat (UOE) joint data collection
FOSGP.5T8.F500600700,NLD,2023,Data Status,Data reporting,NA
FOSGP.5T8.F500600700,NLD,2023,Source,Data sources,Country's submission to UNESCO OECD Eurostat (UOE) joint data collection
FOSGP.5T8.F500600700,NOR,2000,Data Status,Data reporting,NA
FOSGP.5T8.F500600700,NOR,2000,Source,Data sources,Country's submission to UNESCO OECD Eurostat (UOE) joint data collection
FOSGP.5T8.F500600700,NOR,2001,Data Status,Data reporting,NA
FOSGP.5T8.F500600700,NOR,2001,Source,Data sources,Country's submission to UNESCO OECD Eurostat (UOE) joint data collection
FOSGP.5T8.F500600700,NOR,2002,Data Status,Data reporting,NA
FOSGP.5T8.F500600700,NOR,2002,Source,Data sources,Country's submission to UNESCO OECD Eurostat (UOE) joint data collection
FOSGP.5T8.F500600700,NOR,2004,Data Status,Data reporting,NA
FOSGP.5T8.F500600700,NOR,2004,Source,Data sources,Country's submission to UNESCO OECD Eurostat (UOE) joint data collection
FOSGP.5T8.F500600700,NOR,2005,Data Status,Data reporting,NA
FOSGP.5T8.F500600700,NOR,2005,Source,Data sources,Country's submission to UNESCO OECD Eurostat (UOE) joint data collection
FOSGP.5T8.F500600700,NOR,2007,Data Status,Data reporting,NA
FOSGP.5T8.F500600700,NOR,2007,Source,Data sources,Country's submission to UNESCO OECD Eurostat (UOE) joint data collection
FOSGP.5T8.F500600700,NOR,2008,Data Status,Data reporting,NA
FOSGP.5T8.F500600700,NOR,2008,Source,Data sources,Country's submission to UNESCO OECD Eurostat (UOE) joint data collection
FOSGP.5T8.F500600700,NOR,2009,Data Status,Data reporting,NA
FOSGP.5T8.F500600700,NOR,2009,Source,Data sources,Country's submission to UNESCO OECD Eurostat (UOE) joint data collection
FOSGP.5T8.F500600700,NOR,2010,Data Status,Data reporting,NA
FOSGP.5T8.F500600700,NOR,2010,Source,Data sources,Country's submission to UNESCO OECD Eurostat (UOE) joint data collection
FOSGP.5T8.F500600700,NOR,2012,Data Status,Data reporting,NA
FOSGP.5T8.F500600700,NOR,2012,Source,Data sources,Country's submission to UNESCO OECD Eurostat (UOE) joint data collection
FOSGP.5T8.F500600700,NOR,2013,Data Status,Data reporting,NA
FOSGP.5T8.F500600700,NOR,2013,Source,Data sources,Country's submission to UNESCO OECD Eurostat (UOE) joint data collection
FOSGP.5T8.F500600700,NOR,2014,Data Status,Data reporting,NA
FOSGP.5T8.F500600700,NOR,2014,Source,Data sources,Country's submission to UNESCO OECD Eurostat (UOE) joint data collection
FOSGP.5T8.F500600700,NOR,2015,Data Status,Data reporting,NA
FOSGP.5T8.F500600700,NOR,2015,Source,Data sources,Country's submission to UNESCO OECD Eurostat (UOE) joint data collection
FOSGP.5T8.F500600700,NOR,2016,Data Status,Data reporting,NA
FOSGP.5T8.F500600700,NOR,2016,Source,Data sources,Country's submission to UNESCO OECD Eurostat (UOE) joint data collection
FOSGP.5T8.F500600700,NOR,2017,Data Status,Data reporting,NA
FOSGP.5T8.F500600700,NOR,2017,Source,Data sources,Country's submission to UNESCO OECD Eurostat (UOE) joint data collection
FOSGP.5T8.F500600700,NOR,2018,Data Status,Data reporting,NA
FOSGP.5T8.F500600700,NOR,2018,Source,Data sources,Country's submission to UNESCO OECD Eurostat (UOE) joint data collection
FOSGP.5T8.F500600700,NOR,2019,Data Status,Data reporting,NA
FOSGP.5T8.F500600700,NOR,2019,Source,Data sources,Country's submission to UNESCO OECD Eurostat (UOE) joint data collection
FOSGP.5T8.F500600700,NOR,2020,Data Status,Data reporting,NA
FOSGP.5T8.F500600700,NOR,2020,Source,Data sources,Country's submission to UNESCO OECD Eurostat (UOE) joint data collection
FOSGP.5T8.F500600700,NOR,2021,Data Status,Data reporting,NA
FOSGP.5T8.F500600700,NOR,2021,Source,Data sources,Country's submission to UNESCO OECD Eurostat (UOE) joint data collection
FOSGP.5T8.F500600700,NOR,2022,Data Status,Data reporting,NA
FOSGP.5T8.F500600700,NOR,2022,Source,Data sources,Country's submission to UNESCO OECD Eurostat (UOE) joint data collection
FOSGP.5T8.F500600700,NOR,2023,Data Status,Data reporting,NA
FOSGP.5T8.F500600700,NOR,2023,Source,Data sources,Country's submission to UNESCO OECD Eurostat (UOE) joint data collection
FOSGP.5T8.F500600700,NPL,2024,Source,Data sources,Source: UIS Dynamic template based on data provided by country
FOSGP.5T8.F500600700,NZL,2005,Data Status,Data reporting,NA
FOSGP.5T8.F500600700,NZL,2005,Source,Data sources,Country's submission to UNESCO OECD Eurostat (UOE) joint data collection
FOSGP.5T8.F500600700,NZL,2013,Data Status,Data reporting,NA
FOSGP.5T8.F500600700,NZL,2013,Source,Data sources,Country's submission to UNESCO OECD Eurostat (UOE) joint data collection
FOSGP.5T8.F500600700,NZL,2014,Data Status,Data reporting,NA
FOSGP.5T8.F500600700,NZL,2014,Source,Data sources,Country's submission to UNESCO OECD Eurostat (UOE) joint data collection
FOSGP.5T8.F500600700,NZL,2015,Data Status,Data reporting,NA
FOSGP.5T8.F500600700,NZL,2015,Source,Data sources,Country's submission to UNESCO OECD Eurostat (UOE) joint data collection
FOSGP.5T8.F500600700,NZL,2016,Data Status,Data reporting,NA
FOSGP.5T8.F500600700,NZL,2016,Source,Data sources,Country's submission to UNESCO OECD Eurostat (UOE) joint data collection
FOSGP.5T8.F500600700,NZL,2017,Data Status,Data reporting,NA
FOSGP.5T8.F500600700,NZL,2017,Source,Data sources,Country's submission to UNESCO OECD Eurostat (UOE) joint data collection
FOSGP.5T8.F500600700,NZL,2018,Data Status,Data reporting,NA
FOSGP.5T8.F500600700,NZL,2018,Source,Data sources,Country's submission to UNESCO OECD Eurostat (UOE) joint data collection
FOSGP.5T8.F500600700,NZL,2019,Data Status,Data reporting,NA
FOSGP.5T8.F500600700,NZL,2019,Source,Data sources,Country's submission to UNESCO OECD Eurostat (UOE) joint data collection
FOSGP.5T8.F500600700,NZL,2020,Data Status,Data reporting,NA
FOSGP.5T8.F500600700,NZL,2020,Source,Data sources,Country's submission to UNESCO OECD Eurostat (UOE) joint data collection
FOSGP.5T8.F500600700,NZL,2021,Data Status,Data reporting,NA
FOSGP.5T8.F500600700,NZL,2021,Source,Data sources,Country's submission to UNESCO OECD Eurostat (UOE) joint data collection
FOSGP.5T8.F500600700,NZL,2022,Data Status,Data reporting,NA
FOSGP.5T8.F500600700,NZL,2022,Source,Data sources,Country's submission to UNESCO OECD Eurostat (UOE) joint data collection
FOSGP.5T8.F500600700,NZL,2023,Data Status,Data reporting,NA
FOSGP.5T8.F500600700,NZL,2023,Source,Data sources,Country's submission to UNESCO OECD Eurostat (UOE) joint data collection
FOSGP.5T8.F500600700,NZL,2024,Data Status,Data reporting,NA
FOSGP.5T8.F500600700,NZL,2024,Source,Data sources,Country's submission to UNESCO OECD Eurostat (UOE) joint data collection
FOSGP.5T8.F500600700,OMN,2007,Data Status,Data reporting,NA
FOSGP.5T8.F500600700,OMN,2007,Source,Data sources,Country's submission to UIS SFE Questionnaire C
FOSGP.5T8.F500600700,OMN,2009,Data Status,Data reporting,NA
FOSGP.5T8.F500600700,OMN,2009,Source,Data sources,Country's submission to UIS SFE Questionnaire C
FOSGP.5T8.F500600700,OMN,2010,Source,Data sources,Source: UIS Dynamic template
FOSGP.5T8.F500600700,OMN,2015,Source,Data sources,Source: UIS Dynamic template based on UIS Education Survey
FOSGP.5T8.F500600700,OMN,2016,Source,Data sources,Source: UIS Dynamic template based on UIS Education Survey
FOSGP.5T8.F500600700,OMN,2017,Source,Data sources,Source: UIS Dynamic template based on UIS Education Survey
FOSGP.5T8.F500600700,OMN,2018,Source,Data sources,Source: UIS Dynamic template based on UIS Education Survey
FOSGP.5T8.F500600700,OMN,2019,Source,Data sources,Source: UIS Dynamic template based on UIS Education Survey
FOSGP.5T8.F500600700,OMN,2020,Source,Data sources,Source: UIS Dynamic template based on UIS Education Survey
FOSGP.5T8.F500600700,OMN,2021,Source,Data sources,Source: UIS Dynamic template based on UIS Education Survey
FOSGP.5T8.F500600700,OMN,2023,Source,Data sources,Source: UIS Dynamic template based on UIS Education Survey
FOSGP.5T8.F500600700,OMN,2024,Source,Data sources,Source: UIS Dynamic template based on UIS Education Survey
FOSGP.5T8.F500600700,PAN,2002,Data Status,Data reporting,NA
FOSGP.5T8.F500600700,PAN,2002,Source,Data sources,Country's submission to UIS SFE Questionnaire C
FOSGP.5T8.F500600700,PAN,2003,Data Status,Data reporting,NA
FOSGP.5T8.F500600700,PAN,2003,Source,Data sources,Country's submission to UIS SFE Questionnaire C
FOSGP.5T8.F500600700,PAN,2004,Data Status,Data reporting,NA
FOSGP.5T8.F500600700,PAN,2004,Source,Data sources,Country's submission to UIS SFE Questionnaire C
FOSGP.5T8.F500600700,PAN,2005,Data Status,Data reporting,NA
FOSGP.5T8.F500600700,PAN,2005,Source,Data sources,Country's submission to UIS SFE Questionnaire C
FOSGP.5T8.F500600700,PAN,2006,Data Status,Data reporting,NA
FOSGP.5T8.F500600700,PAN,2006,Source,Data sources,Country's submission to UIS SFE Questionnaire C
FOSGP.5T8.F500600700,PAN,2007,Data Status,Data reporting,NA
FOSGP.5T8.F500600700,PAN,2007,Source,Data sources,Country's submission to UIS SFE Questionnaire C
FOSGP.5T8.F500600700,PAN,2008,Data Status,Data reporting,NA
FOSGP.5T8.F500600700,PAN,2008,Source,Data sources,Country's submission to UIS SFE Questionnaire C
FOSGP.5T8.F500600700,PAN,2009,Data Status,Data reporting,NA
FOSGP.5T8.F500600700,PAN,2009,Source,Data sources,Country's submission to UIS SFE Questionnaire C
FOSGP.5T8.F500600700,PAN,2010,Source,Data sources,Source: UIS Dynamic template based on UIS Education Survey
FOSGP.5T8.F500600700,PAN,2011,Source,Data sources,Source: UIS Dynamic template based on UIS Education Survey
FOSGP.5T8.F500600700,PAN,2014,Source,Data sources,Source: UIS Dynamic template based on UIS Education Survey
FOSGP.5T8.F500600700,PAN,2015,Source,Data sources,Source: UIS Dynamic template based on UIS Education Survey
FOSGP.5T8.F500600700,PAN,2016,Source,Data sources,Source: UIS Dynamic template based on UIS Education Survey
FOSGP.5T8.F500600700,PAN,2019,Source,Data sources,Source: UIS Dynamic template based on UIS Education Survey
FOSGP.5T8.F500600700,PAN,2020,Source,Data sources,Source: UIS Dynamic template based on UIS Education Survey
FOSGP.5T8.F500600700,PAN,2021,Source,Data sources,Source: UIS Dynamic template based on UIS Education Survey
FOSGP.5T8.F500600700,PAN,2022,Source,Data sources,Source: UIS Dynamic template based on UIS Education Survey
FOSGP.5T8.F500600700,PAN,2023,Source,Data sources,Source: UIS Dynamic template based on UIS Education Survey
FOSGP.5T8.F500600700,PER,2016,Data Status,Data reporting,NA
FOSGP.5T8.F500600700,PER,2016,Source,Data sources,Country's submission to UNESCO OECD Eurostat (UOE) joint data collection
FOSGP.5T8.F500600700,PER,2017,Data Status,Data reporting,NA
FOSGP.5T8.F500600700,PER,2017,Source,Data sources,Country's submission to UNESCO OECD Eurostat (UOE) joint data collection
FOSGP.5T8.F500600700,PHL,2010,Source,Data sources,Source: UIS Dynamic template based on data provided by country
FOSGP.5T8.F500600700,PHL,2011,Source,Data sources,Source: UIS Dynamic template based on data provided by country
FOSGP.5T8.F500600700,PHL,2012,Source,Data sources,Source: UIS Dynamic template based on data provided by country
FOSGP.5T8.F500600700,PHL,2013,Source,Data sources,Source: UIS Dynamic template based on data provided by country
FOSGP.5T8.F500600700,PHL,2014,Source,Data sources,Source: UIS Dynamic template based on data provided by country
FOSGP.5T8.F500600700,PHL,2015,Source,Data sources,Source: UIS Dynamic template based on data provided by country
FOSGP.5T8.F500600700,PHL,2016,Source,Data sources,Source: UIS Dynamic template based on data provided by country
FOSGP.5T8.F500600700,PHL,2017,Data Status,Data reporting,NA
FOSGP.5T8.F500600700,PHL,2017,Source,Data sources,Country's submission to UIS SFE Questionnaire C
FOSGP.5T8.F500600700,PHL,2018,Source,Data sources,Source: UIS Dynamic template based on data provided by country
FOSGP.5T8.F500600700,PHL,2019,Source,Data sources,Source: UIS Dynamic template based on data provided by country
FOSGP.5T8.F500600700,PHL,2020,Data Status,Data reporting,NA
FOSGP.5T8.F500600700,PHL,2020,Source,Data sources,Country's submission to UIS SFE Questionnaire C
FOSGP.5T8.F500600700,PHL,2021,Data Status,Data reporting,NA
FOSGP.5T8.F500600700,PHL,2021,Source,Data sources,Country's submission to UIS SFE Questionnaire C
FOSGP.5T8.F500600700,PHL,2022,Source,Data sources,Source: UIS Dynamic template based on data provided by country
FOSGP.5T8.F500600700,PHL,2023,Source,Data sources,Source: UIS Dynamic template based on data provided by country
FOSGP.5T8.F500600700,PHL,2024,Source,Data sources,Source: UIS Dynamic template based on data provided by country
FOSGP.5T8.F500600700,POL,2011,Data Status,Data reporting,NA
FOSGP.5T8.F500600700,POL,2011,Source,Data sources,Country's submission to UNESCO OECD Eurostat (UOE) joint data collection
FOSGP.5T8.F500600700,POL,2012,Data Status,Data reporting,NA
FOSGP.5T8.F500600700,POL,2012,Source,Data sources,Country's submission to UNESCO OECD Eurostat (UOE) joint data collection
FOSGP.5T8.F500600700,POL,2013,Data Status,Data reporting,NA
FOSGP.5T8.F500600700,POL,2013,Source,Data sources,Country's submission to UNESCO OECD Eurostat (UOE) joint data collection
FOSGP.5T8.F500600700,POL,2014,Data Status,Data reporting,NA
FOSGP.5T8.F500600700,POL,2014,Source,Data sources,Country's submission to UNESCO OECD Eurostat (UOE) joint data collection
FOSGP.5T8.F500600700,POL,2015,Data Status,Data reporting,NA
FOSGP.5T8.F500600700,POL,2015,Source,Data sources,Country's submission to UNESCO OECD Eurostat (UOE) joint data collection
FOSGP.5T8.F500600700,POL,2016,Data Status,Data reporting,NA
FOSGP.5T8.F500600700,POL,2016,Source,Data sources,Country's submission to UNESCO OECD Eurostat (UOE) joint data collection
FOSGP.5T8.F500600700,POL,2017,Data Status,Data reporting,NA
FOSGP.5T8.F500600700,POL,2017,Source,Data sources,Country's submission to UNESCO OECD Eurostat (UOE) joint data collection
FOSGP.5T8.F500600700,POL,2018,Data Status,Data reporting,NA
FOSGP.5T8.F500600700,POL,2018,Source,Data sources,Country's submission to UNESCO OECD Eurostat (UOE) joint data collection
FOSGP.5T8.F500600700,POL,2019,Data Status,Data reporting,NA
FOSGP.5T8.F500600700,POL,2019,Source,Data sources,Country's submission to UNESCO OECD Eurostat (UOE) joint data collection
FOSGP.5T8.F500600700,POL,2020,Data Status,Data reporting,NA
FOSGP.5T8.F500600700,POL,2020,Source,Data sources,Country's submission to UNESCO OECD Eurostat (UOE) joint data collection
FOSGP.5T8.F500600700,POL,2021,Data Status,Data reporting,NA
FOSGP.5T8.F500600700,POL,2021,Source,Data sources,Country's submission to UNESCO OECD Eurostat (UOE) joint data collection
FOSGP.5T8.F500600700,POL,2022,Data Status,Data reporting,NA
FOSGP.5T8.F500600700,POL,2022,Source,Data sources,Country's submission to UNESCO OECD Eurostat (UOE) joint data collection
FOSGP.5T8.F500600700,POL,2023,Data Status,Data reporting,NA
FOSGP.5T8.F500600700,POL,2023,Source,Data sources,Country's submission to UNESCO OECD Eurostat (UOE) joint data collection
FOSGP.5T8.F500600700,PRI,2008,Data Status,Data reporting,NA
FOSGP.5T8.F500600700,PRI,2008,Source,Data sources,Country's submission to UIS SFE Questionnaire C
FOSGP.5T8.F500600700,PRI,2009,Data Status,Data reporting,NA
FOSGP.5T8.F500600700,PRI,2009,Source,Data sources,Country's submission to UIS SFE Questionnaire C
FOSGP.5T8.F500600700,PRI,2011,Data Status,Data reporting,NA
FOSGP.5T8.F500600700,PRI,2011,Source,Data sources,Country's submission to UIS SFE Questionnaire C
FOSGP.5T8.F500600700,PRI,2012,Data Status,Data reporting,NA
FOSGP.5T8.F500600700,PRI,2012,Source,Data sources,Country's submission to UIS SFE Questionnaire C
FOSGP.5T8.F500600700,PRI,2014,Data Status,Data reporting,NA
FOSGP.5T8.F500600700,PRI,2014,Source,Data sources,Country's submission to UIS SFE Questionnaire C
FOSGP.5T8.F500600700,PRI,2015,Data Status,Data reporting,NA
FOSGP.5T8.F500600700,PRI,2015,Source,Data sources,Country's submission to UIS SFE Questionnaire C
FOSGP.5T8.F500600700,PRI,2016,Data Status,Data reporting,NA
FOSGP.5T8.F500600700,PRI,2016,Source,Data sources,Country's submission to UIS SFE Questionnaire C
FOSGP.5T8.F500600700,PRI,2018,Data Status,Data reporting,NA
FOSGP.5T8.F500600700,PRI,2018,Source,Data sources,Country's submission to UIS SFE Questionnaire C
FOSGP.5T8.F500600700,PRI,2023,Data Status,Data reporting,NA
FOSGP.5T8.F500600700,PRI,2023,Source,Data sources,Country's submission to UIS SFE Questionnaire C
FOSGP.5T8.F500600700,PRK,2015,Data Status,Data reporting,NA
FOSGP.5T8.F500600700,PRK,2015,Source,Data sources,Country's submission to UIS SFE Questionnaire C
FOSGP.5T8.F500600700,PRT,2000,Data Status,Data reporting,NA
FOSGP.5T8.F500600700,PRT,2000,Source,Data sources,Country's submission to UNESCO OECD Eurostat (UOE) joint data collection
FOSGP.5T8.F500600700,PRT,2002,Data Status,Data reporting,NA
FOSGP.5T8.F500600700,PRT,2002,Source,Data sources,Country's submission to UNESCO OECD Eurostat (UOE) joint data collection
FOSGP.5T8.F500600700,PRT,2003,Data Status,Data reporting,NA
FOSGP.5T8.F500600700,PRT,2003,Source,Data sources,Country's submission to UNESCO OECD Eurostat (UOE) joint data collection
FOSGP.5T8.F500600700,PRT,2004,Data Status,Data reporting,NA
FOSGP.5T8.F500600700,PRT,2004,Source,Data sources,Country's submission to UNESCO OECD Eurostat (UOE) joint data collection
FOSGP.5T8.F500600700,PRT,2005,Data Status,Data reporting,NA
FOSGP.5T8.F500600700,PRT,2005,Source,Data sources,Country's submission to UNESCO OECD Eurostat (UOE) joint data collection
FOSGP.5T8.F500600700,PRT,2006,Data Status,Data reporting,NA
FOSGP.5T8.F500600700,PRT,2006,Source,Data sources,Country's submission to UNESCO OECD Eurostat (UOE) joint data collection
FOSGP.5T8.F500600700,PRT,2007,Data Status,Data reporting,NA
FOSGP.5T8.F500600700,PRT,2007,Source,Data sources,Country's submission to UNESCO OECD Eurostat (UOE) joint data collection
FOSGP.5T8.F500600700,PRT,2008,Data Status,Data reporting,NA
FOSGP.5T8.F500600700,PRT,2008,Source,Data sources,Country's submission to UNESCO OECD Eurostat (UOE) joint data collection
FOSGP.5T8.F500600700,PRT,2009,Data Status,Data reporting,NA
FOSGP.5T8.F500600700,PRT,2009,Source,Data sources,Country's submission to UNESCO OECD Eurostat (UOE) joint data collection
FOSGP.5T8.F500600700,PRT,2010,Data Status,Data reporting,NA
FOSGP.5T8.F500600700,PRT,2010,Source,Data sources,Country's submission to UNESCO OECD Eurostat (UOE) joint data collection
FOSGP.5T8.F500600700,PRT,2011,Data Status,Data reporting,NA
FOSGP.5T8.F500600700,PRT,2011,Source,Data sources,Country's submission to UNESCO OECD Eurostat (UOE) joint data collection
FOSGP.5T8.F500600700,PRT,2012,Data Status,Data reporting,NA
FOSGP.5T8.F500600700,PRT,2012,Source,Data sources,Country's submission to UNESCO OECD Eurostat (UOE) joint data collection
FOSGP.5T8.F500600700,PRT,2013,Data Status,Data reporting,NA
FOSGP.5T8.F500600700,PRT,2013,Source,Data sources,Country's submission to UNESCO OECD Eurostat (UOE) joint data collection
FOSGP.5T8.F500600700,PRT,2014,Data Status,Data reporting,NA
FOSGP.5T8.F500600700,PRT,2014,Source,Data sources,Country's submission to UNESCO OECD Eurostat (UOE) joint data collection
FOSGP.5T8.F500600700,PRT,2015,Data Status,Data reporting,NA
FOSGP.5T8.F500600700,PRT,2015,Source,Data sources,Country's submission to UNESCO OECD Eurostat (UOE) joint data collection
FOSGP.5T8.F500600700,PRT,2016,Data Status,Data reporting,NA
FOSGP.5T8.F500600700,PRT,2016,Source,Data sources,Country's submission to UNESCO OECD Eurostat (UOE) joint data collection
FOSGP.5T8.F500600700,PRT,2017,Data Status,Data reporting,NA
FOSGP.5T8.F500600700,PRT,2017,Source,Data sources,Country's submission to UNESCO OECD Eurostat (UOE) joint data collection
FOSGP.5T8.F500600700,PRT,2019,Data Status,Data reporting,NA
FOSGP.5T8.F500600700,PRT,2019,Source,Data sources,Country's submission to UNESCO OECD Eurostat (UOE) joint data collection
FOSGP.5T8.F500600700,PRT,2020,Data Status,Data reporting,NA
FOSGP.5T8.F500600700,PRT,2020,Source,Data sources,Country's submission to UNESCO OECD Eurostat (UOE) joint data collection
FOSGP.5T8.F500600700,PRT,2021,Data Status,Data reporting,NA
FOSGP.5T8.F500600700,PRT,2021,Source,Data sources,Country's submission to UNESCO OECD Eurostat (UOE) joint data collection
FOSGP.5T8.F500600700,PRT,2022,Data Status,Data reporting,NA
FOSGP.5T8.F500600700,PRT,2022,Source,Data sources,Country's submission to UNESCO OECD Eurostat (UOE) joint data collection
FOSGP.5T8.F500600700,PRT,2023,Data Status,Data reporting,NA
FOSGP.5T8.F500600700,PRT,2023,Source,Data sources,Country's submission to UNESCO OECD Eurostat (UOE) joint data collection
FOSGP.5T8.F500600700,PSE,2000,Data Status,Data reporting,NA
FOSGP.5T8.F500600700,PSE,2000,Source,Data sources,Country's submission to UIS SFE Questionnaire C
FOSGP.5T8.F500600700,PSE,2001,Data Status,Data reporting,NA
FOSGP.5T8.F500600700,PSE,2001,Source,Data sources,Country's submission to UIS SFE Questionnaire C
FOSGP.5T8.F500600700,PSE,2003,Data Status,Data reporting,NA
FOSGP.5T8.F500600700,PSE,2003,Source,Data sources,Country's submission to UIS SFE Questionnaire C
FOSGP.5T8.F500600700,PSE,2004,Data Status,Data reporting,NA
FOSGP.5T8.F500600700,PSE,2004,Source,Data sources,Country's submission to UIS SFE Questionnaire C
FOSGP.5T8.F500600700,PSE,2007,Data Status,Data reporting,NA
FOSGP.5T8.F500600700,PSE,2007,Source,Data sources,Country's submission to UIS SFE Questionnaire C
FOSGP.5T8.F500600700,PSE,2008,Data Status,Data reporting,NA
FOSGP.5T8.F500600700,PSE,2008,Source,Data sources,Country's submission to UIS SFE Questionnaire C
FOSGP.5T8.F500600700,PSE,2009,Data Status,Data reporting,NA
FOSGP.5T8.F500600700,PSE,2009,Source,Data sources,Country's submission to UIS SFE Questionnaire C
FOSGP.5T8.F500600700,PSE,2010,Source,Data sources,Source: UIS Dynamic template based on UIS Education Survey
FOSGP.5T8.F500600700,PSE,2011,Source,Data sources,Source: UIS Dynamic template based on UIS Education Survey
FOSGP.5T8.F500600700,PSE,2012,Source,Data sources,Source: UIS Dynamic template based on UIS Education Survey
FOSGP.5T8.F500600700,PSE,2015,Source,Data sources,Source: UIS Dynamic template based on UIS Education Survey
FOSGP.5T8.F500600700,PSE,2016,Source,Data sources,Source: UIS Dynamic template based on UIS Education Survey
FOSGP.5T8.F500600700,PSE,2017,Source,Data sources,Source: UIS Dynamic template based on UIS Education Survey
FOSGP.5T8.F500600700,PSE,2018,Source,Data sources,Source: UIS Dynamic template based on UIS Education Survey
FOSGP.5T8.F500600700,PSE,2019,Source,Data sources,Source: UIS Dynamic template based on UIS Education Survey
FOSGP.5T8.F500600700,PSE,2020,Source,Data sources,Source: UIS Dynamic template based on UIS Education Survey
FOSGP.5T8.F500600700,PSE,2021,Source,Data sources,Source: UIS Dynamic template based on UIS Education Survey
FOSGP.5T8.F500600700,PSE,2022,Source,Data sources,Source: UIS Dynamic template based on UIS Education Survey
FOSGP.5T8.F500600700,PSE,2023,Source,Data sources,Source: UIS Dynamic template based on UIS Education Survey
FOSGP.5T8.F500600700,QAT,2000,Data Status,Data reporting,NA
FOSGP.5T8.F500600700,QAT,2000,Source,Data sources,Country's submission to UIS SFE Questionnaire C
FOSGP.5T8.F500600700,QAT,2001,Data Status,Data reporting,NA
FOSGP.5T8.F500600700,QAT,2001,Source,Data sources,Country's submission to UIS SFE Questionnaire C
FOSGP.5T8.F500600700,QAT,2002,Data Status,Data reporting,NA
FOSGP.5T8.F500600700,QAT,2002,Source,Data sources,Country's submission to UIS SFE Questionnaire C
FOSGP.5T8.F500600700,QAT,2003,Data Status,Data reporting,NA
FOSGP.5T8.F500600700,QAT,2003,Source,Data sources,Country's submission to UIS SFE Questionnaire C
FOSGP.5T8.F500600700,QAT,2008,Data Status,Data reporting,NA
FOSGP.5T8.F500600700,QAT,2008,Source,Data sources,Country's submission to UIS SFE Questionnaire C
FOSGP.5T8.F500600700,QAT,2009,Data Status,Data reporting,NA
FOSGP.5T8.F500600700,QAT,2009,Source,Data sources,Country's submission to UIS SFE Questionnaire C
FOSGP.5T8.F500600700,QAT,2010,Source,Data sources,Source: UIS Dynamic template based on UIS Education Survey
FOSGP.5T8.F500600700,QAT,2011,Source,Data sources,Source: UIS Dynamic template based on UIS Education Survey
FOSGP.5T8.F500600700,QAT,2012,Source,Data sources,Source: UIS Dynamic template based on UIS Education Survey
FOSGP.5T8.F500600700,QAT,2016,Source,Data sources,Source: UIS Dynamic template based on UIS Education Survey
FOSGP.5T8.F500600700,QAT,2017,Source,Data sources,Source: UIS Dynamic template based on UIS Education Survey
FOSGP.5T8.F500600700,QAT,2018,Source,Data sources,Source: UIS Dynamic template based on UIS Education Survey
FOSGP.5T8.F500600700,QAT,2019,Source,Data sources,Source: UIS Dynamic template based on UIS Education Survey
FOSGP.5T8.F500600700,QAT,2020,Source,Data sources,Source: UIS Dynamic template based on UIS Education Survey
FOSGP.5T8.F500600700,QAT,2021,Source,Data sources,Source: UIS Dynamic template based on UIS Education Survey
FOSGP.5T8.F500600700,QAT,2022,Source,Data sources,Source: UIS Dynamic template based on UIS Education Survey
FOSGP.5T8.F500600700,QAT,2023,Source,Data sources,Source: UIS Dynamic template based on UIS Education Survey
FOSGP.5T8.F500600700,QAT,2024,Source,Data sources,Source: UIS Dynamic template based on UIS Education Survey
FOSGP.5T8.F500600700,ROU,2000,Data Status,Data reporting,NA
FOSGP.5T8.F500600700,ROU,2000,Source,Data sources,Country's submission to UNESCO OECD Eurostat (UOE) joint data collection
FOSGP.5T8.F500600700,ROU,2001,Data Status,Data reporting,NA
FOSGP.5T8.F500600700,ROU,2001,Source,Data sources,Country's submission to UNESCO OECD Eurostat (UOE) joint data collection
FOSGP.5T8.F500600700,ROU,2004,Data Status,Data reporting,NA
FOSGP.5T8.F500600700,ROU,2004,Source,Data sources,Country's submission to UNESCO OECD Eurostat (UOE) joint data collection
FOSGP.5T8.F500600700,ROU,2005,Data Status,Data reporting,NA
FOSGP.5T8.F500600700,ROU,2005,Source,Data sources,Country's submission to UNESCO OECD Eurostat (UOE) joint data collection
FOSGP.5T8.F500600700,ROU,2006,Data Status,Data reporting,NA
FOSGP.5T8.F500600700,ROU,2006,Source,Data sources,Country's submission to UNESCO OECD Eurostat (UOE) joint data collection
FOSGP.5T8.F500600700,ROU,2007,Data Status,Data reporting,NA
FOSGP.5T8.F500600700,ROU,2007,Source,Data sources,Country's submission to UNESCO OECD Eurostat (UOE) joint data collection
FOSGP.5T8.F500600700,ROU,2008,Data Status,Data reporting,NA
FOSGP.5T8.F500600700,ROU,2008,Source,Data sources,Country's submission to UNESCO OECD Eurostat (UOE) joint data collection
FOSGP.5T8.F500600700,ROU,2009,Data Status,Data reporting,NA
FOSGP.5T8.F500600700,ROU,2009,Source,Data sources,Country's submission to UNESCO OECD Eurostat (UOE) joint data collection
FOSGP.5T8.F500600700,ROU,2010,Data Status,Data reporting,NA
FOSGP.5T8.F500600700,ROU,2010,Source,Data sources,Country's submission to UNESCO OECD Eurostat (UOE) joint data collection
FOSGP.5T8.F500600700,ROU,2011,Data Status,Data reporting,NA
FOSGP.5T8.F500600700,ROU,2011,Source,Data sources,Country's submission to UNESCO OECD Eurostat (UOE) joint data collection
FOSGP.5T8.F500600700,ROU,2013,Data Status,Data reporting,NA
FOSGP.5T8.F500600700,ROU,2013,Source,Data sources,Country's submission to UNESCO OECD Eurostat (UOE) joint data collection
FOSGP.5T8.F500600700,ROU,2014,Data Status,Data reporting,NA
FOSGP.5T8.F500600700,ROU,2014,Source,Data sources,Country's submission to UNESCO OECD Eurostat (UOE) joint data collection
FOSGP.5T8.F500600700,ROU,2015,Data Status,Data reporting,NA
FOSGP.5T8.F500600700,ROU,2015,Source,Data sources,Country's submission to UNESCO OECD Eurostat (UOE) joint data collection
FOSGP.5T8.F500600700,ROU,2016,Data Status,Data reporting,NA
FOSGP.5T8.F500600700,ROU,2016,Source,Data sources,Country's submission to UNESCO OECD Eurostat (UOE) joint data collection
FOSGP.5T8.F500600700,ROU,2019,Data Status,Data reporting,NA
FOSGP.5T8.F500600700,ROU,2019,Source,Data sources,Country's submission to UNESCO OECD Eurostat (UOE) joint data collection
FOSGP.5T8.F500600700,ROU,2020,Data Status,Data reporting,NA
FOSGP.5T8.F500600700,ROU,2020,Source,Data sources,Country's submission to UNESCO OECD Eurostat (UOE) joint data collection
FOSGP.5T8.F500600700,ROU,2021,Data Status,Data reporting,NA
FOSGP.5T8.F500600700,ROU,2021,Source,Data sources,Country's submission to UNESCO OECD Eurostat (UOE) joint data collection
FOSGP.5T8.F500600700,ROU,2022,Data Status,Data reporting,NA
FOSGP.5T8.F500600700,ROU,2022,Source,Data sources,Country's submission to UNESCO OECD Eurostat (UOE) joint data collection
FOSGP.5T8.F500600700,ROU,2023,Data Status,Data reporting,NA
FOSGP.5T8.F500600700,ROU,2023,Source,Data sources,Country's submission to UNESCO OECD Eurostat (UOE) joint data collection
FOSGP.5T8.F500600700,RUS,2009,Data Status,Data reporting,NA
FOSGP.5T8.F500600700,RUS,2009,Source,Data sources,Country's submission to UIS SFE Questionnaire C
FOSGP.5T8.F500600700,RUS,2013,Source,Data sources,Source: UIS Dynamic template based on UIS Education Survey
FOSGP.5T8.F500600700,RUS,2015,Source,Data sources,Source: UIS Dynamic template based on UIS Education Survey
FOSGP.5T8.F500600700,RUS,2016,Source,Data sources,Source: UIS Dynamic template based on UIS Education Survey
FOSGP.5T8.F500600700,RUS,2017,Source,Data sources,Source: UIS Dynamic template based on UIS Education Survey
FOSGP.5T8.F500600700,RUS,2018,Source,Data sources,Source: UIS Dynamic template based on UIS Education Survey
FOSGP.5T8.F500600700,RUS,2019,Source,Data sources,Source: UIS Dynamic template based on UIS Education Survey
FOSGP.5T8.F500600700,RWA,2017,Source,Data sources,Source: UIS Dynamic template based on UIS Education Survey
FOSGP.5T8.F500600700,RWA,2018,Source,Data sources,Source: UIS Dynamic template based on UIS Education Survey
FOSGP.5T8.F500600700,RWA,2019,Source,Data sources,Source: UIS Dynamic template based on UIS Education Survey
FOSGP.5T8.F500600700,RWA,2020,Source,Data sources,Source: UIS Dynamic template
FOSGP.5T8.F500600700,RWA,2022,Source,Data sources,Source: UIS Dynamic template based on UIS Education Survey
FOSGP.5T8.F500600700,RWA,2023,Source,Data sources,Source: UIS Dynamic template based on UIS Education Survey
FOSGP.5T8.F500600700,RWA,2024,Source,Data sources,Source: UIS Dynamic template based on UIS Education Survey
FOSGP.5T8.F500600700,SAU,2004,Data Status,Data reporting,NA
FOSGP.5T8.F500600700,SAU,2004,Source,Data sources,Country's submission to UIS SFE Questionnaire C
FOSGP.5T8.F500600700,SAU,2005,Data Status,Data reporting,NA
FOSGP.5T8.F500600700,SAU,2005,Source,Data sources,Country's submission to UIS SFE Questionnaire C
FOSGP.5T8.F500600700,SAU,2006,Data Status,Data reporting,NA
FOSGP.5T8.F500600700,SAU,2006,Source,Data sources,Country's submission to UIS SFE Questionnaire C
FOSGP.5T8.F500600700,SAU,2007,Data Status,Data reporting,NA
FOSGP.5T8.F500600700,SAU,2007,Source,Data sources,Country's submission to UIS SFE Questionnaire C
FOSGP.5T8.F500600700,SAU,2008,Data Status,Data reporting,NA
FOSGP.5T8.F500600700,SAU,2008,Source,Data sources,Country's submission to UIS SFE Questionnaire C
FOSGP.5T8.F500600700,SAU,2009,Data Status,Data reporting,NA
FOSGP.5T8.F500600700,SAU,2009,Source,Data sources,Country's submission to UIS SFE Questionnaire C
FOSGP.5T8.F500600700,SAU,2010,Source,Data sources,Source: UIS Dynamic template based on UIS Education Survey
FOSGP.5T8.F500600700,SAU,2011,Source,Data sources,Source: UIS Dynamic template based on UIS Education Survey
FOSGP.5T8.F500600700,SAU,2012,Source,Data sources,Source: UIS Dynamic template based on UIS Education Survey
FOSGP.5T8.F500600700,SAU,2015,Source,Data sources,Source: UIS Dynamic template based on UIS Education Survey
FOSGP.5T8.F500600700,SAU,2016,Source,Data sources,Source: UIS Dynamic template based on UIS Education Survey
FOSGP.5T8.F500600700,SAU,2017,Source,Data sources,Source: UIS Dynamic template based on UIS Education Survey
FOSGP.5T8.F500600700,SAU,2018,Source,Data sources,Source: UIS Dynamic template based on UIS Education Survey
FOSGP.5T8.F500600700,SAU,2019,Source,Data sources,Source: UIS Dynamic template based on UIS Education Survey
FOSGP.5T8.F500600700,SAU,2020,Source,Data sources,Source: UIS Dynamic template based on UIS Education Survey
FOSGP.5T8.F500600700,SAU,2021,Source,Data sources,Source: UIS Dynamic template based on UIS Education Survey
FOSGP.5T8.F500600700,SAU,2022,Source,Data sources,Source: UIS Dynamic template based on UIS Education Survey
FOSGP.5T8.F500600700,SAU,2024,Source,Data sources,Source: UIS Dynamic template based on UIS Education Survey
FOSGP.5T8.F500600700,SDN,2012,Data Status,Data reporting,NA
FOSGP.5T8.F500600700,SDN,2012,Source,Data sources,Country's submission to UIS SFE Questionnaire C
FOSGP.5T8.F500600700,SDN,2015,Data Status,Data reporting,NA
FOSGP.5T8.F500600700,SDN,2015,Source,Data sources,Country's submission to UIS SFE Questionnaire C
FOSGP.5T8.F500600700,SGP,2016,Source,Data sources,Source: UIS Dynamic template based on UIS Education Survey
FOSGP.5T8.F500600700,SGP,2017,Source,Data sources,Source: UIS Dynamic template based on UIS Education Survey
FOSGP.5T8.F500600700,SGP,2018,Source,Data sources,Source: UIS Dynamic template based on UIS Education Survey
FOSGP.5T8.F500600700,SGP,2019,Source,Data sources,Source: UIS Dynamic template based on UIS Education Survey
FOSGP.5T8.F500600700,SGP,2020,Source,Data sources,Source: UIS Dynamic template based on UIS Education Survey
FOSGP.5T8.F500600700,SGP,2021,Source,Data sources,Source: UIS Dynamic template based on UIS Education Survey
FOSGP.5T8.F500600700,SGP,2022,Source,Data sources,Source: UIS Dynamic template based on UIS Education Survey
FOSGP.5T8.F500600700,SGP,2023,Source,Data sources,Source: UIS Dynamic template based on UIS Education Survey
FOSGP.5T8.F500600700,SLE,2000,Data Status,Data reporting,NA
FOSGP.5T8.F500600700,SLE,2000,Source,Data sources,Country's submission to UIS SFE Questionnaire C
FOSGP.5T8.F500600700,SLV,2002,Data Status,Data reporting,NA
FOSGP.5T8.F500600700,SLV,2002,Source,Data sources,Country's submission to UIS SFE Questionnaire C
FOSGP.5T8.F500600700,SLV,2003,Data Status,Data reporting,NA
FOSGP.5T8.F500600700,SLV,2003,Source,Data sources,Country's submission to UIS SFE Questionnaire C
FOSGP.5T8.F500600700,SLV,2005,Data Status,Data reporting,NA
FOSGP.5T8.F500600700,SLV,2005,Source,Data sources,Country's submission to UIS SFE Questionnaire C
FOSGP.5T8.F500600700,SLV,2006,Data Status,Data reporting,NA
FOSGP.5T8.F500600700,SLV,2006,Source,Data sources,Country's submission to UIS SFE Questionnaire C
FOSGP.5T8.F500600700,SLV,2007,Data Status,Data reporting,NA
FOSGP.5T8.F500600700,SLV,2007,Source,Data sources,Country's submission to UIS SFE Questionnaire C
FOSGP.5T8.F500600700,SLV,2008,Data Status,Data reporting,NA
FOSGP.5T8.F500600700,SLV,2008,Source,Data sources,Country's submission to UIS SFE Questionnaire C
FOSGP.5T8.F500600700,SLV,2009,Data Status,Data reporting,NA
FOSGP.5T8.F500600700,SLV,2009,Source,Data sources,Country's submission to UIS SFE Questionnaire C
FOSGP.5T8.F500600700,SLV,2010,Data Status,Data reporting,NA
FOSGP.5T8.F500600700,SLV,2010,Source,Data sources,Country's submission to UIS SFE Questionnaire C
FOSGP.5T8.F500600700,SLV,2011,Data Status,Data reporting,NA
FOSGP.5T8.F500600700,SLV,2011,Source,Data sources,Country's submission to UIS SFE Questionnaire C
FOSGP.5T8.F500600700,SLV,2012,Data Status,Data reporting,NA
FOSGP.5T8.F500600700,SLV,2012,Source,Data sources,Country's submission to UIS SFE Questionnaire C
FOSGP.5T8.F500600700,SLV,2015,Data Status,Data reporting,NA
FOSGP.5T8.F500600700,SLV,2015,Source,Data sources,Country's submission to UIS SFE Questionnaire C
FOSGP.5T8.F500600700,SLV,2016,Data Status,Data reporting,NA
FOSGP.5T8.F500600700,SLV,2016,Source,Data sources,Country's submission to UIS SFE Questionnaire C
FOSGP.5T8.F500600700,SLV,2017,Data Status,Data reporting,NA
FOSGP.5T8.F500600700,SLV,2017,Source,Data sources,Country's submission to UIS SFE Questionnaire C
FOSGP.5T8.F500600700,SLV,2018,Data Status,Data reporting,NA
FOSGP.5T8.F500600700,SLV,2018,Source,Data sources,Country's submission to UIS SFE Questionnaire C
FOSGP.5T8.F500600700,SLV,2019,Data Status,Data reporting,NA
FOSGP.5T8.F500600700,SLV,2019,Source,Data sources,Country's submission to UIS SFE Questionnaire C
FOSGP.5T8.F500600700,SLV,2020,Data Status,Data reporting,NA
FOSGP.5T8.F500600700,SLV,2020,Source,Data sources,Country's submission to UIS SFE Questionnaire C
FOSGP.5T8.F500600700,SLV,2021,Data Status,Data reporting,NA
FOSGP.5T8.F500600700,SLV,2021,Source,Data sources,Country's submission to UIS SFE Questionnaire C
FOSGP.5T8.F500600700,SLV,2022,Data Status,Data reporting,NA
FOSGP.5T8.F500600700,SLV,2022,Source,Data sources,Country's submission to UIS SFE Questionnaire C
FOSGP.5T8.F500600700,SLV,2023,Data Status,Data reporting,NA
FOSGP.5T8.F500600700,SLV,2023,Source,Data sources,Country's submission to UIS SFE Questionnaire C
FOSGP.5T8.F500600700,SMR,2023,Data Status,Data reporting,NA
FOSGP.5T8.F500600700,SMR,2023,Source,Data sources,Country's submission to UIS SFE Questionnaire C
FOSGP.5T8.F500600700,SMR,2024,Data Status,Data reporting,NA
FOSGP.5T8.F500600700,SMR,2024,Source,Data sources,Country's submission to UIS SFE Questionnaire C
FOSGP.5T8.F500600700,SRB,2007,Data Status,Data reporting,NA
FOSGP.5T8.F500600700,SRB,2007,Source,Data sources,Country's submission to UNESCO OECD Eurostat (UOE) joint data collection
FOSGP.5T8.F500600700,SRB,2008,Data Status,Data reporting,NA
FOSGP.5T8.F500600700,SRB,2008,Source,Data sources,Country's submission to UNESCO OECD Eurostat (UOE) joint data collection
FOSGP.5T8.F500600700,SRB,2009,Data Status,Data reporting,NA
FOSGP.5T8.F500600700,SRB,2009,Source,Data sources,Country's submission to UNESCO OECD Eurostat (UOE) joint data collection
FOSGP.5T8.F500600700,SRB,2010,Data Status,Data reporting,NA
FOSGP.5T8.F500600700,SRB,2010,Source,Data sources,Country's submission to UNESCO OECD Eurostat (UOE) joint data collection
FOSGP.5T8.F500600700,SRB,2011,Data Status,Data reporting,NA
FOSGP.5T8.F500600700,SRB,2011,Source,Data sources,Country's submission to UNESCO OECD Eurostat (UOE) joint data collection
FOSGP.5T8.F500600700,SRB,2012,Data Status,Data reporting,NA
FOSGP.5T8.F500600700,SRB,2012,Source,Data sources,Country's submission to UNESCO OECD Eurostat (UOE) joint data collection
FOSGP.5T8.F500600700,SRB,2015,Data Status,Data reporting,NA
FOSGP.5T8.F500600700,SRB,2015,Source,Data sources,Country's submission to UNESCO OECD Eurostat (UOE) joint data collection
FOSGP.5T8.F500600700,SRB,2016,Data Status,Data reporting,NA
FOSGP.5T8.F500600700,SRB,2016,Source,Data sources,Country's submission to UNESCO OECD Eurostat (UOE) joint data collection
FOSGP.5T8.F500600700,SRB,2017,Data Status,Data reporting,NA
FOSGP.5T8.F500600700,SRB,2017,Source,Data sources,Country's submission to UNESCO OECD Eurostat (UOE) joint data collection
FOSGP.5T8.F500600700,SRB,2018,Data Status,Data reporting,NA
FOSGP.5T8.F500600700,SRB,2018,Source,Data sources,Country's submission to UNESCO OECD Eurostat (UOE) joint data collection
FOSGP.5T8.F500600700,SRB,2019,Data Status,Data reporting,NA
FOSGP.5T8.F500600700,SRB,2019,Source,Data sources,Country's submission to UNESCO OECD Eurostat (UOE) joint data collection
FOSGP.5T8.F500600700,SRB,2020,Data Status,Data reporting,NA
FOSGP.5T8.F500600700,SRB,2020,Source,Data sources,Country's submission to UNESCO OECD Eurostat (UOE) joint data collection
FOSGP.5T8.F500600700,SRB,2021,Data Status,Data reporting,NA
FOSGP.5T8.F500600700,SRB,2021,Source,Data sources,Country's submission to UNESCO OECD Eurostat (UOE) joint data collection
FOSGP.5T8.F500600700,SRB,2022,Data Status,Data reporting,NA
FOSGP.5T8.F500600700,SRB,2022,Source,Data sources,Country's submission to UNESCO OECD Eurostat (UOE) joint data collection
FOSGP.5T8.F500600700,SRB,2023,Data Status,Data reporting,NA
FOSGP.5T8.F500600700,SRB,2023,Source,Data sources,Country's submission to UNESCO OECD Eurostat (UOE) joint data collection
FOSGP.5T8.F500600700,SRB,2024,Data Status,Data reporting,NA
FOSGP.5T8.F500600700,SRB,2024,Source,Data sources,Country's submission to UNESCO OECD Eurostat (UOE) joint data collection
FOSGP.5T8.F500600700,SVK,2000,Data Status,Data reporting,NA
FOSGP.5T8.F500600700,SVK,2000,Source,Data sources,Country's submission to UNESCO OECD Eurostat (UOE) joint data collection
FOSGP.5T8.F500600700,SVK,2001,Data Status,Data reporting,NA
FOSGP.5T8.F500600700,SVK,2001,Source,Data sources,Country's submission to UNESCO OECD Eurostat (UOE) joint data collection
FOSGP.5T8.F500600700,SVK,2002,Data Status,Data reporting,NA
FOSGP.5T8.F500600700,SVK,2002,Source,Data sources,Country's submission to UNESCO OECD Eurostat (UOE) joint data collection
FOSGP.5T8.F500600700,SVK,2003,Data Status,Data reporting,NA
FOSGP.5T8.F500600700,SVK,2003,Source,Data sources,Country's submission to UNESCO OECD Eurostat (UOE) joint data collection
FOSGP.5T8.F500600700,SVK,2004,Data Status,Data reporting,NA
FOSGP.5T8.F500600700,SVK,2004,Source,Data sources,Country's submission to UNESCO OECD Eurostat (UOE) joint data collection
FOSGP.5T8.F500600700,SVK,2005,Data Status,Data reporting,NA
FOSGP.5T8.F500600700,SVK,2005,Source,Data sources,Country's submission to UNESCO OECD Eurostat (UOE) joint data collection
FOSGP.5T8.F500600700,SVK,2006,Data Status,Data reporting,NA
FOSGP.5T8.F500600700,SVK,2006,Source,Data sources,Country's submission to UNESCO OECD Eurostat (UOE) joint data collection
FOSGP.5T8.F500600700,SVK,2007,Data Status,Data reporting,NA
FOSGP.5T8.F500600700,SVK,2007,Source,Data sources,Country's submission to UNESCO OECD Eurostat (UOE) joint data collection
FOSGP.5T8.F500600700,SVK,2008,Data Status,Data reporting,NA
FOSGP.5T8.F500600700,SVK,2008,Source,Data sources,Country's submission to UNESCO OECD Eurostat (UOE) joint data collection
FOSGP.5T8.F500600700,SVK,2009,Data Status,Data reporting,NA
FOSGP.5T8.F500600700,SVK,2009,Source,Data sources,Country's submission to UNESCO OECD Eurostat (UOE) joint data collection
FOSGP.5T8.F500600700,SVK,2010,Data Status,Data reporting,NA
FOSGP.5T8.F500600700,SVK,2010,Source,Data sources,Country's submission to UNESCO OECD Eurostat (UOE) joint data collection
FOSGP.5T8.F500600700,SVK,2011,Data Status,Data reporting,NA
FOSGP.5T8.F500600700,SVK,2011,Source,Data sources,Country's submission to UNESCO OECD Eurostat (UOE) joint data collection
FOSGP.5T8.F500600700,SVK,2012,Data Status,Data reporting,NA
FOSGP.5T8.F500600700,SVK,2012,Source,Data sources,Country's submission to UNESCO OECD Eurostat (UOE) joint data collection
FOSGP.5T8.F500600700,SVK,2013,Data Status,Data reporting,NA
FOSGP.5T8.F500600700,SVK,2013,Source,Data sources,Country's submission to UNESCO OECD Eurostat (UOE) joint data collection
FOSGP.5T8.F500600700,SVK,2014,Data Status,Data reporting,NA
FOSGP.5T8.F500600700,SVK,2014,Source,Data sources,Country's submission to UNESCO OECD Eurostat (UOE) joint data collection
FOSGP.5T8.F500600700,SVK,2015,Data Status,Data reporting,NA
FOSGP.5T8.F500600700,SVK,2015,Source,Data sources,Country's submission to UNESCO OECD Eurostat (UOE) joint data collection
FOSGP.5T8.F500600700,SVK,2017,Data Status,Data reporting,NA
FOSGP.5T8.F500600700,SVK,2017,Source,Data sources,Country's submission to UNESCO OECD Eurostat (UOE) joint data collection
FOSGP.5T8.F500600700,SVK,2018,Data Status,Data reporting,NA
FOSGP.5T8.F500600700,SVK,2018,Source,Data sources,Country's submission to UNESCO OECD Eurostat (UOE) joint data collection
FOSGP.5T8.F500600700,SVK,2019,Data Status,Data reporting,NA
FOSGP.5T8.F500600700,SVK,2019,Source,Data sources,Country's submission to UNESCO OECD Eurostat (UOE) joint data collection
FOSGP.5T8.F500600700,SVK,2020,Data Status,Data reporting,NA
FOSGP.5T8.F500600700,SVK,2020,Source,Data sources,Country's submission to UNESCO OECD Eurostat (UOE) joint data collection
FOSGP.5T8.F500600700,SVK,2021,Data Status,Data reporting,NA
FOSGP.5T8.F500600700,SVK,2021,Source,Data sources,Country's submission to UNESCO OECD Eurostat (UOE) joint data collection
FOSGP.5T8.F500600700,SVK,2022,Data Status,Data reporting,NA
FOSGP.5T8.F500600700,SVK,2022,Source,Data sources,Country's submission to UNESCO OECD Eurostat (UOE) joint data collection
FOSGP.5T8.F500600700,SVK,2023,Data Status,Data reporting,NA
FOSGP.5T8.F500600700,SVK,2023,Source,Data sources,Country's submission to UNESCO OECD Eurostat (UOE) joint data collection
FOSGP.5T8.F500600700,SVN,2001,Data Status,Data reporting,NA
FOSGP.5T8.F500600700,SVN,2001,Source,Data sources,Country's submission to UNESCO OECD Eurostat (UOE) joint data collection
FOSGP.5T8.F500600700,SVN,2002,Data Status,Data reporting,NA
FOSGP.5T8.F500600700,SVN,2002,Source,Data sources,Country's submission to UNESCO OECD Eurostat (UOE) joint data collection
FOSGP.5T8.F500600700,SVN,2003,Data Status,Data reporting,NA
FOSGP.5T8.F500600700,SVN,2003,Source,Data sources,Country's submission to UNESCO OECD Eurostat (UOE) joint data collection
FOSGP.5T8.F500600700,SVN,2005,Data Status,Data reporting,NA
FOSGP.5T8.F500600700,SVN,2005,Source,Data sources,Country's submission to UNESCO OECD Eurostat (UOE) joint data collection
FOSGP.5T8.F500600700,SVN,2006,Data Status,Data reporting,NA
FOSGP.5T8.F500600700,SVN,2006,Source,Data sources,Country's submission to UNESCO OECD Eurostat (UOE) joint data collection
FOSGP.5T8.F500600700,SVN,2007,Data Status,Data reporting,NA
FOSGP.5T8.F500600700,SVN,2007,Source,Data sources,Country's submission to UNESCO OECD Eurostat (UOE) joint data collection
FOSGP.5T8.F500600700,SVN,2008,Data Status,Data reporting,NA
FOSGP.5T8.F500600700,SVN,2008,Source,Data sources,Country's submission to UNESCO OECD Eurostat (UOE) joint data collection
FOSGP.5T8.F500600700,SVN,2009,Data Status,Data reporting,NA
FOSGP.5T8.F500600700,SVN,2009,Source,Data sources,Country's submission to UNESCO OECD Eurostat (UOE) joint data collection
FOSGP.5T8.F500600700,SVN,2010,Data Status,Data reporting,NA
FOSGP.5T8.F500600700,SVN,2010,Source,Data sources,Country's submission to UNESCO OECD Eurostat (UOE) joint data collection
FOSGP.5T8.F500600700,SVN,2011,Data Status,Data reporting,NA
FOSGP.5T8.F500600700,SVN,2011,Source,Data sources,Country's submission to UNESCO OECD Eurostat (UOE) joint data collection
FOSGP.5T8.F500600700,SVN,2012,Data Status,Data reporting,NA
FOSGP.5T8.F500600700,SVN,2012,Source,Data sources,Country's submission to UNESCO OECD Eurostat (UOE) joint data collection
FOSGP.5T8.F500600700,SVN,2013,Data Status,Data reporting,NA
FOSGP.5T8.F500600700,SVN,2013,Source,Data sources,Country's submission to UNESCO OECD Eurostat (UOE) joint data collection
FOSGP.5T8.F500600700,SVN,2014,Data Status,Data reporting,NA
FOSGP.5T8.F500600700,SVN,2014,Source,Data sources,Country's submission to UNESCO OECD Eurostat (UOE) joint data collection
FOSGP.5T8.F500600700,SVN,2015,Data Status,Data reporting,NA
FOSGP.5T8.F500600700,SVN,2015,Source,Data sources,Country's submission to UNESCO OECD Eurostat (UOE) joint data collection
FOSGP.5T8.F500600700,SVN,2017,Data Status,Data reporting,NA
FOSGP.5T8.F500600700,SVN,2017,Source,Data sources,Country's submission to UNESCO OECD Eurostat (UOE) joint data collection
FOSGP.5T8.F500600700,SVN,2018,Data Status,Data reporting,NA
FOSGP.5T8.F500600700,SVN,2018,Source,Data sources,Country's submission to UNESCO OECD Eurostat (UOE) joint data collection
FOSGP.5T8.F500600700,SVN,2019,Data Status,Data reporting,NA
FOSGP.5T8.F500600700,SVN,2019,Source,Data sources,Country's submission to UNESCO OECD Eurostat (UOE) joint data collection
FOSGP.5T8.F500600700,SVN,2020,Data Status,Data reporting,NA
FOSGP.5T8.F500600700,SVN,2020,Source,Data sources,Country's submission to UNESCO OECD Eurostat (UOE) joint data collection
FOSGP.5T8.F500600700,SVN,2021,Data Status,Data reporting,NA
FOSGP.5T8.F500600700,SVN,2021,Source,Data sources,Country's submission to UNESCO OECD Eurostat (UOE) joint data collection
FOSGP.5T8.F500600700,SVN,2022,Data Status,Data reporting,NA
FOSGP.5T8.F500600700,SVN,2022,Source,Data sources,Country's submission to UNESCO OECD Eurostat (UOE) joint data collection
FOSGP.5T8.F500600700,SVN,2023,Data Status,Data reporting,NA
FOSGP.5T8.F500600700,SVN,2023,Source,Data sources,Country's submission to UNESCO OECD Eurostat (UOE) joint data collection
FOSGP.5T8.F500600700,SVN,2024,Data Status,Data reporting,NA
FOSGP.5T8.F500600700,SVN,2024,Source,Data sources,Country's submission to UNESCO OECD Eurostat (UOE) joint data collection
FOSGP.5T8.F500600700,SWE,2000,Data Status,Data reporting,NA
FOSGP.5T8.F500600700,SWE,2000,Source,Data sources,Country's submission to UNESCO OECD Eurostat (UOE) joint data collection
FOSGP.5T8.F500600700,SWE,2001,Data Status,Data reporting,NA
FOSGP.5T8.F500600700,SWE,2001,Source,Data sources,Country's submission to UNESCO OECD Eurostat (UOE) joint data collection
FOSGP.5T8.F500600700,SWE,2002,Data Status,Data reporting,NA
FOSGP.5T8.F500600700,SWE,2002,Source,Data sources,Country's submission to UNESCO OECD Eurostat (UOE) joint data collection
FOSGP.5T8.F500600700,SWE,2003,Data Status,Data reporting,NA
FOSGP.5T8.F500600700,SWE,2003,Source,Data sources,Country's submission to UNESCO OECD Eurostat (UOE) joint data collection
FOSGP.5T8.F500600700,SWE,2004,Data Status,Data reporting,NA
FOSGP.5T8.F500600700,SWE,2004,Source,Data sources,Country's submission to UNESCO OECD Eurostat (UOE) joint data collection
FOSGP.5T8.F500600700,SWE,2005,Data Status,Data reporting,NA
FOSGP.5T8.F500600700,SWE,2005,Source,Data sources,Country's submission to UNESCO OECD Eurostat (UOE) joint data collection
FOSGP.5T8.F500600700,SWE,2006,Data Status,Data reporting,NA
FOSGP.5T8.F500600700,SWE,2006,Source,Data sources,Country's submission to UNESCO OECD Eurostat (UOE) joint data collection
FOSGP.5T8.F500600700,SWE,2007,Data Status,Data reporting,NA
FOSGP.5T8.F500600700,SWE,2007,Source,Data sources,Country's submission to UNESCO OECD Eurostat (UOE) joint data collection
FOSGP.5T8.F500600700,SWE,2008,Data Status,Data reporting,NA
FOSGP.5T8.F500600700,SWE,2008,Source,Data sources,Country's submission to UNESCO OECD Eurostat (UOE) joint data collection
FOSGP.5T8.F500600700,SWE,2009,Data Status,Data reporting,NA
FOSGP.5T8.F500600700,SWE,2009,Source,Data sources,Country's submission to UNESCO OECD Eurostat (UOE) joint data collection
FOSGP.5T8.F500600700,SWE,2010,Data Status,Data reporting,NA
FOSGP.5T8.F500600700,SWE,2010,Source,Data sources,Country's submission to UNESCO OECD Eurostat (UOE) joint data collection
FOSGP.5T8.F500600700,SWE,2011,Data Status,Data reporting,NA
FOSGP.5T8.F500600700,SWE,2011,Source,Data sources,Country's submission to UNESCO OECD Eurostat (UOE) joint data collection
FOSGP.5T8.F500600700,SWE,2012,Data Status,Data reporting,NA
FOSGP.5T8.F500600700,SWE,2012,Source,Data sources,Country's submission to UNESCO OECD Eurostat (UOE) joint data collection
FOSGP.5T8.F500600700,SWE,2013,Data Status,Data reporting,NA
FOSGP.5T8.F500600700,SWE,2013,Source,Data sources,Country's submission to UNESCO OECD Eurostat (UOE) joint data collection
FOSGP.5T8.F500600700,SWE,2015,Data Status,Data reporting,NA
FOSGP.5T8.F500600700,SWE,2015,Source,Data sources,Country's submission to UNESCO OECD Eurostat (UOE) joint data collection
FOSGP.5T8.F500600700,SWE,2016,Data Status,Data reporting,NA
FOSGP.5T8.F500600700,SWE,2016,Source,Data sources,Country's submission to UNESCO OECD Eurostat (UOE) joint data collection
FOSGP.5T8.F500600700,SWE,2017,Data Status,Data reporting,NA
FOSGP.5T8.F500600700,SWE,2017,Source,Data sources,Country's submission to UNESCO OECD Eurostat (UOE) joint data collection
FOSGP.5T8.F500600700,SWE,2018,Data Status,Data reporting,NA
FOSGP.5T8.F500600700,SWE,2018,Source,Data sources,Country's submission to UNESCO OECD Eurostat (UOE) joint data collection
FOSGP.5T8.F500600700,SWE,2019,Data Status,Data reporting,NA
FOSGP.5T8.F500600700,SWE,2019,Source,Data sources,Country's submission to UNESCO OECD Eurostat (UOE) joint data collection
FOSGP.5T8.F500600700,SWE,2020,Data Status,Data reporting,NA
FOSGP.5T8.F500600700,SWE,2020,Source,Data sources,Country's submission to UNESCO OECD Eurostat (UOE) joint data collection
FOSGP.5T8.F500600700,SWE,2021,Data Status,Data reporting,NA
FOSGP.5T8.F500600700,SWE,2021,Source,Data sources,Country's submission to UNESCO OECD Eurostat (UOE) joint data collection
FOSGP.5T8.F500600700,SWE,2022,Data Status,Data reporting,NA
FOSGP.5T8.F500600700,SWE,2022,Source,Data sources,Country's submission to UNESCO OECD Eurostat (UOE) joint data collection
FOSGP.5T8.F500600700,SWE,2023,Data Status,Data reporting,NA
FOSGP.5T8.F500600700,SWE,2023,Source,Data sources,Country's submission to UNESCO OECD Eurostat (UOE) joint data collection
FOSGP.5T8.F500600700,SWZ,2000,Data Status,Data reporting,NA
FOSGP.5T8.F500600700,SWZ,2000,Source,Data sources,Country's submission to UIS SFE Questionnaire C
FOSGP.5T8.F500600700,SWZ,2001,Data Status,Data reporting,NA
FOSGP.5T8.F500600700,SWZ,2001,Source,Data sources,Country's submission to UIS SFE Questionnaire C
FOSGP.5T8.F500600700,SWZ,2002,Data Status,Data reporting,NA
FOSGP.5T8.F500600700,SWZ,2002,Source,Data sources,Country's submission to UIS SFE Questionnaire C
FOSGP.5T8.F500600700,SWZ,2005,Data Status,Data reporting,NA
FOSGP.5T8.F500600700,SWZ,2005,Source,Data sources,Country's submission to UIS SFE Questionnaire C
FOSGP.5T8.F500600700,SWZ,2006,Data Status,Data reporting,NA
FOSGP.5T8.F500600700,SWZ,2006,Source,Data sources,Country's submission to UIS SFE Questionnaire C
FOSGP.5T8.F500600700,SWZ,2015,Data Status,Data reporting,NA
FOSGP.5T8.F500600700,SWZ,2015,Source,Data sources,Country's submission to UIS SFE Questionnaire C
FOSGP.5T8.F500600700,SXM,2015,Source,Data sources,Source: UIS Dynamic template
FOSGP.5T8.F500600700,SXM,2017,Source,Data sources,Source: UIS Dynamic template
FOSGP.5T8.F500600700,SXM,2022,Source,Data sources,Source: UIS Dynamic template
FOSGP.5T8.F500600700,SYC,2011,Source,Data sources,Source: UIS Dynamic template based on UIS Education Survey
FOSGP.5T8.F500600700,SYC,2012,Data Status,Data reporting,NA
FOSGP.5T8.F500600700,SYC,2012,Source,Data sources,Country's submission to UIS SFE Questionnaire C
FOSGP.5T8.F500600700,SYC,2015,Source,Data sources,Source: UIS Dynamic template based on UIS Education Survey
FOSGP.5T8.F500600700,SYC,2016,Source,Data sources,Source: UIS Dynamic template based on UIS Education Survey
FOSGP.5T8.F500600700,SYC,2017,Source,Data sources,Source: UIS Dynamic template based on UIS Education Survey
FOSGP.5T8.F500600700,SYC,2018,Source,Data sources,Source: UIS Dynamic template based on UIS Education Survey
FOSGP.5T8.F500600700,SYC,2019,Source,Data sources,Source: UIS Dynamic template based on UIS Education Survey
FOSGP.5T8.F500600700,SYC,2020,Source,Data sources,Source: UIS Dynamic template based on UIS Education Survey
FOSGP.5T8.F500600700,SYC,2021,Source,Data sources,Source: UIS Dynamic template based on UIS Education Survey
FOSGP.5T8.F500600700,SYC,2022,Source,Data sources,Source: UIS Dynamic template based on UIS Education Survey
FOSGP.5T8.F500600700,SYC,2023,Source,Data sources,Source: UIS Dynamic template based on UIS Education Survey
FOSGP.5T8.F500600700,SYC,2024,Source,Data sources,Source: UIS Dynamic template based on UIS Education Survey
FOSGP.5T8.F500600700,SYR,2016,Data Status,Data reporting,NA
FOSGP.5T8.F500600700,SYR,2016,Source,Data sources,Country's submission to UIS SFE Questionnaire C
FOSGP.5T8.F500600700,SYR,2022,Data Status,Data reporting,NA
FOSGP.5T8.F500600700,SYR,2022,Source,Data sources,Country's submission to UIS SFE Questionnaire C
FOSGP.5T8.F500600700,TCA,2021,Data Status,Data reporting,NA
FOSGP.5T8.F500600700,TCA,2021,Source,Data sources,Country's submission to UIS SFE Questionnaire C
FOSGP.5T8.F500600700,TCA,2024,Source,Data sources,"Source: UIS Dynamic templateNot yet published - Data Collected by TCI Ministry of Education, to be published in 2023/24 digest"
FOSGP.5T8.F500600700,TCD,2000,Data Status,Data reporting,NA
FOSGP.5T8.F500600700,TCD,2000,Source,Data sources,Country's submission to UIS SFE Questionnaire C
FOSGP.5T8.F500600700,TCD,2020,Source,Data sources,Source: UIS Dynamic template
FOSGP.5T8.F500600700,THA,2015,Source,Data sources,Source: UIS Dynamic template based on UIS Education Survey
FOSGP.5T8.F500600700,THA,2016,Source,Data sources,Source: UIS Dynamic template based on UIS Education Survey
FOSGP.5T8.F500600700,THA,2022,Source,Data sources,Source: UIS Dynamic template based on data provided by country
FOSGP.5T8.F500600700,THA,2023,Source,Data sources,Source: UIS Dynamic template based on data provided by country
FOSGP.5T8.F500600700,THA,2024,Source,Data sources,Source: UIS Dynamic template based on data provided by country
FOSGP.5T8.F500600700,THA,2025,Source,Data sources,Source: UIS Dynamic template based on data provided by country
FOSGP.5T8.F500600700,TJK,2016,Data Status,Data reporting,NA
FOSGP.5T8.F500600700,TJK,2016,Source,Data sources,Country's submission to UIS SFE Questionnaire C
FOSGP.5T8.F500600700,TJK,2017,Data Status,Data reporting,NA
FOSGP.5T8.F500600700,TJK,2017,Source,Data sources,Country's submission to UIS SFE Questionnaire C
FOSGP.5T8.F500600700,TKM,2019,Source,Data sources,Source: UIS Dynamic template based on UIS Education Survey
FOSGP.5T8.F500600700,TKM,2020,Source,Data sources,Source: UIS Dynamic template based on UIS Education Survey
FOSGP.5T8.F500600700,TKM,2024,Source,Data sources,Source: UIS Dynamic template based on UIS Education Survey
FOSGP.5T8.F500600700,TTO,2019,Data Status,Data reporting,NA
FOSGP.5T8.F500600700,TTO,2019,Source,Data sources,Country's submission to UIS SFE Questionnaire C
FOSGP.5T8.F500600700,TTO,2022,Data Status,Data reporting,NA
FOSGP.5T8.F500600700,TTO,2022,Source,Data sources,Country's submission to UIS SFE Questionnaire C
FOSGP.5T8.F500600700,TTO,2023,Data Status,Data reporting,NA
FOSGP.5T8.F500600700,TTO,2023,Source,Data sources,Country's submission to UIS SFE Questionnaire C
FOSGP.5T8.F500600700,TTO,2024,Source,Data sources,Source: UIS Dynamic template based on data provided by country
FOSGP.5T8.F500600700,TUN,2012,Data Status,Data reporting,NA
FOSGP.5T8.F500600700,TUN,2012,Source,Data sources,Country's submission to UIS SFE Questionnaire C
FOSGP.5T8.F500600700,TUN,2015,Data Status,Data reporting,NA
FOSGP.5T8.F500600700,TUN,2015,Source,Data sources,Country's submission to UIS SFE Questionnaire C
FOSGP.5T8.F500600700,TUN,2016,Data Status,Data reporting,NA
FOSGP.5T8.F500600700,TUN,2016,Source,Data sources,Country's submission to UIS SFE Questionnaire C
FOSGP.5T8.F500600700,TUN,2018,Data Status,Data reporting,NA
FOSGP.5T8.F500600700,TUN,2018,Source,Data sources,Country's submission to UIS SFE Questionnaire C
FOSGP.5T8.F500600700,TUN,2020,Data Status,Data reporting,NA
FOSGP.5T8.F500600700,TUN,2020,Source,Data sources,Country's submission to UIS SFE Questionnaire C
FOSGP.5T8.F500600700,TUN,2021,Data Status,Data reporting,NA
FOSGP.5T8.F500600700,TUN,2021,Source,Data sources,Country's submission to UIS SFE Questionnaire C
FOSGP.5T8.F500600700,TUN,2022,Data Status,Data reporting,NA
FOSGP.5T8.F500600700,TUN,2022,Source,Data sources,Country's submission to UIS SFE Questionnaire C
FOSGP.5T8.F500600700,TUN,2023,Data Status,Data reporting,NA
FOSGP.5T8.F500600700,TUN,2023,Source,Data sources,Country's submission to UIS SFE Questionnaire C
FOSGP.5T8.F500600700,TUR,2000,Data Status,Data reporting,NA
FOSGP.5T8.F500600700,TUR,2000,Source,Data sources,Country's submission to UNESCO OECD Eurostat (UOE) joint data collection
FOSGP.5T8.F500600700,TUR,2004,Data Status,Data reporting,NA
FOSGP.5T8.F500600700,TUR,2004,Source,Data sources,Country's submission to UNESCO OECD Eurostat (UOE) joint data collection
FOSGP.5T8.F500600700,TUR,2005,Data Status,Data reporting,NA
FOSGP.5T8.F500600700,TUR,2005,Source,Data sources,Country's submission to UNESCO OECD Eurostat (UOE) joint data collection
FOSGP.5T8.F500600700,TUR,2006,Data Status,Data reporting,NA
FOSGP.5T8.F500600700,TUR,2006,Source,Data sources,Country's submission to UNESCO OECD Eurostat (UOE) joint data collection
FOSGP.5T8.F500600700,TUR,2007,Data Status,Data reporting,NA
FOSGP.5T8.F500600700,TUR,2007,Source,Data sources,Country's submission to UNESCO OECD Eurostat (UOE) joint data collection
FOSGP.5T8.F500600700,TUR,2008,Data Status,Data reporting,NA
FOSGP.5T8.F500600700,TUR,2008,Source,Data sources,Country's submission to UNESCO OECD Eurostat (UOE) joint data collection
FOSGP.5T8.F500600700,TUR,2009,Data Status,Data reporting,NA
FOSGP.5T8.F500600700,TUR,2009,Source,Data sources,Country's submission to UNESCO OECD Eurostat (UOE) joint data collection
FOSGP.5T8.F500600700,TUR,2010,Data Status,Data reporting,NA
FOSGP.5T8.F500600700,TUR,2010,Source,Data sources,Country's submission to UNESCO OECD Eurostat (UOE) joint data collection
FOSGP.5T8.F500600700,TUR,2011,Data Status,Data reporting,NA
FOSGP.5T8.F500600700,TUR,2011,Source,Data sources,Country's submission to UNESCO OECD Eurostat (UOE) joint data collection
FOSGP.5T8.F500600700,TUR,2012,Data Status,Data reporting,NA
FOSGP.5T8.F500600700,TUR,2012,Source,Data sources,Country's submission to UNESCO OECD Eurostat (UOE) joint data collection
FOSGP.5T8.F500600700,TUR,2014,Data Status,Data reporting,NA
FOSGP.5T8.F500600700,TUR,2014,Source,Data sources,Country's submission to UNESCO OECD Eurostat (UOE) joint data collection
FOSGP.5T8.F500600700,TUR,2018,Data Status,Data reporting,NA
FOSGP.5T8.F500600700,TUR,2018,Source,Data sources,Country's submission to UNESCO OECD Eurostat (UOE) joint data collection
FOSGP.5T8.F500600700,TUR,2019,Data Status,Data reporting,NA
FOSGP.5T8.F500600700,TUR,2019,Source,Data sources,Country's submission to UNESCO OECD Eurostat (UOE) joint data collection
FOSGP.5T8.F500600700,TUR,2020,Data Status,Data reporting,NA
FOSGP.5T8.F500600700,TUR,2020,Source,Data sources,Country's submission to UNESCO OECD Eurostat (UOE) joint data collection
FOSGP.5T8.F500600700,TUR,2021,Data Status,Data reporting,NA
FOSGP.5T8.F500600700,TUR,2021,Source,Data sources,Country's submission to UNESCO OECD Eurostat (UOE) joint data collection
FOSGP.5T8.F500600700,TUR,2022,Data Status,Data reporting,NA
FOSGP.5T8.F500600700,TUR,2022,Source,Data sources,Country's submission to UNESCO OECD Eurostat (UOE) joint data collection
FOSGP.5T8.F500600700,TUR,2023,Data Status,Data reporting,NA
FOSGP.5T8.F500600700,TUR,2023,Source,Data sources,Country's submission to UNESCO OECD Eurostat (UOE) joint data collection
FOSGP.5T8.F500600700,TZA,2019,Source,Data sources,Source: UIS Dynamic template based on UIS Education Survey
FOSGP.5T8.F500600700,TZA,2021,Source,Data sources,Source: UIS Dynamic template based on data provided by country (https://www.tamisemi.go.tz/singleministers/basic-education-data-2021)
FOSGP.5T8.F500600700,TZA,2022,Source,Data sources,Source: UIS Dynamic template based on data provided by country (https://www.tamisemi.go.tz/singleministers/basic-education-data-2022)
FOSGP.5T8.F500600700,TZA,2023,Source,Data sources,Source: UIS Dynamic template based on data provided by country (https://www.tamisemi.go.tz/singleministers/basic_education_data_2023)
FOSGP.5T8.F500600700,TZA,2024,Source,Data sources,Source: UIS Dynamic template based on data provided by country
FOSGP.5T8.F500600700,UGA,2000,Data Status,Data reporting,NA
FOSGP.5T8.F500600700,UGA,2000,Source,Data sources,Country's submission to UIS SFE Questionnaire C
FOSGP.5T8.F500600700,UGA,2004,Data Status,Data reporting,NA
FOSGP.5T8.F500600700,UGA,2004,Source,Data sources,Country's submission to UIS SFE Questionnaire C
FOSGP.5T8.F500600700,UKR,2001,Data Status,Data reporting,NA
FOSGP.5T8.F500600700,UKR,2001,Source,Data sources,Country's submission to UIS SFE Questionnaire C
FOSGP.5T8.F500600700,UKR,2002,Data Status,Data reporting,NA
FOSGP.5T8.F500600700,UKR,2002,Source,Data sources,Country's submission to UIS SFE Questionnaire C
FOSGP.5T8.F500600700,UKR,2003,Data Status,Data reporting,NA
FOSGP.5T8.F500600700,UKR,2003,Source,Data sources,Country's submission to UIS SFE Questionnaire C
FOSGP.5T8.F500600700,UKR,2005,Data Status,Data reporting,NA
FOSGP.5T8.F500600700,UKR,2005,Source,Data sources,Country's submission to UIS SFE Questionnaire C
FOSGP.5T8.F500600700,UKR,2006,Data Status,Data reporting,NA
FOSGP.5T8.F500600700,UKR,2006,Source,Data sources,Country's submission to UIS SFE Questionnaire C
FOSGP.5T8.F500600700,UKR,2007,Data Status,Data reporting,NA
FOSGP.5T8.F500600700,UKR,2007,Source,Data sources,Country's submission to UIS SFE Questionnaire C
FOSGP.5T8.F500600700,UKR,2008,Data Status,Data reporting,NA
FOSGP.5T8.F500600700,UKR,2008,Source,Data sources,Country's submission to UIS SFE Questionnaire C
FOSGP.5T8.F500600700,UKR,2009,Data Status,Data reporting,NA
FOSGP.5T8.F500600700,UKR,2009,Source,Data sources,Country's submission to UIS SFE Questionnaire C
FOSGP.5T8.F500600700,UKR,2010,Source,Data sources,Source: UIS Dynamic template based on UIS Education Survey
FOSGP.5T8.F500600700,UKR,2011,Source,Data sources,Source: UIS Dynamic template based on UIS Education Survey
FOSGP.5T8.F500600700,UKR,2012,Source,Data sources,Source: UIS Dynamic template based on UIS Education Survey
FOSGP.5T8.F500600700,UKR,2015,Source,Data sources,Source: UIS Dynamic template based on UIS Education Survey
FOSGP.5T8.F500600700,UKR,2016,Source,Data sources,Source: UIS Dynamic template based on UIS Education Survey
FOSGP.5T8.F500600700,UKR,2017,Source,Data sources,Source: UIS Dynamic template based on UIS Education Survey
FOSGP.5T8.F500600700,UKR,2018,Source,Data sources,Source: UIS Dynamic template based on UIS Education Survey
FOSGP.5T8.F500600700,UKR,2019,Source,Data sources,Source: UIS Dynamic template based on UIS Education Survey
FOSGP.5T8.F500600700,UKR,2020,Source,Data sources,Source: UIS Dynamic template based on UIS Education Survey
FOSGP.5T8.F500600700,UKR,2021,Source,Data sources,Source: UIS Dynamic template based on UIS Education Survey
FOSGP.5T8.F500600700,UKR,2023,Source,Data sources,Source: UIS Dynamic template based on UIS Education Survey
FOSGP.5T8.F500600700,UKR,2024,Source,Data sources,Source: UIS Dynamic template based on UIS Education Survey
FOSGP.5T8.F500600700,URY,2007,Data Status,Data reporting,NA
FOSGP.5T8.F500600700,URY,2007,Source,Data sources,Country's submission to UIS SFE Questionnaire C
FOSGP.5T8.F500600700,URY,2008,Data Status,Data reporting,NA
FOSGP.5T8.F500600700,URY,2008,Source,Data sources,Country's submission to UIS SFE Questionnaire C
FOSGP.5T8.F500600700,URY,2009,Data Status,Data reporting,NA
FOSGP.5T8.F500600700,URY,2009,Source,Data sources,Country's submission to UIS SFE Questionnaire C
FOSGP.5T8.F500600700,URY,2010,Source,Data sources,Source: UIS Dynamic template based on UIS Education Survey
FOSGP.5T8.F500600700,URY,2017,Source,Data sources,Source: UIS Dynamic template based on UIS Education Survey
FOSGP.5T8.F500600700,URY,2018,Source,Data sources,Source: UIS Dynamic template based on UIS Education Survey
FOSGP.5T8.F500600700,URY,2019,Source,Data sources,Source: UIS Dynamic template based on UIS Education Survey
FOSGP.5T8.F500600700,URY,2020,Source,Data sources,Source: UIS Dynamic template based on UIS Education Survey
FOSGP.5T8.F500600700,URY,2021,Source,Data sources,Source: UIS Dynamic template based on UIS Education Survey
FOSGP.5T8.F500600700,URY,2022,Source,Data sources,Source: UIS Dynamic template based on UIS Education Survey
FOSGP.5T8.F500600700,URY,2023,Source,Data sources,Source: UIS Dynamic template based on UIS Education Survey
FOSGP.5T8.F500600700,USA,2013,Data Status,Data reporting,NA
FOSGP.5T8.F500600700,USA,2013,Source,Data sources,Country's submission to UNESCO OECD Eurostat (UOE) joint data collection
FOSGP.5T8.F500600700,USA,2014,Data Status,Data reporting,NA
FOSGP.5T8.F500600700,USA,2014,Source,Data sources,Country's submission to UNESCO OECD Eurostat (UOE) joint data collection
FOSGP.5T8.F500600700,USA,2015,Data Status,Data reporting,NA
FOSGP.5T8.F500600700,USA,2015,Source,Data sources,Country's submission to UNESCO OECD Eurostat (UOE) joint data collection
FOSGP.5T8.F500600700,USA,2016,Data Status,Data reporting,NA
FOSGP.5T8.F500600700,USA,2016,Source,Data sources,Country's submission to UNESCO OECD Eurostat (UOE) joint data collection
FOSGP.5T8.F500600700,USA,2019,Data Status,Data reporting,NA
FOSGP.5T8.F500600700,USA,2019,Source,Data sources,Country's submission to UNESCO OECD Eurostat (UOE) joint data collection
FOSGP.5T8.F500600700,USA,2020,Data Status,Data reporting,NA
FOSGP.5T8.F500600700,USA,2020,Source,Data sources,Country's submission to UNESCO OECD Eurostat (UOE) joint data collection
FOSGP.5T8.F500600700,USA,2021,Data Status,Data reporting,NA
FOSGP.5T8.F500600700,USA,2021,Source,Data sources,Country's submission to UNESCO OECD Eurostat (UOE) joint data collection
FOSGP.5T8.F500600700,USA,2023,Data Status,Data reporting,NA
FOSGP.5T8.F500600700,USA,2023,Source,Data sources,Country's submission to UNESCO OECD Eurostat (UOE) joint data collection
FOSGP.5T8.F500600700,UZB,2016,Data Status,Data reporting,NA
FOSGP.5T8.F500600700,UZB,2016,Source,Data sources,Country's submission to UIS SFE Questionnaire C
FOSGP.5T8.F500600700,UZB,2017,Data Status,Data reporting,NA
FOSGP.5T8.F500600700,UZB,2017,Source,Data sources,Country's submission to UIS SFE Questionnaire C
FOSGP.5T8.F500600700,UZB,2018,Source,Data sources,Source: UIS Dynamic template based on UIS Education Survey (https://siat.stat.uz/)
FOSGP.5T8.F500600700,UZB,2019,Source,Data sources,Source: UIS Dynamic template based on UIS Education Survey (https://siat.stat.uz/)
FOSGP.5T8.F500600700,UZB,2020,Source,Data sources,Source: UIS Dynamic template based on UIS Education Survey (https://siat.stat.uz/)
FOSGP.5T8.F500600700,UZB,2021,Source,Data sources,Source: UIS Dynamic template based on UIS Education Survey (https://siat.stat.uz/)
FOSGP.5T8.F500600700,UZB,2023,Source,Data sources,Source: UIS Dynamic template based on data provided by country (https://siat.stat.uz/)
FOSGP.5T8.F500600700,UZB,2024,Source,Data sources,Source: UIS Dynamic template based on data provided by country (https://siat.stat.uz/)
FOSGP.5T8.F500600700,UZB,2025,Source,Data sources,Source: UIS Dynamic template based on data provided by country (https://siat.stat.uz/)
FOSGP.5T8.F500600700,VEN,2000,Data Status,Data reporting,NA
FOSGP.5T8.F500600700,VEN,2000,Source,Data sources,Country's submission to UIS SFE Questionnaire C
FOSGP.5T8.F500600700,VGB,2002,Data Status,Data reporting,NA
FOSGP.5T8.F500600700,VGB,2002,Source,Data sources,Country's submission to UIS SFE Questionnaire C
FOSGP.5T8.F500600700,VGB,2009,Data Status,Data reporting,NA
FOSGP.5T8.F500600700,VGB,2009,Source,Data sources,Country's submission to UIS SFE Questionnaire C
FOSGP.5T8.F500600700,VGB,2021,Source,Data sources,Source: UIS Dynamic template based on UIS Education Survey
FOSGP.5T8.F500600700,VGB,2022,Source,Data sources,Source: UIS Dynamic template based on UIS Education Survey
FOSGP.5T8.F500600700,VGB,2023,Source,Data sources,Source: UIS Dynamic template based on UIS Education Survey
FOSGP.5T8.F500600700,VNM,2005,Data Status,Data reporting,NA
FOSGP.5T8.F500600700,VNM,2005,Source,Data sources,Country's submission to UIS SFE Questionnaire C
FOSGP.5T8.F500600700,VNM,2007,Data Status,Data reporting,NA
FOSGP.5T8.F500600700,VNM,2007,Source,Data sources,Country's submission to UIS SFE Questionnaire C
FOSGP.5T8.F500600700,VNM,2008,Data Status,Data reporting,NA
FOSGP.5T8.F500600700,VNM,2008,Source,Data sources,Country's submission to UIS SFE Questionnaire C
FOSGP.5T8.F500600700,VNM,2009,Data Status,Data reporting,NA
FOSGP.5T8.F500600700,VNM,2009,Source,Data sources,Country's submission to UIS SFE Questionnaire C
FOSGP.5T8.F500600700,VNM,2010,Data Status,Data reporting,NA
FOSGP.5T8.F500600700,VNM,2010,Source,Data sources,Country's submission to UIS SFE Questionnaire C
FOSGP.5T8.F500600700,VNM,2012,Data Status,Data reporting,NA
FOSGP.5T8.F500600700,VNM,2012,Source,Data sources,Country's submission to UIS SFE Questionnaire C
FOSGP.5T8.F500600700,VNM,2015,Source,Data sources,Source: UIS Dynamic template based on UIS Education Survey
FOSGP.5T8.F500600700,VNM,2016,Source,Data sources,Source: UIS Dynamic template based on UIS Education Survey
FOSGP.5T8.F500600700,WSM,2000,Data Status,Data reporting,NA
FOSGP.5T8.F500600700,WSM,2000,Source,Data sources,Country's submission to UIS SFE Questionnaire C
FOSGP.5T8.F500600700,WSM,2017,Source,Data sources,Source: UIS Dynamic template based on UIS Education Survey
FOSGP.5T8.F500600700,WSM,2018,Source,Data sources,Source: UIS Dynamic template based on UIS Education Survey
FOSGP.5T8.F500600700,WSM,2019,Source,Data sources,Source: UIS Dynamic template based on UIS Education Survey
FOSGP.5T8.F500600700,WSM,2020,Source,Data sources,Source: UIS Dynamic template based on UIS Education Survey
FOSGP.5T8.F500600700,WSM,2021,Source,Data sources,Source: UIS Dynamic template based on UIS Education Survey
FOSGP.5T8.F500600700,WSM,2023,Source,Data sources,Source: UIS Dynamic template based on data provided by country
FOSGP.5T8.F500600700,ZAF,2014,Source,Data sources,Source: UIS Dynamic template based on UIS Education Survey
FOSGP.5T8.F500600700,ZAF,2015,Source,Data sources,Source: UIS Dynamic template based on UIS Education Survey
FOSGP.5T8.F500600700,ZAF,2016,Source,Data sources,Source: UIS Dynamic template based on UIS Education Survey
FOSGP.5T8.F500600700,ZAF,2017,Source,Data sources,Source: UIS Dynamic template based on UIS Education Survey
FOSGP.5T8.F500600700,ZAF,2018,Source,Data sources,Source: UIS Dynamic template based on UIS Education Survey
FOSGP.5T8.F500600700,ZAF,2019,Source,Data sources,Source: UIS Dynamic template based on UIS Education Survey
FOSGP.5T8.F500600700,ZAF,2020,Source,Data sources,Source: UIS Dynamic template based on UIS Education Survey
FOSGP.5T8.F500600700,ZAF,2021,Source,Data sources,Source: UIS Dynamic template based on UIS Education Survey
FOSGP.5T8.F500600700,ZAF,2022,Source,Data sources,Source: UIS Dynamic template based on UIS Education Survey
FOSGP.5T8.F500600700,ZAF,2023,Source,Data sources,Source: UIS Dynamic template based on UIS Education Survey
FOSGP.5T8.F500600700,ZWE,2010,Data Status,Data reporting,NA
FOSGP.5T8.F500600700,ZWE,2010,Source,Data sources,Country's submission to UIS SFE Questionnaire C
FOSGP.5T8.F500600700,ZWE,2011,Data Status,Data reporting,NA
FOSGP.5T8.F500600700,ZWE,2011,Source,Data sources,Country's submission to UIS SFE Questionnaire C
FOSGP.5T8.F500600700,ZWE,2012,Data Status,Data reporting,NA
FOSGP.5T8.F500600700,ZWE,2012,Source,Data sources,Country's submission to UIS SFE Questionnaire C
FOSGP.5T8.F500600700,ZWE,2015,Source,Data sources,Source: UIS Dynamic template based on UIS Education Survey
FOSGP.5T8.F500600700,ZWE,2024,Source,Data sources,Source: UIS Dynamic template based on data provided by country