seriesID;seriesCode;seriesName;seriesParent;seriesUnits;entityID;entityIso;entityName;dataValue;dataYear;dataNote;dataSource;seriesDescription
19174;tpInternetConn_Providers_Number;Number of Internet service providers (ISPs);;;6;AFG;Afghanistan;64;2018;;;Number of Internet Service Providers (ISP)
19174;tpInternetConn_Providers_Number;Number of Internet service providers (ISPs);;;6;AFG;Afghanistan;63;2019;;;Number of Internet Service Providers (ISP)
19174;tpInternetConn_Providers_Number;Number of Internet service providers (ISPs);;;6;AFG;Afghanistan;60;2020;;;Number of Internet Service Providers (ISP)
19174;tpInternetConn_Providers_Number;Number of Internet service providers (ISPs);;;6;AFG;Afghanistan;58;2021;;;Number of Internet Service Providers (ISP)
19174;tpInternetConn_Providers_Number;Number of Internet service providers (ISPs);;;6;AFG;Afghanistan;52;2024;;;Number of Internet Service Providers (ISP)
19174;tpInternetConn_Providers_Number;Number of Internet service providers (ISPs);;;7;ZAF;South Africa;1393;2021;;;Number of Internet Service Providers (ISP)
19174;tpInternetConn_Providers_Number;Number of Internet service providers (ISPs);;;7;ZAF;South Africa;1421;2022;;;Number of Internet Service Providers (ISP)
19174;tpInternetConn_Providers_Number;Number of Internet service providers (ISPs);;;7;ZAF;South Africa;1421;2023;;;Number of Internet Service Providers (ISP)
19174;tpInternetConn_Providers_Number;Number of Internet service providers (ISPs);;;7;ZAF;South Africa;1450;2024;;;Number of Internet Service Providers (ISP)
19174;tpInternetConn_Providers_Number;Number of Internet service providers (ISPs);;;8;AGO;Angola;92;2021;;;Number of Internet Service Providers (ISP)
19174;tpInternetConn_Providers_Number;Number of Internet service providers (ISPs);;;8;AGO;Angola;108;2023;;;Number of Internet Service Providers (ISP)
19174;tpInternetConn_Providers_Number;Number of Internet service providers (ISPs);;;8;AGO;Angola;123;2024;;;Number of Internet Service Providers (ISP)
19174;tpInternetConn_Providers_Number;Number of Internet service providers (ISPs);;;10;ALB;Albania;80;2014;;;Number of Internet Service Providers (ISP)
19174;tpInternetConn_Providers_Number;Number of Internet service providers (ISPs);;;10;ALB;Albania;80;2015;;;Number of Internet Service Providers (ISP)
19174;tpInternetConn_Providers_Number;Number of Internet service providers (ISPs);;;10;ALB;Albania;80;2016;;;Number of Internet Service Providers (ISP)
19174;tpInternetConn_Providers_Number;Number of Internet service providers (ISPs);;;10;ALB;Albania;80;2017;;;Number of Internet Service Providers (ISP)
19174;tpInternetConn_Providers_Number;Number of Internet service providers (ISPs);;;10;ALB;Albania;120;2018;;;Number of Internet Service Providers (ISP)
19174;tpInternetConn_Providers_Number;Number of Internet service providers (ISPs);;;10;ALB;Albania;120;2019;;;Number of Internet Service Providers (ISP)
19174;tpInternetConn_Providers_Number;Number of Internet service providers (ISPs);;;10;ALB;Albania;250;2020;;;Number of Internet Service Providers (ISP)
19174;tpInternetConn_Providers_Number;Number of Internet service providers (ISPs);;;10;ALB;Albania;255;2021;;;Number of Internet Service Providers (ISP)
19174;tpInternetConn_Providers_Number;Number of Internet service providers (ISPs);;;10;ALB;Albania;247;2022;;;Number of Internet Service Providers (ISP)
19174;tpInternetConn_Providers_Number;Number of Internet service providers (ISPs);;;10;ALB;Albania;250;2023;;;Number of Internet Service Providers (ISP)
19174;tpInternetConn_Providers_Number;Number of Internet service providers (ISPs);;;10;ALB;Albania;252;2024;;;Number of Internet Service Providers (ISP)
19174;tpInternetConn_Providers_Number;Number of Internet service providers (ISPs);;;11;DZA;Algeria;21;2014;;;Number of Internet Service Providers (ISP)
19174;tpInternetConn_Providers_Number;Number of Internet service providers (ISPs);;;11;DZA;Algeria;23;2015;;;Number of Internet Service Providers (ISP)
19174;tpInternetConn_Providers_Number;Number of Internet service providers (ISPs);;;11;DZA;Algeria;13;2017;;;Number of Internet Service Providers (ISP)
19174;tpInternetConn_Providers_Number;Number of Internet service providers (ISPs);;;11;DZA;Algeria;29;2018;;;Number of Internet Service Providers (ISP)
19174;tpInternetConn_Providers_Number;Number of Internet service providers (ISPs);;;11;DZA;Algeria;5;2022;;;Number of Internet Service Providers (ISP)
19174;tpInternetConn_Providers_Number;Number of Internet service providers (ISPs);;;11;DZA;Algeria;10;2023;;;Number of Internet Service Providers (ISP)
19174;tpInternetConn_Providers_Number;Number of Internet service providers (ISPs);;;11;DZA;Algeria;11;2024;;;Number of Internet Service Providers (ISP)
19174;tpInternetConn_Providers_Number;Number of Internet service providers (ISPs);;;14;AND;Andorra;1;2014;;;Number of Internet Service Providers (ISP)
19174;tpInternetConn_Providers_Number;Number of Internet service providers (ISPs);;;14;AND;Andorra;1;2015;;;Number of Internet Service Providers (ISP)
19174;tpInternetConn_Providers_Number;Number of Internet service providers (ISPs);;;14;AND;Andorra;1;2018;;;Number of Internet Service Providers (ISP)
19174;tpInternetConn_Providers_Number;Number of Internet service providers (ISPs);;;14;AND;Andorra;1;2021;;;Number of Internet Service Providers (ISP)
19174;tpInternetConn_Providers_Number;Number of Internet service providers (ISPs);;;14;AND;Andorra;1;2022;;;Number of Internet Service Providers (ISP)
19174;tpInternetConn_Providers_Number;Number of Internet service providers (ISPs);;;14;AND;Andorra;1;2023;;;Number of Internet Service Providers (ISP)
19174;tpInternetConn_Providers_Number;Number of Internet service providers (ISPs);;;14;AND;Andorra;1;2024;;;Number of Internet Service Providers (ISP)
19174;tpInternetConn_Providers_Number;Number of Internet service providers (ISPs);;;16;ARG;Argentina;4963;2018;Se informa la cantidad de registros otorgados en el país para la prestación del servicio de valor agregado - proveedor de internet;;Number of Internet Service Providers (ISP)
19174;tpInternetConn_Providers_Number;Number of Internet service providers (ISPs);;;16;ARG;Argentina;1989;2019;;;Number of Internet Service Providers (ISP)
19174;tpInternetConn_Providers_Number;Number of Internet service providers (ISPs);;;16;ARG;Argentina;1989;2020;;;Number of Internet Service Providers (ISP)
19174;tpInternetConn_Providers_Number;Number of Internet service providers (ISPs);;;16;ARG;Argentina;1989;2021;;;Number of Internet Service Providers (ISP)
19174;tpInternetConn_Providers_Number;Number of Internet service providers (ISPs);;;16;ARG;Argentina;3074;2022;Hay 3074 Licencitarios TIC con Registro de Servicios de Internet;;Number of Internet Service Providers (ISP)
19174;tpInternetConn_Providers_Number;Number of Internet service providers (ISPs);;;16;ARG;Argentina;3249;2023;- 1983 Registros de Servicio de Valor Agregado – Proveedor Servicios de Internet- 16 Registros de Servicio Acceso a Internet- 1203 Registros de Servicio de Valor Agregado - 47 Registros de Redes (VARC) https://datosabiertos.enacom.gob.ar/dataviews/259940/;;Number of Internet Service Providers (ISP)
19174;tpInternetConn_Providers_Number;Number of Internet service providers (ISPs);;;16;ARG;Argentina;4150;2024;A Julio 2024 hay 4150 Licenciatarios TIC con Registro de Servicios de Internet;;Number of Internet Service Providers (ISP)
19174;tpInternetConn_Providers_Number;Number of Internet service providers (ISPs);;;17;ARM;Armenia;128;2014;;;Number of Internet Service Providers (ISP)
19174;tpInternetConn_Providers_Number;Number of Internet service providers (ISPs);;;17;ARM;Armenia;136;2015;;;Number of Internet Service Providers (ISP)
19174;tpInternetConn_Providers_Number;Number of Internet service providers (ISPs);;;17;ARM;Armenia;140;2016;;;Number of Internet Service Providers (ISP)
19174;tpInternetConn_Providers_Number;Number of Internet service providers (ISPs);;;17;ARM;Armenia;150;2017;;;Number of Internet Service Providers (ISP)
19174;tpInternetConn_Providers_Number;Number of Internet service providers (ISPs);;;17;ARM;Armenia;163;2018;;;Number of Internet Service Providers (ISP)
19174;tpInternetConn_Providers_Number;Number of Internet service providers (ISPs);;;17;ARM;Armenia;191;2019;;;Number of Internet Service Providers (ISP)
19174;tpInternetConn_Providers_Number;Number of Internet service providers (ISPs);;;17;ARM;Armenia;206;2020;;;Number of Internet Service Providers (ISP)
19174;tpInternetConn_Providers_Number;Number of Internet service providers (ISPs);;;17;ARM;Armenia;218;2021;;;Number of Internet Service Providers (ISP)
19174;tpInternetConn_Providers_Number;Number of Internet service providers (ISPs);;;17;ARM;Armenia;220;2022;;;Number of Internet Service Providers (ISP)
19174;tpInternetConn_Providers_Number;Number of Internet service providers (ISPs);;;17;ARM;Armenia;220;2023;;;Number of Internet Service Providers (ISP)
19174;tpInternetConn_Providers_Number;Number of Internet service providers (ISPs);;;17;ARM;Armenia;220;2024;;;Number of Internet Service Providers (ISP)
19174;tpInternetConn_Providers_Number;Number of Internet service providers (ISPs);;;18;SAU;Saudi Arabia;46;2015;noted on 1/11/2015;;Number of Internet Service Providers (ISP)
19174;tpInternetConn_Providers_Number;Number of Internet service providers (ISPs);;;18;SAU;Saudi Arabia;45;2016;Noted on 13/10/2016;;Number of Internet Service Providers (ISP)
19174;tpInternetConn_Providers_Number;Number of Internet service providers (ISPs);;;18;SAU;Saudi Arabia;47;2017;Noted on 04/12/2017;;Number of Internet Service Providers (ISP)
19174;tpInternetConn_Providers_Number;Number of Internet service providers (ISPs);;;18;SAU;Saudi Arabia;53;2018;;;Number of Internet Service Providers (ISP)
19174;tpInternetConn_Providers_Number;Number of Internet service providers (ISPs);;;18;SAU;Saudi Arabia;20;2019;;;Number of Internet Service Providers (ISP)
19174;tpInternetConn_Providers_Number;Number of Internet service providers (ISPs);;;18;SAU;Saudi Arabia;61;2020;;;Number of Internet Service Providers (ISP)
19174;tpInternetConn_Providers_Number;Number of Internet service providers (ISPs);;;18;SAU;Saudi Arabia;64;2021;;;Number of Internet Service Providers (ISP)
19174;tpInternetConn_Providers_Number;Number of Internet service providers (ISPs);;;18;SAU;Saudi Arabia;75;2022;;;Number of Internet Service Providers (ISP)
19174;tpInternetConn_Providers_Number;Number of Internet service providers (ISPs);;;18;SAU;Saudi Arabia;44;2023;;;Number of Internet Service Providers (ISP)
19174;tpInternetConn_Providers_Number;Number of Internet service providers (ISPs);;;23;AUS;Australia;81;2014;At 31 December 2013, there were 76 ISPs with over 1,000 subscribers operating in Australia. This data was collected by the Australian Bureau of Statistics.;;Number of Internet Service Providers (ISP)
19174;tpInternetConn_Providers_Number;Number of Internet service providers (ISPs);;;23;AUS;Australia;69;2015;This figure accounts for Internet Service Providers with more than 1,000 subscribers, as of June 2015.;;Number of Internet Service Providers (ISP)
19174;tpInternetConn_Providers_Number;Number of Internet service providers (ISPs);;;23;AUS;Australia;69;2016;;;Number of Internet Service Providers (ISP)
19174;tpInternetConn_Providers_Number;Number of Internet service providers (ISPs);;;23;AUS;Australia;62;2017;Based on information from Dec 2015 - no later information found. Only counts ISPs with 1000 or more customers.;;Number of Internet Service Providers (ISP)
19174;tpInternetConn_Providers_Number;Number of Internet service providers (ISPs);;;23;AUS;Australia;63;2018;63 as at 30 June 2017, which is the latest available data. Only counts ISPs with 1000 or more customers;;Number of Internet Service Providers (ISP)
19174;tpInternetConn_Providers_Number;Number of Internet service providers (ISPs);;;23;AUS;Australia;150;2024;This estimate is based on the list of NBN residential service providers at https://www.nbnco.com.au/residential/service-providers;;Number of Internet Service Providers (ISP)
19174;tpInternetConn_Providers_Number;Number of Internet service providers (ISPs);;;24;AUT;Austria;190;2014;;;Number of Internet Service Providers (ISP)
19174;tpInternetConn_Providers_Number;Number of Internet service providers (ISPs);;;24;AUT;Austria;190;2015;;;Number of Internet Service Providers (ISP)
19174;tpInternetConn_Providers_Number;Number of Internet service providers (ISPs);;;24;AUT;Austria;190;2016;;;Number of Internet Service Providers (ISP)
19174;tpInternetConn_Providers_Number;Number of Internet service providers (ISPs);;;24;AUT;Austria;421;2017;;;Number of Internet Service Providers (ISP)
19174;tpInternetConn_Providers_Number;Number of Internet service providers (ISPs);;;24;AUT;Austria;425;2018;;;Number of Internet Service Providers (ISP)
19174;tpInternetConn_Providers_Number;Number of Internet service providers (ISPs);;;24;AUT;Austria;300;2020;approximate number;;Number of Internet Service Providers (ISP)
19174;tpInternetConn_Providers_Number;Number of Internet service providers (ISPs);;;24;AUT;Austria;350;2021;approximate number;;Number of Internet Service Providers (ISP)
19174;tpInternetConn_Providers_Number;Number of Internet service providers (ISPs);;;24;AUT;Austria;350;2022;approximate number;;Number of Internet Service Providers (ISP)
19174;tpInternetConn_Providers_Number;Number of Internet service providers (ISPs);;;24;AUT;Austria;400;2023;approximate number;;Number of Internet Service Providers (ISP)
19174;tpInternetConn_Providers_Number;Number of Internet service providers (ISPs);;;24;AUT;Austria;400;2024;approximate number;;Number of Internet Service Providers (ISP)
19174;tpInternetConn_Providers_Number;Number of Internet service providers (ISPs);;;25;AZE;Azerbaijan;40;2014;;;Number of Internet Service Providers (ISP)
19174;tpInternetConn_Providers_Number;Number of Internet service providers (ISPs);;;25;AZE;Azerbaijan;40;2015;;;Number of Internet Service Providers (ISP)
19174;tpInternetConn_Providers_Number;Number of Internet service providers (ISPs);;;25;AZE;Azerbaijan;50;2016;;;Number of Internet Service Providers (ISP)
19174;tpInternetConn_Providers_Number;Number of Internet service providers (ISPs);;;25;AZE;Azerbaijan;52;2017;;;Number of Internet Service Providers (ISP)
19174;tpInternetConn_Providers_Number;Number of Internet service providers (ISPs);;;25;AZE;Azerbaijan;52;2018;;;Number of Internet Service Providers (ISP)
19174;tpInternetConn_Providers_Number;Number of Internet service providers (ISPs);;;25;AZE;Azerbaijan;50;2019;Approximately;;Number of Internet Service Providers (ISP)
19174;tpInternetConn_Providers_Number;Number of Internet service providers (ISPs);;;25;AZE;Azerbaijan;50;2020;;;Number of Internet Service Providers (ISP)
19174;tpInternetConn_Providers_Number;Number of Internet service providers (ISPs);;;25;AZE;Azerbaijan;55;2022;approximately;;Number of Internet Service Providers (ISP)
19174;tpInternetConn_Providers_Number;Number of Internet service providers (ISPs);;;25;AZE;Azerbaijan;150;2023;approximately 150 registered ISPs;;Number of Internet Service Providers (ISP)
19174;tpInternetConn_Providers_Number;Number of Internet service providers (ISPs);;;25;AZE;Azerbaijan;165;2024;;;Number of Internet Service Providers (ISP)
19174;tpInternetConn_Providers_Number;Number of Internet service providers (ISPs);;;27;BRA;Brazil;4794;2014;;;Number of Internet Service Providers (ISP)
19174;tpInternetConn_Providers_Number;Number of Internet service providers (ISPs);;;27;BRA;Brazil;4500;2015;;;Number of Internet Service Providers (ISP)
19174;tpInternetConn_Providers_Number;Number of Internet service providers (ISPs);;;27;BRA;Brazil;11185;2021;https://informacoes.anatel.gov.br/paineis/outorga-e-licenciamento;;Number of Internet Service Providers (ISP)
19174;tpInternetConn_Providers_Number;Number of Internet service providers (ISPs);;;27;BRA;Brazil;19806;2022;https://informacoes.anatel.gov.br/paineis/outorga-e-licenciamento;;Number of Internet Service Providers (ISP)
19174;tpInternetConn_Providers_Number;Number of Internet service providers (ISPs);;;28;BHS;Bahamas;13;2014;;;Number of Internet Service Providers (ISP)
19174;tpInternetConn_Providers_Number;Number of Internet service providers (ISPs);;;28;BHS;Bahamas;3;2021;;;Number of Internet Service Providers (ISP)
19174;tpInternetConn_Providers_Number;Number of Internet service providers (ISPs);;;28;BHS;Bahamas;3;2022;;;Number of Internet Service Providers (ISP)
19174;tpInternetConn_Providers_Number;Number of Internet service providers (ISPs);;;28;BHS;Bahamas;3;2023;3;;Number of Internet Service Providers (ISP)
19174;tpInternetConn_Providers_Number;Number of Internet service providers (ISPs);;;28;BHS;Bahamas;3;2024;;;Number of Internet Service Providers (ISP)
19174;tpInternetConn_Providers_Number;Number of Internet service providers (ISPs);;;29;BDI;Burundi;10;2014;;;Number of Internet Service Providers (ISP)
19174;tpInternetConn_Providers_Number;Number of Internet service providers (ISPs);;;29;BDI;Burundi;11;2015;;;Number of Internet Service Providers (ISP)
19174;tpInternetConn_Providers_Number;Number of Internet service providers (ISPs);;;29;BDI;Burundi;5;2018;;;Number of Internet Service Providers (ISP)
19174;tpInternetConn_Providers_Number;Number of Internet service providers (ISPs);;;29;BDI;Burundi;10;2019;;;Number of Internet Service Providers (ISP)
19174;tpInternetConn_Providers_Number;Number of Internet service providers (ISPs);;;29;BDI;Burundi;10;2020;;;Number of Internet Service Providers (ISP)
19174;tpInternetConn_Providers_Number;Number of Internet service providers (ISPs);;;29;BDI;Burundi;9;2021;;;Number of Internet Service Providers (ISP)
19174;tpInternetConn_Providers_Number;Number of Internet service providers (ISPs);;;29;BDI;Burundi;10;2022;;;Number of Internet Service Providers (ISP)
19174;tpInternetConn_Providers_Number;Number of Internet service providers (ISPs);;;29;BDI;Burundi;9;2023;;;Number of Internet Service Providers (ISP)
19174;tpInternetConn_Providers_Number;Number of Internet service providers (ISPs);;;29;BDI;Burundi;10;2024;;;Number of Internet Service Providers (ISP)
19174;tpInternetConn_Providers_Number;Number of Internet service providers (ISPs);;;30;BEL;Belgium;31;2014;;;Number of Internet Service Providers (ISP)
19174;tpInternetConn_Providers_Number;Number of Internet service providers (ISPs);;;30;BEL;Belgium;12;2015;;;Number of Internet Service Providers (ISP)
19174;tpInternetConn_Providers_Number;Number of Internet service providers (ISPs);;;30;BEL;Belgium;324;2024;;;Number of Internet Service Providers (ISP)
19174;tpInternetConn_Providers_Number;Number of Internet service providers (ISPs);;;31;BEN;Benin;15;2014;;;Number of Internet Service Providers (ISP)
19174;tpInternetConn_Providers_Number;Number of Internet service providers (ISPs);;;31;BEN;Benin;11;2016;;;Number of Internet Service Providers (ISP)
19174;tpInternetConn_Providers_Number;Number of Internet service providers (ISPs);;;31;BEN;Benin;11;2017;;;Number of Internet Service Providers (ISP)
19174;tpInternetConn_Providers_Number;Number of Internet service providers (ISPs);;;31;BEN;Benin;10;2019;;;Number of Internet Service Providers (ISP)
19174;tpInternetConn_Providers_Number;Number of Internet service providers (ISPs);;;31;BEN;Benin;10;2020;;;Number of Internet Service Providers (ISP)
19174;tpInternetConn_Providers_Number;Number of Internet service providers (ISPs);;;31;BEN;Benin;15;2021;;;Number of Internet Service Providers (ISP)
19174;tpInternetConn_Providers_Number;Number of Internet service providers (ISPs);;;31;BEN;Benin;17;2022;;;Number of Internet Service Providers (ISP)
19174;tpInternetConn_Providers_Number;Number of Internet service providers (ISPs);;;31;BEN;Benin;24;2023;;;Number of Internet Service Providers (ISP)
19174;tpInternetConn_Providers_Number;Number of Internet service providers (ISPs);;;31;BEN;Benin;25;2024;;;Number of Internet Service Providers (ISP)
19174;tpInternetConn_Providers_Number;Number of Internet service providers (ISPs);;;33;BFA;Burkina Faso;5;2014;;;Number of Internet Service Providers (ISP)
19174;tpInternetConn_Providers_Number;Number of Internet service providers (ISPs);;;33;BFA;Burkina Faso;5;2015;;;Number of Internet Service Providers (ISP)
19174;tpInternetConn_Providers_Number;Number of Internet service providers (ISPs);;;33;BFA;Burkina Faso;5;2016;Il s'agit de ceux qui sont actifs;;Number of Internet Service Providers (ISP)
19174;tpInternetConn_Providers_Number;Number of Internet service providers (ISPs);;;33;BFA;Burkina Faso;11;2019;Il s'agit des FAI actifs (11);;Number of Internet Service Providers (ISP)
19174;tpInternetConn_Providers_Number;Number of Internet service providers (ISPs);;;33;BFA;Burkina Faso;10;2020;Il s'agit des FAI actifs (10);;Number of Internet Service Providers (ISP)
19174;tpInternetConn_Providers_Number;Number of Internet service providers (ISPs);;;33;BFA;Burkina Faso;14;2021;Il s'agit des FAI actifs (qui ont des abonnés).;;Number of Internet Service Providers (ISP)
19174;tpInternetConn_Providers_Number;Number of Internet service providers (ISPs);;;33;BFA;Burkina Faso;16;2022;Il s'agit des FAI actifs qui sont ? jour (récépissé);;Number of Internet Service Providers (ISP)
19174;tpInternetConn_Providers_Number;Number of Internet service providers (ISPs);;;33;BFA;Burkina Faso;16;2023;;;Number of Internet Service Providers (ISP)
19174;tpInternetConn_Providers_Number;Number of Internet service providers (ISPs);;;34;BGD;Bangladesh;2849;2022;;;Number of Internet Service Providers (ISP)
19174;tpInternetConn_Providers_Number;Number of Internet service providers (ISPs);;;35;BHR;Bahrain;10;2021;;;Number of Internet Service Providers (ISP)
19174;tpInternetConn_Providers_Number;Number of Internet service providers (ISPs);;;35;BHR;Bahrain;10;2022;;;Number of Internet Service Providers (ISP)
19174;tpInternetConn_Providers_Number;Number of Internet service providers (ISPs);;;35;BHR;Bahrain;10;2023;;;Number of Internet Service Providers (ISP)
19174;tpInternetConn_Providers_Number;Number of Internet service providers (ISPs);;;35;BHR;Bahrain;10;2024;;;Number of Internet Service Providers (ISP)
19174;tpInternetConn_Providers_Number;Number of Internet service providers (ISPs);;;37;BLR;Belarus;179;2014;;;Number of Internet Service Providers (ISP)
19174;tpInternetConn_Providers_Number;Number of Internet service providers (ISPs);;;37;BLR;Belarus;160;2015;;;Number of Internet Service Providers (ISP)
19174;tpInternetConn_Providers_Number;Number of Internet service providers (ISPs);;;37;BLR;Belarus;160;2016;;;Number of Internet Service Providers (ISP)
19174;tpInternetConn_Providers_Number;Number of Internet service providers (ISPs);;;37;BLR;Belarus;145;2017;;;Number of Internet Service Providers (ISP)
19174;tpInternetConn_Providers_Number;Number of Internet service providers (ISPs);;;37;BLR;Belarus;141;2018;;;Number of Internet Service Providers (ISP)
19174;tpInternetConn_Providers_Number;Number of Internet service providers (ISPs);;;37;BLR;Belarus;119;2023;;;Number of Internet Service Providers (ISP)
19174;tpInternetConn_Providers_Number;Number of Internet service providers (ISPs);;;37;BLR;Belarus;112;2024;;;Number of Internet Service Providers (ISP)
19174;tpInternetConn_Providers_Number;Number of Internet service providers (ISPs);;;38;BLZ;Belize;23;2014;;;Number of Internet Service Providers (ISP)
19174;tpInternetConn_Providers_Number;Number of Internet service providers (ISPs);;;38;BLZ;Belize;7;2015;;;Number of Internet Service Providers (ISP)
19174;tpInternetConn_Providers_Number;Number of Internet service providers (ISPs);;;38;BLZ;Belize;20;2018;;;Number of Internet Service Providers (ISP)
19174;tpInternetConn_Providers_Number;Number of Internet service providers (ISPs);;;38;BLZ;Belize;13;2023;;;Number of Internet Service Providers (ISP)
19174;tpInternetConn_Providers_Number;Number of Internet service providers (ISPs);;;39;BOL;Bolivia (Plurinational State of);7;2015;;;Number of Internet Service Providers (ISP)
19174;tpInternetConn_Providers_Number;Number of Internet service providers (ISPs);;;39;BOL;Bolivia (Plurinational State of);60;2016;;;Number of Internet Service Providers (ISP)
19174;tpInternetConn_Providers_Number;Number of Internet service providers (ISPs);;;39;BOL;Bolivia (Plurinational State of);60;2017;;;Number of Internet Service Providers (ISP)
19174;tpInternetConn_Providers_Number;Number of Internet service providers (ISPs);;;39;BOL;Bolivia (Plurinational State of);40;2018;;;Number of Internet Service Providers (ISP)
19174;tpInternetConn_Providers_Number;Number of Internet service providers (ISPs);;;39;BOL;Bolivia (Plurinational State of);17;2021;;;Number of Internet Service Providers (ISP)
19174;tpInternetConn_Providers_Number;Number of Internet service providers (ISPs);;;39;BOL;Bolivia (Plurinational State of);17;2022;;;Number of Internet Service Providers (ISP)
19174;tpInternetConn_Providers_Number;Number of Internet service providers (ISPs);;;39;BOL;Bolivia (Plurinational State of);17;2023;;;Number of Internet Service Providers (ISP)
19174;tpInternetConn_Providers_Number;Number of Internet service providers (ISPs);;;39;BOL;Bolivia (Plurinational State of);36;2024;;;Number of Internet Service Providers (ISP)
19174;tpInternetConn_Providers_Number;Number of Internet service providers (ISPs);;;40;BWA;Botswana;65;2014;;;Number of Internet Service Providers (ISP)
19174;tpInternetConn_Providers_Number;Number of Internet service providers (ISPs);;;40;BWA;Botswana;75;2015;;;Number of Internet Service Providers (ISP)
19174;tpInternetConn_Providers_Number;Number of Internet service providers (ISPs);;;40;BWA;Botswana;20;2016;only about 20 ISPs are active but there are about 70 licensed;;Number of Internet Service Providers (ISP)
19174;tpInternetConn_Providers_Number;Number of Internet service providers (ISPs);;;40;BWA;Botswana;30;2017;;;Number of Internet Service Providers (ISP)
19174;tpInternetConn_Providers_Number;Number of Internet service providers (ISPs);;;40;BWA;Botswana;94;2021;;;Number of Internet Service Providers (ISP)
19174;tpInternetConn_Providers_Number;Number of Internet service providers (ISPs);;;40;BWA;Botswana;115;2022;;;Number of Internet Service Providers (ISP)
19174;tpInternetConn_Providers_Number;Number of Internet service providers (ISPs);;;40;BWA;Botswana;115;2023;;;Number of Internet Service Providers (ISP)
19174;tpInternetConn_Providers_Number;Number of Internet service providers (ISPs);;;40;BWA;Botswana;115;2024;;;Number of Internet Service Providers (ISP)
19174;tpInternetConn_Providers_Number;Number of Internet service providers (ISPs);;;41;BRB;Barbados;6;2018;;;Number of Internet Service Providers (ISP)
19174;tpInternetConn_Providers_Number;Number of Internet service providers (ISPs);;;41;BRB;Barbados;3;2022;;;Number of Internet Service Providers (ISP)
19174;tpInternetConn_Providers_Number;Number of Internet service providers (ISPs);;;41;BRB;Barbados;3;2023;;;Number of Internet Service Providers (ISP)
19174;tpInternetConn_Providers_Number;Number of Internet service providers (ISPs);;;42;MMR;Myanmar;20;2018;over 20;;Number of Internet Service Providers (ISP)
19174;tpInternetConn_Providers_Number;Number of Internet service providers (ISPs);;;42;MMR;Myanmar;60;2022;;;Number of Internet Service Providers (ISP)
19174;tpInternetConn_Providers_Number;Number of Internet service providers (ISPs);;;42;MMR;Myanmar;60;2023;;;Number of Internet Service Providers (ISP)
19174;tpInternetConn_Providers_Number;Number of Internet service providers (ISPs);;;42;MMR;Myanmar;91;2024;;;Number of Internet Service Providers (ISP)
19174;tpInternetConn_Providers_Number;Number of Internet service providers (ISPs);;;43;BRN;Brunei Darussalam;3;2014;;;Number of Internet Service Providers (ISP)
19174;tpInternetConn_Providers_Number;Number of Internet service providers (ISPs);;;43;BRN;Brunei Darussalam;3;2015;;;Number of Internet Service Providers (ISP)
19174;tpInternetConn_Providers_Number;Number of Internet service providers (ISPs);;;43;BRN;Brunei Darussalam;3;2016;;;Number of Internet Service Providers (ISP)
19174;tpInternetConn_Providers_Number;Number of Internet service providers (ISPs);;;43;BRN;Brunei Darussalam;3;2017;;;Number of Internet Service Providers (ISP)
19174;tpInternetConn_Providers_Number;Number of Internet service providers (ISPs);;;43;BRN;Brunei Darussalam;3;2018;;;Number of Internet Service Providers (ISP)
19174;tpInternetConn_Providers_Number;Number of Internet service providers (ISPs);;;43;BRN;Brunei Darussalam;3;2019;;;Number of Internet Service Providers (ISP)
19174;tpInternetConn_Providers_Number;Number of Internet service providers (ISPs);;;43;BRN;Brunei Darussalam;3;2020;;;Number of Internet Service Providers (ISP)
19174;tpInternetConn_Providers_Number;Number of Internet service providers (ISPs);;;43;BRN;Brunei Darussalam;3;2021;;;Number of Internet Service Providers (ISP)
19174;tpInternetConn_Providers_Number;Number of Internet service providers (ISPs);;;43;BRN;Brunei Darussalam;3;2022;;;Number of Internet Service Providers (ISP)
19174;tpInternetConn_Providers_Number;Number of Internet service providers (ISPs);;;43;BRN;Brunei Darussalam;3;2023;;;Number of Internet Service Providers (ISP)
19174;tpInternetConn_Providers_Number;Number of Internet service providers (ISPs);;;43;BRN;Brunei Darussalam;6;2024;;;Number of Internet Service Providers (ISP)
19174;tpInternetConn_Providers_Number;Number of Internet service providers (ISPs);;;45;BGR;Bulgaria;599;2015;Retail Service Providers at the end of the first half of 2015, for the whole year - no information at the moment;;Number of Internet Service Providers (ISP)
19174;tpInternetConn_Providers_Number;Number of Internet service providers (ISPs);;;45;BGR;Bulgaria;600;2016;retail service providers of mass-market products at the end of the first half of 2016, at the moment no information for the whole year.;;Number of Internet Service Providers (ISP)
19174;tpInternetConn_Providers_Number;Number of Internet service providers (ISPs);;;45;BGR;Bulgaria;596;2017;retail service providers of mass-market products at the end of the first half of 2017, at the moment no information for the whole year.;;Number of Internet Service Providers (ISP)
19174;tpInternetConn_Providers_Number;Number of Internet service providers (ISPs);;;45;BGR;Bulgaria;627;2018;;;Number of Internet Service Providers (ISP)
19174;tpInternetConn_Providers_Number;Number of Internet service providers (ISPs);;;47;CAN;Canada;525;2015;This number is an estimate based on registrations of telephone, cable and fixed-wireless service providers, as well as resellers.;;Number of Internet Service Providers (ISP)
19174;tpInternetConn_Providers_Number;Number of Internet service providers (ISPs);;;47;CAN;Canada;525;2016;;;Number of Internet Service Providers (ISP)
19174;tpInternetConn_Providers_Number;Number of Internet service providers (ISPs);;;47;CAN;Canada;525;2017;This number is an estimate based on registrations of telephone, cable and fixed-wireless service providers, as well as resellers.;;Number of Internet Service Providers (ISP)
19174;tpInternetConn_Providers_Number;Number of Internet service providers (ISPs);;;47;CAN;Canada;880;2018;;;Number of Internet Service Providers (ISP)
19174;tpInternetConn_Providers_Number;Number of Internet service providers (ISPs);;;47;CAN;Canada;880;2020;This number is an estimate based on registrations of telephone, cable and fixed-wireless service providers, as well as resellers.;;Number of Internet Service Providers (ISP)
19174;tpInternetConn_Providers_Number;Number of Internet service providers (ISPs);;;47;CAN;Canada;890;2022;This number is an estimate based on registrations of telephone, cable and fixed-wireless service providers, as well as resellers.;;Number of Internet Service Providers (ISP)
19174;tpInternetConn_Providers_Number;Number of Internet service providers (ISPs);;;47;CAN;Canada;1011;2024;This number is an estimate based on registration of telephone, cable, and fixed-wireless service providers, as well as resellers.;;Number of Internet Service Providers (ISP)
19174;tpInternetConn_Providers_Number;Number of Internet service providers (ISPs);;;48;KHM;Cambodia;30;2014;;;Number of Internet Service Providers (ISP)
19174;tpInternetConn_Providers_Number;Number of Internet service providers (ISPs);;;48;KHM;Cambodia;29;2015;;;Number of Internet Service Providers (ISP)
19174;tpInternetConn_Providers_Number;Number of Internet service providers (ISPs);;;48;KHM;Cambodia;33;2016;;;Number of Internet Service Providers (ISP)
19174;tpInternetConn_Providers_Number;Number of Internet service providers (ISPs);;;48;KHM;Cambodia;36;2017;;;Number of Internet Service Providers (ISP)
19174;tpInternetConn_Providers_Number;Number of Internet service providers (ISPs);;;48;KHM;Cambodia;40;2018;;;Number of Internet Service Providers (ISP)
19174;tpInternetConn_Providers_Number;Number of Internet service providers (ISPs);;;48;KHM;Cambodia;40;2019;;;Number of Internet Service Providers (ISP)
19174;tpInternetConn_Providers_Number;Number of Internet service providers (ISPs);;;48;KHM;Cambodia;50;2020;;;Number of Internet Service Providers (ISP)
19174;tpInternetConn_Providers_Number;Number of Internet service providers (ISPs);;;48;KHM;Cambodia;40;2021;;;Number of Internet Service Providers (ISP)
19174;tpInternetConn_Providers_Number;Number of Internet service providers (ISPs);;;48;KHM;Cambodia;39;2022;;;Number of Internet Service Providers (ISP)
19174;tpInternetConn_Providers_Number;Number of Internet service providers (ISPs);;;48;KHM;Cambodia;39;2023;42 companies with ISP license but active only 39;;Number of Internet Service Providers (ISP)
19174;tpInternetConn_Providers_Number;Number of Internet service providers (ISPs);;;48;KHM;Cambodia;39;2024;;;Number of Internet Service Providers (ISP)
19174;tpInternetConn_Providers_Number;Number of Internet service providers (ISPs);;;49;CHL;Chile;32;2021;;;Number of Internet Service Providers (ISP)
19174;tpInternetConn_Providers_Number;Number of Internet service providers (ISPs);;;49;CHL;Chile;32;2022;;;Number of Internet Service Providers (ISP)
19174;tpInternetConn_Providers_Number;Number of Internet service providers (ISPs);;;49;CHL;Chile;22;2023;;;Number of Internet Service Providers (ISP)
19174;tpInternetConn_Providers_Number;Number of Internet service providers (ISPs);;;49;CHL;Chile;22;2024;;;Number of Internet Service Providers (ISP)
19174;tpInternetConn_Providers_Number;Number of Internet service providers (ISPs);;;50;CHN;China;1583;2014;;;Number of Internet Service Providers (ISP)
19174;tpInternetConn_Providers_Number;Number of Internet service providers (ISPs);;;50;CHN;China;23495;2015;;;Number of Internet Service Providers (ISP)
19174;tpInternetConn_Providers_Number;Number of Internet service providers (ISPs);;;50;CHN;China;2646;2016;;;Number of Internet Service Providers (ISP)
19174;tpInternetConn_Providers_Number;Number of Internet service providers (ISPs);;;50;CHN;China;3562;2017;;;Number of Internet Service Providers (ISP)
19174;tpInternetConn_Providers_Number;Number of Internet service providers (ISPs);;;53;COL;Colombia;62;2014;;;Number of Internet Service Providers (ISP)
19174;tpInternetConn_Providers_Number;Number of Internet service providers (ISPs);;;53;COL;Colombia;168;2015;;;Number of Internet Service Providers (ISP)
19174;tpInternetConn_Providers_Number;Number of Internet service providers (ISPs);;;53;COL;Colombia;96;2016;;;Number of Internet Service Providers (ISP)
19174;tpInternetConn_Providers_Number;Number of Internet service providers (ISPs);;;53;COL;Colombia;142;2017;;;Number of Internet Service Providers (ISP)
19174;tpInternetConn_Providers_Number;Number of Internet service providers (ISPs);;;53;COL;Colombia;233;2018;;;Number of Internet Service Providers (ISP)
19174;tpInternetConn_Providers_Number;Number of Internet service providers (ISPs);;;53;COL;Colombia;311;2019;;;Number of Internet Service Providers (ISP)
19174;tpInternetConn_Providers_Number;Number of Internet service providers (ISPs);;;53;COL;Colombia;470;2020;;;Number of Internet Service Providers (ISP)
19174;tpInternetConn_Providers_Number;Number of Internet service providers (ISPs);;;53;COL;Colombia;562;2021;;;Number of Internet Service Providers (ISP)
19174;tpInternetConn_Providers_Number;Number of Internet service providers (ISPs);;;53;COL;Colombia;736;2022;;;Number of Internet Service Providers (ISP)
19174;tpInternetConn_Providers_Number;Number of Internet service providers (ISPs);;;53;COL;Colombia;904;2023;;;Number of Internet Service Providers (ISP)
19174;tpInternetConn_Providers_Number;Number of Internet service providers (ISPs);;;53;COL;Colombia;1124;2024;Conteo obtenido a partir del reporte de accesos de los operadores en Postdata (https://www.postdata.gov.co/dataset/suscriptores-e-ingresos-de-internet-fijo);;Number of Internet Service Providers (ISP)
19174;tpInternetConn_Providers_Number;Number of Internet service providers (ISPs);;;54;LKA;Sri Lanka;9;2014;;;Number of Internet Service Providers (ISP)
19174;tpInternetConn_Providers_Number;Number of Internet service providers (ISPs);;;54;LKA;Sri Lanka;8;2017;;;Number of Internet Service Providers (ISP)
19174;tpInternetConn_Providers_Number;Number of Internet service providers (ISPs);;;54;LKA;Sri Lanka;8;2020;;;Number of Internet Service Providers (ISP)
19174;tpInternetConn_Providers_Number;Number of Internet service providers (ISPs);;;54;LKA;Sri Lanka;8;2021;;;Number of Internet Service Providers (ISP)
19174;tpInternetConn_Providers_Number;Number of Internet service providers (ISPs);;;54;LKA;Sri Lanka;8;2022;;;Number of Internet Service Providers (ISP)
19174;tpInternetConn_Providers_Number;Number of Internet service providers (ISPs);;;55;CMR;Cameroon;20;2017;;;Number of Internet Service Providers (ISP)
19174;tpInternetConn_Providers_Number;Number of Internet service providers (ISPs);;;55;CMR;Cameroon;20;2018;environ 20. Pour le moment, les licences sont en cours de renouvellement et c'est en fin 2018 qu'on pourra avoir un autre chiffre stable;;Number of Internet Service Providers (ISP)
19174;tpInternetConn_Providers_Number;Number of Internet service providers (ISPs);;;55;CMR;Cameroon;15;2021;;;Number of Internet Service Providers (ISP)
19174;tpInternetConn_Providers_Number;Number of Internet service providers (ISPs);;;55;CMR;Cameroon;15;2022;15;;Number of Internet Service Providers (ISP)
19174;tpInternetConn_Providers_Number;Number of Internet service providers (ISPs);;;57;COG;Congo (Rep. of the);10;2014;;;Number of Internet Service Providers (ISP)
19174;tpInternetConn_Providers_Number;Number of Internet service providers (ISPs);;;57;COG;Congo (Rep. of the);10;2017;;;Number of Internet Service Providers (ISP)
19174;tpInternetConn_Providers_Number;Number of Internet service providers (ISPs);;;57;COG;Congo (Rep. of the);12;2018;;;Number of Internet Service Providers (ISP)
19174;tpInternetConn_Providers_Number;Number of Internet service providers (ISPs);;;57;COG;Congo (Rep. of the);12;2019;;;Number of Internet Service Providers (ISP)
19174;tpInternetConn_Providers_Number;Number of Internet service providers (ISPs);;;57;COG;Congo (Rep. of the);12;2020;;;Number of Internet Service Providers (ISP)
19174;tpInternetConn_Providers_Number;Number of Internet service providers (ISPs);;;57;COG;Congo (Rep. of the);12;2021;;;Number of Internet Service Providers (ISP)
19174;tpInternetConn_Providers_Number;Number of Internet service providers (ISPs);;;57;COG;Congo (Rep. of the);9;2022;;;Number of Internet Service Providers (ISP)
19174;tpInternetConn_Providers_Number;Number of Internet service providers (ISPs);;;57;COG;Congo (Rep. of the);7;2023;;;Number of Internet Service Providers (ISP)
19174;tpInternetConn_Providers_Number;Number of Internet service providers (ISPs);;;57;COG;Congo (Rep. of the);8;2024;;;Number of Internet Service Providers (ISP)
19174;tpInternetConn_Providers_Number;Number of Internet service providers (ISPs);;;59;CPV;Cabo Verde;4;2017;;;Number of Internet Service Providers (ISP)
19174;tpInternetConn_Providers_Number;Number of Internet service providers (ISPs);;;59;CPV;Cabo Verde;3;2018;;;Number of Internet Service Providers (ISP)
19174;tpInternetConn_Providers_Number;Number of Internet service providers (ISPs);;;59;CPV;Cabo Verde;3;2019;;;Number of Internet Service Providers (ISP)
19174;tpInternetConn_Providers_Number;Number of Internet service providers (ISPs);;;59;CPV;Cabo Verde;3;2020;;;Number of Internet Service Providers (ISP)
19174;tpInternetConn_Providers_Number;Number of Internet service providers (ISPs);;;59;CPV;Cabo Verde;3;2021;;;Number of Internet Service Providers (ISP)
19174;tpInternetConn_Providers_Number;Number of Internet service providers (ISPs);;;59;CPV;Cabo Verde;2;2024;;;Number of Internet Service Providers (ISP)
19174;tpInternetConn_Providers_Number;Number of Internet service providers (ISPs);;;61;CIV;Côte d'Ivoire;7;2014;;;Number of Internet Service Providers (ISP)
19174;tpInternetConn_Providers_Number;Number of Internet service providers (ISPs);;;61;CIV;Côte d'Ivoire;4;2015;4 principaux fournisseurs de services internet présents;;Number of Internet Service Providers (ISP)
19174;tpInternetConn_Providers_Number;Number of Internet service providers (ISPs);;;61;CIV;Côte d'Ivoire;5;2016;;;Number of Internet Service Providers (ISP)
19174;tpInternetConn_Providers_Number;Number of Internet service providers (ISPs);;;61;CIV;Côte d'Ivoire;5;2017;;;Number of Internet Service Providers (ISP)
19174;tpInternetConn_Providers_Number;Number of Internet service providers (ISPs);;;61;CIV;Côte d'Ivoire;5;2018;;;Number of Internet Service Providers (ISP)
19174;tpInternetConn_Providers_Number;Number of Internet service providers (ISPs);;;61;CIV;Côte d'Ivoire;4;2019;;;Number of Internet Service Providers (ISP)
19174;tpInternetConn_Providers_Number;Number of Internet service providers (ISPs);;;61;CIV;Côte d'Ivoire;4;2020;;;Number of Internet Service Providers (ISP)
19174;tpInternetConn_Providers_Number;Number of Internet service providers (ISPs);;;61;CIV;Côte d'Ivoire;4;2021;;;Number of Internet Service Providers (ISP)
19174;tpInternetConn_Providers_Number;Number of Internet service providers (ISPs);;;61;CIV;Côte d'Ivoire;4;2022;4;;Number of Internet Service Providers (ISP)
19174;tpInternetConn_Providers_Number;Number of Internet service providers (ISPs);;;62;CRI;Costa Rica;32;2014;Proveedores que están comercializando son 32 y proveedores autorizados son 63.;;Number of Internet Service Providers (ISP)
19174;tpInternetConn_Providers_Number;Number of Internet service providers (ISPs);;;62;CRI;Costa Rica;83;2015;;;Number of Internet Service Providers (ISP)
19174;tpInternetConn_Providers_Number;Number of Internet service providers (ISPs);;;62;CRI;Costa Rica;25;2016;Existen 80 operadores autorizados.;;Number of Internet Service Providers (ISP)
19174;tpInternetConn_Providers_Number;Number of Internet service providers (ISPs);;;62;CRI;Costa Rica;47;2017;Existen 94 operadores autorizados.;;Number of Internet Service Providers (ISP)
19174;tpInternetConn_Providers_Number;Number of Internet service providers (ISPs);;;62;CRI;Costa Rica;43;2018;;;Number of Internet Service Providers (ISP)
19174;tpInternetConn_Providers_Number;Number of Internet service providers (ISPs);;;62;CRI;Costa Rica;55;2019;;;Number of Internet Service Providers (ISP)
19174;tpInternetConn_Providers_Number;Number of Internet service providers (ISPs);;;62;CRI;Costa Rica;76;2020;;;Number of Internet Service Providers (ISP)
19174;tpInternetConn_Providers_Number;Number of Internet service providers (ISPs);;;62;CRI;Costa Rica;80;2021;Proveedores autorizados a agosto 2021 80 aproximadamente.Operadores que han suministrado información al 2021 son 56;;Number of Internet Service Providers (ISP)
19174;tpInternetConn_Providers_Number;Number of Internet service providers (ISPs);;;62;CRI;Costa Rica;80;2022;;;Number of Internet Service Providers (ISP)
19174;tpInternetConn_Providers_Number;Number of Internet service providers (ISPs);;;62;CRI;Costa Rica;83;2023;;;Number of Internet Service Providers (ISP)
19174;tpInternetConn_Providers_Number;Number of Internet service providers (ISPs);;;62;CRI;Costa Rica;85;2024;;;Number of Internet Service Providers (ISP)
19174;tpInternetConn_Providers_Number;Number of Internet service providers (ISPs);;;63;CUB;Cuba;1;2016;;;Number of Internet Service Providers (ISP)
19174;tpInternetConn_Providers_Number;Number of Internet service providers (ISPs);;;63;CUB;Cuba;1;2017;;;Number of Internet Service Providers (ISP)
19174;tpInternetConn_Providers_Number;Number of Internet service providers (ISPs);;;63;CUB;Cuba;1;2018;;;Number of Internet Service Providers (ISP)
19174;tpInternetConn_Providers_Number;Number of Internet service providers (ISPs);;;63;CUB;Cuba;1;2019;;;Number of Internet Service Providers (ISP)
19174;tpInternetConn_Providers_Number;Number of Internet service providers (ISPs);;;63;CUB;Cuba;1;2020;;;Number of Internet Service Providers (ISP)
19174;tpInternetConn_Providers_Number;Number of Internet service providers (ISPs);;;63;CUB;Cuba;1;2021;;;Number of Internet Service Providers (ISP)
19174;tpInternetConn_Providers_Number;Number of Internet service providers (ISPs);;;63;CUB;Cuba;1;2022;;;Number of Internet Service Providers (ISP)
19174;tpInternetConn_Providers_Number;Number of Internet service providers (ISPs);;;63;CUB;Cuba;1;2023;;;Number of Internet Service Providers (ISP)
19174;tpInternetConn_Providers_Number;Number of Internet service providers (ISPs);;;63;CUB;Cuba;1;2024;;;Number of Internet Service Providers (ISP)
19174;tpInternetConn_Providers_Number;Number of Internet service providers (ISPs);;;66;CYP;Cyprus;7;2014;;;Number of Internet Service Providers (ISP)
19174;tpInternetConn_Providers_Number;Number of Internet service providers (ISPs);;;66;CYP;Cyprus;4;2018;;;Number of Internet Service Providers (ISP)
19174;tpInternetConn_Providers_Number;Number of Internet service providers (ISPs);;;66;CYP;Cyprus;4;2019;;;Number of Internet Service Providers (ISP)
19174;tpInternetConn_Providers_Number;Number of Internet service providers (ISPs);;;66;CYP;Cyprus;4;2020;;;Number of Internet Service Providers (ISP)
19174;tpInternetConn_Providers_Number;Number of Internet service providers (ISPs);;;66;CYP;Cyprus;4;2021;;;Number of Internet Service Providers (ISP)
19174;tpInternetConn_Providers_Number;Number of Internet service providers (ISPs);;;66;CYP;Cyprus;6;2022;;;Number of Internet Service Providers (ISP)
19174;tpInternetConn_Providers_Number;Number of Internet service providers (ISPs);;;66;CYP;Cyprus;6;2023;;;Number of Internet Service Providers (ISP)
19174;tpInternetConn_Providers_Number;Number of Internet service providers (ISPs);;;66;CYP;Cyprus;6;2024;;;Number of Internet Service Providers (ISP)
19174;tpInternetConn_Providers_Number;Number of Internet service providers (ISPs);;;67;DEU;Germany;1594;2015;This number refers to Access Providers;;Number of Internet Service Providers (ISP)
19174;tpInternetConn_Providers_Number;Number of Internet service providers (ISPs);;;67;DEU;Germany;1611;2016;Registered access providers;;Number of Internet Service Providers (ISP)
19174;tpInternetConn_Providers_Number;Number of Internet service providers (ISPs);;;67;DEU;Germany;1002;2023;;;Number of Internet Service Providers (ISP)
19174;tpInternetConn_Providers_Number;Number of Internet service providers (ISPs);;;69;DJI;Djibouti;1;2018;;;Number of Internet Service Providers (ISP)
19174;tpInternetConn_Providers_Number;Number of Internet service providers (ISPs);;;70;DMA;Dominica;2;2024;;;Number of Internet Service Providers (ISP)
19174;tpInternetConn_Providers_Number;Number of Internet service providers (ISPs);;;72;DOM;Dominican Rep.;8;2014;;;Number of Internet Service Providers (ISP)
19174;tpInternetConn_Providers_Number;Number of Internet service providers (ISPs);;;72;DOM;Dominican Rep.;50;2017;;;Number of Internet Service Providers (ISP)
19174;tpInternetConn_Providers_Number;Number of Internet service providers (ISPs);;;72;DOM;Dominican Rep.;50;2018;;;Number of Internet Service Providers (ISP)
19174;tpInternetConn_Providers_Number;Number of Internet service providers (ISPs);;;72;DOM;Dominican Rep.;50;2019;;;Number of Internet Service Providers (ISP)
19174;tpInternetConn_Providers_Number;Number of Internet service providers (ISPs);;;72;DOM;Dominican Rep.;31;2020;;;Number of Internet Service Providers (ISP)
19174;tpInternetConn_Providers_Number;Number of Internet service providers (ISPs);;;72;DOM;Dominican Rep.;31;2021;;;Number of Internet Service Providers (ISP)
19174;tpInternetConn_Providers_Number;Number of Internet service providers (ISPs);;;72;DOM;Dominican Rep.;35;2022;;;Number of Internet Service Providers (ISP)
19174;tpInternetConn_Providers_Number;Number of Internet service providers (ISPs);;;72;DOM;Dominican Rep.;31;2024;;;Number of Internet Service Providers (ISP)
19174;tpInternetConn_Providers_Number;Number of Internet service providers (ISPs);;;73;ESP;Spain;100;2014;78 fijos y 22 móviles;;Number of Internet Service Providers (ISP)
19174;tpInternetConn_Providers_Number;Number of Internet service providers (ISPs);;;73;ESP;Spain;100;2015;en mayor medida fijos (80% aprox.);;Number of Internet Service Providers (ISP)
19174;tpInternetConn_Providers_Number;Number of Internet service providers (ISPs);;;73;ESP;Spain;100;2017;;;Number of Internet Service Providers (ISP)
19174;tpInternetConn_Providers_Number;Number of Internet service providers (ISPs);;;73;ESP;Spain;100;2018;;;Number of Internet Service Providers (ISP)
19174;tpInternetConn_Providers_Number;Number of Internet service providers (ISPs);;;73;ESP;Spain;100;2019;;;Number of Internet Service Providers (ISP)
19174;tpInternetConn_Providers_Number;Number of Internet service providers (ISPs);;;73;ESP;Spain;100;2020;dato aproximado;;Number of Internet Service Providers (ISP)
19174;tpInternetConn_Providers_Number;Number of Internet service providers (ISPs);;;73;ESP;Spain;100;2021;;;Number of Internet Service Providers (ISP)
19174;tpInternetConn_Providers_Number;Number of Internet service providers (ISPs);;;73;ESP;Spain;100;2022;100;;Number of Internet Service Providers (ISP)
19174;tpInternetConn_Providers_Number;Number of Internet service providers (ISPs);;;73;ESP;Spain;2500;2023;Información extraída de registro de operadores. En ejercicios anteriores se obtuvo de informes sectoriales.;;Number of Internet Service Providers (ISP)
19174;tpInternetConn_Providers_Number;Number of Internet service providers (ISPs);;;73;ESP;Spain;2117;2024;Información extraída de registro de operadores.;;Number of Internet Service Providers (ISP)
19174;tpInternetConn_Providers_Number;Number of Internet service providers (ISPs);;;74;EGY;Egypt;8;2014;;;Number of Internet Service Providers (ISP)
19174;tpInternetConn_Providers_Number;Number of Internet service providers (ISPs);;;74;EGY;Egypt;7;2020;;;Number of Internet Service Providers (ISP)
19174;tpInternetConn_Providers_Number;Number of Internet service providers (ISPs);;;74;EGY;Egypt;6;2021;;;Number of Internet Service Providers (ISP)
19174;tpInternetConn_Providers_Number;Number of Internet service providers (ISPs);;;74;EGY;Egypt;6;2023;;;Number of Internet Service Providers (ISP)
19174;tpInternetConn_Providers_Number;Number of Internet service providers (ISPs);;;74;EGY;Egypt;6;2024;;;Number of Internet Service Providers (ISP)
19174;tpInternetConn_Providers_Number;Number of Internet service providers (ISPs);;;75;ECU;Ecuador;578;2019;Dato a junio 2019;;Number of Internet Service Providers (ISP)
19174;tpInternetConn_Providers_Number;Number of Internet service providers (ISPs);;;75;ECU;Ecuador;856;2021;856 ISP (títulos habilitantes entregados para proporcionar servicio de internet);;Number of Internet Service Providers (ISP)
19174;tpInternetConn_Providers_Number;Number of Internet service providers (ISPs);;;75;ECU;Ecuador;924;2022;924 ISP (títulos habilitantes entregados para proporcionar servicio de internet);;Number of Internet Service Providers (ISP)
19174;tpInternetConn_Providers_Number;Number of Internet service providers (ISPs);;;75;ECU;Ecuador;1004;2023;1004 ISP títulos habilitantes entregados para proporcionar servicio de internet);;Number of Internet Service Providers (ISP)
19174;tpInternetConn_Providers_Number;Number of Internet service providers (ISPs);;;76;EST;Estonia;52;2014;;;Number of Internet Service Providers (ISP)
19174;tpInternetConn_Providers_Number;Number of Internet service providers (ISPs);;;76;EST;Estonia;35;2016;;;Number of Internet Service Providers (ISP)
19174;tpInternetConn_Providers_Number;Number of Internet service providers (ISPs);;;76;EST;Estonia;43;2017;;;Number of Internet Service Providers (ISP)
19174;tpInternetConn_Providers_Number;Number of Internet service providers (ISPs);;;76;EST;Estonia;20;2021;;;Number of Internet Service Providers (ISP)
19174;tpInternetConn_Providers_Number;Number of Internet service providers (ISPs);;;77;ETH;Ethiopia;1;2016;;;Number of Internet Service Providers (ISP)
19174;tpInternetConn_Providers_Number;Number of Internet service providers (ISPs);;;78;FRA;France;1235;2016;;;Number of Internet Service Providers (ISP)
19174;tpInternetConn_Providers_Number;Number of Internet service providers (ISPs);;;78;FRA;France;1500;2017;Ce nbre FAI résulte de déclarations comme opérateurs FAI;;Number of Internet Service Providers (ISP)
19174;tpInternetConn_Providers_Number;Number of Internet service providers (ISPs);;;78;FRA;France;1736;2018;Ce nombre FAI résulte de déclarations comme opérateurs FAI;;Number of Internet Service Providers (ISP)
19174;tpInternetConn_Providers_Number;Number of Internet service providers (ISPs);;;78;FRA;France;1860;2019;;;Number of Internet Service Providers (ISP)
19174;tpInternetConn_Providers_Number;Number of Internet service providers (ISPs);;;78;FRA;France;2048;2020;;;Number of Internet Service Providers (ISP)
19174;tpInternetConn_Providers_Number;Number of Internet service providers (ISPs);;;78;FRA;France;2480;2021;;;Number of Internet Service Providers (ISP)
19174;tpInternetConn_Providers_Number;Number of Internet service providers (ISPs);;;78;FRA;France;25;2024;;;Number of Internet Service Providers (ISP)
19174;tpInternetConn_Providers_Number;Number of Internet service providers (ISPs);;;79;FJI;Fiji;4;2021;;;Number of Internet Service Providers (ISP)
19174;tpInternetConn_Providers_Number;Number of Internet service providers (ISPs);;;79;FJI;Fiji;4;2022;;;Number of Internet Service Providers (ISP)
19174;tpInternetConn_Providers_Number;Number of Internet service providers (ISPs);;;81;FIN;Finland;221;2018;;;Number of Internet Service Providers (ISP)
19174;tpInternetConn_Providers_Number;Number of Internet service providers (ISPs);;;81;FIN;Finland;250;2019;There are around 250 telecommunications operators in Finland, and part of them are Internet Service Providers.;;Number of Internet Service Providers (ISP)
19174;tpInternetConn_Providers_Number;Number of Internet service providers (ISPs);;;81;FIN;Finland;130;2022;;;Number of Internet Service Providers (ISP)
19174;tpInternetConn_Providers_Number;Number of Internet service providers (ISPs);;;81;FIN;Finland;130;2023;;;Number of Internet Service Providers (ISP)
19174;tpInternetConn_Providers_Number;Number of Internet service providers (ISPs);;;81;FIN;Finland;130;2024;;;Number of Internet Service Providers (ISP)
19174;tpInternetConn_Providers_Number;Number of Internet service providers (ISPs);;;83;FSM;Micronesia;4;2023;;;Number of Internet Service Providers (ISP)
19174;tpInternetConn_Providers_Number;Number of Internet service providers (ISPs);;;85;GAB;Gabon;25;2015;;;Number of Internet Service Providers (ISP)
19174;tpInternetConn_Providers_Number;Number of Internet service providers (ISPs);;;85;GAB;Gabon;12;2023;;;Number of Internet Service Providers (ISP)
19174;tpInternetConn_Providers_Number;Number of Internet service providers (ISPs);;;85;GAB;Gabon;12;2024;;;Number of Internet Service Providers (ISP)
19174;tpInternetConn_Providers_Number;Number of Internet service providers (ISPs);;;90;GHA;Ghana;209;2014;209 Authorized ISPs but 29 are active.;;Number of Internet Service Providers (ISP)
19174;tpInternetConn_Providers_Number;Number of Internet service providers (ISPs);;;90;GHA;Ghana;18;2016;Active is 18 BUT over 200 have been Authorized to operate;;Number of Internet Service Providers (ISP)
19174;tpInternetConn_Providers_Number;Number of Internet service providers (ISPs);;;90;GHA;Ghana;18;2017;;;Number of Internet Service Providers (ISP)
19174;tpInternetConn_Providers_Number;Number of Internet service providers (ISPs);;;90;GHA;Ghana;18;2018;;;Number of Internet Service Providers (ISP)
19174;tpInternetConn_Providers_Number;Number of Internet service providers (ISPs);;;90;GHA;Ghana;18;2019;;;Number of Internet Service Providers (ISP)
19174;tpInternetConn_Providers_Number;Number of Internet service providers (ISPs);;;90;GHA;Ghana;18;2020;;;Number of Internet Service Providers (ISP)
19174;tpInternetConn_Providers_Number;Number of Internet service providers (ISPs);;;90;GHA;Ghana;18;2021;;;Number of Internet Service Providers (ISP)
19174;tpInternetConn_Providers_Number;Number of Internet service providers (ISPs);;;90;GHA;Ghana;18;2022;;;Number of Internet Service Providers (ISP)
19174;tpInternetConn_Providers_Number;Number of Internet service providers (ISPs);;;90;GHA;Ghana;18;2023;;;Number of Internet Service Providers (ISP)
19174;tpInternetConn_Providers_Number;Number of Internet service providers (ISPs);;;90;GHA;Ghana;59;2024;;;Number of Internet Service Providers (ISP)
19174;tpInternetConn_Providers_Number;Number of Internet service providers (ISPs);;;92;GMB;Gambia;4;2014;;;Number of Internet Service Providers (ISP)
19174;tpInternetConn_Providers_Number;Number of Internet service providers (ISPs);;;92;GMB;Gambia;6;2016;;;Number of Internet Service Providers (ISP)
19174;tpInternetConn_Providers_Number;Number of Internet service providers (ISPs);;;92;GMB;Gambia;7;2017;;;Number of Internet Service Providers (ISP)
19174;tpInternetConn_Providers_Number;Number of Internet service providers (ISPs);;;92;GMB;Gambia;7;2018;;;Number of Internet Service Providers (ISP)
19174;tpInternetConn_Providers_Number;Number of Internet service providers (ISPs);;;92;GMB;Gambia;7;2020;;;Number of Internet Service Providers (ISP)
19174;tpInternetConn_Providers_Number;Number of Internet service providers (ISPs);;;92;GMB;Gambia;8;2021;;;Number of Internet Service Providers (ISP)
19174;tpInternetConn_Providers_Number;Number of Internet service providers (ISPs);;;92;GMB;Gambia;9;2022;9;;Number of Internet Service Providers (ISP)
19174;tpInternetConn_Providers_Number;Number of Internet service providers (ISPs);;;92;GMB;Gambia;8;2023;8 are operational, a few more are licensed and are in the process of rolling out.;;Number of Internet Service Providers (ISP)
19174;tpInternetConn_Providers_Number;Number of Internet service providers (ISPs);;;92;GMB;Gambia;17;2024;;;Number of Internet Service Providers (ISP)
19174;tpInternetConn_Providers_Number;Number of Internet service providers (ISPs);;;93;GNB;Guinea-Bissau;3;2018;;;Number of Internet Service Providers (ISP)
19174;tpInternetConn_Providers_Number;Number of Internet service providers (ISPs);;;93;GNB;Guinea-Bissau;3;2019;;;Number of Internet Service Providers (ISP)
19174;tpInternetConn_Providers_Number;Number of Internet service providers (ISPs);;;93;GNB;Guinea-Bissau;3;2020;;;Number of Internet Service Providers (ISP)
19174;tpInternetConn_Providers_Number;Number of Internet service providers (ISPs);;;93;GNB;Guinea-Bissau;3;2021;;;Number of Internet Service Providers (ISP)
19174;tpInternetConn_Providers_Number;Number of Internet service providers (ISPs);;;93;GNB;Guinea-Bissau;3;2022;3;;Number of Internet Service Providers (ISP)
19174;tpInternetConn_Providers_Number;Number of Internet service providers (ISPs);;;93;GNB;Guinea-Bissau;3;2023;;;Number of Internet Service Providers (ISP)
19174;tpInternetConn_Providers_Number;Number of Internet service providers (ISPs);;;93;GNB;Guinea-Bissau;3;2024;;;Number of Internet Service Providers (ISP)
19174;tpInternetConn_Providers_Number;Number of Internet service providers (ISPs);;;94;GNQ;Equatorial Guinea;8;2017;;;Number of Internet Service Providers (ISP)
19174;tpInternetConn_Providers_Number;Number of Internet service providers (ISPs);;;94;GNQ;Equatorial Guinea;9;2018;;;Number of Internet Service Providers (ISP)
19174;tpInternetConn_Providers_Number;Number of Internet service providers (ISPs);;;94;GNQ;Equatorial Guinea;14;2021;;;Number of Internet Service Providers (ISP)
19174;tpInternetConn_Providers_Number;Number of Internet service providers (ISPs);;;94;GNQ;Equatorial Guinea;14;2022;;;Number of Internet Service Providers (ISP)
19174;tpInternetConn_Providers_Number;Number of Internet service providers (ISPs);;;94;GNQ;Equatorial Guinea;11;2023;;;Number of Internet Service Providers (ISP)
19174;tpInternetConn_Providers_Number;Number of Internet service providers (ISPs);;;95;GRC;Greece;6;2014;;;Number of Internet Service Providers (ISP)
19174;tpInternetConn_Providers_Number;Number of Internet service providers (ISPs);;;95;GRC;Greece;24;2015;;;Number of Internet Service Providers (ISP)
19174;tpInternetConn_Providers_Number;Number of Internet service providers (ISPs);;;95;GRC;Greece;25;2016;;;Number of Internet Service Providers (ISP)
19174;tpInternetConn_Providers_Number;Number of Internet service providers (ISPs);;;95;GRC;Greece;25;2017;;;Number of Internet Service Providers (ISP)
19174;tpInternetConn_Providers_Number;Number of Internet service providers (ISPs);;;95;GRC;Greece;33;2018;;;Number of Internet Service Providers (ISP)
19174;tpInternetConn_Providers_Number;Number of Internet service providers (ISPs);;;95;GRC;Greece;43;2019;;;Number of Internet Service Providers (ISP)
19174;tpInternetConn_Providers_Number;Number of Internet service providers (ISPs);;;95;GRC;Greece;54;2020;;;Number of Internet Service Providers (ISP)
19174;tpInternetConn_Providers_Number;Number of Internet service providers (ISPs);;;95;GRC;Greece;63;2021;;;Number of Internet Service Providers (ISP)
19174;tpInternetConn_Providers_Number;Number of Internet service providers (ISPs);;;95;GRC;Greece;286;2022;286;;Number of Internet Service Providers (ISP)
19174;tpInternetConn_Providers_Number;Number of Internet service providers (ISPs);;;95;GRC;Greece;281;2023;;;Number of Internet Service Providers (ISP)
19174;tpInternetConn_Providers_Number;Number of Internet service providers (ISPs);;;95;GRC;Greece;266;2024;;;Number of Internet Service Providers (ISP)
19174;tpInternetConn_Providers_Number;Number of Internet service providers (ISPs);;;96;GRD;Grenada;4;2018;;;Number of Internet Service Providers (ISP)
19174;tpInternetConn_Providers_Number;Number of Internet service providers (ISPs);;;96;GRD;Grenada;4;2020;;;Number of Internet Service Providers (ISP)
19174;tpInternetConn_Providers_Number;Number of Internet service providers (ISPs);;;96;GRD;Grenada;4;2022;;;Number of Internet Service Providers (ISP)
19174;tpInternetConn_Providers_Number;Number of Internet service providers (ISPs);;;98;GTM;Guatemala;116;2024;Approximately 116, including those registered and updated in the records of our administration. There are 6 major ISP's and others more than 100 that have their own network and some that uses the networks of another IPS's that are bigger in terms of network infraestructure. for smaller operators, the largest act as suppliers;;Number of Internet Service Providers (ISP)
19174;tpInternetConn_Providers_Number;Number of Internet service providers (ISPs);;;100;GIN;Guinea;11;2014;;;Number of Internet Service Providers (ISP)
19174;tpInternetConn_Providers_Number;Number of Internet service providers (ISPs);;;100;GIN;Guinea;7;2018;;;Number of Internet Service Providers (ISP)
19174;tpInternetConn_Providers_Number;Number of Internet service providers (ISPs);;;100;GIN;Guinea;5;2020;;;Number of Internet Service Providers (ISP)
19174;tpInternetConn_Providers_Number;Number of Internet service providers (ISPs);;;100;GIN;Guinea;5;2021;;;Number of Internet Service Providers (ISP)
19174;tpInternetConn_Providers_Number;Number of Internet service providers (ISPs);;;100;GIN;Guinea;8;2022;;;Number of Internet Service Providers (ISP)
19174;tpInternetConn_Providers_Number;Number of Internet service providers (ISPs);;;100;GIN;Guinea;8;2023;;;Number of Internet Service Providers (ISP)
19174;tpInternetConn_Providers_Number;Number of Internet service providers (ISPs);;;100;GIN;Guinea;8;2024;;;Number of Internet Service Providers (ISP)
19174;tpInternetConn_Providers_Number;Number of Internet service providers (ISPs);;;102;GUY;Guyana;3;2020;;;Number of Internet Service Providers (ISP)
19174;tpInternetConn_Providers_Number;Number of Internet service providers (ISPs);;;102;GUY;Guyana;3;2021;;;Number of Internet Service Providers (ISP)
19174;tpInternetConn_Providers_Number;Number of Internet service providers (ISPs);;;103;HKG;Hong Kong, China;202;2014;;;Number of Internet Service Providers (ISP)
19174;tpInternetConn_Providers_Number;Number of Internet service providers (ISPs);;;103;HKG;Hong Kong, China;210;2015;The number is as at 30 September 2015.;;Number of Internet Service Providers (ISP)
19174;tpInternetConn_Providers_Number;Number of Internet service providers (ISPs);;;103;HKG;Hong Kong, China;220;2016;The number is as at 30 September 2016;;Number of Internet Service Providers (ISP)
19174;tpInternetConn_Providers_Number;Number of Internet service providers (ISPs);;;103;HKG;Hong Kong, China;227;2017;The number is as at 30 September 2017;;Number of Internet Service Providers (ISP)
19174;tpInternetConn_Providers_Number;Number of Internet service providers (ISPs);;;103;HKG;Hong Kong, China;237;2018;The number is as at 30 June 2018;;Number of Internet Service Providers (ISP)
19174;tpInternetConn_Providers_Number;Number of Internet service providers (ISPs);;;103;HKG;Hong Kong, China;251;2019;The number is as at 31 July 2019.;;Number of Internet Service Providers (ISP)
19174;tpInternetConn_Providers_Number;Number of Internet service providers (ISPs);;;103;HKG;Hong Kong, China;256;2020;The number is as at 30 June 2020.;;Number of Internet Service Providers (ISP)
19174;tpInternetConn_Providers_Number;Number of Internet service providers (ISPs);;;103;HKG;Hong Kong, China;266;2021;The number is as at 31 May 2021.;;Number of Internet Service Providers (ISP)
19174;tpInternetConn_Providers_Number;Number of Internet service providers (ISPs);;;103;HKG;Hong Kong, China;297;2022;The number is as at 30 June 2022.;;Number of Internet Service Providers (ISP)
19174;tpInternetConn_Providers_Number;Number of Internet service providers (ISPs);;;103;HKG;Hong Kong, China;296;2023;The number is as at 30 June 2023.;;Number of Internet Service Providers (ISP)
19174;tpInternetConn_Providers_Number;Number of Internet service providers (ISPs);;;103;HKG;Hong Kong, China;325;2024;The number is as at 30 June 2024.;;Number of Internet Service Providers (ISP)
19174;tpInternetConn_Providers_Number;Number of Internet service providers (ISPs);;;104;HND;Honduras;40;2014;;;Number of Internet Service Providers (ISP)
19174;tpInternetConn_Providers_Number;Number of Internet service providers (ISPs);;;104;HND;Honduras;39;2015;;;Number of Internet Service Providers (ISP)
19174;tpInternetConn_Providers_Number;Number of Internet service providers (ISPs);;;104;HND;Honduras;69;2016;;;Number of Internet Service Providers (ISP)
19174;tpInternetConn_Providers_Number;Number of Internet service providers (ISPs);;;104;HND;Honduras;89;2017;;;Number of Internet Service Providers (ISP)
19174;tpInternetConn_Providers_Number;Number of Internet service providers (ISPs);;;104;HND;Honduras;60;2019;;;Number of Internet Service Providers (ISP)
19174;tpInternetConn_Providers_Number;Number of Internet service providers (ISPs);;;104;HND;Honduras;131;2020;;;Number of Internet Service Providers (ISP)
19174;tpInternetConn_Providers_Number;Number of Internet service providers (ISPs);;;104;HND;Honduras;133;2021;;;Number of Internet Service Providers (ISP)
19174;tpInternetConn_Providers_Number;Number of Internet service providers (ISPs);;;104;HND;Honduras;170;2022;;;Number of Internet Service Providers (ISP)
19174;tpInternetConn_Providers_Number;Number of Internet service providers (ISPs);;;104;HND;Honduras;192;2023;;;Number of Internet Service Providers (ISP)
19174;tpInternetConn_Providers_Number;Number of Internet service providers (ISPs);;;104;HND;Honduras;231;2024;;;Number of Internet Service Providers (ISP)
19174;tpInternetConn_Providers_Number;Number of Internet service providers (ISPs);;;105;HUN;Hungary;419;2016;;;Number of Internet Service Providers (ISP)
19174;tpInternetConn_Providers_Number;Number of Internet service providers (ISPs);;;105;HUN;Hungary;419;2017;;;Number of Internet Service Providers (ISP)
19174;tpInternetConn_Providers_Number;Number of Internet service providers (ISPs);;;105;HUN;Hungary;419;2018;;;Number of Internet Service Providers (ISP)
19174;tpInternetConn_Providers_Number;Number of Internet service providers (ISPs);;;105;HUN;Hungary;419;2019;;;Number of Internet Service Providers (ISP)
19174;tpInternetConn_Providers_Number;Number of Internet service providers (ISPs);;;105;HUN;Hungary;369;2020;;;Number of Internet Service Providers (ISP)
19174;tpInternetConn_Providers_Number;Number of Internet service providers (ISPs);;;105;HUN;Hungary;369;2021;;;Number of Internet Service Providers (ISP)
19174;tpInternetConn_Providers_Number;Number of Internet service providers (ISPs);;;105;HUN;Hungary;369;2022;;;Number of Internet Service Providers (ISP)
19174;tpInternetConn_Providers_Number;Number of Internet service providers (ISPs);;;105;HUN;Hungary;408;2023;;;Number of Internet Service Providers (ISP)
19174;tpInternetConn_Providers_Number;Number of Internet service providers (ISPs);;;106;NLD;Netherlands;10;2021;;;Number of Internet Service Providers (ISP)
19174;tpInternetConn_Providers_Number;Number of Internet service providers (ISPs);;;107;HRV;Croatia;107;2016;;;Number of Internet Service Providers (ISP)
19174;tpInternetConn_Providers_Number;Number of Internet service providers (ISPs);;;107;HRV;Croatia;105;2017;;;Number of Internet Service Providers (ISP)
19174;tpInternetConn_Providers_Number;Number of Internet service providers (ISPs);;;107;HRV;Croatia;102;2018;;;Number of Internet Service Providers (ISP)
19174;tpInternetConn_Providers_Number;Number of Internet service providers (ISPs);;;107;HRV;Croatia;96;2019;;;Number of Internet Service Providers (ISP)
19174;tpInternetConn_Providers_Number;Number of Internet service providers (ISPs);;;107;HRV;Croatia;86;2020;;;Number of Internet Service Providers (ISP)
19174;tpInternetConn_Providers_Number;Number of Internet service providers (ISPs);;;107;HRV;Croatia;81;2021;Number of operators registered at HAKOM as ISPs;;Number of Internet Service Providers (ISP)
19174;tpInternetConn_Providers_Number;Number of Internet service providers (ISPs);;;107;HRV;Croatia;90;2022;Number of operators registered at HAKOM as ISPs;;Number of Internet Service Providers (ISP)
19174;tpInternetConn_Providers_Number;Number of Internet service providers (ISPs);;;107;HRV;Croatia;90;2023;Number of operators registered at HAKOM as ISPs;;Number of Internet Service Providers (ISP)
19174;tpInternetConn_Providers_Number;Number of Internet service providers (ISPs);;;107;HRV;Croatia;90;2024;Number of operators registered at HAKOM as ISPs;;Number of Internet Service Providers (ISP)
19174;tpInternetConn_Providers_Number;Number of Internet service providers (ISPs);;;108;HTI;Haiti;7;2014;;;Number of Internet Service Providers (ISP)
19174;tpInternetConn_Providers_Number;Number of Internet service providers (ISPs);;;108;HTI;Haiti;7;2015;;;Number of Internet Service Providers (ISP)
19174;tpInternetConn_Providers_Number;Number of Internet service providers (ISPs);;;108;HTI;Haiti;7;2016;;;Number of Internet Service Providers (ISP)
19174;tpInternetConn_Providers_Number;Number of Internet service providers (ISPs);;;108;HTI;Haiti;7;2017;;;Number of Internet Service Providers (ISP)
19174;tpInternetConn_Providers_Number;Number of Internet service providers (ISPs);;;108;HTI;Haiti;7;2018;;;Number of Internet Service Providers (ISP)
19174;tpInternetConn_Providers_Number;Number of Internet service providers (ISPs);;;108;HTI;Haiti;6;2022;;;Number of Internet Service Providers (ISP)
19174;tpInternetConn_Providers_Number;Number of Internet service providers (ISPs);;;113;IND;India;130;2015;;;Number of Internet Service Providers (ISP)
19174;tpInternetConn_Providers_Number;Number of Internet service providers (ISPs);;;113;IND;India;1404;2018;;;Number of Internet Service Providers (ISP)
19174;tpInternetConn_Providers_Number;Number of Internet service providers (ISPs);;;113;IND;India;2358;2022;;;Number of Internet Service Providers (ISP)
19174;tpInternetConn_Providers_Number;Number of Internet service providers (ISPs);;;113;IND;India;2657;2023;;;Number of Internet Service Providers (ISP)
19174;tpInternetConn_Providers_Number;Number of Internet service providers (ISPs);;;113;IND;India;2612;2024;2612 (as on 31st March 2024);;Number of Internet Service Providers (ISP)
19174;tpInternetConn_Providers_Number;Number of Internet service providers (ISPs);;;114;IDN;Indonesia;1011;2024;;;Number of Internet Service Providers (ISP)
19174;tpInternetConn_Providers_Number;Number of Internet service providers (ISPs);;;116;IRN;Iran (Islamic Republic of);37;2016;;;Number of Internet Service Providers (ISP)
19174;tpInternetConn_Providers_Number;Number of Internet service providers (ISPs);;;116;IRN;Iran (Islamic Republic of);71;2017;;;Number of Internet Service Providers (ISP)
19174;tpInternetConn_Providers_Number;Number of Internet service providers (ISPs);;;116;IRN;Iran (Islamic Republic of);83;2018;;;Number of Internet Service Providers (ISP)
19174;tpInternetConn_Providers_Number;Number of Internet service providers (ISPs);;;116;IRN;Iran (Islamic Republic of);97;2019;including fixed and mobile service providers;;Number of Internet Service Providers (ISP)
19174;tpInternetConn_Providers_Number;Number of Internet service providers (ISPs);;;116;IRN;Iran (Islamic Republic of);97;2020;;;Number of Internet Service Providers (ISP)
19174;tpInternetConn_Providers_Number;Number of Internet service providers (ISPs);;;116;IRN;Iran (Islamic Republic of);97;2021;;;Number of Internet Service Providers (ISP)
19174;tpInternetConn_Providers_Number;Number of Internet service providers (ISPs);;;116;IRN;Iran (Islamic Republic of);97;2022;;;Number of Internet Service Providers (ISP)
19174;tpInternetConn_Providers_Number;Number of Internet service providers (ISPs);;;116;IRN;Iran (Islamic Republic of);80;2023;;;Number of Internet Service Providers (ISP)
19174;tpInternetConn_Providers_Number;Number of Internet service providers (ISPs);;;116;IRN;Iran (Islamic Republic of);80;2024;;;Number of Internet Service Providers (ISP)
19174;tpInternetConn_Providers_Number;Number of Internet service providers (ISPs);;;118;ISL;Iceland;9;2014;;;Number of Internet Service Providers (ISP)
19174;tpInternetConn_Providers_Number;Number of Internet service providers (ISPs);;;118;ISL;Iceland;10;2016;;;Number of Internet Service Providers (ISP)
19174;tpInternetConn_Providers_Number;Number of Internet service providers (ISPs);;;118;ISL;Iceland;10;2017;;;Number of Internet Service Providers (ISP)
19174;tpInternetConn_Providers_Number;Number of Internet service providers (ISPs);;;118;ISL;Iceland;12;2018;Many of the ISP's are small, there are about 12 that sell consumer access to homes and small businesses, 4-5 largest also cater to corporate custumers and there are 7 - 8 more that only sell corporate  services.;;Number of Internet Service Providers (ISP)
19174;tpInternetConn_Providers_Number;Number of Internet service providers (ISPs);;;118;ISL;Iceland;12;2019;Many of the ISP's are small, there are about 12 that sell consumer access to homes and small businesses, 4-5 largest also cater to corporate custumers and there are 7 - 8 more that only sell corporate services.;;Number of Internet Service Providers (ISP)
19174;tpInternetConn_Providers_Number;Number of Internet service providers (ISPs);;;118;ISL;Iceland;12;2020;Many of the ISP's are small, there are about 12 that sell consumer access to homes and small businesses, 4-5 largest also cater to corporate custumers and there are 7 - 8 more that only sell corporate services.;;Number of Internet Service Providers (ISP)
19174;tpInternetConn_Providers_Number;Number of Internet service providers (ISPs);;;118;ISL;Iceland;12;2021;Many of the ISP's are small, there are about 12 that sell consumer access to homes and small businesses, 4-5 largest also cater to corporate customers and there are 7 - 8 more that only sell corporate services.;;Number of Internet Service Providers (ISP)
19174;tpInternetConn_Providers_Number;Number of Internet service providers (ISPs);;;118;ISL;Iceland;12;2022;Many of the ISP's are small, there are about 12 that sell consumer access to homes and small businesses, 4-5 largest also cater to corporate customers and there are 7 - 8 more that only sell corporate services.;;Number of Internet Service Providers (ISP)
19174;tpInternetConn_Providers_Number;Number of Internet service providers (ISPs);;;118;ISL;Iceland;12;2023;Many of the ISP's are small, there are about 12 that sell consumer access to homes and small businesses, 4-5 largest also cater to corporate customers and there are 7 - 8 more that only sell corporate services.;;Number of Internet Service Providers (ISP)
19174;tpInternetConn_Providers_Number;Number of Internet service providers (ISPs);;;118;ISL;Iceland;12;2024;Many of the ISP's are small, there are about 12 that sell consumer access to homes and small businesses, 4-5 largest also cater to corporate customers and there are 7 - 8 more that only sell corporate services. A number of very small companies may be operating.;;Number of Internet Service Providers (ISP)
19174;tpInternetConn_Providers_Number;Number of Internet service providers (ISPs);;;119;ISR;Israel;10;2017;;;Number of Internet Service Providers (ISP)
19174;tpInternetConn_Providers_Number;Number of Internet service providers (ISPs);;;119;ISR;Israel;10;2019;;;Number of Internet Service Providers (ISP)
19174;tpInternetConn_Providers_Number;Number of Internet service providers (ISPs);;;119;ISR;Israel;10;2020;;;Number of Internet Service Providers (ISP)
19174;tpInternetConn_Providers_Number;Number of Internet service providers (ISPs);;;119;ISR;Israel;10;2021;;;Number of Internet Service Providers (ISP)
19174;tpInternetConn_Providers_Number;Number of Internet service providers (ISPs);;;119;ISR;Israel;10;2022;;;Number of Internet Service Providers (ISP)
19174;tpInternetConn_Providers_Number;Number of Internet service providers (ISPs);;;119;ISR;Israel;10;2023;;;Number of Internet Service Providers (ISP)
19174;tpInternetConn_Providers_Number;Number of Internet service providers (ISPs);;;120;JPN;Japan;231;2015;;;Number of Internet Service Providers (ISP)
19174;tpInternetConn_Providers_Number;Number of Internet service providers (ISPs);;;120;JPN;Japan;62;2016;62 (Number of Internet Service Providers with more than 50,000 subscribers);;Number of Internet Service Providers (ISP)
19174;tpInternetConn_Providers_Number;Number of Internet service providers (ISPs);;;120;JPN;Japan;67;2017;Number of Internet Service Providers with more than 50,000 subscribers.;;Number of Internet Service Providers (ISP)
19174;tpInternetConn_Providers_Number;Number of Internet service providers (ISPs);;;120;JPN;Japan;67;2018;Number of Interenet Service Providers with more than 50,000 subscribers.;;Number of Internet Service Providers (ISP)
19174;tpInternetConn_Providers_Number;Number of Internet service providers (ISPs);;;120;JPN;Japan;67;2019;Number of Interenet Service Providers with more than 50,000 subscribers.;;Number of Internet Service Providers (ISP)
19174;tpInternetConn_Providers_Number;Number of Internet service providers (ISPs);;;120;JPN;Japan;55;2020;;;Number of Internet Service Providers (ISP)
19174;tpInternetConn_Providers_Number;Number of Internet service providers (ISPs);;;120;JPN;Japan;57;2021;Number of Interenet Service Providers with more than 50,000 subscribers.;;Number of Internet Service Providers (ISP)
19174;tpInternetConn_Providers_Number;Number of Internet service providers (ISPs);;;120;JPN;Japan;57;2022;;;Number of Internet Service Providers (ISP)
19174;tpInternetConn_Providers_Number;Number of Internet service providers (ISPs);;;120;JPN;Japan;55;2023;Number of Internet Service Providers with more than 50,000 subscribers;;Number of Internet Service Providers (ISP)
19174;tpInternetConn_Providers_Number;Number of Internet service providers (ISPs);;;120;JPN;Japan;55;2024;Number of Interenet Service Providers with more than 50,000 subscribers;;Number of Internet Service Providers (ISP)
19174;tpInternetConn_Providers_Number;Number of Internet service providers (ISPs);;;124;JOR;Jordan;14;2018;;;Number of Internet Service Providers (ISP)
19174;tpInternetConn_Providers_Number;Number of Internet service providers (ISPs);;;124;JOR;Jordan;14;2019;;;Number of Internet Service Providers (ISP)
19174;tpInternetConn_Providers_Number;Number of Internet service providers (ISPs);;;124;JOR;Jordan;14;2021;;;Number of Internet Service Providers (ISP)
19174;tpInternetConn_Providers_Number;Number of Internet service providers (ISPs);;;124;JOR;Jordan;14;2022;;;Number of Internet Service Providers (ISP)
19174;tpInternetConn_Providers_Number;Number of Internet service providers (ISPs);;;124;JOR;Jordan;12;2024;;;Number of Internet Service Providers (ISP)
19174;tpInternetConn_Providers_Number;Number of Internet service providers (ISPs);;;125;KEN;Kenya;108;2014;;;Number of Internet Service Providers (ISP)
19174;tpInternetConn_Providers_Number;Number of Internet service providers (ISPs);;;125;KEN;Kenya;20;2019;;;Number of Internet Service Providers (ISP)
19174;tpInternetConn_Providers_Number;Number of Internet service providers (ISPs);;;125;KEN;Kenya;387;2021;;;Number of Internet Service Providers (ISP)
19174;tpInternetConn_Providers_Number;Number of Internet service providers (ISPs);;;127;KIR;Kiribati;6;2021;;;Number of Internet Service Providers (ISP)
19174;tpInternetConn_Providers_Number;Number of Internet service providers (ISPs);;;130;KWT;Kuwait;6;2017;;;Number of Internet Service Providers (ISP)
19174;tpInternetConn_Providers_Number;Number of Internet service providers (ISPs);;;130;KWT;Kuwait;6;2018;;;Number of Internet Service Providers (ISP)
19174;tpInternetConn_Providers_Number;Number of Internet service providers (ISPs);;;130;KWT;Kuwait;5;2019;;;Number of Internet Service Providers (ISP)
19174;tpInternetConn_Providers_Number;Number of Internet service providers (ISPs);;;130;KWT;Kuwait;5;2020;;;Number of Internet Service Providers (ISP)
19174;tpInternetConn_Providers_Number;Number of Internet service providers (ISPs);;;130;KWT;Kuwait;5;2021;;;Number of Internet Service Providers (ISP)
19174;tpInternetConn_Providers_Number;Number of Internet service providers (ISPs);;;130;KWT;Kuwait;5;2022;;;Number of Internet Service Providers (ISP)
19174;tpInternetConn_Providers_Number;Number of Internet service providers (ISPs);;;130;KWT;Kuwait;5;2023;;;Number of Internet Service Providers (ISP)
19174;tpInternetConn_Providers_Number;Number of Internet service providers (ISPs);;;130;KWT;Kuwait;5;2024;;;Number of Internet Service Providers (ISP)
19174;tpInternetConn_Providers_Number;Number of Internet service providers (ISPs);;;131;LAO;Lao P.D.R.;5;2020;;;Number of Internet Service Providers (ISP)
19174;tpInternetConn_Providers_Number;Number of Internet service providers (ISPs);;;132;LBN;Lebanon;20;2021;;;Number of Internet Service Providers (ISP)
19174;tpInternetConn_Providers_Number;Number of Internet service providers (ISPs);;;133;LBR;Liberia;8;2018;;;Number of Internet Service Providers (ISP)
19174;tpInternetConn_Providers_Number;Number of Internet service providers (ISPs);;;133;LBR;Liberia;8;2021;;;Number of Internet Service Providers (ISP)
19174;tpInternetConn_Providers_Number;Number of Internet service providers (ISPs);;;133;LBR;Liberia;8;2022;;;Number of Internet Service Providers (ISP)
19174;tpInternetConn_Providers_Number;Number of Internet service providers (ISPs);;;133;LBR;Liberia;8;2023;;;Number of Internet Service Providers (ISP)
19174;tpInternetConn_Providers_Number;Number of Internet service providers (ISPs);;;134;LBY;Libya;72;2017;;;Number of Internet Service Providers (ISP)
19174;tpInternetConn_Providers_Number;Number of Internet service providers (ISPs);;;135;LCA;Saint Lucia;2;2015;;;Number of Internet Service Providers (ISP)
19174;tpInternetConn_Providers_Number;Number of Internet service providers (ISPs);;;135;LCA;Saint Lucia;2;2016;;;Number of Internet Service Providers (ISP)
19174;tpInternetConn_Providers_Number;Number of Internet service providers (ISPs);;;135;LCA;Saint Lucia;2;2017;;;Number of Internet Service Providers (ISP)
19174;tpInternetConn_Providers_Number;Number of Internet service providers (ISPs);;;135;LCA;Saint Lucia;1;2018;;;Number of Internet Service Providers (ISP)
19174;tpInternetConn_Providers_Number;Number of Internet service providers (ISPs);;;135;LCA;Saint Lucia;1;2019;;;Number of Internet Service Providers (ISP)
19174;tpInternetConn_Providers_Number;Number of Internet service providers (ISPs);;;135;LCA;Saint Lucia;2;2020;;;Number of Internet Service Providers (ISP)
19174;tpInternetConn_Providers_Number;Number of Internet service providers (ISPs);;;135;LCA;Saint Lucia;2;2022;;;Number of Internet Service Providers (ISP)
19174;tpInternetConn_Providers_Number;Number of Internet service providers (ISPs);;;135;LCA;Saint Lucia;2;2023;;;Number of Internet Service Providers (ISP)
19174;tpInternetConn_Providers_Number;Number of Internet service providers (ISPs);;;135;LCA;Saint Lucia;2;2024;;;Number of Internet Service Providers (ISP)
19174;tpInternetConn_Providers_Number;Number of Internet service providers (ISPs);;;136;LIE;Liechtenstein;10;2014;;;Number of Internet Service Providers (ISP)
19174;tpInternetConn_Providers_Number;Number of Internet service providers (ISPs);;;136;LIE;Liechtenstein;10;2015;;;Number of Internet Service Providers (ISP)
19174;tpInternetConn_Providers_Number;Number of Internet service providers (ISPs);;;136;LIE;Liechtenstein;10;2016;;;Number of Internet Service Providers (ISP)
19174;tpInternetConn_Providers_Number;Number of Internet service providers (ISPs);;;136;LIE;Liechtenstein;10;2017;;;Number of Internet Service Providers (ISP)
19174;tpInternetConn_Providers_Number;Number of Internet service providers (ISPs);;;136;LIE;Liechtenstein;10;2018;;;Number of Internet Service Providers (ISP)
19174;tpInternetConn_Providers_Number;Number of Internet service providers (ISPs);;;136;LIE;Liechtenstein;10;2019;;;Number of Internet Service Providers (ISP)
19174;tpInternetConn_Providers_Number;Number of Internet service providers (ISPs);;;136;LIE;Liechtenstein;10;2020;;;Number of Internet Service Providers (ISP)
19174;tpInternetConn_Providers_Number;Number of Internet service providers (ISPs);;;136;LIE;Liechtenstein;10;2021;;;Number of Internet Service Providers (ISP)
19174;tpInternetConn_Providers_Number;Number of Internet service providers (ISPs);;;136;LIE;Liechtenstein;10;2022;;;Number of Internet Service Providers (ISP)
19174;tpInternetConn_Providers_Number;Number of Internet service providers (ISPs);;;136;LIE;Liechtenstein;10;2023;;;Number of Internet Service Providers (ISP)
19174;tpInternetConn_Providers_Number;Number of Internet service providers (ISPs);;;136;LIE;Liechtenstein;10;2024;;;Number of Internet Service Providers (ISP)
19174;tpInternetConn_Providers_Number;Number of Internet service providers (ISPs);;;137;LSO;Lesotho;5;2014;;;Number of Internet Service Providers (ISP)
19174;tpInternetConn_Providers_Number;Number of Internet service providers (ISPs);;;137;LSO;Lesotho;5;2015;;;Number of Internet Service Providers (ISP)
19174;tpInternetConn_Providers_Number;Number of Internet service providers (ISPs);;;137;LSO;Lesotho;4;2016;;;Number of Internet Service Providers (ISP)
19174;tpInternetConn_Providers_Number;Number of Internet service providers (ISPs);;;137;LSO;Lesotho;4;2017;;;Number of Internet Service Providers (ISP)
19174;tpInternetConn_Providers_Number;Number of Internet service providers (ISPs);;;137;LSO;Lesotho;4;2018;;;Number of Internet Service Providers (ISP)
19174;tpInternetConn_Providers_Number;Number of Internet service providers (ISPs);;;137;LSO;Lesotho;2;2020;The ISPs are licensed as Network Services Providers;;Number of Internet Service Providers (ISP)
19174;tpInternetConn_Providers_Number;Number of Internet service providers (ISPs);;;137;LSO;Lesotho;4;2021;;;Number of Internet Service Providers (ISP)
19174;tpInternetConn_Providers_Number;Number of Internet service providers (ISPs);;;137;LSO;Lesotho;5;2023;;;Number of Internet Service Providers (ISP)
19174;tpInternetConn_Providers_Number;Number of Internet service providers (ISPs);;;138;LTU;Lithuania;98;2016;;;Number of Internet Service Providers (ISP)
19174;tpInternetConn_Providers_Number;Number of Internet service providers (ISPs);;;138;LTU;Lithuania;98;2017;;;Number of Internet Service Providers (ISP)
19174;tpInternetConn_Providers_Number;Number of Internet service providers (ISPs);;;138;LTU;Lithuania;98;2018;;;Number of Internet Service Providers (ISP)
19174;tpInternetConn_Providers_Number;Number of Internet service providers (ISPs);;;138;LTU;Lithuania;89;2019;;;Number of Internet Service Providers (ISP)
19174;tpInternetConn_Providers_Number;Number of Internet service providers (ISPs);;;138;LTU;Lithuania;81;2020;;;Number of Internet Service Providers (ISP)
19174;tpInternetConn_Providers_Number;Number of Internet service providers (ISPs);;;138;LTU;Lithuania;82;2021;;;Number of Internet Service Providers (ISP)
19174;tpInternetConn_Providers_Number;Number of Internet service providers (ISPs);;;138;LTU;Lithuania;98;2022;;;Number of Internet Service Providers (ISP)
19174;tpInternetConn_Providers_Number;Number of Internet service providers (ISPs);;;138;LTU;Lithuania;93;2023;;;Number of Internet Service Providers (ISP)
19174;tpInternetConn_Providers_Number;Number of Internet service providers (ISPs);;;138;LTU;Lithuania;93;2024;;;Number of Internet Service Providers (ISP)
19174;tpInternetConn_Providers_Number;Number of Internet service providers (ISPs);;;139;LUX;Luxembourg;15;2017;;;Number of Internet Service Providers (ISP)
19174;tpInternetConn_Providers_Number;Number of Internet service providers (ISPs);;;140;LVA;Latvia;210;2014;;;Number of Internet Service Providers (ISP)
19174;tpInternetConn_Providers_Number;Number of Internet service providers (ISPs);;;140;LVA;Latvia;250;2015;;;Number of Internet Service Providers (ISP)
19174;tpInternetConn_Providers_Number;Number of Internet service providers (ISPs);;;140;LVA;Latvia;210;2016;;;Number of Internet Service Providers (ISP)
19174;tpInternetConn_Providers_Number;Number of Internet service providers (ISPs);;;140;LVA;Latvia;200;2017;;;Number of Internet Service Providers (ISP)
19174;tpInternetConn_Providers_Number;Number of Internet service providers (ISPs);;;140;LVA;Latvia;180;2018;;;Number of Internet Service Providers (ISP)
19174;tpInternetConn_Providers_Number;Number of Internet service providers (ISPs);;;140;LVA;Latvia;180;2019;;;Number of Internet Service Providers (ISP)
19174;tpInternetConn_Providers_Number;Number of Internet service providers (ISPs);;;141;MAC;Macao, China;19;2014;;;Number of Internet Service Providers (ISP)
19174;tpInternetConn_Providers_Number;Number of Internet service providers (ISPs);;;141;MAC;Macao, China;20;2015;;;Number of Internet Service Providers (ISP)
19174;tpInternetConn_Providers_Number;Number of Internet service providers (ISPs);;;141;MAC;Macao, China;20;2016;;;Number of Internet Service Providers (ISP)
19174;tpInternetConn_Providers_Number;Number of Internet service providers (ISPs);;;142;MUS;Mauritius;11;2014;These refer to ISPs which are operational and provide service to the public;;Number of Internet Service Providers (ISP)
19174;tpInternetConn_Providers_Number;Number of Internet service providers (ISPs);;;142;MUS;Mauritius;18;2018;;;Number of Internet Service Providers (ISP)
19174;tpInternetConn_Providers_Number;Number of Internet service providers (ISPs);;;142;MUS;Mauritius;15;2019;;;Number of Internet Service Providers (ISP)
19174;tpInternetConn_Providers_Number;Number of Internet service providers (ISPs);;;142;MUS;Mauritius;16;2020;;;Number of Internet Service Providers (ISP)
19174;tpInternetConn_Providers_Number;Number of Internet service providers (ISPs);;;142;MUS;Mauritius;15;2021;;;Number of Internet Service Providers (ISP)
19174;tpInternetConn_Providers_Number;Number of Internet service providers (ISPs);;;142;MUS;Mauritius;15;2022;15;;Number of Internet Service Providers (ISP)
19174;tpInternetConn_Providers_Number;Number of Internet service providers (ISPs);;;142;MUS;Mauritius;13;2023;;;Number of Internet Service Providers (ISP)
19174;tpInternetConn_Providers_Number;Number of Internet service providers (ISPs);;;142;MUS;Mauritius;11;2024;;;Number of Internet Service Providers (ISP)
19174;tpInternetConn_Providers_Number;Number of Internet service providers (ISPs);;;144;MDG;Madagascar;5;2016;;;Number of Internet Service Providers (ISP)
19174;tpInternetConn_Providers_Number;Number of Internet service providers (ISPs);;;144;MDG;Madagascar;6;2017;;;Number of Internet Service Providers (ISP)
19174;tpInternetConn_Providers_Number;Number of Internet service providers (ISPs);;;144;MDG;Madagascar;6;2018;;;Number of Internet Service Providers (ISP)
19174;tpInternetConn_Providers_Number;Number of Internet service providers (ISPs);;;144;MDG;Madagascar;4;2019;;;Number of Internet Service Providers (ISP)
19174;tpInternetConn_Providers_Number;Number of Internet service providers (ISPs);;;144;MDG;Madagascar;4;2020;;;Number of Internet Service Providers (ISP)
19174;tpInternetConn_Providers_Number;Number of Internet service providers (ISPs);;;144;MDG;Madagascar;4;2021;;;Number of Internet Service Providers (ISP)
19174;tpInternetConn_Providers_Number;Number of Internet service providers (ISPs);;;144;MDG;Madagascar;4;2022;;;Number of Internet Service Providers (ISP)
19174;tpInternetConn_Providers_Number;Number of Internet service providers (ISPs);;;144;MDG;Madagascar;5;2023;;;Number of Internet Service Providers (ISP)
19174;tpInternetConn_Providers_Number;Number of Internet service providers (ISPs);;;144;MDG;Madagascar;5;2024;;;Number of Internet Service Providers (ISP)
19174;tpInternetConn_Providers_Number;Number of Internet service providers (ISPs);;;147;MEX;Mexico;13;2019;;;Number of Internet Service Providers (ISP)
19174;tpInternetConn_Providers_Number;Number of Internet service providers (ISPs);;;147;MEX;Mexico;13;2021;;;Number of Internet Service Providers (ISP)
19174;tpInternetConn_Providers_Number;Number of Internet service providers (ISPs);;;147;MEX;Mexico;13;2022;;;Number of Internet Service Providers (ISP)
19174;tpInternetConn_Providers_Number;Number of Internet service providers (ISPs);;;147;MEX;Mexico;13;2023;;;Number of Internet Service Providers (ISP)
19174;tpInternetConn_Providers_Number;Number of Internet service providers (ISPs);;;147;MEX;Mexico;13;2024;;;Number of Internet Service Providers (ISP)
19174;tpInternetConn_Providers_Number;Number of Internet service providers (ISPs);;;148;MYS;Malaysia;233;2016;;;Number of Internet Service Providers (ISP)
19174;tpInternetConn_Providers_Number;Number of Internet service providers (ISPs);;;148;MYS;Malaysia;214;2017;;;Number of Internet Service Providers (ISP)
19174;tpInternetConn_Providers_Number;Number of Internet service providers (ISPs);;;148;MYS;Malaysia;219;2018;;;Number of Internet Service Providers (ISP)
19174;tpInternetConn_Providers_Number;Number of Internet service providers (ISPs);;;149;MDV;Maldives;3;2022;;;Number of Internet Service Providers (ISP)
19174;tpInternetConn_Providers_Number;Number of Internet service providers (ISPs);;;149;MDV;Maldives;4;2024;;;Number of Internet Service Providers (ISP)
19174;tpInternetConn_Providers_Number;Number of Internet service providers (ISPs);;;150;MLI;Mali;4;2016;;;Number of Internet Service Providers (ISP)
19174;tpInternetConn_Providers_Number;Number of Internet service providers (ISPs);;;150;MLI;Mali;4;2017;;;Number of Internet Service Providers (ISP)
19174;tpInternetConn_Providers_Number;Number of Internet service providers (ISPs);;;150;MLI;Mali;10;2018;;;Number of Internet Service Providers (ISP)
19174;tpInternetConn_Providers_Number;Number of Internet service providers (ISPs);;;150;MLI;Mali;12;2019;;;Number of Internet Service Providers (ISP)
19174;tpInternetConn_Providers_Number;Number of Internet service providers (ISPs);;;150;MLI;Mali;6;2020;La concurrence déloyale des opérateurs dominants a occasionné la fermeture de plusieurs FAI. C'est pourquoi le régulation a jugé nécessaire de prendre une décision pour obliger les opérateurs ? ouvrir leurs installation aux FAI.;;Number of Internet Service Providers (ISP)
19174;tpInternetConn_Providers_Number;Number of Internet service providers (ISPs);;;150;MLI;Mali;3;2022;;;Number of Internet Service Providers (ISP)
19174;tpInternetConn_Providers_Number;Number of Internet service providers (ISPs);;;150;MLI;Mali;3;2023;;;Number of Internet Service Providers (ISP)
19174;tpInternetConn_Providers_Number;Number of Internet service providers (ISPs);;;151;MLT;Malta;10;2014;;;Number of Internet Service Providers (ISP)
19174;tpInternetConn_Providers_Number;Number of Internet service providers (ISPs);;;151;MLT;Malta;10;2016;;;Number of Internet Service Providers (ISP)
19174;tpInternetConn_Providers_Number;Number of Internet service providers (ISPs);;;151;MLT;Malta;10;2017;;;Number of Internet Service Providers (ISP)
19174;tpInternetConn_Providers_Number;Number of Internet service providers (ISPs);;;151;MLT;Malta;10;2018;;;Number of Internet Service Providers (ISP)
19174;tpInternetConn_Providers_Number;Number of Internet service providers (ISPs);;;151;MLT;Malta;5;2019;;;Number of Internet Service Providers (ISP)
19174;tpInternetConn_Providers_Number;Number of Internet service providers (ISPs);;;151;MLT;Malta;5;2020;;;Number of Internet Service Providers (ISP)
19174;tpInternetConn_Providers_Number;Number of Internet service providers (ISPs);;;151;MLT;Malta;4;2021;;;Number of Internet Service Providers (ISP)
19174;tpInternetConn_Providers_Number;Number of Internet service providers (ISPs);;;151;MLT;Malta;4;2022;;;Number of Internet Service Providers (ISP)
19174;tpInternetConn_Providers_Number;Number of Internet service providers (ISPs);;;151;MLT;Malta;3;2023;;;Number of Internet Service Providers (ISP)
19174;tpInternetConn_Providers_Number;Number of Internet service providers (ISPs);;;151;MLT;Malta;3;2024;;;Number of Internet Service Providers (ISP)
19174;tpInternetConn_Providers_Number;Number of Internet service providers (ISPs);;;152;MNG;Mongolia;68;2018;;;Number of Internet Service Providers (ISP)
19174;tpInternetConn_Providers_Number;Number of Internet service providers (ISPs);;;152;MNG;Mongolia;64;2019;;;Number of Internet Service Providers (ISP)
19174;tpInternetConn_Providers_Number;Number of Internet service providers (ISPs);;;152;MNG;Mongolia;63;2020;;;Number of Internet Service Providers (ISP)
19174;tpInternetConn_Providers_Number;Number of Internet service providers (ISPs);;;152;MNG;Mongolia;64;2021;;;Number of Internet Service Providers (ISP)
19174;tpInternetConn_Providers_Number;Number of Internet service providers (ISPs);;;152;MNG;Mongolia;67;2022;;;Number of Internet Service Providers (ISP)
19174;tpInternetConn_Providers_Number;Number of Internet service providers (ISPs);;;152;MNG;Mongolia;63;2023;;;Number of Internet Service Providers (ISP)
19174;tpInternetConn_Providers_Number;Number of Internet service providers (ISPs);;;152;MNG;Mongolia;60;2024;;;Number of Internet Service Providers (ISP)
19174;tpInternetConn_Providers_Number;Number of Internet service providers (ISPs);;;153;MOZ;Mozambique;27;2014;;;Number of Internet Service Providers (ISP)
19174;tpInternetConn_Providers_Number;Number of Internet service providers (ISPs);;;153;MOZ;Mozambique;32;2015;;;Number of Internet Service Providers (ISP)
19174;tpInternetConn_Providers_Number;Number of Internet service providers (ISPs);;;153;MOZ;Mozambique;36;2016;;;Number of Internet Service Providers (ISP)
19174;tpInternetConn_Providers_Number;Number of Internet service providers (ISPs);;;153;MOZ;Mozambique;37;2017;;;Number of Internet Service Providers (ISP)
19174;tpInternetConn_Providers_Number;Number of Internet service providers (ISPs);;;153;MOZ;Mozambique;25;2019;;;Number of Internet Service Providers (ISP)
19174;tpInternetConn_Providers_Number;Number of Internet service providers (ISPs);;;153;MOZ;Mozambique;30;2020;;;Number of Internet Service Providers (ISP)
19174;tpInternetConn_Providers_Number;Number of Internet service providers (ISPs);;;153;MOZ;Mozambique;57;2021;;;Number of Internet Service Providers (ISP)
19174;tpInternetConn_Providers_Number;Number of Internet service providers (ISPs);;;155;MAR;Morocco;3;2016;;;Number of Internet Service Providers (ISP)
19174;tpInternetConn_Providers_Number;Number of Internet service providers (ISPs);;;155;MAR;Morocco;3;2017;;;Number of Internet Service Providers (ISP)
19174;tpInternetConn_Providers_Number;Number of Internet service providers (ISPs);;;155;MAR;Morocco;3;2018;;;Number of Internet Service Providers (ISP)
19174;tpInternetConn_Providers_Number;Number of Internet service providers (ISPs);;;155;MAR;Morocco;3;2019;;;Number of Internet Service Providers (ISP)
19174;tpInternetConn_Providers_Number;Number of Internet service providers (ISPs);;;156;MHL;Marshall Islands;1;2014;;;Number of Internet Service Providers (ISP)
19174;tpInternetConn_Providers_Number;Number of Internet service providers (ISPs);;;160;MRT;Mauritania;0;2016;;;Number of Internet Service Providers (ISP)
19174;tpInternetConn_Providers_Number;Number of Internet service providers (ISPs);;;160;MRT;Mauritania;0;2017;;;Number of Internet Service Providers (ISP)
19174;tpInternetConn_Providers_Number;Number of Internet service providers (ISPs);;;160;MRT;Mauritania;0;2018;;;Number of Internet Service Providers (ISP)
19174;tpInternetConn_Providers_Number;Number of Internet service providers (ISPs);;;160;MRT;Mauritania;0;2019;;;Number of Internet Service Providers (ISP)
19174;tpInternetConn_Providers_Number;Number of Internet service providers (ISPs);;;160;MRT;Mauritania;3;2020;;;Number of Internet Service Providers (ISP)
19174;tpInternetConn_Providers_Number;Number of Internet service providers (ISPs);;;160;MRT;Mauritania;5;2022;;;Number of Internet Service Providers (ISP)
19174;tpInternetConn_Providers_Number;Number of Internet service providers (ISPs);;;161;MWI;Malawi;8;2014;;;Number of Internet Service Providers (ISP)
19174;tpInternetConn_Providers_Number;Number of Internet service providers (ISPs);;;161;MWI;Malawi;41;2016;;;Number of Internet Service Providers (ISP)
19174;tpInternetConn_Providers_Number;Number of Internet service providers (ISPs);;;161;MWI;Malawi;41;2017;;;Number of Internet Service Providers (ISP)
19174;tpInternetConn_Providers_Number;Number of Internet service providers (ISPs);;;161;MWI;Malawi;43;2018;;;Number of Internet Service Providers (ISP)
19174;tpInternetConn_Providers_Number;Number of Internet service providers (ISPs);;;161;MWI;Malawi;43;2019;43 are licenced but 28 are operational;;Number of Internet Service Providers (ISP)
19174;tpInternetConn_Providers_Number;Number of Internet service providers (ISPs);;;161;MWI;Malawi;19;2021;;;Number of Internet Service Providers (ISP)
19174;tpInternetConn_Providers_Number;Number of Internet service providers (ISPs);;;163;NIC;Nicaragua;29;2016;;;Number of Internet Service Providers (ISP)
19174;tpInternetConn_Providers_Number;Number of Internet service providers (ISPs);;;163;NIC;Nicaragua;30;2021;;;Number of Internet Service Providers (ISP)
19174;tpInternetConn_Providers_Number;Number of Internet service providers (ISPs);;;163;NIC;Nicaragua;34;2023;;;Number of Internet Service Providers (ISP)
19174;tpInternetConn_Providers_Number;Number of Internet service providers (ISPs);;;163;NIC;Nicaragua;42;2024;;;Number of Internet Service Providers (ISP)
19174;tpInternetConn_Providers_Number;Number of Internet service providers (ISPs);;;166;NER;Niger;8;2014;;;Number of Internet Service Providers (ISP)
19174;tpInternetConn_Providers_Number;Number of Internet service providers (ISPs);;;167;NGA;Nigeria;100;2019;;;Number of Internet Service Providers (ISP)
19174;tpInternetConn_Providers_Number;Number of Internet service providers (ISPs);;;169;NAM;Namibia;13;2015;;;Number of Internet Service Providers (ISP)
19174;tpInternetConn_Providers_Number;Number of Internet service providers (ISPs);;;169;NAM;Namibia;16;2016;;;Number of Internet Service Providers (ISP)
19174;tpInternetConn_Providers_Number;Number of Internet service providers (ISPs);;;169;NAM;Namibia;16;2017;;;Number of Internet Service Providers (ISP)
19174;tpInternetConn_Providers_Number;Number of Internet service providers (ISPs);;;169;NAM;Namibia;16;2018;;;Number of Internet Service Providers (ISP)
19174;tpInternetConn_Providers_Number;Number of Internet service providers (ISPs);;;169;NAM;Namibia;28;2019;;;Number of Internet Service Providers (ISP)
19174;tpInternetConn_Providers_Number;Number of Internet service providers (ISPs);;;169;NAM;Namibia;28;2020;;;Number of Internet Service Providers (ISP)
19174;tpInternetConn_Providers_Number;Number of Internet service providers (ISPs);;;169;NAM;Namibia;28;2021;;;Number of Internet Service Providers (ISP)
19174;tpInternetConn_Providers_Number;Number of Internet service providers (ISPs);;;169;NAM;Namibia;46;2022;;;Number of Internet Service Providers (ISP)
19174;tpInternetConn_Providers_Number;Number of Internet service providers (ISPs);;;169;NAM;Namibia;51;2023;;;Number of Internet Service Providers (ISP)
19174;tpInternetConn_Providers_Number;Number of Internet service providers (ISPs);;;169;NAM;Namibia;50;2024;;;Number of Internet Service Providers (ISP)
19174;tpInternetConn_Providers_Number;Number of Internet service providers (ISPs);;;170;NOR;Norway;150;2014;;;Number of Internet Service Providers (ISP)
19174;tpInternetConn_Providers_Number;Number of Internet service providers (ISPs);;;170;NOR;Norway;150;2015;Approximately;;Number of Internet Service Providers (ISP)
19174;tpInternetConn_Providers_Number;Number of Internet service providers (ISPs);;;170;NOR;Norway;140;2016;;;Number of Internet Service Providers (ISP)
19174;tpInternetConn_Providers_Number;Number of Internet service providers (ISPs);;;170;NOR;Norway;140;2017;;;Number of Internet Service Providers (ISP)
19174;tpInternetConn_Providers_Number;Number of Internet service providers (ISPs);;;170;NOR;Norway;140;2018;;;Number of Internet Service Providers (ISP)
19174;tpInternetConn_Providers_Number;Number of Internet service providers (ISPs);;;170;NOR;Norway;140;2019;;;Number of Internet Service Providers (ISP)
19174;tpInternetConn_Providers_Number;Number of Internet service providers (ISPs);;;170;NOR;Norway;140;2020;;;Number of Internet Service Providers (ISP)
19174;tpInternetConn_Providers_Number;Number of Internet service providers (ISPs);;;170;NOR;Norway;140;2021;;;Number of Internet Service Providers (ISP)
19174;tpInternetConn_Providers_Number;Number of Internet service providers (ISPs);;;170;NOR;Norway;140;2022;;;Number of Internet Service Providers (ISP)
19174;tpInternetConn_Providers_Number;Number of Internet service providers (ISPs);;;170;NOR;Norway;125;2023;;;Number of Internet Service Providers (ISP)
19174;tpInternetConn_Providers_Number;Number of Internet service providers (ISPs);;;170;NOR;Norway;110;2024;;;Number of Internet Service Providers (ISP)
19174;tpInternetConn_Providers_Number;Number of Internet service providers (ISPs);;;171;NPL;Nepal (Republic of);84;2017;;;Number of Internet Service Providers (ISP)
19174;tpInternetConn_Providers_Number;Number of Internet service providers (ISPs);;;171;NPL;Nepal (Republic of);96;2018;;;Number of Internet Service Providers (ISP)
19174;tpInternetConn_Providers_Number;Number of Internet service providers (ISPs);;;171;NPL;Nepal (Republic of);1;2020;;;Number of Internet Service Providers (ISP)
19174;tpInternetConn_Providers_Number;Number of Internet service providers (ISPs);;;171;NPL;Nepal (Republic of);1;2021;;;Number of Internet Service Providers (ISP)
19174;tpInternetConn_Providers_Number;Number of Internet service providers (ISPs);;;171;NPL;Nepal (Republic of);138;2022;;;Number of Internet Service Providers (ISP)
19174;tpInternetConn_Providers_Number;Number of Internet service providers (ISPs);;;173;NZL;New Zealand;50;2014;;;Number of Internet Service Providers (ISP)
19174;tpInternetConn_Providers_Number;Number of Internet service providers (ISPs);;;173;NZL;New Zealand;80;2015;;;Number of Internet Service Providers (ISP)
19174;tpInternetConn_Providers_Number;Number of Internet service providers (ISPs);;;173;NZL;New Zealand;133;2017;;;Number of Internet Service Providers (ISP)
19174;tpInternetConn_Providers_Number;Number of Internet service providers (ISPs);;;173;NZL;New Zealand;133;2018;;;Number of Internet Service Providers (ISP)
19174;tpInternetConn_Providers_Number;Number of Internet service providers (ISPs);;;173;NZL;New Zealand;142;2019;;;Number of Internet Service Providers (ISP)
19174;tpInternetConn_Providers_Number;Number of Internet service providers (ISPs);;;173;NZL;New Zealand;142;2020;;;Number of Internet Service Providers (ISP)
19174;tpInternetConn_Providers_Number;Number of Internet service providers (ISPs);;;173;NZL;New Zealand;142;2021;;;Number of Internet Service Providers (ISP)
19174;tpInternetConn_Providers_Number;Number of Internet service providers (ISPs);;;176;OMN;Oman;2;2014;;;Number of Internet Service Providers (ISP)
19174;tpInternetConn_Providers_Number;Number of Internet service providers (ISPs);;;176;OMN;Oman;3;2016;;;Number of Internet Service Providers (ISP)
19174;tpInternetConn_Providers_Number;Number of Internet service providers (ISPs);;;176;OMN;Oman;3;2017;;;Number of Internet Service Providers (ISP)
19174;tpInternetConn_Providers_Number;Number of Internet service providers (ISPs);;;176;OMN;Oman;3;2018;;;Number of Internet Service Providers (ISP)
19174;tpInternetConn_Providers_Number;Number of Internet service providers (ISPs);;;176;OMN;Oman;3;2019;;;Number of Internet Service Providers (ISP)
19174;tpInternetConn_Providers_Number;Number of Internet service providers (ISPs);;;176;OMN;Oman;3;2020;;;Number of Internet Service Providers (ISP)
19174;tpInternetConn_Providers_Number;Number of Internet service providers (ISPs);;;176;OMN;Oman;3;2021;;;Number of Internet Service Providers (ISP)
19174;tpInternetConn_Providers_Number;Number of Internet service providers (ISPs);;;176;OMN;Oman;3;2022;;;Number of Internet Service Providers (ISP)
19174;tpInternetConn_Providers_Number;Number of Internet service providers (ISPs);;;176;OMN;Oman;3;2023;;;Number of Internet Service Providers (ISP)
19174;tpInternetConn_Providers_Number;Number of Internet service providers (ISPs);;;176;OMN;Oman;5;2024;;;Number of Internet Service Providers (ISP)
19174;tpInternetConn_Providers_Number;Number of Internet service providers (ISPs);;;182;PAK;Pakistan;297;2019;;;Number of Internet Service Providers (ISP)
19174;tpInternetConn_Providers_Number;Number of Internet service providers (ISPs);;;182;PAK;Pakistan;270;2020;;;Number of Internet Service Providers (ISP)
19174;tpInternetConn_Providers_Number;Number of Internet service providers (ISPs);;;182;PAK;Pakistan;184;2021;;;Number of Internet Service Providers (ISP)
19174;tpInternetConn_Providers_Number;Number of Internet service providers (ISPs);;;182;PAK;Pakistan;310;2022;(310 Companies are considered not License);;Number of Internet Service Providers (ISP)
19174;tpInternetConn_Providers_Number;Number of Internet service providers (ISPs);;;184;PHL;Philippines;927;2024;;;Number of Internet Service Providers (ISP)
19174;tpInternetConn_Providers_Number;Number of Internet service providers (ISPs);;;188;PNG;Papua New Guinea;21;2018;;;Number of Internet Service Providers (ISP)
19174;tpInternetConn_Providers_Number;Number of Internet service providers (ISPs);;;189;PAN;Panama;26;2016;;;Number of Internet Service Providers (ISP)
19174;tpInternetConn_Providers_Number;Number of Internet service providers (ISPs);;;189;PAN;Panama;28;2017;;;Number of Internet Service Providers (ISP)
19174;tpInternetConn_Providers_Number;Number of Internet service providers (ISPs);;;189;PAN;Panama;36;2018;36 PROVEDORES VIGENTES OPERANDO;;Number of Internet Service Providers (ISP)
19174;tpInternetConn_Providers_Number;Number of Internet service providers (ISPs);;;189;PAN;Panama;40;2019;;;Number of Internet Service Providers (ISP)
19174;tpInternetConn_Providers_Number;Number of Internet service providers (ISPs);;;189;PAN;Panama;40;2020;;;Number of Internet Service Providers (ISP)
19174;tpInternetConn_Providers_Number;Number of Internet service providers (ISPs);;;189;PAN;Panama;38;2021;;;Number of Internet Service Providers (ISP)
19174;tpInternetConn_Providers_Number;Number of Internet service providers (ISPs);;;189;PAN;Panama;43;2022;;;Number of Internet Service Providers (ISP)
19174;tpInternetConn_Providers_Number;Number of Internet service providers (ISPs);;;189;PAN;Panama;49;2023;;;Number of Internet Service Providers (ISP)
19174;tpInternetConn_Providers_Number;Number of Internet service providers (ISPs);;;190;POL;Poland;2900;2022;estimated data;;Number of Internet Service Providers (ISP)
19174;tpInternetConn_Providers_Number;Number of Internet service providers (ISPs);;;190;POL;Poland;2900;2023;;;Number of Internet Service Providers (ISP)
19174;tpInternetConn_Providers_Number;Number of Internet service providers (ISPs);;;191;PRT;Portugal;6;2017;;;Number of Internet Service Providers (ISP)
19174;tpInternetConn_Providers_Number;Number of Internet service providers (ISPs);;;191;PRT;Portugal;6;2018;;;Number of Internet Service Providers (ISP)
19174;tpInternetConn_Providers_Number;Number of Internet service providers (ISPs);;;191;PRT;Portugal;6;2019;;;Number of Internet Service Providers (ISP)
19174;tpInternetConn_Providers_Number;Number of Internet service providers (ISPs);;;191;PRT;Portugal;44;2021;44 providers registered at ANACOM in activity (one of them only provide mobile access to Internet and two of them only provide access to Internet in cars) - https://www.anacom.pt/streaming/SAI_PrestadoresAtividade1T2020.pdf?contentId=1534163&field=ATTACHED_FILE;;Number of Internet Service Providers (ISP)
19174;tpInternetConn_Providers_Number;Number of Internet service providers (ISPs);;;191;PRT;Portugal;56;2022;There are 49 fixed Internet broadband access providers registered at ANACOM in activity in the second quarter of 2022 (retail and wholesale offer). There are 7 mobile Internet broadband access providers. There are providers that provide access to Internet in cars only. More detailed information in the following link: https://www.anacom.pt/render.jsp?categoryId=340571&languageId=1;;Number of Internet Service Providers (ISP)
19174;tpInternetConn_Providers_Number;Number of Internet service providers (ISPs);;;191;PRT;Portugal;69;2023;There are 69 fixed Internet broadband access providers registered at ANACOM in activity as of end of June of 2023. Of these, only 51 are active. More detailed information in the following link: https://www.anacom.pt/render.jsp?categoryId=340571&languageId=1;;Number of Internet Service Providers (ISP)
19174;tpInternetConn_Providers_Number;Number of Internet service providers (ISPs);;;191;PRT;Portugal;69;2024;There are 69 fixed Internet broadband access providers registered at ANACOM in activity as of end of June of 2023. Of these, only 51 are active. More detailed information in the following link: https://www.anacom.pt/render.jsp?categoryId=340571&languageId=1;;Number of Internet Service Providers (ISP)
19174;tpInternetConn_Providers_Number;Number of Internet service providers (ISPs);;;192;PRY;Paraguay;38;2014;;;Number of Internet Service Providers (ISP)
19174;tpInternetConn_Providers_Number;Number of Internet service providers (ISPs);;;192;PRY;Paraguay;38;2016;5 (cinco) empresas representan el 98% del mercado.;;Number of Internet Service Providers (ISP)
19174;tpInternetConn_Providers_Number;Number of Internet service providers (ISPs);;;192;PRY;Paraguay;72;2017;;;Number of Internet Service Providers (ISP)
19174;tpInternetConn_Providers_Number;Number of Internet service providers (ISPs);;;192;PRY;Paraguay;93;2018;;;Number of Internet Service Providers (ISP)
19174;tpInternetConn_Providers_Number;Number of Internet service providers (ISPs);;;192;PRY;Paraguay;109;2019;;;Number of Internet Service Providers (ISP)
19174;tpInternetConn_Providers_Number;Number of Internet service providers (ISPs);;;192;PRY;Paraguay;119;2021;;;Number of Internet Service Providers (ISP)
19174;tpInternetConn_Providers_Number;Number of Internet service providers (ISPs);;;192;PRY;Paraguay;220;2023;;;Number of Internet Service Providers (ISP)
19174;tpInternetConn_Providers_Number;Number of Internet service providers (ISPs);;;193;PER;Peru;25;2015;;;Number of Internet Service Providers (ISP)
19174;tpInternetConn_Providers_Number;Number of Internet service providers (ISPs);;;193;PER;Peru;25;2016;Internet Fijo: Hay 25 operadores que reportan al OSIPTEL. Solo 4 tienen más de 10mil clientes. Internet Móvil: 5 operadores. ;;Number of Internet Service Providers (ISP)
19174;tpInternetConn_Providers_Number;Number of Internet service providers (ISPs);;;193;PER;Peru;3;2017;Los operadores que brindaB el servicio de conectividad internacional son: Telxius, LANautilus (utiliza infraestructura de Level 3) y Level 3.;;Number of Internet Service Providers (ISP)
19174;tpInternetConn_Providers_Number;Number of Internet service providers (ISPs);;;193;PER;Peru;3;2018;Los operadores que brindan el servicio de conectividad internacional a Internet son: Telxius, LANautilus (utiliza infraestructura de Level 3) y Level 3.;;Number of Internet Service Providers (ISP)
19174;tpInternetConn_Providers_Number;Number of Internet service providers (ISPs);;;193;PER;Peru;30;2020;;;Number of Internet Service Providers (ISP)
19174;tpInternetConn_Providers_Number;Number of Internet service providers (ISPs);;;193;PER;Peru;55;2021;;;Number of Internet Service Providers (ISP)
19174;tpInternetConn_Providers_Number;Number of Internet service providers (ISPs);;;193;PER;Peru;55;2022;;;Number of Internet Service Providers (ISP)
19174;tpInternetConn_Providers_Number;Number of Internet service providers (ISPs);;;196;QAT;Qatar;2;2014;;;Number of Internet Service Providers (ISP)
19174;tpInternetConn_Providers_Number;Number of Internet service providers (ISPs);;;196;QAT;Qatar;2;2016;;;Number of Internet Service Providers (ISP)
19174;tpInternetConn_Providers_Number;Number of Internet service providers (ISPs);;;196;QAT;Qatar;2;2017;;;Number of Internet Service Providers (ISP)
19174;tpInternetConn_Providers_Number;Number of Internet service providers (ISPs);;;196;QAT;Qatar;2;2018;;;Number of Internet Service Providers (ISP)
19174;tpInternetConn_Providers_Number;Number of Internet service providers (ISPs);;;196;QAT;Qatar;2;2019;;;Number of Internet Service Providers (ISP)
19174;tpInternetConn_Providers_Number;Number of Internet service providers (ISPs);;;196;QAT;Qatar;2;2020;;;Number of Internet Service Providers (ISP)
19174;tpInternetConn_Providers_Number;Number of Internet service providers (ISPs);;;196;QAT;Qatar;2;2021;;;Number of Internet Service Providers (ISP)
19174;tpInternetConn_Providers_Number;Number of Internet service providers (ISPs);;;196;QAT;Qatar;2;2022;;;Number of Internet Service Providers (ISP)
19174;tpInternetConn_Providers_Number;Number of Internet service providers (ISPs);;;196;QAT;Qatar;2;2023;;;Number of Internet Service Providers (ISP)
19174;tpInternetConn_Providers_Number;Number of Internet service providers (ISPs);;;196;QAT;Qatar;2;2024;;;Number of Internet Service Providers (ISP)
19174;tpInternetConn_Providers_Number;Number of Internet service providers (ISPs);;;200;ROU;Romania;700;2016;;;Number of Internet Service Providers (ISP)
19174;tpInternetConn_Providers_Number;Number of Internet service providers (ISPs);;;200;ROU;Romania;650;2017;;;Number of Internet Service Providers (ISP)
19174;tpInternetConn_Providers_Number;Number of Internet service providers (ISPs);;;200;ROU;Romania;620;2018;;;Number of Internet Service Providers (ISP)
19174;tpInternetConn_Providers_Number;Number of Internet service providers (ISPs);;;200;ROU;Romania;430;2021;estimation;;Number of Internet Service Providers (ISP)
19174;tpInternetConn_Providers_Number;Number of Internet service providers (ISPs);;;200;ROU;Romania;408;2022;;;Number of Internet Service Providers (ISP)
19174;tpInternetConn_Providers_Number;Number of Internet service providers (ISPs);;;200;ROU;Romania;501;2023;;;Number of Internet Service Providers (ISP)
19174;tpInternetConn_Providers_Number;Number of Internet service providers (ISPs);;;200;ROU;Romania;330;2024;active providers, as of 01.01.2024;;Number of Internet Service Providers (ISP)
19174;tpInternetConn_Providers_Number;Number of Internet service providers (ISPs);;;201;RWA;Rwanda;10;2014;;;Number of Internet Service Providers (ISP)
19174;tpInternetConn_Providers_Number;Number of Internet service providers (ISPs);;;201;RWA;Rwanda;10;2015;;;Number of Internet Service Providers (ISP)
19174;tpInternetConn_Providers_Number;Number of Internet service providers (ISPs);;;201;RWA;Rwanda;11;2016;;;Number of Internet Service Providers (ISP)
19174;tpInternetConn_Providers_Number;Number of Internet service providers (ISPs);;;201;RWA;Rwanda;21;2017;;;Number of Internet Service Providers (ISP)
19174;tpInternetConn_Providers_Number;Number of Internet service providers (ISPs);;;201;RWA;Rwanda;25;2018;;;Number of Internet Service Providers (ISP)
19174;tpInternetConn_Providers_Number;Number of Internet service providers (ISPs);;;201;RWA;Rwanda;25;2019;;;Number of Internet Service Providers (ISP)
19174;tpInternetConn_Providers_Number;Number of Internet service providers (ISPs);;;201;RWA;Rwanda;27;2020;;;Number of Internet Service Providers (ISP)
19174;tpInternetConn_Providers_Number;Number of Internet service providers (ISPs);;;201;RWA;Rwanda;24;2021;;;Number of Internet Service Providers (ISP)
19174;tpInternetConn_Providers_Number;Number of Internet service providers (ISPs);;;201;RWA;Rwanda;22;2023;;;Number of Internet Service Providers (ISP)
19174;tpInternetConn_Providers_Number;Number of Internet service providers (ISPs);;;201;RWA;Rwanda;23;2024;;;Number of Internet Service Providers (ISP)
19174;tpInternetConn_Providers_Number;Number of Internet service providers (ISPs);;;202;RUS;Russian Federation;55000;2017;;;Number of Internet Service Providers (ISP)
19174;tpInternetConn_Providers_Number;Number of Internet service providers (ISPs);;;202;RUS;Russian Federation;55000;2018;;;Number of Internet Service Providers (ISP)
19174;tpInternetConn_Providers_Number;Number of Internet service providers (ISPs);;;202;RUS;Russian Federation;55000;2019;;;Number of Internet Service Providers (ISP)
19174;tpInternetConn_Providers_Number;Number of Internet service providers (ISPs);;;202;RUS;Russian Federation;7000;2020;;;Number of Internet Service Providers (ISP)
19174;tpInternetConn_Providers_Number;Number of Internet service providers (ISPs);;;202;RUS;Russian Federation;30000;2021;;;Number of Internet Service Providers (ISP)
19174;tpInternetConn_Providers_Number;Number of Internet service providers (ISPs);;;202;RUS;Russian Federation;7000;2022;;;Number of Internet Service Providers (ISP)
19174;tpInternetConn_Providers_Number;Number of Internet service providers (ISPs);;;202;RUS;Russian Federation;30000;2023;;;Number of Internet Service Providers (ISP)
19174;tpInternetConn_Providers_Number;Number of Internet service providers (ISPs);;;203;SWE;Sweden;50;2017;;;Number of Internet Service Providers (ISP)
19174;tpInternetConn_Providers_Number;Number of Internet service providers (ISPs);;;203;SWE;Sweden;50;2018;;;Number of Internet Service Providers (ISP)
19174;tpInternetConn_Providers_Number;Number of Internet service providers (ISPs);;;203;SWE;Sweden;50;2019;;;Number of Internet Service Providers (ISP)
19174;tpInternetConn_Providers_Number;Number of Internet service providers (ISPs);;;203;SWE;Sweden;50;2020;;;Number of Internet Service Providers (ISP)
19174;tpInternetConn_Providers_Number;Number of Internet service providers (ISPs);;;203;SWE;Sweden;50;2022;;;Number of Internet Service Providers (ISP)
19174;tpInternetConn_Providers_Number;Number of Internet service providers (ISPs);;;205;SDN;Sudan;6;2014;;;Number of Internet Service Providers (ISP)
19174;tpInternetConn_Providers_Number;Number of Internet service providers (ISPs);;;205;SDN;Sudan;4;2015;;;Number of Internet Service Providers (ISP)
19174;tpInternetConn_Providers_Number;Number of Internet service providers (ISPs);;;205;SDN;Sudan;6;2016;;;Number of Internet Service Providers (ISP)
19174;tpInternetConn_Providers_Number;Number of Internet service providers (ISPs);;;205;SDN;Sudan;6;2017;;;Number of Internet Service Providers (ISP)
19174;tpInternetConn_Providers_Number;Number of Internet service providers (ISPs);;;205;SDN;Sudan;6;2018;;;Number of Internet Service Providers (ISP)
19174;tpInternetConn_Providers_Number;Number of Internet service providers (ISPs);;;205;SDN;Sudan;6;2019;;;Number of Internet Service Providers (ISP)
19174;tpInternetConn_Providers_Number;Number of Internet service providers (ISPs);;;205;SDN;Sudan;9;2020;;;Number of Internet Service Providers (ISP)
19174;tpInternetConn_Providers_Number;Number of Internet service providers (ISPs);;;205;SDN;Sudan;9;2021;;;Number of Internet Service Providers (ISP)
19174;tpInternetConn_Providers_Number;Number of Internet service providers (ISPs);;;205;SDN;Sudan;10;2022;;;Number of Internet Service Providers (ISP)
19174;tpInternetConn_Providers_Number;Number of Internet service providers (ISPs);;;206;SEN;Senegal;3;2017;;;Number of Internet Service Providers (ISP)
19174;tpInternetConn_Providers_Number;Number of Internet service providers (ISPs);;;206;SEN;Senegal;3;2018;;;Number of Internet Service Providers (ISP)
19174;tpInternetConn_Providers_Number;Number of Internet service providers (ISPs);;;206;SEN;Senegal;6;2019;;;Number of Internet Service Providers (ISP)
19174;tpInternetConn_Providers_Number;Number of Internet service providers (ISPs);;;206;SEN;Senegal;6;2020;;;Number of Internet Service Providers (ISP)
19174;tpInternetConn_Providers_Number;Number of Internet service providers (ISPs);;;206;SEN;Senegal;6;2021;;;Number of Internet Service Providers (ISP)
19174;tpInternetConn_Providers_Number;Number of Internet service providers (ISPs);;;206;SEN;Senegal;6;2022;;;Number of Internet Service Providers (ISP)
19174;tpInternetConn_Providers_Number;Number of Internet service providers (ISPs);;;206;SEN;Senegal;6;2023;;;Number of Internet Service Providers (ISP)
19174;tpInternetConn_Providers_Number;Number of Internet service providers (ISPs);;;206;SEN;Senegal;6;2024;;;Number of Internet Service Providers (ISP)
19174;tpInternetConn_Providers_Number;Number of Internet service providers (ISPs);;;207;SYC;Seychelles;4;2014;;;Number of Internet Service Providers (ISP)
19174;tpInternetConn_Providers_Number;Number of Internet service providers (ISPs);;;207;SYC;Seychelles;4;2016;;;Number of Internet Service Providers (ISP)
19174;tpInternetConn_Providers_Number;Number of Internet service providers (ISPs);;;207;SYC;Seychelles;4;2017;;;Number of Internet Service Providers (ISP)
19174;tpInternetConn_Providers_Number;Number of Internet service providers (ISPs);;;207;SYC;Seychelles;4;2018;;;Number of Internet Service Providers (ISP)
19174;tpInternetConn_Providers_Number;Number of Internet service providers (ISPs);;;207;SYC;Seychelles;4;2019;;;Number of Internet Service Providers (ISP)
19174;tpInternetConn_Providers_Number;Number of Internet service providers (ISPs);;;207;SYC;Seychelles;4;2020;;;Number of Internet Service Providers (ISP)
19174;tpInternetConn_Providers_Number;Number of Internet service providers (ISPs);;;207;SYC;Seychelles;4;2021;;;Number of Internet Service Providers (ISP)
19174;tpInternetConn_Providers_Number;Number of Internet service providers (ISPs);;;207;SYC;Seychelles;4;2022;;;Number of Internet Service Providers (ISP)
19174;tpInternetConn_Providers_Number;Number of Internet service providers (ISPs);;;207;SYC;Seychelles;4;2023;;;Number of Internet Service Providers (ISP)
19174;tpInternetConn_Providers_Number;Number of Internet service providers (ISPs);;;207;SYC;Seychelles;4;2024;;;Number of Internet Service Providers (ISP)
19174;tpInternetConn_Providers_Number;Number of Internet service providers (ISPs);;;209;SLB;Solomon Islands;3;2014;;;Number of Internet Service Providers (ISP)
19174;tpInternetConn_Providers_Number;Number of Internet service providers (ISPs);;;210;SLV;El Salvador;6;2015;;;Number of Internet Service Providers (ISP)
19174;tpInternetConn_Providers_Number;Number of Internet service providers (ISPs);;;210;SLV;El Salvador;61;2019;;;Number of Internet Service Providers (ISP)
19174;tpInternetConn_Providers_Number;Number of Internet service providers (ISPs);;;210;SLV;El Salvador;61;2020;;;Number of Internet Service Providers (ISP)
19174;tpInternetConn_Providers_Number;Number of Internet service providers (ISPs);;;210;SLV;El Salvador;61;2021;;;Number of Internet Service Providers (ISP)
19174;tpInternetConn_Providers_Number;Number of Internet service providers (ISPs);;;212;WSM;Samoa;4;2014;;;Number of Internet Service Providers (ISP)
19174;tpInternetConn_Providers_Number;Number of Internet service providers (ISPs);;;212;WSM;Samoa;5;2017;;;Number of Internet Service Providers (ISP)
19174;tpInternetConn_Providers_Number;Number of Internet service providers (ISPs);;;212;WSM;Samoa;5;2018;;;Number of Internet Service Providers (ISP)
19174;tpInternetConn_Providers_Number;Number of Internet service providers (ISPs);;;212;WSM;Samoa;5;2019;;;Number of Internet Service Providers (ISP)
19174;tpInternetConn_Providers_Number;Number of Internet service providers (ISPs);;;212;WSM;Samoa;7;2020;;;Number of Internet Service Providers (ISP)
19174;tpInternetConn_Providers_Number;Number of Internet service providers (ISPs);;;212;WSM;Samoa;6;2021;;;Number of Internet Service Providers (ISP)
19174;tpInternetConn_Providers_Number;Number of Internet service providers (ISPs);;;212;WSM;Samoa;6;2022;;;Number of Internet Service Providers (ISP)
19174;tpInternetConn_Providers_Number;Number of Internet service providers (ISPs);;;212;WSM;Samoa;7;2023;;;Number of Internet Service Providers (ISP)
19174;tpInternetConn_Providers_Number;Number of Internet service providers (ISPs);;;212;WSM;Samoa;7;2024;;;Number of Internet Service Providers (ISP)
19174;tpInternetConn_Providers_Number;Number of Internet service providers (ISPs);;;215;SOM;Somalia;20;2018;;;Number of Internet Service Providers (ISP)
19174;tpInternetConn_Providers_Number;Number of Internet service providers (ISPs);;;215;SOM;Somalia;15;2019;;;Number of Internet Service Providers (ISP)
19174;tpInternetConn_Providers_Number;Number of Internet service providers (ISPs);;;215;SOM;Somalia;10;2023;;;Number of Internet Service Providers (ISP)
19174;tpInternetConn_Providers_Number;Number of Internet service providers (ISPs);;;215;SOM;Somalia;5;2024;;;Number of Internet Service Providers (ISP)
19174;tpInternetConn_Providers_Number;Number of Internet service providers (ISPs);;;217;SLE;Sierra Leone;15;2014;;;Number of Internet Service Providers (ISP)
19174;tpInternetConn_Providers_Number;Number of Internet service providers (ISPs);;;217;SLE;Sierra Leone;8;2015;;;Number of Internet Service Providers (ISP)
19174;tpInternetConn_Providers_Number;Number of Internet service providers (ISPs);;;217;SLE;Sierra Leone;5;2016;;;Number of Internet Service Providers (ISP)
19174;tpInternetConn_Providers_Number;Number of Internet service providers (ISPs);;;217;SLE;Sierra Leone;17;2021;;;Number of Internet Service Providers (ISP)
19174;tpInternetConn_Providers_Number;Number of Internet service providers (ISPs);;;217;SLE;Sierra Leone;27;2022;;;Number of Internet Service Providers (ISP)
19174;tpInternetConn_Providers_Number;Number of Internet service providers (ISPs);;;218;STP;Sao Tome and Principe;2;2014;;;Number of Internet Service Providers (ISP)
19174;tpInternetConn_Providers_Number;Number of Internet service providers (ISPs);;;218;STP;Sao Tome and Principe;2;2015;;;Number of Internet Service Providers (ISP)
19174;tpInternetConn_Providers_Number;Number of Internet service providers (ISPs);;;218;STP;Sao Tome and Principe;2;2016;;;Number of Internet Service Providers (ISP)
19174;tpInternetConn_Providers_Number;Number of Internet service providers (ISPs);;;218;STP;Sao Tome and Principe;2;2017;;;Number of Internet Service Providers (ISP)
19174;tpInternetConn_Providers_Number;Number of Internet service providers (ISPs);;;219;CHE;Switzerland;169;2014;;;Number of Internet Service Providers (ISP)
19174;tpInternetConn_Providers_Number;Number of Internet service providers (ISPs);;;219;CHE;Switzerland;300;2015;;;Number of Internet Service Providers (ISP)
19174;tpInternetConn_Providers_Number;Number of Internet service providers (ISPs);;;219;CHE;Switzerland;169;2016;;;Number of Internet Service Providers (ISP)
19174;tpInternetConn_Providers_Number;Number of Internet service providers (ISPs);;;219;CHE;Switzerland;169;2017;;;Number of Internet Service Providers (ISP)
19174;tpInternetConn_Providers_Number;Number of Internet service providers (ISPs);;;219;CHE;Switzerland;281;2018;;;Number of Internet Service Providers (ISP)
19174;tpInternetConn_Providers_Number;Number of Internet service providers (ISPs);;;219;CHE;Switzerland;287;2019;;;Number of Internet Service Providers (ISP)
19174;tpInternetConn_Providers_Number;Number of Internet service providers (ISPs);;;219;CHE;Switzerland;287;2020;;;Number of Internet Service Providers (ISP)
19174;tpInternetConn_Providers_Number;Number of Internet service providers (ISPs);;;219;CHE;Switzerland;287;2021;;;Number of Internet Service Providers (ISP)
19174;tpInternetConn_Providers_Number;Number of Internet service providers (ISPs);;;219;CHE;Switzerland;287;2022;287;;Number of Internet Service Providers (ISP)
19174;tpInternetConn_Providers_Number;Number of Internet service providers (ISPs);;;219;CHE;Switzerland;280;2023;280;;Number of Internet Service Providers (ISP)
19174;tpInternetConn_Providers_Number;Number of Internet service providers (ISPs);;;219;CHE;Switzerland;280;2024;;;Number of Internet Service Providers (ISP)
19174;tpInternetConn_Providers_Number;Number of Internet service providers (ISPs);;;220;SUR;Suriname;3;2015;;;Number of Internet Service Providers (ISP)
19174;tpInternetConn_Providers_Number;Number of Internet service providers (ISPs);;;220;SUR;Suriname;3;2016;;;Number of Internet Service Providers (ISP)
19174;tpInternetConn_Providers_Number;Number of Internet service providers (ISPs);;;220;SUR;Suriname;3;2017;;;Number of Internet Service Providers (ISP)
19174;tpInternetConn_Providers_Number;Number of Internet service providers (ISPs);;;220;SUR;Suriname;3;2018;;;Number of Internet Service Providers (ISP)
19174;tpInternetConn_Providers_Number;Number of Internet service providers (ISPs);;;220;SUR;Suriname;4;2019;;;Number of Internet Service Providers (ISP)
19174;tpInternetConn_Providers_Number;Number of Internet service providers (ISPs);;;220;SUR;Suriname;4;2020;;;Number of Internet Service Providers (ISP)
19174;tpInternetConn_Providers_Number;Number of Internet service providers (ISPs);;;220;SUR;Suriname;4;2021;;;Number of Internet Service Providers (ISP)
19174;tpInternetConn_Providers_Number;Number of Internet service providers (ISPs);;;220;SUR;Suriname;4;2022;;;Number of Internet Service Providers (ISP)
19174;tpInternetConn_Providers_Number;Number of Internet service providers (ISPs);;;220;SUR;Suriname;5;2023;;;Number of Internet Service Providers (ISP)
19174;tpInternetConn_Providers_Number;Number of Internet service providers (ISPs);;;220;SUR;Suriname;5;2024;;;Number of Internet Service Providers (ISP)
19174;tpInternetConn_Providers_Number;Number of Internet service providers (ISPs);;;221;SVN;Slovenia;60;2014;;;Number of Internet Service Providers (ISP)
19174;tpInternetConn_Providers_Number;Number of Internet service providers (ISPs);;;221;SVN;Slovenia;5;2015;;;Number of Internet Service Providers (ISP)
19174;tpInternetConn_Providers_Number;Number of Internet service providers (ISPs);;;221;SVN;Slovenia;59;2016;;;Number of Internet Service Providers (ISP)
19174;tpInternetConn_Providers_Number;Number of Internet service providers (ISPs);;;221;SVN;Slovenia;61;2017;Data Q2 2017;;Number of Internet Service Providers (ISP)
19174;tpInternetConn_Providers_Number;Number of Internet service providers (ISPs);;;221;SVN;Slovenia;60;2018;Data Q2 2018;;Number of Internet Service Providers (ISP)
19174;tpInternetConn_Providers_Number;Number of Internet service providers (ISPs);;;221;SVN;Slovenia;61;2020;;;Number of Internet Service Providers (ISP)
19174;tpInternetConn_Providers_Number;Number of Internet service providers (ISPs);;;221;SVN;Slovenia;55;2021;;;Number of Internet Service Providers (ISP)
19174;tpInternetConn_Providers_Number;Number of Internet service providers (ISPs);;;221;SVN;Slovenia;58;2022;fixed internet 51mobile internet 7;;Number of Internet Service Providers (ISP)
19174;tpInternetConn_Providers_Number;Number of Internet service providers (ISPs);;;221;SVN;Slovenia;55;2023;fixed internet 48 mobile internet 7;;Number of Internet Service Providers (ISP)
19174;tpInternetConn_Providers_Number;Number of Internet service providers (ISPs);;;221;SVN;Slovenia;44;2024;;;Number of Internet Service Providers (ISP)
19174;tpInternetConn_Providers_Number;Number of Internet service providers (ISPs);;;223;SWZ;Eswatini;12;2017;;;Number of Internet Service Providers (ISP)
19174;tpInternetConn_Providers_Number;Number of Internet service providers (ISPs);;;223;SWZ;Eswatini;13;2018;;;Number of Internet Service Providers (ISP)
19174;tpInternetConn_Providers_Number;Number of Internet service providers (ISPs);;;223;SWZ;Eswatini;11;2019;;;Number of Internet Service Providers (ISP)
19174;tpInternetConn_Providers_Number;Number of Internet service providers (ISPs);;;223;SWZ;Eswatini;11;2020;;;Number of Internet Service Providers (ISP)
19174;tpInternetConn_Providers_Number;Number of Internet service providers (ISPs);;;223;SWZ;Eswatini;15;2021;;;Number of Internet Service Providers (ISP)
19174;tpInternetConn_Providers_Number;Number of Internet service providers (ISPs);;;223;SWZ;Eswatini;15;2022;;;Number of Internet Service Providers (ISP)
19174;tpInternetConn_Providers_Number;Number of Internet service providers (ISPs);;;223;SWZ;Eswatini;18;2023;;;Number of Internet Service Providers (ISP)
19174;tpInternetConn_Providers_Number;Number of Internet service providers (ISPs);;;223;SWZ;Eswatini;21;2024;;;Number of Internet Service Providers (ISP)
19174;tpInternetConn_Providers_Number;Number of Internet service providers (ISPs);;;224;SYR;Syrian Arab Republic;28;2018;;;Number of Internet Service Providers (ISP)
19174;tpInternetConn_Providers_Number;Number of Internet service providers (ISPs);;;227;CZE;Czech Republic;2151;2016;;;Number of Internet Service Providers (ISP)
19174;tpInternetConn_Providers_Number;Number of Internet service providers (ISPs);;;227;CZE;Czech Republic;2155;2017;as of November 15th 2017.;;Number of Internet Service Providers (ISP)
19174;tpInternetConn_Providers_Number;Number of Internet service providers (ISPs);;;227;CZE;Czech Republic;2122;2018;as of June 30th 2018, just the undertakings;;Number of Internet Service Providers (ISP)
19174;tpInternetConn_Providers_Number;Number of Internet service providers (ISPs);;;227;CZE;Czech Republic;2122;2019;as of June 30th 2018, just the undertakings;;Number of Internet Service Providers (ISP)
19174;tpInternetConn_Providers_Number;Number of Internet service providers (ISPs);;;227;CZE;Czech Republic;2077;2020;as of June 24th, 2020, just undertakings;;Number of Internet Service Providers (ISP)
19174;tpInternetConn_Providers_Number;Number of Internet service providers (ISPs);;;227;CZE;Czech Republic;1897;2021;as of June 24th, 2021;;Number of Internet Service Providers (ISP)
19174;tpInternetConn_Providers_Number;Number of Internet service providers (ISPs);;;227;CZE;Czech Republic;1868;2022;as of June 24th, 2021;;Number of Internet Service Providers (ISP)
19174;tpInternetConn_Providers_Number;Number of Internet service providers (ISPs);;;227;CZE;Czech Republic;1865;2023;as of June 19, 2023;;Number of Internet Service Providers (ISP)
19174;tpInternetConn_Providers_Number;Number of Internet service providers (ISPs);;;227;CZE;Czech Republic;1759;2024;;;Number of Internet Service Providers (ISP)
19174;tpInternetConn_Providers_Number;Number of Internet service providers (ISPs);;;228;TGO;Togo;2;2014;;;Number of Internet Service Providers (ISP)
19174;tpInternetConn_Providers_Number;Number of Internet service providers (ISPs);;;228;TGO;Togo;2;2015;;;Number of Internet Service Providers (ISP)
19174;tpInternetConn_Providers_Number;Number of Internet service providers (ISPs);;;228;TGO;Togo;2;2016;;;Number of Internet Service Providers (ISP)
19174;tpInternetConn_Providers_Number;Number of Internet service providers (ISPs);;;228;TGO;Togo;6;2017;;;Number of Internet Service Providers (ISP)
19174;tpInternetConn_Providers_Number;Number of Internet service providers (ISPs);;;228;TGO;Togo;6;2018;;;Number of Internet Service Providers (ISP)
19174;tpInternetConn_Providers_Number;Number of Internet service providers (ISPs);;;228;TGO;Togo;6;2019;;;Number of Internet Service Providers (ISP)
19174;tpInternetConn_Providers_Number;Number of Internet service providers (ISPs);;;228;TGO;Togo;6;2020;;;Number of Internet Service Providers (ISP)
19174;tpInternetConn_Providers_Number;Number of Internet service providers (ISPs);;;228;TGO;Togo;6;2021;;;Number of Internet Service Providers (ISP)
19174;tpInternetConn_Providers_Number;Number of Internet service providers (ISPs);;;228;TGO;Togo;6;2022;6;;Number of Internet Service Providers (ISP)
19174;tpInternetConn_Providers_Number;Number of Internet service providers (ISPs);;;228;TGO;Togo;6;2024;;;Number of Internet Service Providers (ISP)
19174;tpInternetConn_Providers_Number;Number of Internet service providers (ISPs);;;232;TON;Tonga;3;2018;;;Number of Internet Service Providers (ISP)
19174;tpInternetConn_Providers_Number;Number of Internet service providers (ISPs);;;232;TON;Tonga;3;2019;;;Number of Internet Service Providers (ISP)
19174;tpInternetConn_Providers_Number;Number of Internet service providers (ISPs);;;232;TON;Tonga;3;2021;;;Number of Internet Service Providers (ISP)
19174;tpInternetConn_Providers_Number;Number of Internet service providers (ISPs);;;232;TON;Tonga;3;2022;;;Number of Internet Service Providers (ISP)
19174;tpInternetConn_Providers_Number;Number of Internet service providers (ISPs);;;234;TTO;Trinidad and Tobago;9;2014;refers to operational providers including both fixed and mobile Internet;;Number of Internet Service Providers (ISP)
19174;tpInternetConn_Providers_Number;Number of Internet service providers (ISPs);;;234;TTO;Trinidad and Tobago;10;2015;;;Number of Internet Service Providers (ISP)
19174;tpInternetConn_Providers_Number;Number of Internet service providers (ISPs);;;234;TTO;Trinidad and Tobago;11;2016;;;Number of Internet Service Providers (ISP)
19174;tpInternetConn_Providers_Number;Number of Internet service providers (ISPs);;;234;TTO;Trinidad and Tobago;10;2017;;;Number of Internet Service Providers (ISP)
19174;tpInternetConn_Providers_Number;Number of Internet service providers (ISPs);;;234;TTO;Trinidad and Tobago;11;2018;;;Number of Internet Service Providers (ISP)
19174;tpInternetConn_Providers_Number;Number of Internet service providers (ISPs);;;234;TTO;Trinidad and Tobago;11;2019;;;Number of Internet Service Providers (ISP)
19174;tpInternetConn_Providers_Number;Number of Internet service providers (ISPs);;;234;TTO;Trinidad and Tobago;11;2020;;;Number of Internet Service Providers (ISP)
19174;tpInternetConn_Providers_Number;Number of Internet service providers (ISPs);;;234;TTO;Trinidad and Tobago;11;2021;;;Number of Internet Service Providers (ISP)
19174;tpInternetConn_Providers_Number;Number of Internet service providers (ISPs);;;234;TTO;Trinidad and Tobago;11;2022;;;Number of Internet Service Providers (ISP)
19174;tpInternetConn_Providers_Number;Number of Internet service providers (ISPs);;;234;TTO;Trinidad and Tobago;13;2023;;;Number of Internet Service Providers (ISP)
19174;tpInternetConn_Providers_Number;Number of Internet service providers (ISPs);;;234;TTO;Trinidad and Tobago;14;2024;;;Number of Internet Service Providers (ISP)
19174;tpInternetConn_Providers_Number;Number of Internet service providers (ISPs);;;235;TUN;Tunisia;5;2015;5 FSI privés;;Number of Internet Service Providers (ISP)
19174;tpInternetConn_Providers_Number;Number of Internet service providers (ISPs);;;235;TUN;Tunisia;5;2016;;;Number of Internet Service Providers (ISP)
19174;tpInternetConn_Providers_Number;Number of Internet service providers (ISPs);;;235;TUN;Tunisia;5;2017;;;Number of Internet Service Providers (ISP)
19174;tpInternetConn_Providers_Number;Number of Internet service providers (ISPs);;;235;TUN;Tunisia;6;2018;;;Number of Internet Service Providers (ISP)
19174;tpInternetConn_Providers_Number;Number of Internet service providers (ISPs);;;235;TUN;Tunisia;7;2019;;;Number of Internet Service Providers (ISP)
19174;tpInternetConn_Providers_Number;Number of Internet service providers (ISPs);;;235;TUN;Tunisia;7;2020;;;Number of Internet Service Providers (ISP)
19174;tpInternetConn_Providers_Number;Number of Internet service providers (ISPs);;;235;TUN;Tunisia;8;2021;;;Number of Internet Service Providers (ISP)
19174;tpInternetConn_Providers_Number;Number of Internet service providers (ISPs);;;235;TUN;Tunisia;9;2022;;;Number of Internet Service Providers (ISP)
19174;tpInternetConn_Providers_Number;Number of Internet service providers (ISPs);;;235;TUN;Tunisia;10;2023;;;Number of Internet Service Providers (ISP)
19174;tpInternetConn_Providers_Number;Number of Internet service providers (ISPs);;;235;TUN;Tunisia;10;2024;;;Number of Internet Service Providers (ISP)
19174;tpInternetConn_Providers_Number;Number of Internet service providers (ISPs);;;236;TUR;Türkiye;323;2014;;;Number of Internet Service Providers (ISP)
19174;tpInternetConn_Providers_Number;Number of Internet service providers (ISPs);;;236;TUR;Türkiye;415;2015;;;Number of Internet Service Providers (ISP)
19174;tpInternetConn_Providers_Number;Number of Internet service providers (ISPs);;;236;TUR;Türkiye;259;2018;;;Number of Internet Service Providers (ISP)
19174;tpInternetConn_Providers_Number;Number of Internet service providers (ISPs);;;236;TUR;Türkiye;286;2019;;;Number of Internet Service Providers (ISP)
19174;tpInternetConn_Providers_Number;Number of Internet service providers (ISPs);;;236;TUR;Türkiye;291;2020;;;Number of Internet Service Providers (ISP)
19174;tpInternetConn_Providers_Number;Number of Internet service providers (ISPs);;;236;TUR;Türkiye;314;2022;;;Number of Internet Service Providers (ISP)
19174;tpInternetConn_Providers_Number;Number of Internet service providers (ISPs);;;236;TUR;Türkiye;332;2023;;;Number of Internet Service Providers (ISP)
19174;tpInternetConn_Providers_Number;Number of Internet service providers (ISPs);;;236;TUR;Türkiye;329;2024;;;Number of Internet Service Providers (ISP)
19174;tpInternetConn_Providers_Number;Number of Internet service providers (ISPs);;;237;TUV;Tuvalu;1;2015;;;Number of Internet Service Providers (ISP)
19174;tpInternetConn_Providers_Number;Number of Internet service providers (ISPs);;;238;TZA;Tanzania;8;2017;;;Number of Internet Service Providers (ISP)
19174;tpInternetConn_Providers_Number;Number of Internet service providers (ISPs);;;238;TZA;Tanzania;8;2018;;;Number of Internet Service Providers (ISP)
19174;tpInternetConn_Providers_Number;Number of Internet service providers (ISPs);;;238;TZA;Tanzania;8;2019;;;Number of Internet Service Providers (ISP)
19174;tpInternetConn_Providers_Number;Number of Internet service providers (ISPs);;;238;TZA;Tanzania;8;2020;;;Number of Internet Service Providers (ISP)
19174;tpInternetConn_Providers_Number;Number of Internet service providers (ISPs);;;238;TZA;Tanzania;7;2021;;;Number of Internet Service Providers (ISP)
19174;tpInternetConn_Providers_Number;Number of Internet service providers (ISPs);;;238;TZA;Tanzania;23;2022;;;Number of Internet Service Providers (ISP)
19174;tpInternetConn_Providers_Number;Number of Internet service providers (ISPs);;;238;TZA;Tanzania;37;2023;;;Number of Internet Service Providers (ISP)
19174;tpInternetConn_Providers_Number;Number of Internet service providers (ISPs);;;238;TZA;Tanzania;49;2024;;;Number of Internet Service Providers (ISP)
19174;tpInternetConn_Providers_Number;Number of Internet service providers (ISPs);;;239;ARE;United Arab Emirates;2;2014;;;Number of Internet Service Providers (ISP)
19174;tpInternetConn_Providers_Number;Number of Internet service providers (ISPs);;;239;ARE;United Arab Emirates;2;2015;;;Number of Internet Service Providers (ISP)
19174;tpInternetConn_Providers_Number;Number of Internet service providers (ISPs);;;239;ARE;United Arab Emirates;2;2016;;;Number of Internet Service Providers (ISP)
19174;tpInternetConn_Providers_Number;Number of Internet service providers (ISPs);;;239;ARE;United Arab Emirates;3;2017;;;Number of Internet Service Providers (ISP)
19174;tpInternetConn_Providers_Number;Number of Internet service providers (ISPs);;;239;ARE;United Arab Emirates;5;2018;;;Number of Internet Service Providers (ISP)
19174;tpInternetConn_Providers_Number;Number of Internet service providers (ISPs);;;239;ARE;United Arab Emirates;5;2019;;;Number of Internet Service Providers (ISP)
19174;tpInternetConn_Providers_Number;Number of Internet service providers (ISPs);;;239;ARE;United Arab Emirates;5;2020;;;Number of Internet Service Providers (ISP)
19174;tpInternetConn_Providers_Number;Number of Internet service providers (ISPs);;;239;ARE;United Arab Emirates;5;2021;;;Number of Internet Service Providers (ISP)
19174;tpInternetConn_Providers_Number;Number of Internet service providers (ISPs);;;239;ARE;United Arab Emirates;5;2022;5;;Number of Internet Service Providers (ISP)
19174;tpInternetConn_Providers_Number;Number of Internet service providers (ISPs);;;239;ARE;United Arab Emirates;3;2023;;;Number of Internet Service Providers (ISP)
19174;tpInternetConn_Providers_Number;Number of Internet service providers (ISPs);;;239;ARE;United Arab Emirates;3;2024;;;Number of Internet Service Providers (ISP)
19174;tpInternetConn_Providers_Number;Number of Internet service providers (ISPs);;;240;UGA;Uganda;27;2018;;;Number of Internet Service Providers (ISP)
19174;tpInternetConn_Providers_Number;Number of Internet service providers (ISPs);;;240;UGA;Uganda;25;2019;;;Number of Internet Service Providers (ISP)
19174;tpInternetConn_Providers_Number;Number of Internet service providers (ISPs);;;240;UGA;Uganda;25;2020;;;Number of Internet Service Providers (ISP)
19174;tpInternetConn_Providers_Number;Number of Internet service providers (ISPs);;;240;UGA;Uganda;25;2021;;;Number of Internet Service Providers (ISP)
19174;tpInternetConn_Providers_Number;Number of Internet service providers (ISPs);;;240;UGA;Uganda;26;2022;;;Number of Internet Service Providers (ISP)
19174;tpInternetConn_Providers_Number;Number of Internet service providers (ISPs);;;240;UGA;Uganda;30;2023;;;Number of Internet Service Providers (ISP)
19174;tpInternetConn_Providers_Number;Number of Internet service providers (ISPs);;;241;UKR;Ukraine;4655;2017;;;Number of Internet Service Providers (ISP)
19174;tpInternetConn_Providers_Number;Number of Internet service providers (ISPs);;;241;UKR;Ukraine;5478;2019;;;Number of Internet Service Providers (ISP)
19174;tpInternetConn_Providers_Number;Number of Internet service providers (ISPs);;;242;URY;Uruguay;5;2014;;;Number of Internet Service Providers (ISP)
19174;tpInternetConn_Providers_Number;Number of Internet service providers (ISPs);;;242;URY;Uruguay;8;2021;;;Number of Internet Service Providers (ISP)
19174;tpInternetConn_Providers_Number;Number of Internet service providers (ISPs);;;242;URY;Uruguay;8;2022;;;Number of Internet Service Providers (ISP)
19174;tpInternetConn_Providers_Number;Number of Internet service providers (ISPs);;;242;URY;Uruguay;13;2023;;;Number of Internet Service Providers (ISP)
19174;tpInternetConn_Providers_Number;Number of Internet service providers (ISPs);;;245;UZB;Uzbekistan;37;2018;;;Number of Internet Service Providers (ISP)
19174;tpInternetConn_Providers_Number;Number of Internet service providers (ISPs);;;245;UZB;Uzbekistan;545;2022;;;Number of Internet Service Providers (ISP)
19174;tpInternetConn_Providers_Number;Number of Internet service providers (ISPs);;;245;UZB;Uzbekistan;550;2023;;;Number of Internet Service Providers (ISP)
19174;tpInternetConn_Providers_Number;Number of Internet service providers (ISPs);;;245;UZB;Uzbekistan;50;2024;Number of obtained licenses is 550. 50 of the licensees are providing ISP services fully.;;Number of Internet Service Providers (ISP)
19174;tpInternetConn_Providers_Number;Number of Internet service providers (ISPs);;;246;VCT;Saint Vincent and the Grenadines;3;2015;;;Number of Internet Service Providers (ISP)
19174;tpInternetConn_Providers_Number;Number of Internet service providers (ISPs);;;246;VCT;Saint Vincent and the Grenadines;3;2016;;;Number of Internet Service Providers (ISP)
19174;tpInternetConn_Providers_Number;Number of Internet service providers (ISPs);;;246;VCT;Saint Vincent and the Grenadines;3;2017;;;Number of Internet Service Providers (ISP)
19174;tpInternetConn_Providers_Number;Number of Internet service providers (ISPs);;;246;VCT;Saint Vincent and the Grenadines;3;2018;;;Number of Internet Service Providers (ISP)
19174;tpInternetConn_Providers_Number;Number of Internet service providers (ISPs);;;246;VCT;Saint Vincent and the Grenadines;3;2019;;;Number of Internet Service Providers (ISP)
19174;tpInternetConn_Providers_Number;Number of Internet service providers (ISPs);;;246;VCT;Saint Vincent and the Grenadines;3;2020;;;Number of Internet Service Providers (ISP)
19174;tpInternetConn_Providers_Number;Number of Internet service providers (ISPs);;;246;VCT;Saint Vincent and the Grenadines;3;2021;;;Number of Internet Service Providers (ISP)
19174;tpInternetConn_Providers_Number;Number of Internet service providers (ISPs);;;246;VCT;Saint Vincent and the Grenadines;4;2022;;;Number of Internet Service Providers (ISP)
19174;tpInternetConn_Providers_Number;Number of Internet service providers (ISPs);;;246;VCT;Saint Vincent and the Grenadines;4;2023;;;Number of Internet Service Providers (ISP)
19174;tpInternetConn_Providers_Number;Number of Internet service providers (ISPs);;;246;VCT;Saint Vincent and the Grenadines;4;2024;;;Number of Internet Service Providers (ISP)
19174;tpInternetConn_Providers_Number;Number of Internet service providers (ISPs);;;247;VEN;Venezuela;24;2014;No se toman en cuenta las operadoras peque?as de televisión por cable y ofrecen el servicio de internet ya que ellos revenden el servicio con la capacidad de las más grandes;;Number of Internet Service Providers (ISP)
19174;tpInternetConn_Providers_Number;Number of Internet service providers (ISPs);;;247;VEN;Venezuela;12;2015;Existen mas de 30 proveedores de servicios pero solo son 12 los que poseen interconexión internacional y revenden capacidad a operadores más peque?os;;Number of Internet Service Providers (ISP)
19174;tpInternetConn_Providers_Number;Number of Internet service providers (ISPs);;;247;VEN;Venezuela;75;2017;;;Number of Internet Service Providers (ISP)
19174;tpInternetConn_Providers_Number;Number of Internet service providers (ISPs);;;247;VEN;Venezuela;75;2018;;;Number of Internet Service Providers (ISP)
19174;tpInternetConn_Providers_Number;Number of Internet service providers (ISPs);;;247;VEN;Venezuela;75;2019;;;Number of Internet Service Providers (ISP)
19174;tpInternetConn_Providers_Number;Number of Internet service providers (ISPs);;;250;VNM;Viet Nam;57;2014;;;Number of Internet Service Providers (ISP)
19174;tpInternetConn_Providers_Number;Number of Internet service providers (ISPs);;;250;VNM;Viet Nam;56;2015;;;Number of Internet Service Providers (ISP)
19174;tpInternetConn_Providers_Number;Number of Internet service providers (ISPs);;;250;VNM;Viet Nam;65;2017;;;Number of Internet Service Providers (ISP)
19174;tpInternetConn_Providers_Number;Number of Internet service providers (ISPs);;;250;VNM;Viet Nam;65;2018;;;Number of Internet Service Providers (ISP)
19174;tpInternetConn_Providers_Number;Number of Internet service providers (ISPs);;;250;VNM;Viet Nam;60;2019;;;Number of Internet Service Providers (ISP)
19174;tpInternetConn_Providers_Number;Number of Internet service providers (ISPs);;;250;VNM;Viet Nam;70;2020;;;Number of Internet Service Providers (ISP)
19174;tpInternetConn_Providers_Number;Number of Internet service providers (ISPs);;;250;VNM;Viet Nam;70;2021;;;Number of Internet Service Providers (ISP)
19174;tpInternetConn_Providers_Number;Number of Internet service providers (ISPs);;;251;VUT;Vanuatu;8;2014;;;Number of Internet Service Providers (ISP)
19174;tpInternetConn_Providers_Number;Number of Internet service providers (ISPs);;;251;VUT;Vanuatu;6;2017;;;Number of Internet Service Providers (ISP)
19174;tpInternetConn_Providers_Number;Number of Internet service providers (ISPs);;;251;VUT;Vanuatu;6;2018;;;Number of Internet Service Providers (ISP)
19174;tpInternetConn_Providers_Number;Number of Internet service providers (ISPs);;;251;VUT;Vanuatu;5;2019;;;Number of Internet Service Providers (ISP)
19174;tpInternetConn_Providers_Number;Number of Internet service providers (ISPs);;;255;YEM;Yemen;3;2021;;;Number of Internet Service Providers (ISP)
19174;tpInternetConn_Providers_Number;Number of Internet service providers (ISPs);;;256;SRB;Serbia;221;2014;;;Number of Internet Service Providers (ISP)
19174;tpInternetConn_Providers_Number;Number of Internet service providers (ISPs);;;256;SRB;Serbia;212;2015;;;Number of Internet Service Providers (ISP)
19174;tpInternetConn_Providers_Number;Number of Internet service providers (ISPs);;;256;SRB;Serbia;203;2016;;;Number of Internet Service Providers (ISP)
19174;tpInternetConn_Providers_Number;Number of Internet service providers (ISPs);;;256;SRB;Serbia;197;2017;;;Number of Internet Service Providers (ISP)
19174;tpInternetConn_Providers_Number;Number of Internet service providers (ISPs);;;256;SRB;Serbia;191;2018;;;Number of Internet Service Providers (ISP)
19174;tpInternetConn_Providers_Number;Number of Internet service providers (ISPs);;;256;SRB;Serbia;194;2019;;;Number of Internet Service Providers (ISP)
19174;tpInternetConn_Providers_Number;Number of Internet service providers (ISPs);;;256;SRB;Serbia;197;2020;;;Number of Internet Service Providers (ISP)
19174;tpInternetConn_Providers_Number;Number of Internet service providers (ISPs);;;257;COD;Dem. Rep. of the Congo;30;2014;;;Number of Internet Service Providers (ISP)
19174;tpInternetConn_Providers_Number;Number of Internet service providers (ISPs);;;257;COD;Dem. Rep. of the Congo;24;2015;;;Number of Internet Service Providers (ISP)
19174;tpInternetConn_Providers_Number;Number of Internet service providers (ISPs);;;257;COD;Dem. Rep. of the Congo;25;2016;;;Number of Internet Service Providers (ISP)
19174;tpInternetConn_Providers_Number;Number of Internet service providers (ISPs);;;257;COD;Dem. Rep. of the Congo;17;2017;;;Number of Internet Service Providers (ISP)
19174;tpInternetConn_Providers_Number;Number of Internet service providers (ISPs);;;257;COD;Dem. Rep. of the Congo;12;2018;;;Number of Internet Service Providers (ISP)
19174;tpInternetConn_Providers_Number;Number of Internet service providers (ISPs);;;257;COD;Dem. Rep. of the Congo;22;2019;;;Number of Internet Service Providers (ISP)
19174;tpInternetConn_Providers_Number;Number of Internet service providers (ISPs);;;257;COD;Dem. Rep. of the Congo;24;2020;;;Number of Internet Service Providers (ISP)
19174;tpInternetConn_Providers_Number;Number of Internet service providers (ISPs);;;257;COD;Dem. Rep. of the Congo;24;2021;;;Number of Internet Service Providers (ISP)
19174;tpInternetConn_Providers_Number;Number of Internet service providers (ISPs);;;257;COD;Dem. Rep. of the Congo;27;2022;;;Number of Internet Service Providers (ISP)
19174;tpInternetConn_Providers_Number;Number of Internet service providers (ISPs);;;257;COD;Dem. Rep. of the Congo;27;2023;;;Number of Internet Service Providers (ISP)
19174;tpInternetConn_Providers_Number;Number of Internet service providers (ISPs);;;257;COD;Dem. Rep. of the Congo;34;2024;;;Number of Internet Service Providers (ISP)
19174;tpInternetConn_Providers_Number;Number of Internet service providers (ISPs);;;259;ZMB;Zambia;25;2015;;;Number of Internet Service Providers (ISP)
19174;tpInternetConn_Providers_Number;Number of Internet service providers (ISPs);;;259;ZMB;Zambia;23;2016;;;Number of Internet Service Providers (ISP)
19174;tpInternetConn_Providers_Number;Number of Internet service providers (ISPs);;;259;ZMB;Zambia;24;2017;;;Number of Internet Service Providers (ISP)
19174;tpInternetConn_Providers_Number;Number of Internet service providers (ISPs);;;259;ZMB;Zambia;24;2018;;;Number of Internet Service Providers (ISP)
19174;tpInternetConn_Providers_Number;Number of Internet service providers (ISPs);;;259;ZMB;Zambia;16;2019;;;Number of Internet Service Providers (ISP)
19174;tpInternetConn_Providers_Number;Number of Internet service providers (ISPs);;;259;ZMB;Zambia;17;2020;;;Number of Internet Service Providers (ISP)
19174;tpInternetConn_Providers_Number;Number of Internet service providers (ISPs);;;259;ZMB;Zambia;23;2021;;;Number of Internet Service Providers (ISP)
19174;tpInternetConn_Providers_Number;Number of Internet service providers (ISPs);;;259;ZMB;Zambia;22;2022;;;Number of Internet Service Providers (ISP)
19174;tpInternetConn_Providers_Number;Number of Internet service providers (ISPs);;;259;ZMB;Zambia;22;2023;;;Number of Internet Service Providers (ISP)
19174;tpInternetConn_Providers_Number;Number of Internet service providers (ISPs);;;259;ZMB;Zambia;17;2024;;;Number of Internet Service Providers (ISP)
19174;tpInternetConn_Providers_Number;Number of Internet service providers (ISPs);;;260;ZWE;Zimbabwe;32;2016;;;Number of Internet Service Providers (ISP)
19174;tpInternetConn_Providers_Number;Number of Internet service providers (ISPs);;;260;ZWE;Zimbabwe;35;2017;;;Number of Internet Service Providers (ISP)
19174;tpInternetConn_Providers_Number;Number of Internet service providers (ISPs);;;260;ZWE;Zimbabwe;35;2018;;;Number of Internet Service Providers (ISP)
19174;tpInternetConn_Providers_Number;Number of Internet service providers (ISPs);;;260;ZWE;Zimbabwe;35;2019;;;Number of Internet Service Providers (ISP)
19174;tpInternetConn_Providers_Number;Number of Internet service providers (ISPs);;;260;ZWE;Zimbabwe;10;2020;Most of the ISPs were merged with IAPs in Zimbabwe.;;Number of Internet Service Providers (ISP)
19174;tpInternetConn_Providers_Number;Number of Internet service providers (ISPs);;;260;ZWE;Zimbabwe;10;2021;;;Number of Internet Service Providers (ISP)
19174;tpInternetConn_Providers_Number;Number of Internet service providers (ISPs);;;260;ZWE;Zimbabwe;10;2023;;;Number of Internet Service Providers (ISP)
19174;tpInternetConn_Providers_Number;Number of Internet service providers (ISPs);;;260;ZWE;Zimbabwe;10;2024;;;Number of Internet Service Providers (ISP)
19174;tpInternetConn_Providers_Number;Number of Internet service providers (ISPs);;;274;MDA;Moldova;63;2014;;;Number of Internet Service Providers (ISP)
19174;tpInternetConn_Providers_Number;Number of Internet service providers (ISPs);;;274;MDA;Moldova;50;2016;;;Number of Internet Service Providers (ISP)
19174;tpInternetConn_Providers_Number;Number of Internet service providers (ISPs);;;274;MDA;Moldova;80;2017;;;Number of Internet Service Providers (ISP)
19174;tpInternetConn_Providers_Number;Number of Internet service providers (ISPs);;;274;MDA;Moldova;80;2018;;;Number of Internet Service Providers (ISP)
19174;tpInternetConn_Providers_Number;Number of Internet service providers (ISPs);;;274;MDA;Moldova;87;2019;;;Number of Internet Service Providers (ISP)
19174;tpInternetConn_Providers_Number;Number of Internet service providers (ISPs);;;274;MDA;Moldova;97;2020;;;Number of Internet Service Providers (ISP)
19174;tpInternetConn_Providers_Number;Number of Internet service providers (ISPs);;;274;MDA;Moldova;110;2021;;;Number of Internet Service Providers (ISP)
19174;tpInternetConn_Providers_Number;Number of Internet service providers (ISPs);;;274;MDA;Moldova;110;2022;;;Number of Internet Service Providers (ISP)
19174;tpInternetConn_Providers_Number;Number of Internet service providers (ISPs);;;274;MDA;Moldova;114;2023;;;Number of Internet Service Providers (ISP)
19174;tpInternetConn_Providers_Number;Number of Internet service providers (ISPs);;;274;MDA;Moldova;111;2024;;;Number of Internet Service Providers (ISP)
19174;tpInternetConn_Providers_Number;Number of Internet service providers (ISPs);;;275;BIH;Bosnia and Herzegovina;71;2014;;;Number of Internet Service Providers (ISP)
19174;tpInternetConn_Providers_Number;Number of Internet service providers (ISPs);;;275;BIH;Bosnia and Herzegovina;69;2015;;;Number of Internet Service Providers (ISP)
19174;tpInternetConn_Providers_Number;Number of Internet service providers (ISPs);;;275;BIH;Bosnia and Herzegovina;71;2016;;;Number of Internet Service Providers (ISP)
19174;tpInternetConn_Providers_Number;Number of Internet service providers (ISPs);;;275;BIH;Bosnia and Herzegovina;73;2017;;;Number of Internet Service Providers (ISP)
19174;tpInternetConn_Providers_Number;Number of Internet service providers (ISPs);;;275;BIH;Bosnia and Herzegovina;67;2019;;;Number of Internet Service Providers (ISP)
19174;tpInternetConn_Providers_Number;Number of Internet service providers (ISPs);;;275;BIH;Bosnia and Herzegovina;63;2020;;;Number of Internet Service Providers (ISP)
19174;tpInternetConn_Providers_Number;Number of Internet service providers (ISPs);;;275;BIH;Bosnia and Herzegovina;60;2021;;;Number of Internet Service Providers (ISP)
19174;tpInternetConn_Providers_Number;Number of Internet service providers (ISPs);;;275;BIH;Bosnia and Herzegovina;62;2022;;;Number of Internet Service Providers (ISP)
19174;tpInternetConn_Providers_Number;Number of Internet service providers (ISPs);;;275;BIH;Bosnia and Herzegovina;63;2023;;;Number of Internet Service Providers (ISP)
19174;tpInternetConn_Providers_Number;Number of Internet service providers (ISPs);;;275;BIH;Bosnia and Herzegovina;63;2024;;;Number of Internet Service Providers (ISP)
19174;tpInternetConn_Providers_Number;Number of Internet service providers (ISPs);;;276;GEO;Georgia;140;2014;;;Number of Internet Service Providers (ISP)
19174;tpInternetConn_Providers_Number;Number of Internet service providers (ISPs);;;276;GEO;Georgia;130;2015;;;Number of Internet Service Providers (ISP)
19174;tpInternetConn_Providers_Number;Number of Internet service providers (ISPs);;;276;GEO;Georgia;170;2017;;;Number of Internet Service Providers (ISP)
19174;tpInternetConn_Providers_Number;Number of Internet service providers (ISPs);;;277;KAZ;Kazakhstan;490;2023;;;Number of Internet Service Providers (ISP)
19174;tpInternetConn_Providers_Number;Number of Internet service providers (ISPs);;;280;KGZ;Kyrgyzstan;7;2014;We have 7 large (main)  Internet Service providers. The have significant market share.;;Number of Internet Service Providers (ISP)
19174;tpInternetConn_Providers_Number;Number of Internet service providers (ISPs);;;280;KGZ;Kyrgyzstan;88;2017;;;Number of Internet Service Providers (ISP)
19174;tpInternetConn_Providers_Number;Number of Internet service providers (ISPs);;;280;KGZ;Kyrgyzstan;69;2018;;;Number of Internet Service Providers (ISP)
19174;tpInternetConn_Providers_Number;Number of Internet service providers (ISPs);;;280;KGZ;Kyrgyzstan;58;2019;;;Number of Internet Service Providers (ISP)
19174;tpInternetConn_Providers_Number;Number of Internet service providers (ISPs);;;280;KGZ;Kyrgyzstan;29;2023;;;Number of Internet Service Providers (ISP)
19174;tpInternetConn_Providers_Number;Number of Internet service providers (ISPs);;;281;SVK;Slovakia;771;2014;;;Number of Internet Service Providers (ISP)
19174;tpInternetConn_Providers_Number;Number of Internet service providers (ISPs);;;281;SVK;Slovakia;813;2017;;;Number of Internet Service Providers (ISP)
19174;tpInternetConn_Providers_Number;Number of Internet service providers (ISPs);;;281;SVK;Slovakia;805;2018;;;Number of Internet Service Providers (ISP)
19174;tpInternetConn_Providers_Number;Number of Internet service providers (ISPs);;;281;SVK;Slovakia;751;2019;;;Number of Internet Service Providers (ISP)
19174;tpInternetConn_Providers_Number;Number of Internet service providers (ISPs);;;281;SVK;Slovakia;737;2020;;;Number of Internet Service Providers (ISP)
19174;tpInternetConn_Providers_Number;Number of Internet service providers (ISPs);;;281;SVK;Slovakia;728;2021;;;Number of Internet Service Providers (ISP)
19174;tpInternetConn_Providers_Number;Number of Internet service providers (ISPs);;;281;SVK;Slovakia;698;2022;698;;Number of Internet Service Providers (ISP)
19174;tpInternetConn_Providers_Number;Number of Internet service providers (ISPs);;;281;SVK;Slovakia;703;2023;703;;Number of Internet Service Providers (ISP)
19174;tpInternetConn_Providers_Number;Number of Internet service providers (ISPs);;;281;SVK;Slovakia;723;2024;;;Number of Internet Service Providers (ISP)
19174;tpInternetConn_Providers_Number;Number of Internet service providers (ISPs);;;285;ERI;Eritrea;5;2021;;;Number of Internet Service Providers (ISP)
19174;tpInternetConn_Providers_Number;Number of Internet service providers (ISPs);;;308;PSE;State of Palestine;15;2014;;;Number of Internet Service Providers (ISP)
19174;tpInternetConn_Providers_Number;Number of Internet service providers (ISPs);;;316;MNE;Montenegro;14;2015;;;Number of Internet Service Providers (ISP)
19174;tpInternetConn_Providers_Number;Number of Internet service providers (ISPs);;;316;MNE;Montenegro;11;2016;;;Number of Internet Service Providers (ISP)
19174;tpInternetConn_Providers_Number;Number of Internet service providers (ISPs);;;316;MNE;Montenegro;11;2017;;;Number of Internet Service Providers (ISP)
19174;tpInternetConn_Providers_Number;Number of Internet service providers (ISPs);;;316;MNE;Montenegro;11;2018;;;Number of Internet Service Providers (ISP)
19174;tpInternetConn_Providers_Number;Number of Internet service providers (ISPs);;;316;MNE;Montenegro;11;2019;;;Number of Internet Service Providers (ISP)
19174;tpInternetConn_Providers_Number;Number of Internet service providers (ISPs);;;316;MNE;Montenegro;13;2022;;;Number of Internet Service Providers (ISP)
19174;tpInternetConn_Providers_Number;Number of Internet service providers (ISPs);;;321;SSD;South Sudan;11;2016;;;Number of Internet Service Providers (ISP)
19174;tpInternetConn_Providers_Number;Number of Internet service providers (ISPs);;;321;SSD;South Sudan;12;2017;;;Number of Internet Service Providers (ISP)
19174;tpInternetConn_Providers_Number;Number of Internet service providers (ISPs);;;321;SSD;South Sudan;14;2018;;;Number of Internet Service Providers (ISP)
19174;tpInternetConn_Providers_Number;Number of Internet service providers (ISPs);;;321;SSD;South Sudan;18;2019;;;Number of Internet Service Providers (ISP)
19174;tpInternetConn_Providers_Number;Number of Internet service providers (ISPs);;;321;SSD;South Sudan;20;2020;;;Number of Internet Service Providers (ISP)
19174;tpInternetConn_Providers_Number;Number of Internet service providers (ISPs);;;321;SSD;South Sudan;24;2021;;;Number of Internet Service Providers (ISP)
19174;tpInternetConn_Providers_Number;Number of Internet service providers (ISPs);;;321;SSD;South Sudan;24;2022;;;Number of Internet Service Providers (ISP)
19174;tpInternetConn_Providers_Number;Number of Internet service providers (ISPs);;;321;SSD;South Sudan;25;2023;;;Number of Internet Service Providers (ISP)
19174;tpInternetConn_Providers_Number;Number of Internet service providers (ISPs);;;321;SSD;South Sudan;30;2024;;;Number of Internet Service Providers (ISP)
