"","entityIso","entityName.x","dataYear","Active mobile-broadband subscriptions per 100 people","Data and voice mobile-broadband subscriptions per 100 people","Fixed-broadband subscriptions per 100 people","At least 3G %","At least LTE/WiMAX %","Active mobile-broadband subscriptions count","At least 2G %","256 kbit/s to less than 2 Mbit/s count","256 kbit/s to less than 2 Mbit/s % fixed broadband subscriptions","256 kbit/s to less than 2 Mbit/s per 100 people","2 Mbit/s to less than 10 Mbit/s count","2 Mbit/s to less than 10 Mbit/s per 100 people","Fixed-broadband subscriptions count","Equal to or above 10 Mbit/s count","Equal to or above 10 Mbit/s per 100 people","Satellite broadband count","Terrestrial fixed wireless count","Fibre-to-the-home/building count","Other fixed broadband count","Households with Internet access at home %","DSL  count","Data and voice mobile-broadband subscriptions count","Data-only mobile-broadband subscriptions count","Active subscriptions to LTE/WiMAX mobile-broadband networks count","Cable modem count","10 Mbit/s to less than 30 Mbit/s count","30 Mbit/s to less than 100 Mbit/s count","Equal to or above 100 Mbit/s count","Equal to or above 10 Mbit/s % fixed broadband subscriptions","2 Mbit/s to less than 10 Mbit/s % fixed broadband subscriptions","At least 5G %","entityName.y","Female %","Male %","Individuals using the Internet %","entityName","Full-time equivalent telecommunication employees  per 1000 main lines","Annual foreign investment in telecommunications LCU","Full-time equivalent telecommunication employees  count","Full-time equivalent telecommunication employees  female","Revenue from all telecommunication services USD","Annual investment in telecommunication services USD","Revenue from all telecommunication services per employee","Annual investment in telecommunication services As % of revenues","Individuals with basic ICT skills in safety","Individuals with above basic ICT skills in safety","Individuals with basic ICT skills in information and data literacy","Individuals with above basic ICT skills in information and data literacy","Individuals with basic ICT skills in digital content creation","Individuals with above basic ICT skills in digital content creation","Individuals with basic skills in communication and collaboration","Individuals with above basic ICT skills in communication and collaboration","Individuals with basic ICT skills in problem solving","Individuals with above basic ICT skills in problem solving"
"1","AFG","Afghanistan",2018,19.0436,16.1662,0.0435429,55,7,6997210,90,15121,94.5122,0.0411534,734,0.00199766,15999,144,0.000391911,NA,458,NA,NA,7.2703,15643,5939970,1057240,138079,NA,NA,NA,NA,0.900056,4.58779,NA,"Afghanistan",NA,NA,16.8,"Afghanistan",111.069,0,14194,573,664938000,80344400,46846.4,12.083,NA,NA,NA,NA,NA,NA,NA,NA,NA,NA
"2","ALB","Albania",2018,62.5381,58.4151,12.5058,99.2,85.5,1810000,99.86,4936,1.36374,0.170546,253144,8.7465,361947,103867,3.58876,639,12556,85073,28,32.9222,198107,1690670,119327,NA,65544,89424,11650,2793,28.6967,69.9395,NA,"Albania",NA,NA,65.4,"Albania",13.0635,NA,3248,1389,222512000,60946100,68507.4,27.39,NA,NA,NA,NA,NA,NA,NA,NA,NA,NA
"3","DZA","Algeria",2018,81.1217,77.302,7.21567,97.45,52.84,34480800,98.04,7999,0.260807,0.0188189,2194170,5.16214,3067020,864853,2.03471,1498,864265,11369,10794,74.3912,2179100,32857200,1623570,18920800,0,864560,259,34,28.1985,71.5407,0,"Algeria",42.8598,55.1302,49.0385,"Algeria",7.18676,0,30191,9891,3495750000,846653000,115788,24.2195,NA,NA,NA,NA,NA,NA,NA,NA,NA,NA
"4","AND","Andorra",2018,61.9249,NA,47.4482,98,85,46544,99.5,0,0,0,0,0,35663,35663,47.4482,NA,NA,35663,0,94.4581,0,NA,NA,NA,NA,NA,NA,NA,100,0,NA,NA,NA,NA,NA,"Andorra",NA,NA,NA,NA,103541000,NA,NA,NA,NA,NA,NA,NA,NA,NA,NA,NA,NA,NA
"5","AGO","Angola",2018,18.5964,17.351,0.350067,85,8,5820150,90,35802,32.6777,0.114394,54261,0.173374,109561,17684,0.0565035,337,22311,61821,NA,6.7114,8736,5430370,389783,230011,16356,17689,4,NA,16.1408,49.5258,NA,"Angola",NA,NA,29,"Angola",42.2849,2242910000,7267,2591,NA,114564000,NA,NA,NA,NA,NA,NA,NA,NA,NA,NA,NA,NA
"6","AZE","Azerbaijan",2018,59.0569,51.9109,18.8342,97.1,49,5929190,100,850550,44.9809,8.4718,831649,8.28353,1890910,208714,2.07887,62,110854,192556,2745,78.2,1565580,5211740,717441,604155,19115,125228,52179,31307,11.0377,43.9813,NA,"Azerbaijan",75.8247,83.8583,79.8,"Azerbaijan",15.8028,83100000,26571,7899,1115900000,259703000,41996.9,23.273,NA,NA,NA,NA,NA,NA,NA,NA,NA,NA
"7","ARG","Argentina",2018,NA,NA,18.9759,95,90.76,NA,98,339936,4.01168,0.761252,3466070,7.76191,8473660,4528810,10.1418,8967,264302,388013,169515,80.3,3329030,NA,NA,NA,4313830,3147410,1175390,206003,53.4458,40.9041,NA,"Argentina",NA,NA,77.7,"Argentina",NA,NA,NA,NA,13232300000,1889980000,NA,14.2831,NA,NA,NA,NA,NA,NA,NA,NA,NA,NA
"8","AUS","Australia",2018,128.457,96.7288,33.5486,99.4,99.2,32268000,99.4,NA,NA,NA,NA,NA,8427320,4794390,19.0862,135551,272879,1637830,NA,86.744,4869030,24298000,7970000,32268000,1512030,2109980,2287960,396445,56.8911,NA,NA,"Australia",NA,NA,90,"Australia",11.4921,NA,94235,19703,3.4579e+10,10257700000,366945,29.6644,NA,NA,NA,NA,NA,NA,NA,NA,NA,NA
"9","AUT","Austria",2018,103.953,73.6968,28.515,98,98,9191180,99,3000,0.118991,0.0339303,767100,8.67598,2521200,1751100,19.8051,NA,28200,63000,NA,88.7751,1559000,6516020,2675160,NA,871000,755200,708200,287700,69.455,30.426,NA,"Austria",85.4365,89.5495,87.4791,"Austria",3.63179,NA,13566,NA,4341580000,806407000,320034,18.5741,NA,NA,NA,NA,NA,NA,NA,NA,NA,NA
"10","BHS","Bahamas",2018,80.0625,NA,20.6785,98,95,314419,99,NA,NA,NA,13845,3.52544,81208,67363,17.1531,NA,NA,9155,NA,90.925,19203,NA,NA,150316,55312,NA,NA,NA,82.9512,17.0488,NA,"Bahamas",NA,NA,83,"Bahamas",10.7003,NA,1214,664,378101000,70631600,311450,18.6806,NA,NA,NA,NA,NA,NA,NA,NA,NA,NA
"11","BHR","Bahrain",2018,135.785,104.43,8.43442,100,100,2033560,100,733,0.580291,0.0489441,9669,0.645622,126316,115914,7.73985,379,18877,84968,NA,98.6435,22471,1563980,469580,1830200,NA,103346,9346,3154,91.7651,7.65461,NA,"Bahrain",98.5075,98.7155,98.6447,"Bahrain",10.3009,NA,2830,852,1146280000,91038100,405045,7.94207,NA,NA,NA,NA,NA,NA,NA,NA,NA,NA
"12","BGD","Bangladesh",2018,40.7331,39.2953,4.92462,95.23,79,66608000,99.6,1916110,23.7941,1.17177,NA,NA,8052890,NA,NA,NA,82417,6145270,1816830,35.8373,7422,64256900,2351080,19130800,950,NA,NA,NA,NA,NA,NA,"Bangladesh",NA,NA,25.6,"Bangladesh",400.534,51432800000,580632,201420,3789710000,1409460000,6526.87,37.1919,NA,NA,NA,NA,NA,NA,NA,NA,NA,NA
"13","ARM","Armenia",2018,73.9795,67.443,11.9399,100,99.1,2152780,100,4469,1.28624,0.153576,176290,6.05815,347448,166689,5.72821,0,26394,190483,25878,67.5842,104693,1962570,190211,651263,0,77157,89457,75,47.9752,50.7385,NA,"Armenia",66.9034,69.8878,68.2451,"Armenia",12.1942,5689620000,5828,2810,261928000,75317700,44943.1,28.7551,NA,NA,NA,NA,NA,NA,NA,NA,NA,NA
"14","BRB","Barbados",2018,61.2028,46.2579,31.8263,99.6,99.6,171803,100,0,0,0,8580,3.05652,89340,80760,28.7698,0,0,80080,0,84.6128,12209,129851,0,52757,0,12140,55266,16334,90.3962,9.60376,NA,"Barbados",NA,NA,72.4,"Barbados",4.10799,17103000,526,248,232709000,30869500,442412,13.2653,NA,NA,NA,NA,NA,NA,NA,NA,NA,NA
"15","BEL","Belgium",2018,76.0947,72.4128,39.4007,100,100,8696570,100,5052,0.112193,0.0442049,140982,1.23359,4502950,4356920,38.1229,NA,0,32464,4467,80.9513,2126180,8275780,420792,6866330,2339840,312147,1584090,2460680,96.7569,3.13088,NA,"Belgium",87.2592,90.0436,88.6473,"Belgium",4.29963,NA,17658,NA,7225710000,2048560000,409203,28.351,NA,NA,NA,NA,NA,NA,NA,NA,NA,NA
"16","BTN","Bhutan",2018,100.923,91.6887,1.42177,90,60,766768,98,10495,97.1579,1.38136,247,0.0325103,10802,60,0.00789724,0,30,200,0,53.6,10572,696613,70155,157874,0,39,19,2,0.555453,2.28661,NA,"Bhutan",NA,NA,63.5,"Bhutan",43.8337,0,965,309,74280100,22346500,76974.1,30.0842,NA,NA,NA,NA,NA,NA,NA,NA,NA,NA
"17","BOL","Bolivia (Plurinational State of)",2018,78.789,78.2054,4.38026,82.87,NA,9067330,100,269311,53.4244,2.34013,193728,1.68337,504097,41058,0.356766,NA,NA,306248,NA,16.2142,120616,9000170,67164,NA,63676,NA,NA,NA,8.14486,38.4307,NA,"Bolivia (Plurinational State of)",41.6667,47.0067,44.2861,"Bolivia (Plurinational State of)",10.8601,NA,7732,NA,1865770000,542923000,241305,29.0991,NA,NA,NA,NA,NA,NA,NA,NA,NA,NA
"18","BIH","Bosnia and Herzegovina",2018,54.3492,52.8488,21.1505,95,0,1840810,100,30381,4.24099,0.896988,346260,10.2232,716366,339725,10.0303,NA,47367,17511,934,69.1942,404795,1789990,50819,NA,244728,NA,NA,NA,47.4234,48.3356,NA,"Bosnia and Herzegovina",68.3368,72.4001,70.1201,"Bosnia and Herzegovina",10.5291,NA,7800,2760,724207000,103870000,92847,14.3426,NA,NA,NA,NA,NA,NA,NA,NA,NA,NA
"19","BWA","Botswana",2018,76.0745,29.2233,1.74169,95,65,1749060,97,23384,58.3958,1.01708,8731,0.379751,40044,474,0.0206164,346,3344,251,NA,59.2016,28962,671886,131278,NA,NA,155,NA,NA,1.1837,21.8035,NA,"Botswana",NA,NA,54.2022,"Botswana",12.8368,NA,1829,745,183762000,40651100,100471,22.1216,NA,NA,NA,NA,NA,NA,NA,NA,NA,NA
"20","BRA","Brazil",2018,89.5507,88.4041,15.1538,95.52,83.05,184571000,95.83,5113030,16.3706,2.48076,9871280,4.78939,31233000,16248700,7.88361,189524,2681080,5822330,0,66.663,13043700,182207000,2363240,129865000,9496400,8113170,8135520,NA,52.0241,31.6053,NA,"Brazil",70.0151,70.8905,70.4343,"Brazil",NA,1565420000,NA,NA,3.0153e+10,7351660000,NA,24.3812,NA,NA,NA,NA,NA,NA,NA,NA,NA,NA
"21","BLZ","Belize",2018,43.3242,NA,6.48509,93,68,164730,93,4417,17.9131,1.16168,15866,4.17278,24658,3268,0.859489,NA,NA,NA,NA,41.9443,NA,NA,NA,NA,NA,NA,NA,NA,13.2533,64.3442,NA,"Belize",NA,NA,53.5936,NA,NA,NA,NA,NA,NA,NA,NA,NA,NA,NA,NA,NA,NA,NA,NA,NA,NA,NA
"22","SLB","Solomon Islands",2018,16.1118,NA,0.209843,45,20,114249,95,NA,NA,NA,NA,NA,1488,NA,NA,NA,NA,NA,NA,40.1985,NA,NA,NA,NA,NA,NA,NA,NA,NA,NA,NA,"Solomon Islands",NA,NA,20.9,NA,NA,NA,NA,NA,NA,NA,NA,NA,NA,NA,NA,NA,NA,NA,NA,NA,NA,NA
"23","VGB","British Virgin Islands",2018,18.2907,NA,13.6048,100,99,6339,100,0,0,0,0,0,4715,4715,13.6048,NA,NA,NA,NA,NA,NA,NA,NA,NA,NA,NA,NA,NA,100,0,NA,NA,NA,NA,NA,"British Virgin Islands",10.8557,NA,68,33,37328700,12051000,548952,32.2834,NA,NA,NA,NA,NA,NA,NA,NA,NA,NA
"24","BRN","Brunei Darussalam",2018,127.381,110.984,11.2953,95.94,94.94,557685,99.06,NA,NA,NA,NA,NA,49452,17700,4.04285,NA,NA,43394,NA,53.5888,6058,485898,71787,NA,NA,26125,5612,NA,35.7923,NA,NA,"Brunei Darussalam",NA,NA,95,"Brunei Darussalam",NA,NA,NA,NA,258726000,67461400,NA,26.0745,NA,NA,NA,NA,NA,NA,NA,NA,NA,NA
"25","BGR","Bulgaria",2018,101.396,85.4467,27.1034,99.99,99.71,7122840,99.99,1062,0.0557789,0.015118,41955,0.597246,1903950,1860930,26.4911,224,159003,952762,337101,72.1327,153948,6002410,1119290,3652760,300908,488467,1030020,342444,97.7406,2.20358,NA,"Bulgaria",63.4094,66.1918,64.782,"Bulgaria",17.185,NA,19253.9,8462.44,1346330000,264369000,69925.1,19.6363,NA,NA,NA,NA,NA,NA,NA,NA,NA,NA
"26","MMR","Myanmar",2018,95.2353,94.0996,0.246881,94.15,75,49781600,95.15,25894,20.0651,0.0495368,42173,0.0806795,129050,60983,0.116664,2456,80779,25944,2355,NA,17516,49188000,593645,14003600,NA,1220,118,59645,47.2553,32.6796,NA,"Myanmar",NA,NA,29.379,"Myanmar",17.9452,NA,9347,4013,981673000,NA,105026,NA,NA,NA,NA,NA,NA,NA,NA,NA,NA,NA
"27","BDI","Burundi",2018,10.7848,0,0.0331803,44.48,20.93,1279020,95.4,3143,79.8729,0.0265021,674,0.00568323,3935,88,0.000742025,48,0,277,0,3.46151,44,0,1279020,28847,0,0,0,0,2.23634,17.1283,NA,"Burundi",NA,NA,4,"Burundi",56.187,0,1394,271,98501100,NA,70660.8,NA,NA,NA,NA,NA,NA,NA,NA,NA,NA,NA
"28","BLR","Belarus",2018,86.0863,NA,33.7712,99.9,75.7,8161010,99.9,96070,3.00076,1.01339,1253200,13.2193,3201520,1852250,19.5384,0,0,1479460,427089,72.4486,1228600,NA,NA,NA,66376,749742,1007630,94884,57.8554,39.1439,NA,"Belarus",79.0091,79.291,79.1299,"Belarus",NA,24961800,NA,NA,1343200000,310511000,NA,23.1173,NA,NA,NA,NA,NA,NA,NA,NA,NA,NA
"29","KHM","Cambodia",2018,82.694,82.694,1.02123,85.1,80.3,13458100,99,207,0.124549,0.00127193,24378,0.149792,166200,141615,0.870164,0,2311,141615,NA,NA,21394,13458100,NA,7984310,333,NA,NA,NA,85.2076,14.6679,NA,NA,NA,NA,NA,"Cambodia",48.6745,NA,4291,NA,770779000,101971000,179627,13.2296,NA,NA,NA,NA,NA,NA,NA,NA,NA,NA
"30","CMR","Cameroon",2018,16.4065,16.4065,1.59561,NA,NA,4069870,72.15,17987,4.54432,0.0725096,338216,1.36342,395813,39610,0.159677,NA,377826,5365,NA,NA,12622,4069870,NA,1048910,NA,NA,NA,NA,10.0073,85.4484,NA,"Cameroon",NA,NA,29.7,"Cameroon",7.1122,NA,6417,1740,1085180000,321493000,169111,29.6258,NA,NA,NA,NA,NA,NA,NA,NA,NA,NA
"31","CAN","Canada",2018,75.9431,69.2233,38.7334,99.5,99.3,28323000,99.5,45077,0.312046,0.120866,1980850,5.3113,14445600,12416400,33.2924,NA,788239,2073230,19890,93.6,4051360,25816800,2506040,NA,7512890,4234480,3797500,4384410,85.9527,13.7125,NA,"Canada",NA,NA,94.64,"Canada",NA,NA,NA,NA,4.0978e+10,9538380000,NA,23.2768,NA,NA,NA,NA,NA,NA,NA,NA,NA,NA
"32","CPV","Cabo Verde",2018,70.7846,64.9223,3.04958,91.07,NA,363419,99.34,NA,NA,NA,NA,NA,15657,15657,3.04958,NA,NA,455,NA,70.0929,15202,333321,30098,NA,NA,NA,NA,NA,100,NA,NA,"Cabo Verde",NA,NA,59.5,"Cabo Verde",12.5239,0,785,307,109760000,19834800,139821,18.0711,NA,NA,NA,NA,NA,NA,NA,NA,NA,NA
"33","CAF","Central African Rep.",2018,5.0887,NA,0.0124624,37.46,NA,248260,57.08,413,67.9276,0.00846544,60,0.00122985,608,0,0,NA,NA,NA,NA,4.1297,NA,NA,NA,NA,NA,NA,NA,NA,0,9.86842,NA,"Central African Rep.",NA,NA,5.1,"Central African Rep.",238.942,NA,524,89,77958900,25542000,148776,32.7634,NA,NA,NA,NA,NA,NA,NA,NA,NA,NA
"34","LKA","Sri Lanka",2018,62.0449,60.5694,6.93976,86,80,13806900,99,342465,22.1759,1.53895,859012,3.86019,1544310,342836,1.54062,NA,783012,70508,NA,41.8,533500,13478600,328356,2647600,54,533500,NA,68000,22.1999,55.6242,NA,"Sri Lanka",NA,NA,28.3,"Sri Lanka",4.82522,59662900000,11937,2956,930442000,381798000,77946,41.0341,NA,NA,NA,NA,NA,NA,NA,NA,NA,NA
"35","TCD","Chad",2018,3.78903,NA,0.00206728,42,12,612175,86,334,100,0.00206728,0,0,334,0,0,NA,NA,NA,NA,4.99173,NA,NA,NA,NA,0,NA,NA,NA,0,0,0,"Chad",NA,NA,7,"Chad",105.024,0,949,212,244363000,20526100,257495,8.39982,NA,NA,NA,NA,NA,NA,NA,NA,NA,NA
"36","CHL","Chile",2018,91.3434,86.8782,17.2067,95,NA,17257700,99,27753,0.853705,0.146894,601585,3.18414,3250890,2621550,13.8756,NA,11225,702759,167789,88.7118,586272,16414100,737559,14145500,1782840,590259,955403,1075890,80.641,18.5053,NA,"Chile",NA,NA,84.9,"Chile",19.4045,NA,58159,20180,NA,1659220000,NA,NA,NA,NA,NA,NA,NA,NA,NA,NA,NA,NA
"37","CHN","China",2018,94.0254,93.5874,28.7089,99.4,99.4,1334230000,99.9,329000,0.0807596,0.0231852,5915000,0.41684,407382000,401138000,28.2689,NA,NA,368327000,32905000,65.1805,6150000,1328010000,6216000,1165460000,0,4715000,110016000,286404000,98.4673,1.45195,NA,"China",NA,NA,59.2,"China",5.96507,NA,1145800,446515,1.96927e+11,49517400000,171868,25.1451,NA,NA,NA,NA,NA,NA,NA,NA,NA,NA
"38","TWN","Taiwan, Province of China",2018,111.273,106.949,24.1978,100,99.9,26326300,100,171804,3.00093,0.726158,873425,3.69168,5725020,4679790,19.7799,243,0,3675310,2854,89,628821,25303400,1022980,26303000,1417790,1400880,1352450,1926460,81.7428,15.2563,NA,"Taiwan, Province of China",86.6,85.8,86.2058,"Taiwan, Province of China",3.96938,28722900000,52294,19859,10527400000,1710720000,201312,16.2501,NA,NA,NA,NA,NA,NA,NA,NA,NA,NA
"39","COL","Colombia",2018,52.9987,52.2034,13.6229,100,98,25982300,100,129290,1.9359,0.263725,2980410,6.07944,6678540,3568840,7.27972,9874,251758,867850,3815,52.6611,1653220,25592400,389878,16168600,3892020,3108650,210158,NA,53.4374,44.6267,NA,"Colombia",64.5888,63.6495,64.1264,"Colombia",NA,NA,NA,NA,7450670000,NA,NA,NA,NA,NA,NA,NA,NA,NA,NA,NA,NA,NA
"40","COM","Comoros",2018,64.536,64.5104,0.198421,89.83,82.48,497953,90.85,1321,86.2835,0.171205,273,0.0353815,1531,30,0.00388808,NA,82,189,NA,NA,1111,497756,197,35937,NA,NA,NA,NA,1.9595,17.8315,NA,NA,NA,NA,NA,"Comoros",10.6589,NA,110,NA,17483900,46909600,158945,268.301,NA,NA,NA,NA,NA,NA,NA,NA,NA,NA
"41","COD","Dem. Rep. of the Congo",2018,14.8366,14.7255,0.00513062,50,0,13360100,52,NA,NA,NA,NA,NA,4620,NA,NA,NA,NA,NA,NA,NA,NA,13260000,100068,NA,NA,NA,NA,NA,NA,NA,NA,"Dem. Rep. of the Congo",NA,NA,11.7,"Dem. Rep. of the Congo",NA,NA,1880,394,1316030000,NA,700018,NA,NA,NA,NA,NA,NA,NA,NA,NA,NA,NA
"42","CRI","Costa Rica",2018,102.656,100.282,16.8377,97.31,86.54,5089510,97.31,197315,23.6367,3.97988,440366,8.88225,834784,197103,3.9756,NA,5488,19677,601,73.0802,275665,4971810,117698,NA,533353,NA,NA,15895,23.6113,52.7521,0,"Costa Rica",73.9544,72.9754,73.4797,"Costa Rica",15.3731,33679800000,11804,3258,1583790000,297705000,134174,18.797,NA,NA,NA,NA,NA,NA,NA,NA,NA,NA
"43","HRV","Croatia",2018,82.0488,75.1689,28.0156,99.4,98.5,3302360,100,18097,1.60493,0.44963,285090,7.08321,1127590,824404,20.4828,53,126777,63731,3976,81.5207,769906,3025450,276908,2015570,163148,492303,246722,85379,73.112,25.2678,NA,"Croatia",73.3323,77.3318,75.2946,"Croatia",5.62751,NA,7629,2908,1513890000,412111000,198439,27.222,NA,NA,NA,NA,NA,NA,NA,NA,NA,NA
"44","CUB","Cuba",2018,14.4154,NA,0.880351,67,0,1618440,85.3,88466,89.5061,0.787967,9292,0.0827639,98838,1100,0.00979771,NA,NA,NA,NA,28.1532,74565,NA,NA,NA,24273,NA,NA,NA,1.11293,9.40124,NA,"Cuba",NA,NA,62.6789,"Cuba",13.0504,NA,18064,8092,NA,265900000,NA,NA,NA,NA,NA,NA,NA,NA,NA,NA,NA,NA
"45","BEN","Benin",2018,18.3598,18.3598,0.218309,80,40,2273550,98,15496,57.3204,0.125136,5167,0.0417254,27034,6370,0.0514401,NA,19617,190,NA,NA,7227,2273550,NA,NA,NA,NA,NA,NA,23.5629,19.113,NA,"Benin",NA,NA,19,"Benin",13.7915,NA,669,345,443458000,176309000,662866,39.7577,NA,NA,NA,NA,NA,NA,NA,NA,NA,NA
"46","DNK","Denmark",2018,138.989,118.582,43.7691,100,100,8052800,100,10547,0.415907,0.182039,115337,1.99069,2535900,2382060,41.1138,91,21538,793514,25083,92.6641,863218,6870420,1182390,7385760,832460,654620,788624,938815,93.9333,4.54816,NA,"Denmark",97.2257,97.4119,97.3192,"Denmark",11.6463,NA,13066,NA,5335750000,1111710000,408369,20.8351,NA,NA,NA,NA,NA,NA,NA,NA,NA,NA
"47","DMA","Dominica",2018,67.7678,NA,16.8891,95,95,46200,100,NA,NA,NA,4461,6.54355,11514,4878,7.15522,NA,NA,NA,NA,71.8194,NA,NA,NA,NA,NA,NA,NA,NA,42.3658,38.7441,NA,NA,NA,NA,NA,NA,NA,NA,NA,NA,NA,NA,NA,NA,NA,NA,NA,NA,NA,NA,NA,NA,NA,NA
"48","DOM","Dominican Rep.",2018,62.8211,53.5184,7.98202,99.23,93.72,6773410,99.56,196283,22.807,1.82046,391037,3.62674,860626,273306,2.53482,0,68027,200104,4012,31.6208,419540,5770380,987502,NA,186348,197396,63804,12106,31.7567,45.4363,NA,"Dominican Rep.",75.0359,74.6039,74.822,"Dominican Rep.",7.10928,-240100000,9087,3169,1747730000,325024000,192333,18.5969,NA,NA,NA,NA,NA,NA,NA,NA,NA,NA
"49","ECU","Ecuador",2018,54.798,52.5382,11.4584,93.04,70.87,9342810,95.38,114839,5.87831,0.67356,1355050,7.94773,1953610,483716,2.83712,NA,167142,539849,NA,37.1742,835888,8957520,376193,7258790,410709,NA,NA,NA,24.7601,69.3615,NA,"Ecuador",NA,NA,57.5,"Ecuador",7.87221,NA,18583,6480,2676640000,NA,144037,NA,NA,NA,NA,NA,NA,NA,NA,NA,NA,NA
"50","SLV","El Salvador",2018,56.2941,56.2941,7.91447,86,68,3501390,97,105767,21.4858,1.70049,381265,6.12985,492265,5178,0.0832502,150,NA,9211,NA,20.0256,315618,3501390,NA,NA,168692,NA,51,4,1.05187,77.4512,NA,"El Salvador",NA,NA,43.8,NA,NA,NA,NA,NA,NA,NA,NA,NA,NA,NA,NA,NA,NA,NA,NA,NA,NA,NA
"51","GNQ","Equatorial Guinea",2018,0.114203,NA,0.100221,60,NA,1846,70,435,26.8519,0.0269113,213,0.0131773,1620,NA,NA,NA,NA,NA,NA,21.3808,NA,NA,NA,NA,NA,NA,NA,NA,NA,13.1481,NA,NA,NA,NA,NA,NA,NA,NA,NA,NA,NA,NA,NA,NA,NA,NA,NA,NA,NA,NA,NA,NA,NA,NA
"52","EST","Estonia",2018,146.821,87.2898,33.3725,100,99,1940930,100,35139,7.9649,2.65809,30500,2.30717,441173,375534,28.4073,NA,30309,161877,3643,90.4998,127649,1153940,786987,1133760,98251,165276,144146,66112,85.1217,6.91339,NA,"Estonia",89.2502,89.4714,89.357,"Estonia",10.09,NA,3488,NA,546367000,105105000,156642,19.237,NA,NA,NA,NA,NA,NA,NA,NA,NA,NA
"53","FRO","Faroe Islands",2018,94.2744,88.4312,35.6253,100,99.99,48112,100,124,0.682031,0.242975,2094,4.10315,18181,15963,31.2791,NA,137,77,NA,NA,17967,45130,2982,NA,NA,7908,6967,1088,87.8005,11.5175,0,NA,NA,NA,NA,"Faroe Islands",12.0433,NA,207,NA,NA,NA,NA,NA,NA,NA,NA,NA,NA,NA,NA,NA,NA,NA
"54","FJI","Fiji",2018,67.3762,90.2725,2.08214,94,75,617961,98,201,1.05252,0.021915,3441,0.375172,19097,8963,0.977235,82,6753,146,NA,NA,8721,827961,147961,362961,NA,3787,227,59,46.9341,18.0185,0,"Fiji",NA,NA,58.2364,"Fiji",16.7561,0,943,327,207553000,34871900,220098,16.8015,NA,NA,NA,NA,NA,NA,NA,NA,NA,NA
"55","FIN","Finland",2018,154.648,114.219,31.4917,99.9,99.9,8530000,99.99,NA,NA,NA,117000,2.1212,1737000,1620000,29.3705,NA,3000,888000,7000,88.9477,405000,6300000,2230000,NA,434000,725000,268000,627000,93.2642,6.73575,NA,"Finland",87.6452,90.181,88.89,"Finland",NA,NA,NA,NA,3531050000,617639000,NA,17.4916,NA,NA,NA,NA,NA,NA,NA,NA,NA,NA
"56","FRA","France",2018,90.6279,NA,44.4142,99,99,59379000,99,8500,0.0292096,0.0129732,580000,0.885232,29100000,27224000,41.551,NA,NA,4800000,455000,82.3789,19562000,NA,3062000,47750000,4284000,18260000,2879000,6085000,93.5533,1.99313,NA,"France",80.414,83.8181,82.0432,"France",2.85734,NA,108956,NA,36718200000,11554500000,337001,31.4679,NA,NA,NA,NA,NA,NA,NA,NA,NA,NA
"57","PYF","French Polynesia",2018,65.1684,37.1192,21.3677,88.5,88.5,182351,98,11161,18.667,3.98871,47042,16.8118,59790,3142,1.12288,0,4217,3142,10234,NA,41368,103865,11960,89226,0,3041,226,0,5.25506,78.6787,NA,NA,NA,NA,NA,"French Polynesia",10.1464,0,916,360,134767000,122496000,147126,90.8946,NA,NA,NA,NA,NA,NA,NA,NA,NA,NA
"58","DJI","Djibouti",2018,18.4273,14.1891,2.37974,70,5,197519,85,21544,84.4598,2.00992,3404,0.317572,25508,560,0.0522446,0,0,763,0,46.5149,24745,152090,45429,0,0,NA,NA,NA,2.19539,13.3448,NA,"Djibouti",NA,NA,57.0617,"Djibouti",48.5687,0,1790,480,118877000,8485680,66411.6,7.13822,NA,NA,NA,NA,NA,NA,NA,NA,NA,NA
"59","GAB","Gabon",2018,87.9542,86.6389,0.953118,97,97,1945830,99,NA,NA,NA,12393,0.560182,21086,8717,0.394021,NA,NA,8717,NA,57.8414,12369,1916730,NA,NA,NA,NA,NA,NA,41.3402,58.7736,NA,"Gabon",NA,NA,55.4202,"Gabon",36.0253,NA,786,NA,392486000,NA,499346,NA,NA,NA,NA,NA,NA,NA,NA,NA,NA,NA
"60","GEO","Georgia",2018,77.721,76.8689,22.5911,99.98,99.72,2949420,99.98,7257,0.846489,0.191231,194727,5.13131,857306,655322,17.2686,28,133904,648292,NA,75.8005,75082,2917080,32335,1688530,0,478530,162877,13915,76.4397,22.7138,NA,"Georgia",61.173,64.4942,62.7179,"Georgia",18.6377,NA,11273,4261,333328000,233864000,29568.7,70.1605,NA,NA,NA,NA,NA,NA,NA,NA,NA,NA
"61","GMB","Gambia",2018,34.9308,NA,0.184737,88,7.5,838210,98,2660,60.0045,0.11085,1330,0.0554252,4433,443,0.0184612,NA,NA,NA,NA,63.2564,NA,NA,NA,31106,NA,NA,NA,NA,9.99323,30.0023,NA,"Gambia",NA,NA,28.3,"Gambia",67.9545,NA,2990,NA,NA,2635610,NA,NA,NA,NA,NA,NA,NA,NA,NA,NA,NA,NA
"62","PSE","State of Palestine",2018,16.3093,NA,7.50601,57,0,791100,97,532,0.146119,0.0109677,177103,3.65116,364086,186451,3.84388,0,2774,507,0,NA,360805,NA,NA,0,0,183778,2673,0,51.2107,48.6432,NA,"State of Palestine",60.2284,68.4727,64.4,"State of Palestine",5.24331,0,2463,721,143337000,17795500,58196.3,12.4151,NA,NA,NA,NA,NA,NA,NA,NA,NA,NA
"63","DEU","Germany",2018,82.321,77.9861,40.9651,NA,98.2,68629800,99,271081,0.793748,0.32516,3805960,4.56523,34152000,30075000,36.0748,24999,16857,1087690,45000,89.8986,24997200,65015800,3613930,41400000,7980290,11188200,12096900,6789950,88.0621,11.1442,NA,"Germany",84.1628,89.9817,87.0371,"Germany",3.48,NA,147900,NA,48678900000,10746700000,329134,22.0767,NA,NA,NA,NA,NA,NA,NA,NA,NA,NA
"64","GHA","Ghana",2018,89.1478,88.8848,0.199977,80,34.86,27312700,96.79,NA,NA,NA,NA,NA,61268,NA,NA,101,2165,194,NA,25,58808,27232200,80581,1128500,NA,NA,NA,NA,NA,NA,NA,"Ghana",NA,NA,43,"Ghana",NA,NA,NA,NA,1286860000,393822000,NA,30.6033,NA,NA,NA,NA,NA,NA,NA,NA,NA,NA
"65","GIB","Gibraltar",2018,86.2627,NA,54.4529,100,100,30066,100,0,0,0,0,0,18979,18979,54.4529,0,0,18979,0,NA,0,NA,NA,NA,0,8071,1049,9859,100,0,NA,NA,NA,NA,NA,NA,NA,NA,NA,NA,NA,NA,NA,NA,NA,NA,NA,NA,NA,NA,NA,NA,NA,NA
"66","KIR","Kiribati",2018,11.4855,48.293,0.0712624,67,53,14022,72,26,29.8851,0.0212968,56,0.0458701,87,2,0.00163822,NA,NA,0,0,47.1818,0,58958,1755,NA,0,1,1,0,2.29885,64.3678,NA,"Kiribati",NA,NA,32.9864,"Kiribati",NA,1500000,123,69,NA,1942600,NA,NA,NA,NA,NA,NA,NA,NA,NA,NA,NA,NA
"67","GRC","Greece",2018,79.801,75.7055,36.9203,99.7,98.8,8563330,99.9,382,0.00964193,0.00355983,172482,1.60735,3961860,3789000,35.3094,4257,1196,6032,136,76.4933,3950240,8123840,439483,3949140,0,3064490,700131,24376,95.6368,4.35356,NA,"Greece",70.5309,74.0668,72.2384,"Greece",3.23184,NA,16530,NA,5764410000,907658000,348724,15.7459,NA,NA,NA,NA,NA,NA,NA,NA,NA,NA
"68","GRL","Greenland",2018,3.408,NA,24.0611,100,100,1911,100,208,1.54165,0.370938,6296,11.228,13492,6988,12.4621,NA,NA,NA,NA,NA,NA,NA,NA,NA,NA,NA,NA,NA,51.7937,46.6647,NA,NA,NA,NA,NA,NA,NA,NA,NA,NA,NA,NA,NA,NA,NA,NA,NA,NA,NA,NA,NA,NA,NA,NA
"69","GRD","Grenada",2018,91.0875,NA,23.3268,NA,NA,105380,NA,NA,NA,NA,NA,NA,26987,NA,NA,NA,NA,NA,NA,NA,NA,NA,NA,NA,NA,NA,NA,NA,NA,NA,NA,"Grenada",NA,NA,61.4,NA,NA,NA,NA,NA,NA,NA,NA,NA,NA,NA,NA,NA,NA,NA,NA,NA,NA,NA
"70","GIN","Guinea",2018,23.2868,23.2868,0.00954759,31,18.5,2958530,79,NA,NA,NA,NA,NA,1213,NA,NA,NA,NA,NA,NA,11.0539,NA,2958530,NA,359102,NA,NA,NA,NA,NA,NA,NA,"Guinea",15.4,29.4,21.83,"Guinea",NA,3.241e+11,2099,NA,505692000,53720200,240921,10.6231,NA,NA,NA,NA,NA,NA,NA,NA,NA,NA
"71","HTI","Haiti",2018,30.4227,NA,0.283698,60,30,3335050,NA,NA,NA,NA,NA,NA,31100,NA,NA,NA,NA,NA,NA,7,NA,NA,NA,NA,NA,NA,NA,NA,NA,NA,NA,"Haiti",NA,NA,32.4736,NA,NA,NA,NA,NA,NA,NA,NA,NA,NA,NA,NA,NA,NA,NA,NA,NA,NA,NA
"72","HND","Honduras",2018,31.5403,NA,3.63393,78.36,67.46,3079980,90.74,76997,21.6978,0.788483,265068,2.71441,354861,12796,0.131037,NA,62071,2547,3199,31.0763,24256,NA,NA,1252520,262788,10964,1832,NA,3.60592,74.6963,NA,"Honduras",37.7922,34.1519,36.0401,"Honduras",44.0843,NA,23453,NA,872967000,168869000,37222,19.3442,NA,NA,NA,NA,NA,NA,NA,NA,NA,NA
"73","HKG","Hong Kong, China",2018,153.343,138.926,36.3353,99,99,11456600,100,0,0,0,19310,0.258459,2714680,2695370,36.0768,NA,3852,2096630,26805,92.2717,432389,10379500,1077110,10216000,155000,434023,100628,2160720,99.2887,0.711318,NA,"Hong Kong, China",89.1429,92.0172,90.5074,"Hong Kong, China",4.77519,NA,20037,7903,13840700000,1118200000,690755,8.07909,NA,NA,NA,NA,NA,NA,NA,NA,NA,NA
"74","HUN","Hungary",2018,67.342,62.6935,31.5063,99.2,99.2,6582270,99.2,42659,1.38524,0.436436,163918,1.67701,3079550,2872970,29.3928,0,105420,726975,NA,83.3089,734109,6127910,454357,NA,1513050,453445,654650,1764880,93.292,5.32279,NA,"Hungary",74.8465,77.3802,76.0744,"Hungary",NA,NA,NA,NA,2966070000,507373000,NA,17.1059,NA,NA,NA,NA,NA,NA,NA,NA,NA,NA
"75","ISL","Iceland",2018,115.89,98.6844,39.1065,99,98.2,408923,99,159,0.115227,0.0450611,268,0.0759521,137989,137562,38.9855,NA,560,72253,NA,95.4686,63743,348212,60711,370446,1433,8390,43186,85986,99.6906,0.194218,NA,"Iceland",99.413,98.6356,99.011,"Iceland",10.8822,NA,1360,NA,250912000,104055000,184494,41.4708,NA,NA,NA,NA,NA,NA,NA,NA,NA,NA
"76","IND","India",2018,36.8957,36.8957,1.32178,94,94,507190000,97,291113,1.60216,0.0211771,8228850,0.59861,18170000,9650040,0.701995,956,26772,1188840,3516560,23.8,12098200,507190000,NA,436110000,1338690,NA,NA,NA,53.1097,45.2881,NA,"India",14.9,25,20.0813,"India",NA,1.8337e+11,NA,NA,30184300000,29658700000,NA,98.2585,NA,NA,NA,NA,NA,NA,NA,NA,NA,NA
"77","IDN","Indonesia",2018,86.4117,63.0493,3.2873,97.7,97.59,233270000,98.71,3987830,44.9377,1.47724,615969,0.228177,8874120,4270320,1.58188,5480,24867,6283950,NA,66.2233,2555790,170203000,63067200,175898000,4029,NA,NA,NA,48.1211,6.94119,NA,"Indonesia",37.4875,42.3069,39.9046,"Indonesia",45.0949,3.54438e+13,374446,168038,18599400000,5043220000,49671.7,27.115,NA,NA,NA,NA,NA,NA,NA,NA,NA,NA
"78","IRN","Iran (Islamic Republic of)",2018,64.7879,64.6226,11.3876,79,76,55794000,96.5,4055490,41.3541,4.70923,3762770,4.36932,9806750,1987860,2.3083,0,1198220,0,214063,79.371,8394470,55651700,142367,19882800,0,1987860,0,0,20.2703,38.3692,0,"Iran (Islamic Republic of)",66.5468,73.772,70.2006,"Iran (Islamic Republic of)",2.05366,0,62599,21909,7621350000,1151450000,121749,15.1082,NA,NA,NA,NA,NA,NA,NA,NA,NA,NA
"79","IRQ","Iraq",2018,38.021,NA,11.1567,94.57,0,15309400,100,2695400,60,6.69404,1347700,3.34702,4492330,449233,1.11567,2008,4000530,290498,0,65.3667,40058,NA,533636,0,290556,NA,NA,NA,10,30,NA,"Iraq",NA,NA,33.9,"Iraq",5.68349,NA,15374,3752,NA,NA,NA,NA,NA,NA,NA,NA,NA,NA,NA,NA,NA,NA
"80","IRL","Ireland",2018,102.657,96.4822,29.3513,95,90,5002030,99,8010,0.560077,0.16439,172128,3.5326,1430160,1250020,25.6543,4522,47552,90642,NA,89,914600,4701150,298419,NA,372844,145688,680381,423953,87.4043,12.0356,NA,"Ireland",87.9877,85.9951,87.0001,"Ireland",5.05956,NA,9252,NA,4165460000,803049000,450223,19.2787,NA,NA,NA,NA,NA,NA,NA,NA,NA,NA
"81","ISR","Israel",2018,111.632,NA,28.6132,99,90,9500000,99,0,0,0,NA,NA,2435000,NA,NA,NA,NA,50000,NA,74.9391,1655000,NA,NA,NA,730000,NA,NA,NA,NA,NA,NA,"Israel",82.6318,84.8952,83.7332,"Israel",NA,NA,NA,NA,5137920000,NA,NA,NA,NA,NA,NA,NA,NA,NA,NA,NA,NA,NA
"82","ITA","Italy",2018,90.4079,76.2821,28.4649,100,99,54495600,100,105519,0.614989,0.175056,4149690,6.88432,17157900,12902700,21.4055,0,1232530,895803,0,75.1169,15029600,45980900,8514720,NA,0,5079130,2662650,5160910,75.1997,24.1853,NA,"Italy",71.7819,77.0705,74.3872,"Italy",3.20205,NA,65311,NA,30386800000,9930360000,465263,32.6798,NA,NA,NA,NA,NA,NA,NA,NA,NA,NA
"83","CIV","Côte d'Ivoire",2018,56.226,55.3896,0.640536,72.9,55,15442000,97.12,111567,63.4199,0.406227,53536,0.19493,175918,10815,0.0393786,5,72622,10284,8320,15.8527,84687,15212300,229712,NA,0,NA,NA,NA,6.14775,30.4324,0,"Côte d'Ivoire",29.3579,45.2287,37.5465,"Côte d'Ivoire",8.48881,0,2567,984,1861390000,314346000,725125,16.8877,NA,NA,NA,NA,NA,NA,NA,NA,NA,NA
"84","JAM","Jamaica",2018,53.2717,NA,10.0974,98,73,1502310,100,5654,1.98556,0.20049,83666,2.96678,284756,195436,6.93012,NA,NA,60300,NA,64.4064,108090,NA,NA,NA,174421,NA,NA,NA,68.6328,29.3816,NA,"Jamaica",71.5634,64.8012,68.2145,"Jamaica",5.32131,NA,1936,1169,646569000,NA,333972,NA,NA,NA,NA,NA,NA,NA,NA,NA,NA,NA
"85","JPN","Japan",2018,140.058,NA,32.6965,99.9,99.9,177752000,99.9,337730,0.81388,0.266111,1981510,1.56131,41496300,37920400,29.879,NA,4580,31660000,1246170,95.7364,1729650,NA,NA,202883000,6855860,1845490,1804400,34270500,91.3826,4.77515,NA,"Japan",86.4968,91.1605,88.7464,"Japan",1.12991,NA,71685,NA,1.51422e+11,13114100000,2112320,8.66063,NA,NA,NA,NA,NA,NA,NA,NA,NA,NA
"86","KAZ","Kazakhstan",2018,71.1931,69.3196,13.0002,87.9,75.3,13478800,96.6,67400,2.73839,0.355997,1020800,5.39172,2461300,1276400,6.74177,2500,94200,1215700,122500,87.5881,990300,13124100,354700,8249500,36200,NA,NA,NA,51.8588,41.474,NA,"Kazakhstan",77.8547,80.0414,78.9039,"Kazakhstan",14.0439,NA,45026,16644,2269930000,231104000,50413.8,10.1811,NA,NA,NA,NA,NA,NA,NA,NA,NA,NA
"87","JOR","Jordan",2018,83.4592,72.1045,3.81939,99.8,99,8731760,99.98,3628,0.907917,0.0346769,171627,1.64043,399596,224341,2.14428,0,171214,74004,0,41.6441,154378,7543790,1187970,909083,0,98493,76952,48896,56.142,42.9501,NA,"Jordan",NA,NA,65.2,"Jordan",10.9578,0,4045,1022,908967000,191371000,224714,21.0536,NA,NA,NA,NA,NA,NA,NA,NA,NA,NA
"88","KEN","Kenya",2018,42.9091,40.8672,0.739931,86,35,21543400,96,97752,26.3129,0.194698,273746,0.545234,371498,NA,NA,1547,58864,175824,7479,12.0898,976,20518200,1025200,3522780,126808,NA,NA,NA,NA,73.6871,NA,"Kenya",NA,NA,19.5,"Kenya",138.307,NA,9079,3936,NA,567594000,NA,NA,NA,NA,NA,NA,NA,NA,NA,NA,NA,NA
"89","KOR","Korea (Rep. of)",2018,112.585,100.614,41.219,99.9,99.9,58139700,99.9,0,0,0,0,0,21285900,21285900,41.219,0,0,17108300,NA,99.4782,696779,51958100,6181580,55154200,3480800,15940,1726550,16408900,100,0,NA,"Korea (Rep. of)",94.8292,97.1748,96.0229,"Korea (Rep. of)",5.09444,NA,131981,NA,52669200000,5127860000,399067,9.73596,NA,NA,NA,NA,NA,NA,NA,NA,NA,NA
"90","KWT","Kuwait",2018,125.416,70.3339,2.40138,100,100,5422240,100,22157,21.3415,0.512492,41236,0.953789,103821,40428,0.9351,0,5447,24975,2472,100,70927,3040810,2381430,4894580,0,33538,6093,797,38.9401,39.7184,NA,"Kuwait",99.7954,99.5215,99.5988,"Kuwait",19.3001,0,9950,3881,3022770000,300421000,303796,9.93861,NA,NA,NA,NA,NA,NA,NA,NA,NA,NA
"91","KGZ","Kyrgyzstan",2018,93.4712,NA,3.95179,88,70,5927690,99.2,22654,9.03947,0.357221,158296,2.4961,250612,69662,1.09847,47,17962,41779,110360,70.059,430,NA,NA,NA,80034,NA,NA,NA,27.7968,63.1638,NA,"Kyrgyzstan",NA,NA,62.8,"Kyrgyzstan",30.6758,287746,10158,5119,328273000,49739400,32316.7,15.1518,NA,NA,NA,NA,NA,NA,NA,NA,NA,NA
"92","LAO","Lao P.D.R.",2018,41.6156,NA,0.636626,78,43,2966380,94,16185,35.6663,0.227061,27864,0.390907,45379,1330,0.0186587,NA,NA,NA,NA,19.5411,NA,NA,NA,NA,NA,NA,NA,NA,2.93087,61.4029,NA,"Lao P.D.R.",NA,NA,36.3,NA,NA,NA,NA,NA,NA,NA,NA,NA,NA,NA,NA,NA,NA,NA,NA,NA,NA,NA
"93","LBN","Lebanon",2018,51.8638,48.3456,NA,98.4,98.2,3103590,99.5,NA,NA,NA,NA,NA,NA,NA,NA,NA,NA,NA,NA,NA,NA,2893060,60847,2242870,NA,NA,NA,NA,NA,NA,NA,"Lebanon",NA,NA,80.9,NA,NA,NA,NA,NA,NA,NA,NA,NA,NA,NA,NA,NA,NA,NA,NA,NA,NA,NA
"94","LSO","Lesotho",2018,55.4532,NA,0.263922,97.84,65,1210880,98,NA,NA,NA,NA,NA,5763,NA,NA,NA,NA,NA,NA,2.41552,NA,NA,NA,NA,NA,NA,NA,NA,NA,NA,NA,"Lesotho",NA,NA,40.8,"Lesotho",NA,NA,NA,NA,127229000,19850000,NA,15.6018,NA,NA,NA,NA,NA,NA,NA,NA,NA,NA
"95","LVA","Latvia",2018,130.289,97.1309,27.2877,NA,NA,2511440,NA,4564,0.867689,0.236773,100038,5.1898,525995,421393,21.8612,0,10050,355654,24153,81.5769,118513,1872280,639157,NA,17625,64944,48290,308159,80.1135,19.0188,NA,"Latvia",83.9624,83.1415,83.5772,"Latvia",17.6738,NA,4705,1782,628236000,91705300,133525,14.5973,NA,NA,NA,NA,NA,NA,NA,NA,NA,NA
"96","LBR","Liberia",2018,24.7132,NA,NA,NA,NA,1222000,NA,NA,NA,NA,NA,NA,NA,NA,NA,NA,NA,NA,NA,3.48881,NA,NA,NA,NA,NA,NA,NA,NA,NA,NA,NA,"Liberia",NA,NA,17.2777,NA,NA,NA,NA,NA,NA,NA,NA,NA,NA,NA,NA,NA,NA,NA,NA,NA,NA,NA
"97","LIE","Liechtenstein",2018,129.217,123.929,43.8302,99,98,49269,100,21,0.125658,0.0550762,1730,4.53723,16712,14961,39.2379,0,0,1413,0,90.0496,8480,47253,2016,49269,6819,10522,1990,2449,89.5225,10.3518,NA,NA,NA,NA,NA,"Liechtenstein",11.5463,NA,176,NA,56409300,24788100,320508,43.9433,NA,NA,NA,NA,NA,NA,NA,NA,NA,NA
"98","LTU","Lithuania",2018,98.5094,79.5194,28.1445,99.99,99,2760710,100,2176,0.275882,0.0776456,40554,1.44708,788743,746013,26.6198,0,47695,580156,5738,78.3772,132515,2228520,532190,2107200,22639,152629,226250,367134,94.5825,5.1416,NA,"Lithuania",79.8985,79.5269,79.7226,"Lithuania",13.3469,1143950000,5700,NA,628606000,95370300,110282,15.1717,NA,NA,NA,NA,NA,NA,NA,NA,NA,NA
"99","LUX","Luxembourg",2018,113.813,111.676,36.8853,99,97,692100,99,0,0,0,36300,5.9694,224300,224300,36.8853,0,NA,78200,1100,92.9858,122700,679100,13000,NA,22300,84000,43500,96800,100,16.1837,NA,"Luxembourg",95.973,98.1115,97.0613,"Luxembourg",8.6645,NA,2370,NA,626142000,95184900,264195,15.2018,NA,NA,NA,NA,NA,NA,NA,NA,NA,NA
"100","MAC","Macao, China",2018,331.1,NA,29.3056,NA,NA,2181190,NA,NA,NA,NA,NA,NA,193057,NA,NA,NA,NA,NA,NA,90.2263,NA,NA,NA,NA,NA,NA,NA,NA,NA,NA,NA,"Macao, China",83.7895,83.771,83.7941,NA,NA,NA,NA,NA,NA,NA,NA,NA,NA,NA,NA,NA,NA,NA,NA,NA,NA,NA
"101","MDG","Madagascar",2018,14.9024,NA,0.0989674,65,25,4097390,80,1492,5.48308,0.00542646,18136,0.0659613,27211,7583,0.0275796,NA,NA,NA,NA,3.7,NA,NA,NA,NA,NA,NA,NA,NA,27.8674,66.6495,NA,"Madagascar",NA,NA,7.7478,NA,NA,NA,NA,NA,NA,NA,NA,NA,NA,NA,NA,NA,NA,NA,NA,NA,NA,NA
"102","MWI","Malawi",2018,26.6428,24.296,0.0613015,54,30,4936390,84,4901,43.1502,0.0264517,6369,0.0343748,11358,88,0.000474955,1,10882,385,10,10.474,80,4501580,434816,145621,0,NA,NA,NA,0.774784,56.075,NA,"Malawi",NA,NA,8.79829,"Malawi",90.2481,24906600000,1353,419,402244000,71460100,297298,17.7653,NA,NA,NA,NA,NA,NA,NA,NA,NA,NA
"103","MYS","Malaysia",2018,111.8,110.678,8.1918,94.7,79.7,36794500,94.8,222500,8.25297,0.676066,747100,2.27006,2696000,1726400,5.24567,3400,2000,1736000,3400,86.9846,951200,36425300,369200,29784800,NA,135000,387400,1204000,64.0356,27.7114,NA,"Malaysia",78.7261,83.5169,81.201,"Malaysia",5.10163,3.2275e+10,37900,15200,8271280000,1597200000,218240,19.3102,NA,NA,NA,NA,NA,NA,NA,NA,NA,NA
"104","MDV","Maldives",2018,60.7232,49.1189,10.018,100,100,287281,100,NA,NA,NA,NA,NA,47395,NA,NA,0,29,24920,1153,93.0008,10364,232381,54900,NA,10958,NA,NA,NA,NA,NA,NA,"Maldives",NA,NA,70.9,"Maldives",63.8264,NA,1197,337,NA,NA,NA,NA,NA,NA,NA,NA,NA,NA,NA,NA,NA,NA
"105","MLI","Mali",2018,28.2591,26.7107,0.591595,55,28,5776720,100,85871,71.0065,0.420071,7553,0.0369484,120934,7553,0.0369484,0,102757,794,0,17.3722,15110,5460210,316511,0,0,0,0,0,6.24556,6.24556,0,"Mali",NA,NA,21.4,"Mali",5.34422,0,1219,293,910534000,231211000,746952,25.3929,NA,NA,NA,NA,NA,NA,NA,NA,NA,NA
"106","MLT","Malta",2018,76.908,69.2481,39.5893,100,100,372664,100,0,0,0,523,0.107933,191833,191310,39.4813,0,10226,21532,0,84.1443,67523,335547,37117,10226,92552,16356,111155,63799,99.7274,0.272633,NA,"Malta",81.7067,81.6127,81.658,"Malta",7.19943,NA,1839,593,272758000,NA,148318,NA,NA,NA,NA,NA,NA,NA,NA,NA,NA,NA
"107","MRT","Mauritania",2018,50.7484,NA,0.304863,43,0,2201310,96,NA,NA,NA,NA,NA,13224,NA,NA,NA,NA,NA,NA,24.9446,NA,NA,NA,NA,NA,NA,NA,NA,NA,NA,NA,"Mauritania",NA,NA,22.967,"Mauritania",11.708,NA,702,NA,264284000,53030600,376473,20.0658,NA,NA,NA,NA,NA,NA,NA,NA,NA,NA
"108","MUS","Mauritius",2018,77.6904,76.6042,21.3139,99,99,1001300,99,51800,18.8569,4.01914,800,0.0620717,274700,222100,17.2326,NA,NA,224900,NA,69.7312,NA,987300,14000,NA,NA,212900,6900,2300,80.8518,0.291227,NA,"Mauritius",56.3968,60.8746,58.5962,"Mauritius",37.2024,NA,16157,7613,267258000,NA,16541.3,NA,NA,NA,NA,NA,NA,NA,NA,NA,NA,NA
"109","MEX","Mexico",2018,70.8744,70.1461,14.7374,89.64,88.2,88290800,92.68,319193,1.73863,0.256228,1989430,1.59699,18358900,15892700,12.7577,9411,100049,3720310,375696,52.5109,7168180,87383600,907284,NA,6985270,NA,NA,366708,86.5666,10.8363,0,"Mexico",56.1804,57.1903,56.6596,"Mexico",9.71004,18074100000,210194,69229,25713700000,4461080000,122333,17.349,NA,NA,NA,NA,NA,NA,NA,NA,NA,NA
"110","MCO","Monaco",2018,85.3122,81.5878,51.5909,100,100,32550,100,50,0.254013,0.131048,91,0.238507,19684,19543,51.2214,0,0,NA,0,82.3789,3302,31129,2609,24454,11695,NA,NA,11695,99.2837,0.462304,NA,NA,NA,NA,NA,"Monaco",5.003,0,217,48,NA,11704000,NA,NA,NA,NA,NA,NA,NA,NA,NA,NA,NA,NA
"111","MNG","Mongolia",2018,83.789,50.5726,9.66655,95,45,2654190,100,81132,26.4957,2.56122,223301,7.0493,306208,1775,0.0560342,58,11034,252675,NA,43.3,20038,1601990,1052200,1473400,NA,NA,NA,NA,0.579671,72.9384,NA,"Mongolia",51.204,42.7963,47.13,"Mongolia",32.667,NA,12082,6029,510901000,75994300,42286.1,14.8746,NA,NA,NA,NA,NA,NA,NA,NA,NA,NA
"112","MDA","Moldova",2018,68.7486,61.093,19.7584,99.8,97,2168170,99.99,18861,3.02679,0.598046,8364,0.265206,623135,595910,18.8951,NA,2417,394199,NA,54.2114,182178,1926740,241439,1019810,44341,194431,338871,62608,95.631,1.34225,NA,"Moldova",NA,NA,50.3,"Moldova",5.55405,NA,6155,2348,284934000,71079100,46293.1,24.9458,NA,NA,NA,NA,NA,NA,NA,NA,NA,NA
"113","MNE","Montenegro",2018,74.5909,65.7431,25.825,98,97.62,459327,99.58,5775,3.63141,0.937812,33462,5.43395,159029,119792,19.4532,79,9106,47535,307,72.1777,55346,404843,54484,215935,46656,37942,73790,8060,75.3271,21.0414,NA,"Montenegro",71.7125,71.3587,71.5171,"Montenegro",8.14438,87940500,1408,NA,277165000,109393000,196850,39.4684,NA,NA,NA,NA,NA,NA,NA,NA,NA,NA
"114","MAR","Morocco",2018,59.3987,58.6393,4.33206,98,96,21288400,99.7,13960,0.899138,0.0389512,1059380,2.95589,1552600,479256,1.33722,8620,24301,73169,28297,74.1668,1418210,21016200,272185,9605380,0,405660,3561,70035,30.868,68.2329,NA,"Morocco",61.1112,68.5423,64.8039,"Morocco",4.46083,NA,9810,2330,3422500000,513975000,348879,15.0175,NA,NA,NA,NA,NA,NA,NA,NA,NA,NA
"115","MOZ","Mozambique",2018,15.3143,15.1793,0.241714,82,33,4444010,85,45676,65.1193,0.157402,19424,0.0669363,70142,5042,0.017375,NA,13404,4576,1290,5.20372,32944,4404840,39175,2901880,17928,NA,NA,NA,7.18828,27.6924,NA,"Mozambique",NA,NA,10.9,"Mozambique",44.8846,NA,2828,NA,8506100,1941020,3007.81,22.8191,NA,NA,NA,NA,NA,NA,NA,NA,NA,NA
"116","OMN","Oman",2018,89.3875,74.8322,9.17127,99.2,96.05,4113350,99.3,5236,1.24066,0.113784,327688,7.12101,422035,89111,1.93648,35,127147,84302,3305,94.4052,206644,3443560,669791,NA,NA,NA,NA,1254,21.1146,77.6447,NA,"Oman",NA,NA,85.5,"Oman",6.84601,NA,3836,951,2199880000,534530000,573483,24.2982,NA,NA,NA,NA,NA,NA,NA,NA,NA,NA
"117","NAM","Namibia",2018,66.0174,64.7796,2.43865,53,39,1701490,100,21311,33.9066,0.826864,31586,1.22553,62852,9955,0.386253,960,NA,498,7380,29.0194,54014,1669580,31902,NA,NA,0,0,0,15.8388,50.9715,NA,"Namibia",NA,NA,42.8,"Namibia",7.39926,NA,1049,392,234766000,62920500,223800,26.8014,NA,NA,NA,NA,NA,NA,NA,NA,NA,NA
"118","NPL","Nepal (Republic of)",2018,47.5449,NA,2.82041,NA,NA,13350400,NA,NA,NA,NA,NA,NA,791961,NA,NA,NA,NA,NA,NA,24.4698,NA,NA,NA,NA,NA,NA,NA,NA,NA,NA,NA,"Nepal (Republic of)",NA,NA,28.6,NA,NA,NA,NA,NA,NA,NA,NA,NA,NA,NA,NA,NA,NA,NA,NA,NA,NA,NA
"119","NLD","Netherlands",2018,122.436,119.452,42.5152,99,99,21330000,100,5558,0.0750402,0.0319035,67296,0.386286,7406700,7333850,42.0971,NA,NA,1281230,NA,94.9367,2654020,20810000,520000,NA,3471450,659396,3422720,3251730,99.0164,0.908583,NA,"Netherlands",90.6667,93.1507,91.8919,"Netherlands",NA,NA,NA,NA,12000100000,2653520000,NA,22.1124,NA,NA,NA,NA,NA,NA,NA,NA,NA,NA
"120","CUW","Curacao",2018,44.768,44.768,28.5467,100,80,81291,100,0,0,0,16479,9.07519,51836,32919,18.1289,NA,1200,3448,NA,NA,27306,81291,NA,NA,18844,15071,17740,108,63.5061,31.7906,NA,NA,NA,NA,NA,NA,NA,NA,NA,NA,NA,NA,NA,NA,NA,NA,NA,NA,NA,NA,NA,NA,NA,NA
"121","VUT","Vanuatu",2018,66.7635,NA,NA,69,33,190449,98,885,NA,0.310244,476,0.166866,NA,28,0.00981564,95,3871,656,NA,NA,NA,NA,NA,NA,NA,0,0,0,NA,NA,NA,"Vanuatu",NA,NA,33.989,"Vanuatu",0,0,0,0,44981800,0,NA,0,NA,NA,NA,NA,NA,NA,NA,NA,NA,NA
"122","NZL","New Zealand",2018,95.9996,NA,33.6194,98,97,4704790,98,0,0,0,16000,0.326474,1647640,1631000,33.28,NA,NA,NA,NA,88.445,NA,NA,NA,NA,NA,NA,NA,NA,98.9904,0.971089,NA,"New Zealand",NA,NA,89,NA,NA,NA,NA,NA,NA,NA,NA,NA,NA,NA,NA,NA,NA,NA,NA,NA,NA,NA
"123","NIC","Nicaragua",2018,18.8606,NA,3.00642,85,42,1207100,70.6,NA,NA,NA,NA,NA,192413,NA,NA,NA,NA,NA,NA,21.8817,NA,NA,NA,NA,NA,NA,NA,NA,NA,NA,NA,"Nicaragua",NA,NA,33.913,"Nicaragua",NA,100800000,NA,NA,NA,NA,NA,NA,NA,NA,NA,NA,NA,NA,NA,NA,NA,NA
"124","NER","Niger",2018,7.12094,NA,NA,NA,NA,1580000,NA,NA,NA,NA,NA,NA,NA,NA,NA,NA,NA,NA,NA,9.75386,NA,NA,NA,NA,NA,NA,NA,NA,NA,NA,NA,NA,NA,NA,NA,"Niger",NA,NA,1858,NA,NA,93803600,NA,NA,NA,NA,NA,NA,NA,NA,NA,NA,NA,NA
"125","NGA","Nigeria",2018,29.3196,28.9615,0.0360913,75.48,22.34,60087200,94.33,211,0.28527,0.000102958,67715,0.0330416,73965,6039,0.00294673,1610,62010,8482,1863,17.3583,NA,59353300,733933,12761500,NA,NA,NA,NA,8.16467,91.5501,NA,"Nigeria",NA,NA,27.7,"Nigeria",93.5647,34948300000,13145,4231,7336100000,1003120000,558091,13.6737,NA,NA,NA,NA,NA,NA,NA,NA,NA,NA
"126","NOR","Norway",2018,99.6678,92.763,41.5279,99.9,99.9,5294110,99.9,9000,0.408004,0.169436,149294,2.81064,2205860,2047570,38.5479,2403,37899,1067590,1430,96,489761,4927340,366761,NA,606783,532235,767358,748651,92.8239,6.76806,NA,"Norway",97,96,96.4917,"Norway",29.8382,NA,16868,NA,4094680000,1360320000,242749,33.2217,NA,NA,NA,NA,NA,NA,NA,NA,NA,NA
"127","MHL","Marshall Islands",2018,NA,NA,2.20824,NA,NA,NA,NA,NA,NA,NA,NA,NA,1000,NA,NA,NA,NA,NA,NA,NA,NA,NA,NA,NA,NA,NA,NA,NA,NA,NA,NA,"Marshall Islands",NA,NA,43.8825,NA,NA,NA,NA,NA,NA,NA,NA,NA,NA,NA,NA,NA,NA,NA,NA,NA,NA,NA
"128","PAK","Pakistan",2018,27.1502,27.1502,0.952871,73,68.6,61611600,88.7,225114,10.4107,0.0992002,1488840,0.656082,2162340,448386,0.197589,NA,267429,81193,414218,21.4691,1607130,61611600,21645900,21645900,59803,216088,11786,5465,20.7362,71.0953,NA,"Pakistan",NA,NA,15.34,"Pakistan",12.2464,33596600000,35940,2377,4272120000,715939000,118868,16.7584,NA,NA,NA,NA,NA,NA,NA,NA,NA,NA
"129","PAN","Panama",2018,79.3173,12.4776,12.9616,95,33,3305830,96,872,0.161416,0.020922,145534,3.49182,540220,350589,8.41173,NA,NA,17877,4289,72.4116,131013,520050,NA,NA,387041,142075,66243,142271,64.8974,26.9398,NA,"Panama",62.4773,61.1067,61.8055,"Panama",8.73035,NA,6359,2670,1111520000,322758000,174794,29.0375,NA,NA,NA,NA,NA,NA,NA,NA,NA,NA
"130","PRY","Paraguay",2018,62.4084,61.9416,4.98959,97.7,80.8,4011230,98.8,117534,36.6492,1.82865,201065,3.12826,320700,2101,0.0326883,71,14129,18668,NA,24.408,58951,3981230,30000,NA,228881,NA,NA,NA,0.655129,62.6957,NA,"Paraguay",65.6624,64.3244,64.9935,"Paraguay",20.3135,NA,6150,NA,989973000,NA,160971,NA,NA,NA,NA,NA,NA,NA,NA,NA,NA,NA
"131","PER","Peru",2018,75.1728,NA,8.09511,86.06,79.2,23978300,90.89,280884,10.8779,0.880581,1641340,5.14565,2582140,659870,2.06871,NA,NA,NA,NA,29.7943,NA,NA,NA,NA,NA,NA,NA,NA,NA,NA,NA,"Peru",52.1014,58.006,55.0543,NA,NA,NA,NA,NA,NA,NA,NA,NA,NA,NA,NA,NA,NA,NA,NA,NA,NA,NA
"132","PHL","Philippines",2018,65.7743,NA,3.4609,96,80,7.2e+07,99,NA,NA,NA,NA,NA,3788490,NA,NA,NA,NA,NA,NA,NA,NA,NA,NA,NA,NA,NA,NA,NA,NA,NA,NA,"Philippines",NA,NA,44.1,NA,NA,NA,NA,NA,NA,NA,NA,NA,NA,NA,NA,NA,NA,NA,NA,NA,NA,NA
"133","POL","Poland",2018,170.264,150.312,20.5314,100,100,65110700,100,43181,0.549977,0.112918,1068600,2.79438,7851420,5780860,15.1169,2593,852610,1591960,521354,84.1884,2058390,57481000,7629690,17543100,2824520,926121,1327440,2600490,73.6282,13.6103,0,"Poland",77.304,77.7883,77.5417,"Poland",NA,NA,NA,NA,10864900000,2199720000,NA,20.2462,NA,NA,NA,NA,NA,NA,NA,NA,NA,NA
"134","PRT","Portugal",2018,73.3483,68.4056,36.6543,99.2,99.2,7573470,99.88,9083,0.239994,0.0879679,22621,0.219082,3784680,3752980,36.3472,648,282355,1710680,3576,79.4251,606524,7063120,510347,6984560,1180900,738592,302838,2711550,99.1623,0.597699,NA,"Portugal",73.0328,76.4396,74.661,"Portugal",2.20012,NA,11163,NA,4169520000,719768000,373512,17.2626,NA,NA,NA,NA,NA,NA,NA,NA,NA,NA
"135","GNB","Guinea-Bissau",2018,17.2806,12.0964,0.0626376,NA,NA,332162,91.8,1174,97.5083,0.0610769,22,0.00114454,1204,8,0.000416197,NA,1204,NA,NA,7.62931,NA,232513,99648,43833,NA,NA,NA,NA,0.664452,1.82724,NA,"Guinea-Bissau",NA,NA,15.7,"Guinea-Bissau",NA,NA,233,65,113506,16964.8,487.149,14.9462,NA,NA,NA,NA,NA,NA,NA,NA,NA,NA
"136","TLS","Timor-Leste",2018,31.4156,NA,0.00548607,96.5,40,400850,96.5,NA,NA,NA,NA,NA,70,NA,NA,NA,33,150,NA,15.779,433,NA,NA,NA,NA,NA,NA,NA,NA,NA,NA,"Timor-Leste",NA,NA,27.6,"Timor-Leste",NA,NA,NA,NA,70612000,NA,NA,NA,NA,NA,NA,NA,NA,NA,NA,NA,NA,NA
"137","PRI","Puerto Rico",2018,NA,NA,18.5111,100,NA,NA,100,35124,5.76723,1.06758,463563,14.0898,609027,NA,NA,138,NA,288,NA,61.9758,205222,NA,NA,NA,323948,1190400,1915990,113636,NA,76.1153,NA,"Puerto Rico",71.6556,69.9744,70.8564,"Puerto Rico",11.3158,NA,7958,NA,2333910000,NA,293279,NA,NA,NA,NA,NA,NA,NA,NA,NA,NA,NA
"138","QAT","Qatar",2018,126.875,115.432,9.70272,100,99.5,3503190,100,6094,2.27468,0.220706,6016,0.217881,267906,255796,9.26414,NA,400,250456,5174,93.9895,11876,3187240,315953,3503190,NA,195493,40964,19339,95.4798,2.24556,NA,"Qatar",99.79,99.5101,99.6528,"Qatar",4.14079,NA,1872,444,2794230000,332143000,1492640,11.8867,NA,NA,NA,NA,NA,NA,NA,NA,NA,NA
"139","ROU","Romania",2018,85.8461,79.8505,25.9702,99.96,92.56,16824000,99.96,19110,0.375471,0.0975106,344117,1.75589,5089610,4726380,24.1168,614,260933,3074980,306601,80.8858,647218,15649000,1175000,10382000,799265,569310,654159,3502910,92.8634,6.76117,NA,"Romania",69.6146,71.7602,70.6813,"Romania",13.6612,NA,50000,18000,3106590000,592650000,62131.9,19.0772,NA,NA,NA,NA,NA,NA,NA,NA,NA,NA
"140","RUS","Russian Federation",2018,86.8675,86.4281,21.8963,78,70,127200000,91,2052270,6.40078,1.40153,5260440,3.59246,32062800,24750100,16.9023,43646,230290,24568300,1909000,76.5795,4903580,126557000,643467,23298100,407942,NA,NA,NA,77.1925,16.4067,NA,"Russian Federation",80.0784,81.76,80.8647,"Russian Federation",12.8503,3.95963e+11,386900,154760,25856800000,5.029e+09,66830.8,19.4494,NA,NA,NA,NA,NA,NA,NA,NA,NA,NA
"141","RWA","Rwanda",2018,38.43,NA,0.0600657,96.6,96.6,4799140,99.92,1924,25.6499,0.0154068,2174,0.0174087,7501,3403,0.0272502,101,2601,4682,42,12.8069,75,NA,NA,28602,NA,2656,727,20,45.3673,28.9828,NA,"Rwanda",NA,NA,19.2,"Rwanda",82.6389,NA,1071,290,201501000,48927800,188143,24.2816,NA,NA,NA,NA,NA,NA,NA,NA,NA,NA
"142","KNA","Saint Kitts and Nevis",2018,57.5243,NA,34.8473,NA,NA,27041,NA,NA,NA,NA,NA,NA,16381,NA,NA,NA,NA,NA,NA,NA,NA,NA,NA,NA,NA,NA,NA,NA,NA,NA,NA,"Saint Kitts and Nevis",NA,NA,68.6,NA,NA,NA,NA,NA,NA,NA,NA,NA,NA,NA,NA,NA,NA,NA,NA,NA,NA,NA
"143","LCA","Saint Lucia",2018,43.6806,104.478,18.2271,NA,NA,77322,98,7615,23.6014,4.30185,14921,8.42913,32265,9729,5.49608,NA,NA,NA,112,NA,8869,184944,77322,9437,23262,NA,NA,NA,30.1534,46.2452,NA,"Saint Lucia",NA,NA,60.1126,"Saint Lucia",6.05994,NA,221,NA,70171400,18197100,317517,25.9324,NA,NA,NA,NA,NA,NA,NA,NA,NA,NA
"144","VCT","Saint Vincent and the Grenadines",2018,56.6637,56.6637,23.4575,100,90,59455,100,2692,10.9373,2.56562,14473,13.7935,24613,NA,NA,0,243,0,0,NA,9192,59455,NA,NA,15439,NA,NA,NA,NA,58.8023,NA,"Saint Vincent and the Grenadines",NA,NA,56,"Saint Vincent and the Grenadines",7.53504,NA,150,72,44184400,3835840,294563,8.68143,NA,NA,NA,NA,NA,NA,NA,NA,NA,NA
"145","SMR","San Marino",2018,127.429,NA,31.446,98,98,44000,98,0,0,0,4708,13.6349,10858,6150,17.8111,NA,NA,NA,NA,75.1169,NA,NA,NA,NA,NA,NA,NA,NA,56.6403,43.3597,NA,NA,NA,NA,NA,NA,NA,NA,NA,NA,NA,NA,NA,NA,NA,NA,NA,NA,NA,NA,NA,NA,NA,NA
"146","STP","Sao Tome and Principe",2018,33.6786,32.9897,0.740769,93,0,70788,93,199,12.781,0.0946776,923,0.439133,1557,435,0.206959,NA,NA,632,NA,17.8617,507,69340,1448,NA,NA,NA,NA,NA,27.9383,59.2807,NA,"Sao Tome and Principe",NA,NA,38,"Sao Tome and Principe",24.9104,0,132,42,16163700,2110600,122452,13.0577,NA,NA,NA,NA,NA,NA,NA,NA,NA,NA
"147","SAU","Saudi Arabia",2018,123.301,87.8942,22.4661,98.1,93.1,37440500,99.42,58624,0.859353,0.193064,786717,2.59086,6821870,5976530,19.6822,940,627082,2864460,NA,94.531,3329390,26689200,10751400,34709800,NA,3786920,1726310,463300,87.6084,11.5323,NA,"Saudi Arabia",91.4001,94.6412,93.31,"Saudi Arabia",NA,NA,NA,NA,15577600000,4461940000,NA,28.6433,NA,NA,NA,NA,NA,NA,NA,NA,NA,NA
"148","SEN","Senegal",2018,41.9644,NA,0.815734,92.2,62,6678430,97.9,61751,47.5666,0.388017,47474,0.298307,129820,20595,0.12941,NA,NA,NA,NA,6.6196,NA,NA,NA,895338,NA,NA,NA,NA,15.8643,36.5691,NA,"Senegal",NA,NA,35.3,"Senegal",7.21605,NA,2181,778,1311920000,175223000,601521,13.3562,NA,NA,NA,NA,NA,NA,NA,NA,NA,NA
"149","SRB","Serbia",2018,83.4508,76.9345,22.2891,98.67,96.7,5811320,99.77,4297,0.27684,0.0617051,112201,1.61121,1552160,1435660,20.6162,0,87203,109036,5829,72.906,664611,5357540,453778,2985900,685481,760113,652513,23036,92.4945,7.2287,NA,"Serbia",70.0816,76.7538,73.3607,"Serbia",5.46046,NA,14059,5400,1983460000,415874000,141081,20.967,NA,NA,NA,NA,NA,NA,NA,NA,NA,NA
"150","SYC","Seychelles",2018,67.9572,NA,17.1149,98.5,98.5,78178,99,NA,NA,NA,NA,NA,19689,NA,NA,NA,3233,NA,99,64.3631,7525,NA,NA,NA,8832,NA,NA,NA,NA,NA,NA,"Seychelles",NA,NA,69.2,"Seychelles",18.0877,NA,367,138,88049900,NA,239918,NA,NA,NA,NA,NA,NA,NA,NA,NA,NA,NA
"151","SLE","Sierra Leone",2018,12.5487,NA,NA,50,NA,948000,74,NA,NA,NA,NA,NA,NA,NA,NA,NA,NA,NA,NA,17.6172,NA,NA,NA,NA,NA,NA,NA,NA,NA,NA,NA,"Sierra Leone",NA,NA,14.4223,"Sierra Leone",255.055,NA,1110,NA,NA,NA,NA,NA,NA,NA,NA,NA,NA,NA,NA,NA,NA,NA
"152","SGP","Singapore",2018,152.074,NA,26.5087,100,100,8568400,100,33900,2.26968,0.601665,11300,0.200555,1493600,1447700,25.6941,NA,0,1396800,4000,97.7339,3200,NA,NA,NA,89600,9900,19400,1418400,96.9269,0.756561,NA,"Singapore",87.5644,88.7923,88.1656,"Singapore",NA,NA,NA,NA,7043080000,805877000,NA,11.4421,NA,NA,NA,NA,NA,NA,NA,NA,NA,NA
"153","SVK","Slovakia",2018,86.1367,75.9249,27.6954,95,94,4688620,100,35374,2.3465,0.649871,337098,6.19298,1507520,1135050,20.8525,1167,376463,459553,1553,80.8442,484284,4132770,555852,2788190,184504,319524,508358,307170,75.2925,22.361,NA,"Slovakia",80.3932,80.5058,80.4489,"Slovakia",12.1488,NA,8780,3066,2013370000,707168000,229314,35.1236,NA,NA,NA,NA,NA,NA,NA,NA,NA,NA
"154","VNM","Viet Nam",2018,71.378,63.6692,13.5025,99.6,93.89,68692300,99.6,11783,0.0906772,0.0122437,450299,0.467905,12994500,12532400,13.0224,NA,NA,11894000,NA,46.0052,259261,61273500,7418760,29789200,829474,NA,NA,NA,96.444,3.46532,NA,"Viet Nam",NA,NA,69.8479,"Viet Nam",17.9701,NA,77205,22929,548366000,NA,7102.73,NA,NA,NA,NA,NA,NA,NA,NA,NA,NA,NA
"155","SVN","Slovenia",2018,77.9847,72.9523,29.6086,99.5,99.5,1613880,99.8,6257,1.02114,0.302346,69882,3.37679,612745,536606,25.9295,107,11283,222505,2846,86.6821,200201,1509730,104146,1205450,175803,248274,165717,122615,87.5741,11.4047,NA,"Slovenia",77.5712,81.8593,79.75,"Slovenia",7.39382,NA,5344,NA,888942000,304353000,166344,34.2377,NA,NA,NA,NA,NA,NA,NA,NA,NA,NA
"156","ZAF","South Africa",2018,76.4007,64.6106,1.88868,99.51,90.32,44780700,99.97,48995,4.42587,0.0835907,650947,1.11058,1107010,407071,0.694506,21039,47399,256531,12109,64.6971,753530,37870200,6910540,26737900,16405,312991,64253,29827,36.772,58.8021,NA,"South Africa",NA,NA,62.4,"South Africa",10.2031,5332100000,34134,12983,10753800000,2306390000,315047,21.4472,NA,NA,NA,NA,NA,NA,NA,NA,NA,NA
"157","ZWE","Zimbabwe",2018,49.6206,40.3172,1.3506,84,35,7460190,93,139995,68.944,0.931161,52682,0.350409,203056,10379,0.0690348,3989,32478,39377,2026,30.3036,95761,6061470,1398710,885859,1488,7869,1727,783,5.1114,25.9446,NA,"Zimbabwe",NA,NA,25,"Zimbabwe",19.2227,NA,5168,1749,1564280000,160493000,302685,10.2599,NA,NA,NA,NA,NA,NA,NA,NA,NA,NA
"158","ESP","Spain",2018,97.6438,94.2472,32.2277,99.7,97.8,45983200,99.8,34143,0.224966,0.0725015,576889,1.225,15177000,14565900,30.9302,665,265140,8735320,861,86.4,3743410,44383700,1599560,33448200,2431560,3300120,2354950,8910850,95.9739,3.80109,NA,"Spain",85.6031,86.6191,86.1072,"Spain",1.98506,NA,39230,NA,22164700000,5362050000,564993,24.1919,NA,NA,NA,NA,NA,NA,NA,NA,NA,NA
"159","SSD","South Sudan",2018,6.50152,0.881658,0.0019757,15,10,658147,38,75,37.5,0.000740889,75,0.000740889,200,50,0.000493926,200,NA,NA,NA,4.83238,NA,89250,95000,0,0,20,20,0,25,37.5,NA,"South Sudan",NA,NA,4.8,"South Sudan",NA,42933000,140,25,54623900,299259,390171,0.547854,NA,NA,NA,NA,NA,NA,NA,NA,NA,NA
"160","SDN","Sudan",2018,30.6517,NA,0.0708831,46.6,35,13557400,90,17322,55.2501,0.0391629,13618,0.0307886,31352,278,0.000628524,255,NA,1055,2647,13.0921,27395,NA,NA,NA,NA,NA,NA,NA,0.886706,43.4358,NA,"Sudan",NA,NA,24.6,NA,NA,NA,NA,NA,NA,NA,NA,NA,NA,NA,NA,NA,NA,NA,NA,NA,NA,NA
"161","SUR","Suriname",2018,40.441,38.2427,12.2059,95,75,242449,100,0,0,0,24487,4.08448,73176,31828,5.30898,NA,15388,530,NA,52.7525,55723,229270,13179,15388,NA,NA,NA,NA,43.4951,33.4632,NA,"Suriname",NA,NA,55.1,"Suriname",11.2034,NA,987,408,216335000,20713800,219185,9.57485,NA,NA,NA,NA,NA,NA,NA,NA,NA,NA
"162","SWZ","Eswatini",2018,59.2229,NA,1.87103,88,37,692274,98,NA,NA,NA,NA,NA,21871,NA,NA,NA,NA,NA,NA,NA,NA,NA,NA,NA,NA,NA,NA,NA,NA,NA,NA,"Eswatini",NA,NA,39.4,NA,NA,NA,NA,NA,NA,NA,NA,NA,NA,NA,NA,NA,NA,NA,NA,NA,NA,NA
"163","SWE","Sweden",2018,124.4,107.99,38.7413,100,100,12658200,100,8886,0.225414,0.0873282,257223,2.52789,3942090,3675980,36.1261,414,6685,2628550,7288,96.0609,623914,10988400,1669800,9960420,675240,471653,289330,2915000,93.2495,6.52504,NA,"Sweden",89.6986,88.8001,89.247,"Sweden",8.57058,NA,18546,6108,5836510000,1781420000,314704,30.522,NA,NA,NA,NA,NA,NA,NA,NA,NA,NA
"164","CHE","Switzerland",2018,99.4749,91.1834,45.605,100,99,8471620,100,3557,0.0915837,0.0417667,176695,2.07478,3883880,3692060,43.3527,1675,199,720289,9691,90.0496,2020790,7765490,706133,0,1131230,288889,1367930,2035240,95.0612,4.54945,NA,"Switzerland",NA,NA,91.8,"Switzerland",7.70176,NA,25656.7,NA,15426200000,2859910000,601256,18.5392,NA,NA,NA,NA,NA,NA,NA,NA,NA,NA
"165","SYR","Syrian Arab Republic",2018,14.2843,14.2843,6.78669,88,35,2796550,88,1167790,87.8902,5.96484,159902,0.81675,1328690,392,0.00200226,NA,NA,427,200,NA,1328080,2796550,NA,478637,NA,398,NA,NA,0.0295028,12.0346,NA,"Syrian Arab Republic",NA,NA,33.77,"Syrian Arab Republic",8.55803,NA,23449,6638,709197000,NA,30244.2,NA,NA,NA,NA,NA,NA,NA,NA,NA,NA,NA
"166","THA","Thailand",2018,81.3354,NA,12.8741,98,98,58054000,98,17981,0.19568,0.0251919,178599,0.250222,9189000,8992420,12.5986,NA,NA,3871000,151000,67.7096,3653000,NA,NA,NA,1514000,NA,NA,NA,97.8607,1.94362,NA,"Thailand",55.9048,57.7825,56.8175,"Thailand",NA,NA,NA,NA,12531800000,NA,NA,NA,NA,NA,NA,NA,NA,NA,NA,NA,NA,NA
"167","TGO","Togo",2018,30.5648,NA,0.316705,70,35,2524280,97,2160,8.25814,0.026154,4054,0.0490872,26156,19941,0.241452,NA,7786,3248,148,NA,14957,NA,2524280,123642,NA,17411,2531,NA,76.2387,15.4993,NA,"Togo",NA,NA,15.5,"Togo",38.0727,NA,1435,382,318825000,123337000,222178,38.685,NA,NA,NA,NA,NA,NA,NA,NA,NA,NA
"168","TON","Tonga",2018,63.6799,53.3879,2.38616,96,NA,67225,98,NA,NA,NA,NA,NA,2519,NA,NA,0,1004,56,0,NA,7,56360,46630,20595,NA,NA,NA,NA,NA,NA,NA,NA,NA,NA,NA,"Tonga",24.835,0,365,146,34548600,4471130,94653.8,12.9415,NA,NA,NA,NA,NA,NA,NA,NA,NA,NA
"169","TTO","Trinidad and Tobago",2018,38.4961,38.4499,23.2707,100,75,566092,100,8441,2.46669,0.574015,83938,5.70806,342200,249821,16.9886,NA,56243,115197,NA,84.0665,30250,565412,680,NA,140510,67486,138237,44098,73.0044,24.5289,NA,"Trinidad and Tobago",NA,NA,72.8,"Trinidad and Tobago",8.91669,NA,2848,NA,833358000,NA,292612,NA,NA,NA,NA,NA,NA,NA,NA,NA,NA,NA
"170","ARE","United Arab Emirates",2018,257.64,81.9074,32.3591,100,99.73,24081300,100,101637,3.36038,1.08739,158861,1.69962,3024570,2764070,29.5721,191,392,2980670,NA,98.4,43310,7655780,16425500,NA,NA,2067870,587389,108813,91.3873,5.25236,NA,"United Arab Emirates",98.8,98.3353,98.45,"United Arab Emirates",2.7851,9.42e+08,6521,1571,9539060000,1190760000,1462820,12.483,NA,NA,NA,NA,NA,NA,NA,NA,NA,NA
"171","TUN","Tunisia",2018,74.7879,68.8069,8.6185,99,96,8799190,99,7511,0.740722,0.0638391,594615,5.05388,1014010,411885,3.50078,32,313085,34243,3204,46.049,663447,8095490,703696,7840000,NA,228826,183059,0,40.6194,58.6399,NA,"Tunisia",NA,NA,64.1908,"Tunisia",7.70959,262560000,10038,4230,1111350000,164383000,110715,14.7913,NA,NA,NA,NA,NA,NA,NA,NA,NA,NA
"172","TUR","Türkiye",2018,72.3712,71.5941,15.8823,98.32,93.17,61092900,99.69,126570,0.944043,0.149936,3034540,3.59475,13407200,10246100,12.1376,10846,NA,2800560,172068,83.7909,9491630,60436900,655999,40178700,932121,9095480,1148880,1752,76.4223,22.6336,NA,"Türkiye",63.9338,78.1806,71.0428,"Türkiye",2.42258,NA,28183,6998,12225700000,1947670000,433798,15.9309,NA,NA,NA,NA,NA,NA,NA,NA,NA,NA
"173","TKM","Turkmenistan",2018,27.3307,NA,1.71364,NA,NA,1819000,96.5,94312,82.6921,1.41705,19516,0.29323,114052,224,0.00336563,NA,NA,NA,NA,48.4863,NA,NA,NA,NA,NA,NA,NA,NA,0.196402,NA,NA,NA,NA,NA,NA,NA,NA,NA,NA,NA,NA,NA,NA,NA,NA,NA,NA,NA,NA,NA,NA,NA,NA,NA
"174","UGA","Uganda",2018,34.5496,NA,NA,69.63,NA,14360800,98,NA,NA,NA,NA,NA,NA,NA,NA,NA,NA,NA,NA,9.11227,NA,NA,176749,NA,NA,NA,NA,NA,NA,NA,NA,NA,NA,NA,NA,"Uganda",30.4145,NA,2496,645,NA,NA,NA,NA,NA,NA,NA,NA,NA,NA,NA,NA,NA,NA
"175","MKD","North Macedonia",2018,70.2253,69.8175,22.2929,99.88,99.53,1348130,99.88,5562,1.29964,0.289729,84493,4.4013,427964,337909,17.6019,NA,40984,50641,45830,79.3179,140493,1340310,7827,NA,150016,243175,90854,3880,78.9573,19.743,NA,"North Macedonia",77.4054,80.9118,79.1678,"North Macedonia",NA,NA,NA,NA,331960000,49305900,NA,14.853,NA,NA,NA,NA,NA,NA,NA,NA,NA,NA
"176","EGY","Egypt",2018,50.2155,47.1657,6.26825,98.71,89,53068800,99.8,1529330,23.0863,1.44711,4129490,3.90747,6624420,967597,0.915573,382,NA,63109,NA,53.9,6534520,49845700,3223160,15292000,NA,960783,NA,NA,14.6065,62.3374,NA,"Egypt",41.2837,52.4345,46.9243,"Egypt",8.51819,NA,66998,16931,4201870000,1115330000,62716.4,26.5436,NA,NA,NA,NA,NA,NA,NA,NA,NA,NA
"177","GBR","United Kingdom",2018,99.1124,92.3591,39.8294,99.7,99.7,66160000,99.9,0,0,0,421087,0.630819,26587100,26166000,39.1986,30525,NA,510807,NA,90.2026,20819600,61652000,4508000,NA,5225160,8733350,12852500,4579150,98.4162,1.5838,NA,"United Kingdom",89.617,91.8093,90.692,"United Kingdom",NA,NA,NA,NA,44798600000,NA,NA,NA,NA,NA,NA,NA,NA,NA,NA,NA,NA,NA
"178","TZA","Tanzania",2018,8.92244,NA,NA,85,13,5124800,95,NA,NA,NA,NA,NA,NA,NA,NA,31966,86226,111783,628540,9.11227,NA,NA,NA,NA,2719,NA,NA,NA,NA,NA,NA,"Tanzania",NA,NA,15.4907,NA,NA,NA,NA,NA,NA,NA,NA,NA,NA,NA,NA,NA,NA,NA,NA,NA,NA,NA
"179","USA","United States",2018,138.215,NA,33.0559,99.9,99.9,463097000,99.9,2187000,1.97461,0.652726,9331000,2.7849,110756000,99238000,29.6183,1971000,1477000,15928000,555000,85.3498,21954000,NA,NA,NA,68871000,20206000,18925000,60107000,89.6006,8.42483,NA,"United States",NA,NA,88.4989,"United States",6.67978,NA,737000,NA,6.33729e+11,9.5034e+10,859877,14.996,NA,NA,NA,NA,NA,NA,NA,NA,NA,NA
"180","BFA","Burkina Faso",2018,28.9056,28.9056,0.0676084,33,0,5907800,92,10433,75.503,0.0510463,3385,0.0165621,13818,0,0,NA,3438,311,NA,14.8104,10069,5907800,NA,NA,NA,NA,NA,NA,0,24.497,NA,"Burkina Faso",NA,NA,8.5,"Burkina Faso",15.568,NA,1195,298,634974000,126141000,531359,19.8655,NA,NA,NA,NA,NA,NA,NA,NA,NA,NA
"181","URY","Uruguay",2018,98.2158,NA,28.7931,91.1,56.4,3333970,91,1966,0.201148,0.0579166,274501,8.08656,977390,700923,20.6486,0,8916,700149,39427,68.4121,228905,NA,NA,NA,0,NA,NA,NA,NA,NA,NA,"Uruguay",80.9326,80.5057,80.7268,"Uruguay",6.59366,NA,7606,NA,NA,NA,NA,NA,NA,NA,NA,NA,NA,NA,NA,NA,NA,NA
"182","UZB","Uzbekistan",2018,62.5566,48.0687,12.7373,75.5,44,20251700,98.6,1195820,29,3.69382,2309170,7.13289,4123510,527175,1.62842,0,43157,2027920,0,80.4,2091280,15561500,4690220,996695,0,262100,32160,2603,12.7846,56,0,"Uzbekistan",50.0255,60.4,55.2,"Uzbekistan",8.32568,4.60161e+11,28809,10083,1052550000,199481000,36535.4,18.9522,NA,NA,NA,NA,NA,NA,NA,NA,NA,NA
"183","VEN","Venezuela",2018,52.8453,49.7326,8.73797,81,64,15751900,91,1584520,60.8361,5.31584,863733,2.89769,2604580,156322,0.524437,36,16703,770,280,NA,218730,14824100,927824,131954,2368060,155932,179,211,6.00182,33.1621,NA,NA,NA,NA,NA,"Venezuela",3.89109,NA,21585,0,542484,62506.3,25.1325,11.5222,NA,NA,NA,NA,NA,NA,NA,NA,NA,NA
"184","WSM","Samoa",2018,NA,NA,0.8151,NA,NA,NA,NA,NA,NA,NA,NA,NA,1692,NA,NA,NA,NA,NA,NA,NA,NA,NA,NA,NA,NA,NA,NA,NA,NA,NA,NA,"Samoa",NA,NA,43.1336,NA,NA,NA,NA,NA,NA,NA,NA,NA,NA,NA,NA,NA,NA,NA,NA,NA,NA,NA
"185","YEM","Yemen",2018,NA,NA,1.13343,NA,NA,NA,NA,NA,NA,NA,NA,NA,386330,NA,NA,NA,NA,NA,NA,7.99983,NA,NA,NA,NA,NA,NA,NA,NA,NA,NA,NA,NA,NA,NA,NA,NA,NA,NA,NA,NA,NA,NA,NA,NA,NA,NA,NA,NA,NA,NA,NA,NA,NA,NA
"186","ZMB","Zambia",2018,54.6676,NA,0.401857,76.5,43.41,9825720,86.9,27950,38.6969,0.155506,41395,0.23031,72228,2883,0.0160402,640,276,7397,56251,17.7,7664,NA,NA,NA,NA,NA,NA,NA,3.99153,57.3116,NA,"Zambia",13.1725,15.5215,14.3,"Zambia",22.9581,NA,2306,638,452534000,186604000,196242,41.2354,NA,NA,NA,NA,NA,NA,NA,NA,NA,NA
"187","AFG","Afghanistan",2019,19.3094,NA,0.0519942,57,22,7309800,90,18613,94.5638,0.0491677,879,0.00232195,19683,191,0.000504542,NA,562,NA,182,8.43811,15774,NA,3546480,633050,NA,89,62,40,0.970381,4.46578,NA,"Afghanistan",NA,NA,17.6,"Afghanistan",78.9833,NA,10634,523,643687000,102668000,60531,15.95,NA,NA,NA,NA,NA,NA,NA,NA,NA,NA
"188","ALB","Albania",2019,62.0157,58.0593,15.1193,99.2,95,1789160,99.86,4256,0.975717,0.147521,253369,8.78226,436192,178567,6.18948,352,14775,137810,643,82.1956,205286,1675020,114142,NA,77326,145871,26179,6517,40.9377,58.0866,NA,"Albania",65.9616,71.1594,68.5504,"Albania",14.6134,NA,3549,1241,230045000,58437700,64819.7,25.4027,NA,NA,NA,NA,NA,NA,NA,NA,NA,NA
"189","DZA","Algeria",2019,89.3189,85.2565,8.27527,97.72,53.63,38670200,98.72,6691,0.186757,0.0154546,2380080,5.4974,3582740,1195970,2.76241,1338,1192990,43115,11280,NA,2334010,36911400,1758790,24922300,0,1195670,175,125,33.3815,66.4317,0,"Algeria",NA,NA,55.7907,"Algeria",7.2844,0,33768,10125,3724150000,780172000,110286,20.949,NA,NA,NA,NA,NA,NA,NA,NA,NA,NA
"190","AND","Andorra",2019,79.7657,NA,47.543,98,85,61000,99.5,NA,NA,NA,NA,NA,36358,36358,47.543,NA,NA,NA,NA,94.4581,NA,NA,NA,NA,NA,NA,NA,NA,100,NA,NA,"Andorra",NA,NA,90.7187,NA,NA,NA,NA,NA,NA,NA,NA,NA,NA,NA,NA,NA,NA,NA,NA,NA,NA,NA
"191","AGO","Angola",2019,20.8194,19.5155,0.36777,85,18,6740420,90,28391,23.8444,0.0876925,71603,0.221163,119068,19074,0.0589147,308,9977,74091,5375,8.01644,8112,6318260,422160,NA,16970,18331,322,11,16.0194,60.1362,NA,"Angola",NA,NA,32.1294,"Angola",63.0662,NA,7866,2692,1006090000,NA,127903,NA,NA,NA,NA,NA,NA,NA,NA,NA,NA,NA
"192","ATG","Antigua and Barbuda",2019,52.5371,NA,8.75618,99,99,48000,99,NA,NA,NA,NA,NA,8000,NA,NA,NA,NA,NA,NA,84.5817,NA,NA,NA,NA,NA,NA,NA,NA,NA,NA,NA,"Antigua and Barbuda",NA,NA,73.9792,NA,NA,NA,NA,NA,NA,NA,NA,NA,NA,NA,NA,NA,NA,NA,NA,NA,NA,NA
"193","AZE","Azerbaijan",2019,61.6704,54.3862,19.2178,97.6,93,6235170,100,701428,36.1,6.93764,979279,9.68579,1943010,262307,2.59441,66,116704,220584,3507,79.1,1582140,5498710,736469,1149890,20010,152138,68200,41969,13.5,50.4,NA,"Azerbaijan",78.0301,84.2268,81.1,"Azerbaijan",16.9524,20400000,28365,8355,1307990000,321824000,46112.9,24.6044,NA,NA,NA,NA,NA,NA,NA,NA,NA,NA
"194","ARG","Argentina",2019,71.7356,NA,19.5519,95,91.18,32262000,98,206338,2.34657,0.458799,2713580,6.03373,8793180,5673100,12.6143,3666,340144,941295,209632,82.8825,2414580,NA,NA,NA,4883870,2733740,2417370,521998,64.5171,30.86,NA,"Argentina",NA,NA,79.947,"Argentina",NA,NA,NA,NA,11083400000,NA,NA,NA,NA,NA,NA,NA,NA,NA,NA,NA,NA,NA
"195","AUS","Australia",2019,128.495,109.753,34.5434,99.5,99.4,32744000,99.5,NA,NA,NA,NA,NA,8802600,6601860,25.9072,125977,305388,1756510,NA,87.3777,4687680,27968000,4776000,32744000,1927040,2186110,3858880,556882,74.999,NA,NA,"Australia",NA,NA,93.6099,"Australia",14.7037,NA,91163,24290,32439200000,8950950000,355837,27.593,NA,NA,NA,NA,NA,NA,NA,NA,NA,NA
"196","AUT","Austria",2019,108.281,79.5505,28.3632,98,98,9616310,99,547,0.0217158,0.0061593,636736,7.16974,2518900,1881620,21.1873,NA,27900,75000,NA,89.9073,1530000,7064780,2551530,NA,886000,770837,790906,319874,74.6999,25.2783,NA,"Austria",85.2665,90.2768,87.7522,"Austria",3.5246,NA,13119,NA,4158680000,994570000,316996,23.9155,NA,NA,NA,NA,NA,NA,NA,NA,NA,NA
"197","BHS","Bahamas",2019,91.7978,NA,20.8513,98,95,362303,99,NA,NA,NA,14030,3.55482,82295,68265,17.2965,NA,NA,NA,NA,91.2517,NA,NA,NA,NA,NA,NA,NA,NA,82.9516,17.0484,NA,"Bahamas",NA,NA,90.6933,NA,NA,NA,NA,NA,NA,NA,NA,NA,NA,NA,NA,NA,NA,NA,NA,NA,NA,NA
"198","BHR","Bahrain",2019,135.407,108.804,9.49013,100,100,2011700,100,197,0.139724,0.01326,8175,0.550257,140992,132620,8.92661,NA,17887,108130,NA,99.7014,14975,1616470,403959,1810530,NA,99333,25468,7819,94.0621,5.89608,NA,"Bahrain",99.3165,99.9103,99.7015,"Bahrain",10.0395,NA,2742,891,1185950000,231929000,432514,19.5563,NA,NA,NA,NA,NA,NA,NA,NA,NA,NA
"199","BGD","Bangladesh",2019,52.1887,50.1012,4.90289,95.4,82,86066000,99.6,1778810,22,1.07864,5400710,3.27488,8085500,905983,0.54937,NA,5000,6158000,1922500,37.6,0,82623400,3442640,27979800,0,818103,86974,906,11.205,66.795,NA,"Bangladesh",NA,NA,30.4,"Bangladesh",386.646,NA,560500,191000,4626150000,679069000,8253.61,14.6789,NA,NA,NA,NA,NA,NA,NA,NA,NA,NA
"200","ARM","Armenia",2019,80.2593,74.5208,13.2819,100,99.3,2330710,100,3719,0.964211,0.128066,172679,5.9463,385704,209306,7.20758,NA,26393,226298,40116,76.3872,92897,2164060,166645,1250310,NA,95166,114019,121,54.266,44.7698,NA,"Armenia",67.2269,65.7869,66.5439,"Armenia",13.4951,2897870000,6094,2797,247378000,61104600,40593.6,24.701,NA,NA,NA,NA,NA,NA,NA,NA,NA,NA
"201","BRB","Barbados",2019,43.1063,NA,37.9802,99.6,99.6,121218,99.6,514,0.48126,0.182784,3814,1.3563,106803,102475,36.4411,NA,NA,NA,NA,85.1227,NA,NA,NA,NA,NA,NA,NA,NA,95.9477,3.57106,NA,"Barbados",NA,NA,74.1791,NA,NA,NA,NA,NA,NA,NA,NA,NA,NA,NA,NA,NA,NA,NA,NA,NA,NA,NA
"202","BEL","Belgium",2019,87.3514,83.9318,39.9518,100,100,10037200,100,9555,0.208138,0.0831548,72455,0.630558,4590710,4508700,39.2381,NA,0,47868,12993,89.7301,2123130,9644290,392924,8068000,2406720,117477,1500180,2891050,98.2136,1.5783,NA,"Belgium",89.2103,91.3465,90.2754,"Belgium",4.42371,NA,17387,NA,6854120000,1719150000,394209,25.0821,NA,NA,NA,NA,NA,NA,NA,NA,NA,NA
"203","BMU","Bermuda",2019,10.9192,NA,35.8775,99.7,99.7,7000,99.7,NA,NA,NA,NA,NA,23000,NA,NA,NA,NA,NA,NA,NA,NA,NA,NA,NA,NA,NA,NA,NA,NA,NA,NA,NA,NA,NA,NA,NA,NA,NA,NA,NA,NA,NA,NA,NA,NA,NA,NA,NA,NA,NA,NA,NA,NA,NA
"204","BTN","Bhutan",2019,99.6742,67.5515,1.14719,95,78,762332,98,8366,95.3499,1.09385,276,0.0360867,8774,70,0.00915243,0,950,NA,0,64.7,4757,516650,161733,324537,0,39,21,2,0.797812,3.14566,NA,"Bhutan",NA,NA,74.1794,"Bhutan",46.059,0,994,305,80459300,8280080,80945,10.291,NA,NA,NA,NA,NA,NA,NA,NA,NA,NA
"205","BOL","Bolivia (Plurinational State of)",2019,81.899,81.3824,6.39917,91.48,74.48,9558750,100,176430,23.6225,1.51165,NA,NA,746872,NA,NA,294,NA,598199,NA,22.9975,94283,9498450,60300,NA,33026,NA,NA,NA,NA,NA,NA,"Bolivia (Plurinational State of)",44.4308,50.6648,47.4748,"Bolivia (Plurinational State of)",12.156,NA,7929,NA,1406370000,601911000,177371,42.7988,NA,NA,NA,NA,NA,NA,NA,NA,NA,NA
"206","BIH","Bosnia and Herzegovina",2019,46.6414,46.1738,22.295,95,82,1560400,100,32654,4.37787,0.976048,312245,9.33319,745887,400988,11.9858,NA,60936,30231,287,72.0255,413902,1544760,15643,506841,239551,NA,NA,NA,53.7599,41.8622,NA,"Bosnia and Herzegovina",67.4523,72.8201,69.9463,"Bosnia and Herzegovina",8.75025,NA,6373,2452,709898000,166709000,111391,23.4835,NA,NA,NA,NA,NA,NA,NA,NA,NA,NA
"207","BWA","Botswana",2019,87.3622,37.329,2.10301,96,68,2037360,97,27871,56.8286,1.19511,20078,0.860947,49044,1095,0.0469537,NA,34,144,NA,63.4543,NA,870543,19159,330334,NA,NA,678,NA,2.23269,61.6006,NA,"Botswana",NA,NA,61.3865,"Botswana",12.8343,NA,1830,707,195254000,NA,106696,NA,NA,NA,NA,NA,NA,NA,NA,NA,NA,NA
"208","BRA","Brazil",2019,88.5921,NA,15.8622,91.13,88.75,183789000,91.22,3875880,11.7783,1.86829,8124500,3.91626,32907000,20906600,10.0776,268142,2477350,10223600,0,71.3882,10355800,NA,NA,144752000,9589690,7499770,13414300,NA,63.5324,24.6893,NA,"Brazil",73.4729,74.3905,73.9124,"Brazil",NA,NA,NA,NA,32654700000,7071840000,NA,21.6564,NA,NA,NA,NA,NA,NA,NA,NA,NA,NA
"209","BLZ","Belize",2019,44.4106,NA,7.67179,98,70,171349,98,300,1.01351,0.0777547,150,0.0388773,29600,29050,7.52924,NA,NA,NA,NA,57.5125,NA,NA,NA,NA,NA,NA,NA,NA,98.1419,0.506757,NA,"Belize",NA,NA,58.7652,NA,NA,NA,NA,NA,NA,NA,NA,NA,NA,NA,NA,NA,NA,NA,NA,NA,NA,NA
"210","SLB","Solomon Islands",2019,17.7108,NA,0.143515,45,25,128961,95,NA,NA,NA,NA,NA,1045,NA,NA,NA,NA,NA,NA,40.5516,NA,NA,NA,NA,NA,NA,NA,NA,NA,NA,NA,"Solomon Islands",NA,NA,26.3406,NA,NA,NA,NA,NA,NA,NA,NA,NA,NA,NA,NA,NA,NA,NA,NA,NA,NA,NA
"211","VGB","British Virgin Islands",2019,15.0076,NA,16.2907,100,100,5462,100,0,0,0,0,0,5929,5929,16.2907,NA,NA,NA,NA,NA,NA,NA,NA,NA,NA,NA,NA,NA,100,0,NA,NA,NA,NA,NA,NA,NA,NA,NA,NA,NA,NA,NA,NA,NA,NA,NA,NA,NA,NA,NA,NA,NA,NA
"212","BRN","Brunei Darussalam",2019,144.967,129.053,12.2425,95.98,95.25,641739,99,NA,NA,NA,NA,NA,54195,19317,4.36365,NA,NA,50381,NA,53.5888,3814,571292,70447,NA,NA,27924,6941,NA,35.6435,NA,NA,"Brunei Darussalam",99.7502,91.8332,95,"Brunei Darussalam",NA,NA,NA,NA,257290000,33718900,NA,13.1054,NA,NA,NA,NA,NA,NA,NA,NA,NA,NA
"213","BGR","Bulgaria",2019,105.979,90.7498,28.8837,99.99,99.94,7392520,99.99,245,0.0121602,0.00351231,31859,0.456729,2014770,1982670,28.4234,239,184623,1118600,265099,75.0747,140761,6330220,1061430,4239720,305452,447350,1104590,430732,98.4066,1.58127,NA,"Bulgaria",66.6993,69.2286,67.947,"Bulgaria",19.427,NA,18948.3,8273.41,1329250000,243462000,70151.3,18.3158,NA,NA,NA,NA,NA,NA,NA,NA,NA,NA
"214","MMR","Myanmar",2019,111.87,110.301,0.922961,96.3,88.89,58889000,96.3,239375,49.269,0.454734,169869,0.322695,485853,76609,0.145532,1537,368652,96619,4418,NA,14627,58063000,825969,27884200,NA,66008,3427,7174,15.7679,34.963,NA,"Myanmar",NA,NA,36.5405,"Myanmar",22.8911,25412000,11963,4857,548042000,636001,45811.4,0.11605,NA,NA,NA,NA,NA,NA,NA,NA,NA,NA
"215","BDI","Burundi",2019,10.4845,0,0.0317494,48,25,1284910,96.8,3071,78.9257,0.0250585,663,0.00540989,3891,93,0.000758853,39,0,178,0,3.49577,0,0,1284910,82490,0,0,0,0,2.39013,17.0393,NA,"Burundi",NA,NA,6.1,"Burundi",55.4547,0,1161,148,98167600,6605400,84554.3,6.7287,NA,NA,NA,NA,NA,NA,NA,NA,NA,NA
"216","BLR","Belarus",2019,89.6329,NA,34.0724,99.9,75.7,8457240,99.9,62977,1.95893,0.667453,1092030,11.5737,3214870,2059870,21.8312,0,0,1716530,403606,78.5912,1024430,NA,NA,NA,70304,701674,938676,419515,64.0731,33.968,NA,"Belarus",83.0301,82.4713,82.7892,"Belarus",NA,84767600,NA,NA,1450090000,276143000,NA,19.0432,NA,NA,NA,NA,NA,NA,NA,NA,NA,NA
"217","KHM","Cambodia",2019,96.4666,96.4666,1.11872,85.1,80.3,15899000,99,166,0.0900319,0.0010072,17560,0.106545,184379,166653,1.01116,0,5501,166653,NA,50.0116,19337,15899000,NA,12341500,166,NA,NA,NA,90.3861,9.52386,NA,"Cambodia",51.712,52.9595,52.3059,"Cambodia",83.6212,NA,4720,NA,551164000,333584000,116772,60.5235,NA,NA,NA,NA,NA,NA,NA,NA,NA,NA
"218","CMR","Cameroon",2019,18.9406,18.9406,1.57189,50,50,4831020,78.52,21997,5.48651,0.0862421,326734,1.281,400929,52198,0.204649,NA,378932,10344,NA,NA,11653,4831020,NA,1337080,NA,9758,50304,NA,13.0193,81.4942,NA,"Cameroon",NA,NA,36.5392,"Cameroon",7.40532,NA,6342,1749,1028930000,151412000,162240,14.7155,NA,NA,NA,NA,NA,NA,NA,NA,NA,NA
"219","CAN","Canada",2019,81.8907,74.7861,40.0768,99.5,99.5,30940700,99.7,72175,0.476649,0.191025,1543020,4.0839,15142200,13527000,35.8018,NA,837830,2655060,19734,90.9946,3898550,28256400,2684340,NA,7731000,4258490,3538360,5730140,89.3332,10.1902,NA,"Canada",NA,NA,91.9129,"Canada",NA,NA,NA,NA,40850400000,8928290000,NA,21.8561,NA,NA,NA,NA,NA,NA,NA,NA,NA,NA
"220","CPV","Cabo Verde",2019,81.8731,76.2274,3.93928,93.74,79.42,420913,99.34,NA,NA,NA,NA,NA,20252,20252,3.93928,NA,2558,1495,NA,66.9719,15013,391888,29025,NA,NA,NA,NA,NA,100,NA,NA,"Cabo Verde",60.965,62.9212,61.9434,"Cabo Verde",13.5974,0,782,302,53274200,24819200,68125.6,46.5876,NA,NA,NA,NA,NA,NA,NA,NA,NA,NA
"221","CYM","Cayman Islands",2019,NA,NA,75.7497,100,100,NA,100,NA,NA,NA,NA,NA,51000,NA,NA,NA,NA,NA,NA,NA,NA,NA,NA,NA,NA,NA,NA,NA,NA,NA,NA,NA,NA,NA,NA,NA,NA,NA,NA,NA,NA,NA,NA,NA,NA,NA,NA,NA,NA,NA,NA,NA,NA,NA
"222","CAF","Central African Rep.",2019,4.82638,NA,0.0100916,40.87,0,238650,55.5,376,75.3507,0.0076041,56,0.00113253,499,0,0,NA,NA,NA,NA,4.54327,NA,NA,NA,NA,NA,NA,NA,NA,0,11.2224,NA,"Central African Rep.",NA,NA,7.50916,"Central African Rep.",254.5,NA,509,83,76257100,11048300,149818,14.4883,NA,NA,NA,NA,NA,NA,NA,NA,NA,NA
"223","LKA","Sri Lanka",2019,61.7692,59.5193,7.43541,89,80,13842800,99,NA,NA,NA,1028640,4.58999,1666320,638928,2.85101,NA,898479,140204,NA,45.2,522166,13338600,504199,6344370,NA,508759,130169,NA,38.3437,61.7315,NA,"Sri Lanka",NA,NA,32,"Sri Lanka",4.65292,17687300000,10662,2537,973941000,372640000,91346.9,38.2611,NA,NA,NA,NA,NA,NA,NA,NA,NA,NA
"224","TCD","Chad",2019,2.85173,NA,0.000407546,43,19.3,475818,86.1,68,100,0.000407546,0,0,68,0,0,NA,NA,NA,NA,6.89148,NA,NA,NA,151538,0,NA,NA,NA,0,0,0,"Chad",NA,NA,7.6,"Chad",100.092,0,653,145,234579000,38403200,359233,16.3711,NA,NA,NA,NA,NA,NA,NA,NA,NA,NA
"225","CHL","Chile",2019,94.3017,90.823,17.865,95,88,18103800,99,19932,0.581164,0.103825,514727,2.68118,3429670,2895010,15.0799,NA,129927,957235,112292,89.9003,402740,17436000,570505,16071800,1827470,451367,727453,1716190,84.4108,15.0081,NA,"Chile",NA,NA,85.0176,"Chile",23.1119,NA,63564,22343,NA,1492480000,NA,NA,NA,NA,NA,NA,NA,NA,NA,NA,NA,NA
"226","CHN","China",2019,97.4163,97.3722,31.5611,99.9,99.9,1386740000,99.9,359900,0.0801061,0.0252824,5031500,0.353455,449279000,443887000,31.1823,NA,NA,417395000,27404000,72.0565,4480000,1386110000,627700,1281980000,0,6615900,53381700,383890000,98.7999,1.11991,NA,"China",63.0484,65.0694,64.0809,"China",5.31685,NA,1015690,448218,1.90111e+11,52900100000,187174,27.8259,NA,NA,NA,NA,NA,NA,NA,NA,NA,NA
"227","TWN","Taiwan, Province of China",2019,116.024,112.111,24.6322,100,99.9,27467700,100,140296,2.40584,0.592613,556737,2.35167,5831470,5134430,21.6879,305,0,3711610,2342,86.2,546747,26541400,926335,27467700,1570460,1369060,1382750,2382620,88.047,9.54712,NA,"Taiwan, Province of China",87.1,90.6,88.8225,"Taiwan, Province of China",4.05839,2.9053e+10,52645,20224,9658220000,1371590000,183459,14.2012,NA,NA,NA,NA,NA,NA,NA,NA,NA,NA
"228","COL","Colombia",2019,59.1755,58.3625,13.9253,100,98,29533300,100,191394,2.75393,0.383494,2329000,4.66659,6949850,4429460,8.87525,27255,311953,959090,1430,52.1603,1505510,29127500,405769,21305900,4144610,2908480,1317400,203580,63.7346,33.5115,NA,"Colombia",65.8968,64.0882,65.0069,"Colombia",NA,NA,NA,NA,6789130000,NA,NA,NA,NA,NA,NA,NA,NA,NA,NA,NA,NA,NA
"229","COM","Comoros",2019,72.9923,72.9722,0.162476,79.87,79.87,574141,85.92,1071,83.8028,0.136159,176,0.0223754,1278,36,0.00457679,NA,62,52,NA,NA,944,573983,158,1892,NA,NA,NA,NA,2.8169,24.1434,NA,"Comoros",NA,NA,16.3838,"Comoros",238.996,NA,2400,NA,19161500,56896700,7983.97,296.932,NA,NA,NA,NA,NA,NA,NA,NA,NA,NA
"230","COG","Congo (Rep. of the)",2019,37.9585,NA,NA,64.5,NA,2132000,75,NA,NA,NA,NA,NA,NA,NA,NA,NA,NA,NA,NA,4.54327,NA,NA,NA,NA,NA,NA,NA,NA,NA,NA,NA,NA,NA,NA,NA,"Congo (Rep. of the)",NA,NA,NA,NA,323722000,NA,NA,NA,NA,NA,NA,NA,NA,NA,NA,NA,NA,NA
"231","COD","Dem. Rep. of the Congo",2019,18.2361,18.1312,0.0128029,54,NA,16950000,54,NA,NA,NA,NA,NA,11900,NA,NA,NA,NA,NA,NA,NA,NA,16852500,97525,NA,NA,NA,NA,NA,NA,NA,NA,"Dem. Rep. of the Congo",NA,NA,16.4812,"Dem. Rep. of the Congo",NA,NA,2965,NA,1475330000,332935000,497582,22.5668,NA,NA,NA,NA,NA,NA,NA,NA,NA,NA
"232","COK","Cook Islands",2019,NA,NA,18.6,55,55,NA,100,NA,NA,NA,NA,NA,3000,NA,NA,NA,NA,NA,NA,NA,NA,NA,NA,NA,NA,NA,NA,NA,NA,NA,NA,NA,NA,NA,NA,NA,NA,NA,NA,NA,NA,NA,NA,NA,NA,NA,NA,NA,NA,NA,NA,NA,NA,NA
"233","CRI","Costa Rica",2019,93.2898,90.6342,18.0963,97.7,93.8,4664070,97.7,161404,17.8399,3.22837,231085,4.62211,904734,512245,10.2458,381,3374,116951,703,86.3381,192136,4531310,132767,NA,591189,348417,141689,22139,56.6183,25.5418,0,"Costa Rica",81.9733,80.3778,81.2026,"Costa Rica",16.8061,32878700000,10761,3244,1568310000,356888000,145740,22.7563,NA,NA,NA,NA,NA,NA,NA,NA,NA,NA
"234","HRV","Croatia",2019,85.06,77.7056,28.9683,99.84,99.44,3390780,100,15428,1.33602,0.387022,247340,6.2047,1154770,892005,22.3766,168,155091,NA,4836,80.5224,743290,3097610,293171,2362260,166957,503026,275318,113661,77.2451,21.4189,NA,"Croatia",76.1521,82.1652,79.0798,"Croatia",6.18448,NA,8248,3294,1474060000,420988000,178717,28.5598,NA,NA,NA,NA,NA,NA,NA,NA,NA,NA
"235","CUB","Cuba",2019,26.0314,NA,1.63112,68,22.38,2916250,85.48,164366,89.9492,1.46718,16067,0.143419,182732,2299,0.0205216,NA,1322,NA,31297,32.3598,150113,NA,NA,333815,NA,1391,634,274,1.25813,8.79266,NA,"Cuba",75.1128,60.7326,67.9708,"Cuba",12.636,NA,18286,8219,NA,NA,NA,NA,NA,NA,NA,NA,NA,NA,NA,NA,NA,NA
"236","BEN","Benin",2019,19.8974,19.8974,0.199855,80,45,2532300,98,11287,44.3759,0.0886872,6464,0.0507906,25435,7684,0.0603767,NA,13725,415,4097,NA,7198,2532300,NA,577802,NA,NA,NA,NA,30.2103,25.4138,NA,"Benin",NA,NA,20.5,"Benin",20.3803,NA,732,249,445643000,55687300,608802,12.4959,NA,NA,NA,NA,NA,NA,NA,NA,NA,NA
"237","DNK","Denmark",2019,137.013,117.466,43.623,100,100,7966800,100,9098,0.358682,0.156468,93804,1.61324,2536510,2400100,41.2771,39,21888,888199,25144,95.4343,753021,6830220,1136570,7468910,848217,557363,770021,1072720,94.6224,3.69816,NA,"Denmark",98.0581,98.0349,98.0464,"Denmark",13.3051,NA,13352,NA,4959470000,1295110000,371440,26.1139,NA,NA,NA,NA,NA,NA,NA,NA,NA,NA
"238","DMA","Dominica",2019,87.2039,NA,22.3998,95,95,59194,100,NA,NA,NA,NA,NA,15205,NA,NA,NA,NA,NA,NA,72.7781,NA,NA,NA,NA,NA,NA,NA,NA,NA,NA,NA,"Dominica",NA,NA,73.3819,NA,NA,NA,NA,NA,NA,NA,NA,NA,NA,NA,NA,NA,NA,NA,NA,NA,NA,NA
"239","DOM","Dominican Rep.",2019,66.2403,59.8928,8.5357,99.46,95.35,7216240,99.5,116287,12.5056,1.06744,468564,4.3011,929883,345032,3.16716,NA,91302,248833,4324,33.6889,395080,6524750,626603,NA,212431,235678,91542,17812,37.1049,50.3896,NA,"Dominican Rep.",NA,NA,79.7155,"Dominican Rep.",7.54863,312400000,9142,3191,1682970000,315231000,184092,18.7306,NA,NA,NA,NA,NA,NA,NA,NA,NA,NA
"240","ECU","Ecuador",2019,53.8398,50.8099,12.0672,94.28,83.07,9335830,95.5,84493,4.03798,0.487272,1177320,6.78959,2092460,830649,4.79036,NA,155431,774879,NA,45.5,704198,8810450,525382,8320940,457950,NA,NA,NA,39.6973,56.2648,NA,"Ecuador",NA,NA,59.2,"Ecuador",8.10578,NA,17799,6130,3843580000,NA,215943,NA,NA,NA,NA,NA,NA,NA,NA,NA,NA,NA
"241","SLV","El Salvador",2019,62.8756,62.8756,8.43878,87,68,3912320,98,29781,5.67162,0.478616,453755,7.29238,525088,41468,0.66644,143,NA,4022,NA,23.5003,348090,3912320,NA,NA,186666,NA,79,4,7.89734,86.415,NA,"El Salvador",48.8709,52.3796,50.4912,NA,NA,NA,NA,NA,NA,NA,NA,NA,NA,NA,NA,NA,NA,NA,NA,NA,NA,NA
"242","GNQ","Equatorial Guinea",2019,0.478991,NA,0.0598739,60,NA,8000,70,NA,NA,NA,NA,NA,1000,NA,NA,NA,NA,NA,NA,24.2043,NA,NA,NA,NA,NA,NA,NA,NA,NA,NA,NA,"Equatorial Guinea",NA,NA,49.1337,NA,NA,NA,NA,NA,NA,NA,NA,NA,NA,NA,NA,NA,NA,NA,NA,NA,NA,NA
"243","ETH","Ethiopia",2019,16.5124,NA,0.13738,85,7,19111000,97,NA,NA,NA,NA,NA,159000,NA,NA,NA,NA,NA,NA,NA,NA,NA,NA,NA,NA,NA,NA,NA,NA,NA,NA,"Ethiopia",NA,NA,16,NA,NA,NA,NA,NA,NA,NA,NA,NA,NA,NA,NA,NA,NA,NA,NA,NA,NA,NA
"244","ERI","Eritrea",2019,NA,NA,0.092587,NA,NA,NA,85,NA,NA,NA,NA,NA,3000,NA,NA,NA,NA,NA,NA,1.80224,NA,NA,NA,NA,NA,NA,NA,NA,NA,NA,NA,"Eritrea",NA,NA,11.2,NA,NA,NA,NA,NA,NA,NA,NA,NA,NA,NA,NA,NA,NA,NA,NA,NA,NA,NA
"245","EST","Estonia",2019,157.476,93.7486,33.8508,100,99,2089420,100,29000,6.45678,2.18567,21411,1.61371,449140,398729,30.0514,NA,34757,184038,3950,90.3996,113636,1243880,845546,1241480,94870,160521,152361,85847,88.7761,4.76711,NA,"Estonia",89.8647,90.6163,90.2289,"Estonia",NA,NA,NA,NA,447113000,100753000,NA,22.5341,NA,NA,NA,NA,NA,NA,NA,NA,NA,NA
"246","FRO","Faroe Islands",2019,103.254,96.5472,35.0681,99.99,99.99,53529,99.99,97,0.533553,0.187107,1614,3.11331,18180,16469,31.7677,NA,115,184,NA,NA,17881,50052,3477,NA,NA,6862,8105,1502,90.5886,8.87789,0,NA,NA,NA,NA,"Faroe Islands",12.6085,NA,199,NA,NA,NA,NA,NA,NA,NA,NA,NA,NA,NA,NA,NA,NA,NA
"247","FJI","Fiji",2019,70.1881,92.0484,2.34496,94.65,76,642150,98,6,0.0279668,0.00065581,3166,0.346049,21454,10145,1.10887,86,8451,328,NA,NA,9373,842150,142150,419150,NA,7087,416,264,NA,NA,0,"Fiji",NA,NA,63.2179,"Fiji",19.3483,0,988,339,193551000,82155400,195901,42.4465,NA,NA,NA,NA,NA,NA,NA,NA,NA,NA
"248","FIN","Finland",2019,155.204,116.992,32.544,99.9,99.9,8570000,99.99,NA,NA,NA,83000,1.50314,1797000,1714000,31.0408,NA,4500,977000,11500,89.0355,346000,6460000,2110000,NA,458000,675000,263000,776000,95.3812,4.61881,NA,"Finland",88.8864,90.3487,89.6074,"Finland",NA,NA,NA,NA,3325960000,550781000,NA,16.5601,NA,NA,NA,NA,NA,NA,NA,NA,NA,NA
"249","FRA","France",2019,96.1061,NA,45.2765,99,99,63170000,99,6900,0.0231855,0.0104976,556000,0.845892,29760000,28290000,43.0401,NA,NA,7065000,475000,84.0101,17806000,NA,3044000,54806000,4413000,16955000,3131000,8236000,95.0605,1.86828,NA,"France",82.1658,84.618,83.3397,"France",2.76853,NA,104642,NA,33743200000,11677200000,322463,34.6062,NA,NA,NA,NA,NA,NA,NA,NA,NA,NA
"250","PYF","French Polynesia",2019,74.9013,NA,22.2195,88.5,88.5,209000,98,NA,NA,NA,NA,NA,62000,NA,NA,NA,NA,NA,NA,NA,NA,NA,NA,NA,NA,NA,NA,NA,NA,NA,NA,NA,NA,NA,NA,NA,NA,NA,NA,NA,NA,NA,NA,NA,NA,NA,NA,NA,NA,NA,NA,NA,NA,NA
"251","DJI","Djibouti",2019,21.1259,15.6148,2.24266,75,50,230000,90,20452,83.7647,1.87856,3366,0.309174,24416,598,0.0549274,NA,NA,429,NA,49.4856,23778,170000,NA,NA,0,NA,NA,NA,2.44921,13.786,NA,"Djibouti",NA,NA,58.4762,"Djibouti",50.826,NA,1886,501,132826000,NA,70427.3,NA,NA,NA,NA,NA,NA,NA,NA,NA,NA,NA
"252","GAB","Gabon",2019,90.3444,90.3444,1.07496,97,97,2048750,99,NA,NA,NA,7157,0.315605,24377,13505,0.595536,NA,NA,17226,NA,63.7554,7151,2048750,NA,NA,NA,NA,NA,NA,55.4006,29.3596,NA,"Gabon",NA,NA,59.5176,"Gabon",30.371,NA,677,NA,359063000,NA,530374,NA,NA,NA,NA,NA,NA,NA,NA,NA,NA,NA
"253","GEO","Georgia",2019,84.0014,83.2688,24.6806,99.98,99.72,3189300,99.98,5374,0.573499,0.141543,150362,3.96031,937054,781318,20.5788,13,103002,767008,21691,79.2565,45337,3161490,27802,2487910,0,573365,193534,14466,83.3803,16.0454,NA,"Georgia",67.7769,70.0848,68.8467,"Georgia",22.6259,NA,11761,4456,323623000,102489000,27516.6,31.6693,NA,NA,NA,NA,NA,NA,NA,NA,NA,NA
"254","GMB","Gambia",2019,39.7528,NA,0.203513,88,30,976665,98,NA,NA,NA,NA,NA,5000,NA,NA,NA,NA,NA,NA,63.8638,NA,NA,NA,NA,NA,NA,NA,NA,NA,NA,NA,"Gambia",NA,NA,31.1183,NA,NA,NA,NA,NA,NA,NA,NA,NA,NA,NA,NA,NA,NA,NA,NA,NA,NA,NA
"255","PSE","State of Palestine",2019,19.373,19.373,7.35978,57,0,960467,97,524,0.143608,0.0105693,200488,4.04392,364881,163869,3.3053,0,1498,647,0,79.5683,362736,960467,0,0,0,144328,17134,459,44.9103,54.9461,NA,"State of Palestine",68.9345,72.2626,70.6226,"State of Palestine",6.32078,0,2953,890,NA,NA,NA,14.0304,NA,NA,NA,NA,NA,NA,NA,NA,NA,NA
"256","DEU","Germany",2019,86.4756,82.4622,42.1156,99,99,72258300,99,158023,0.449037,0.189115,2751960,3.29343,35191400,32281400,38.633,23072,14534,1547910,45000,90.797,25256200,68904700,3353630,52438800,8304690,9640610,13394400,9246410,91.731,7.81998,NA,"Germany",85.2831,91.0642,88.1345,"Germany",3.75751,NA,143800,NA,46077600000,10970900000,320428,23.8095,NA,NA,NA,NA,NA,NA,NA,NA,NA,NA
"257","GHA","Ghana",2019,97.2117,97.0644,0.187204,95.82,67.65,30387300,96.98,NA,NA,NA,NA,NA,58518,NA,NA,63,1050,12,NA,16.8,57393,30341300,46050,2381800,NA,NA,NA,NA,NA,NA,NA,"Ghana",NA,NA,22.0732,"Ghana",15.5477,NA,4486,1419,2389780000,136760000,532719,5.72273,NA,NA,NA,NA,NA,NA,NA,NA,NA,NA
"258","GIB","Gibraltar",2019,90.8548,113.07,54.9304,100,100,32248,100,0,0,0,1,0.00281738,19497,19497,54.9304,0,0,19497,0,NA,0,40133,0,NA,0,7202,1518,10777,100,0.00512899,NA,NA,NA,NA,NA,NA,NA,NA,NA,NA,NA,NA,NA,NA,NA,NA,NA,NA,NA,NA,NA,NA,NA,NA
"259","KIR","Kiribati",2019,37.0914,40.4467,0.0847314,71,53,45964,72,68,64.7619,0.0548737,63,0.0508388,105,NA,NA,2,125,0,0,52.6508,0,50122,939,8883,0,0,0,0,NA,60,NA,"Kiribati",NA,NA,39.5737,"Kiribati",NA,50000,98,47,NA,NA,NA,NA,NA,NA,NA,NA,NA,NA,NA,NA,NA,NA
"260","GRC","Greece",2019,85.1089,80.8681,38.3566,99.7,98.8,9122460,99.9,338,0.00822129,0.0031534,14995,0.139897,4111280,4096950,38.2228,3702,1577,7961,146,78.5402,4097890,8667910,454549,5213050,0,2992170,1030360,74417,99.6514,0.364728,NA,"Greece",73.9962,77.4706,75.6712,"Greece",2.99524,NA,14397,NA,5608140000,887342000,389535,15.8224,NA,NA,NA,NA,NA,NA,NA,NA,NA,NA
"261","GRL","Greenland",2019,2.97768,NA,26.1001,100,100,1670,100,141,0.963246,0.251409,6562,11.7003,14638,7935,14.1484,NA,NA,NA,NA,NA,NA,NA,NA,NA,NA,NA,NA,NA,54.2082,44.8285,NA,NA,NA,NA,NA,NA,NA,NA,NA,NA,NA,NA,NA,NA,NA,NA,NA,NA,NA,NA,NA,NA,NA,NA
"262","GRD","Grenada",2019,79.8217,NA,27.4071,81.85,81.85,92578,81.85,NA,NA,NA,NA,NA,31787,NA,NA,NA,NA,NA,NA,NA,NA,NA,NA,NA,NA,NA,NA,NA,NA,NA,NA,"Grenada",NA,NA,64.3128,NA,NA,NA,NA,NA,NA,NA,NA,NA,NA,NA,NA,NA,NA,NA,NA,NA,NA,NA
"263","GUM","Guam",2019,NA,NA,1.85405,92.67,82.79,NA,NA,NA,NA,NA,NA,NA,3000,NA,NA,NA,NA,NA,NA,NA,NA,NA,NA,NA,NA,NA,NA,NA,NA,NA,NA,NA,NA,NA,NA,NA,NA,NA,NA,NA,NA,NA,NA,NA,NA,NA,NA,NA,NA,NA,NA,NA,NA,NA
"264","GTM","Guatemala",2019,16.9962,NA,3.42029,95,86.3,2907000,100,NA,NA,NA,NA,NA,585000,NA,NA,NA,NA,NA,NA,22.7275,NA,NA,NA,NA,NA,NA,NA,NA,NA,NA,NA,"Guatemala",41.8488,47.2834,44.401,NA,NA,NA,NA,NA,NA,NA,NA,NA,NA,NA,NA,NA,NA,NA,NA,NA,NA,NA
"265","GIN","Guinea",2019,22.6979,NA,0.00959005,40,29,2958530,87,NA,NA,NA,NA,NA,1250,NA,NA,NA,NA,NA,NA,13,NA,NA,NA,NA,NA,NA,NA,NA,NA,NA,NA,"Guinea",NA,NA,22.6255,NA,NA,NA,NA,NA,NA,NA,NA,NA,NA,NA,NA,NA,NA,NA,NA,NA,NA,NA
"266","GUY","Guyana",2019,30.7058,NA,10.2765,93.2,50,248000,97.3,NA,NA,NA,NA,NA,83000,NA,NA,NA,NA,NA,NA,29.7415,NA,NA,NA,NA,NA,NA,NA,NA,NA,NA,NA,"Guyana",NA,NA,55.3127,NA,NA,NA,NA,NA,NA,NA,NA,NA,NA,NA,NA,NA,NA,NA,NA,NA,NA,NA
"267","HTI","Haiti",2019,27.5628,27.2034,0.28005,60,30,3060890,70,NA,NA,NA,NA,NA,31100,NA,NA,NA,NA,30000,NA,NA,NA,3020980,39907,NA,NA,NA,NA,NA,NA,NA,NA,"Haiti",NA,NA,39.262,"Haiti",504.032,NA,3000,NA,NA,NA,NA,NA,NA,NA,NA,NA,NA,NA,NA,NA,NA,NA
"268","HND","Honduras",2019,44.2061,NA,3.9259,74.78,67.85,4395700,88.21,67117,17.1929,0.674975,236724,2.38066,390377,86536,0.870265,68,63196,4843,200,36.4684,24600,NA,NA,2071610,297470,81679,4857,NA,22.1673,60.6398,NA,"Honduras",40.6984,37.9628,39.3884,"Honduras",47.0003,NA,23035,NA,894519000,179223000,38833.1,20.0357,NA,NA,NA,NA,NA,NA,NA,NA,NA,NA
"269","HKG","Hong Kong, China",2019,155.567,138.946,37.4681,99,99,11645400,100,0,0,0,17640,0.235646,2804790,2787150,37.2324,NA,2885,2253100,7652,94.1282,405002,10401300,1244190,11615800,136147,411568,73712,2301870,99.3711,0.628924,NA,"Hong Kong, China",90.4722,93.1508,91.7434,"Hong Kong, China",4.92232,NA,19835,7367,1.4537e+10,705469000,732898,4.85291,NA,NA,NA,NA,NA,NA,NA,NA,NA,NA
"270","HUN","Hungary",2019,73.3744,66.523,32.6466,99.2,99.2,7168940,99.2,34499,1.08158,0.353099,121371,1.24224,3189690,3033820,31.0513,0,108352,849145,NA,86.2009,671841,6499530,669410,NA,1560350,345171,577579,2111070,95.1133,3.8051,NA,"Hungary",79.6517,81.1342,80.3717,"Hungary",NA,NA,NA,NA,2930160000,506798000,NA,17.2959,NA,NA,NA,NA,NA,NA,NA,NA,NA,NA
"271","ISL","Iceland",2019,115.829,98.5301,38.603,99,98.9,417794,99,118,0.0847452,0.0327142,194,0.0537843,139241,138929,38.5165,NA,391,86520,NA,99.4299,51356,355398,62396,396792,974,5885,37037,96007,99.7759,0.139327,NA,"Iceland",99.5369,99.4751,99.5049,"Iceland",10.4749,NA,1215,NA,217904000,86881100,179345,39.8712,NA,NA,NA,NA,NA,NA,NA,NA,NA,NA
"272","IND","India",2019,46.2768,46.2768,1.37913,98.15,97.92,642799000,99.06,324592,1.69442,0.0233682,6562010,0.472417,19156600,12270000,0.883347,1118,15441,2670000,4050000,NA,11170000,642799000,NA,603310000,1250000,NA,NA,NA,64.0509,34.2547,NA,"India",NA,NA,29.5235,"India",NA,3.094e+11,NA,NA,26562400000,4236790000,NA,15.9503,NA,NA,NA,NA,NA,NA,NA,NA,NA,NA
"273","IDN","Indonesia",2019,80.6501,71.9073,3.77423,96.94,97.59,219763000,98.71,1349380,13.1207,0.495204,570757,0.20946,10284400,8364230,3.06956,12319,37921,8168850,NA,73.7499,2065270,195940000,75580600,193227000,NA,NA,NA,NA,81.3296,5.54975,NA,"Indonesia",44.864,50.4971,47.6906,"Indonesia",50.3856,NA,486832,226219,1.9154e+10,NA,39344.1,NA,NA,NA,NA,NA,NA,NA,NA,NA,NA,NA
"274","IRN","Iran (Islamic Republic of)",2019,76.4302,76.349,9.90927,85,81,66533700,96.5,4930180,57.1537,5.66352,2221130,2.55151,8626180,1474870,1.69425,0,1119860,80988,313019,77.5324,7130490,66463100,70668,41902000,0,1307120,167746,0,17.0976,25.7487,0,"Iran (Islamic Republic of)",68.8309,76.0378,72.4509,"Iran (Islamic Republic of)",2.41845,0,70026,24509,9070830000,1985370000,129535,21.8874,NA,NA,NA,NA,NA,NA,NA,NA,NA,NA
"275","IRQ","Iraq",2019,40.1354,NA,11.0678,96.5,0,16532700,100,2735430,60,6.64066,1367720,3.32033,4559050,455905,1.10678,2008,4000530,348446,NA,64.5228,40058,NA,NA,NA,348504,NA,NA,NA,9.99999,30,NA,"Iraq",35.0113,53.0713,44.3263,NA,NA,NA,NA,NA,NA,NA,NA,NA,NA,NA,NA,NA,NA,NA,NA,NA,NA,NA
"276","IRL","Ireland",2019,104.31,98.1786,29.6453,95,90,5146130,99,6745,0.461181,0.136719,135133,2.73909,1462550,1320670,26.7695,3540,51668,162361,NA,90.9999,873493,4843630,302495,NA,371487,121834,668999,529838,90.2993,9.23955,NA,"Ireland",87.9819,86.0003,87.0001,"Ireland",NA,NA,NA,NA,3903640000,635075000,NA,16.2688,NA,NA,NA,NA,NA,NA,NA,NA,NA,NA
"277","ISR","Israel",2019,113.197,NA,28.6568,99,94,9800000,99,0,0,0,46592,0.538171,2480950,2434000,28.1144,NA,NA,135300,NA,73.303,1575300,NA,NA,NA,770350,366400,393800,1674000,98.1075,1.87799,NA,"Israel",86.0691,87.5448,86.7879,"Israel",NA,NA,NA,NA,4929410000,NA,NA,NA,NA,NA,NA,NA,NA,NA,NA,NA,NA,NA
"278","ITA","Italy",2019,92.8426,78.8105,29.0545,100,100,55826400,100,363506,2.08069,0.604532,3205180,5.33041,17470500,13901800,23.1195,0,1323100,1226500,0,76.1483,14920900,47388900,8437530,NA,0,4210090,2628800,7062910,79.5731,18.3463,NA,"Italy",64.1999,71.7099,67.8507,"Italy",3.08441,NA,60206,NA,27327700000,8805480000,453904,32.2218,NA,NA,NA,NA,NA,NA,NA,NA,NA,NA
"279","CIV","Côte d'Ivoire",2019,60.3737,59.3636,0.768712,94.2,58.51,17021200,97.54,121681,56.1459,0.4316,73723,0.261494,216723,21319,0.075618,7,109014,23044,515,16.8758,84143,16736400,284779,NA,0,NA,NA,NA,9.83698,34.0172,0,"Côte d'Ivoire",32.9244,39.8089,36.289,"Côte d'Ivoire",10.1537,0,2759,985,1562580000,250944000,566358,16.0596,NA,NA,NA,NA,NA,NA,NA,NA,NA,NA
"280","JAM","Jamaica",2019,57.7607,NA,11.2602,99,94,1630740,100,3812,1.19909,0.135021,86253,3.05507,317907,227842,8.07014,NA,NA,72848,NA,73.5723,112376,NA,NA,5863,172629,NA,NA,NA,71.6694,27.1315,NA,"Jamaica",73.9607,67.5749,70.841,"Jamaica",5.01196,NA,1995,1154,727886000,NA,364855,NA,NA,NA,NA,NA,NA,NA,NA,NA,NA,NA
"281","JPN","Japan",2019,145.861,NA,33.5459,99.9,99.9,184805000,99.9,292896,0.689127,0.231174,1848870,1.45926,42502500,39050400,30.8213,NA,4343,33089600,1300120,96.8523,1397840,NA,NA,223824000,6710600,1697960,1565070,35788000,91.878,4.35004,NA,"Japan",90.9525,94.6445,92.7304,"Japan",1.66676,NA,104578,NA,1.61809e+11,13402500000,1547250,8.28292,NA,NA,NA,NA,NA,NA,NA,NA,NA,NA
"282","KAZ","Kazakhstan",2019,87.242,85.117,13.0799,88.8,75.7,16758800,98,52700,2.09743,0.274343,1006100,5.2375,2512600,1367700,7.11989,2200,82600,1285800,128400,90.336,976500,16350600,408100,10819500,37200,NA,NA,NA,54.4337,40.0422,NA,"Kazakhstan",80.9902,82.8381,81.8776,"Kazakhstan",14.8332,NA,45575,16622,2232720000,212770000,48989.9,9.52963,NA,NA,NA,NA,NA,NA,NA,NA,NA,NA
"283","JOR","Jordan",2019,72.8903,66.1671,4.28693,99.8,99,7778770,100,1208,0.264046,0.0113195,219506,2.05686,457496,236781,2.21874,0,192991,132730,0,NA,131775,7061280,717488,630022,0,76445,116000,44336,51.7559,47.9799,NA,"Jordan",NA,NA,70.0847,"Jordan",11.8806,0,4224,1034,916813000,177109000,217049,19.3179,NA,NA,NA,NA,NA,NA,NA,NA,NA,NA
"284","KEN","Kenya",2019,42.1765,29.0017,0.959289,93.3,57,21595600,96.3,10693,2.17699,0.0208836,278463,0.543843,491183,202027,0.394562,1425,60423,268753,1690,17.953,704,14849700,NA,6656870,158188,104851,94582,2594,41.1307,56.6923,NA,"Kenya",20.2305,25.1738,22.6688,"Kenya",123.576,NA,8699,3847,NA,371870000,NA,NA,NA,NA,NA,NA,NA,NA,NA,NA,NA,NA
"285","PRK","Dem. People's Rep. of Korea",2019,16.3341,NA,NA,NA,NA,4253000,95,NA,NA,NA,NA,NA,NA,NA,NA,NA,NA,NA,NA,NA,NA,NA,NA,NA,NA,NA,NA,NA,NA,NA,NA,NA,NA,NA,NA,NA,NA,NA,NA,NA,NA,NA,NA,NA,NA,NA,NA,NA,NA,NA,NA,NA,NA,NA
"286","KOR","Korea (Rep. of)",2019,113.697,103.495,42.0374,99.9,99.9,58858600,99.9,0,0,0,0,0,21761800,21761800,42.0374,0,NA,18138900,NA,99.6893,594965,53577300,5281300,55688000,3172290,48046,1364070,18273700,100,0,NA,"Korea (Rep. of)",95.3135,96.9736,96.1576,"Korea (Rep. of)",5.42616,NA,134175,NA,50684800000,8234810000,377751,16.2471,NA,NA,NA,NA,NA,NA,NA,NA,NA,NA
"287","KWT","Kuwait",2019,125.716,78.4717,1.90435,100,100,5584540,100,11290,13.3459,0.254154,32253,0.72606,84595,40723,0.916732,0,2500,26638,4807,100,50438,3485870,2098670,4511990,204,32189,7423,1111,48.1388,38.1264,NA,"Kuwait",99.58,99.5215,99.5427,"Kuwait",4.67896,0,2730,400,3094960000,502698000,1133680,16.2425,NA,NA,NA,NA,NA,NA,NA,NA,NA,NA
"288","KGZ","Kyrgyzstan",2019,121.451,NA,4.14366,91,85,7887100,99.3,20556,7.63905,0.316537,174988,2.6946,269091,73547,1.13253,43,16207,57544,118246,83.4,277,NA,NA,NA,76780,NA,NA,NA,27.3316,65.0293,NA,"Kyrgyzstan",NA,NA,64.1,"Kyrgyzstan",36.4123,162326,10882,5282,310809000,59160100,28561.7,19.0343,NA,NA,NA,NA,NA,NA,NA,NA,NA,NA
"289","LAO","Lao P.D.R.",2019,48.1342,NA,1.05394,82,43,3483780,95,10050,13.1751,0.138857,66110,0.91342,76280,3323,0.0459128,NA,NA,NA,NA,24.9652,NA,NA,NA,NA,NA,NA,NA,NA,4.35632,86.6675,NA,"Lao P.D.R.",NA,NA,47.0323,NA,NA,NA,NA,NA,NA,NA,NA,NA,NA,NA,NA,NA,NA,NA,NA,NA,NA,NA
"290","LBN","Lebanon",2019,50.6484,47.4212,7.24814,99.61,99,2934870,99.61,50000,11.9048,0.862873,320000,5.52239,420000,50000,0.862873,NA,NA,NA,NA,NA,NA,2747860,70894,2597940,NA,NA,NA,NA,11.9048,76.1905,NA,"Lebanon",NA,NA,81.4812,NA,NA,NA,NA,NA,NA,NA,NA,NA,NA,NA,NA,NA,NA,NA,NA,NA,NA,NA
"291","LSO","Lesotho",2019,59.5038,NA,0.209016,98,67,1314680,98,NA,NA,NA,NA,NA,4618,NA,NA,13,843,2187,417,3.16989,1158,NA,NA,NA,NA,NA,NA,NA,NA,NA,NA,"Lesotho",44.9228,38.35,42.3017,"Lesotho",37.3774,NA,484,220,123301000,21993900,254754,17.8376,NA,NA,NA,NA,NA,NA,NA,NA,NA,NA
"292","LVA","Latvia",2019,132.313,96.5469,26.5859,99,95,2532820,99,3960,0.778112,0.206868,89697,4.68572,508924,415267,21.6933,0,8512,352971,20896,85.4496,109701,1848160,684656,NA,16844,59358,38181,317728,81.5971,17.6248,NA,"Latvia",85.0105,87.401,86.1355,"Latvia",19.6538,NA,4629,1968,583684000,82843400,126093,14.1932,NA,NA,NA,NA,NA,NA,NA,NA,NA,NA
"293","LBR","Liberia",2019,34.5776,NA,0.218093,63,30,1744000,76,NA,NA,NA,NA,NA,11000,NA,NA,NA,NA,NA,NA,3.71397,NA,NA,NA,NA,NA,NA,NA,NA,NA,NA,NA,"Liberia",NA,NA,18.3141,NA,NA,NA,NA,NA,NA,NA,NA,NA,NA,NA,NA,NA,NA,NA,NA,NA,NA,NA
"294","LBY","Libya",2019,NA,NA,4.57486,78,40,NA,78,NA,NA,NA,NA,NA,318000,NA,NA,NA,NA,NA,NA,NA,NA,NA,NA,NA,NA,NA,NA,NA,NA,NA,NA,NA,NA,NA,NA,NA,NA,NA,NA,NA,NA,NA,NA,NA,NA,NA,NA,NA,NA,NA,NA,NA,NA,NA
"295","LIE","Liechtenstein",2019,124.212,117.313,44.6748,99,98,47747,100,32,0.186339,0.0832466,1008,2.62227,17173,16133,41.9693,0,0,4083,0,91.5519,6751,45095,2652,47747,6339,7787,2529,5817,93.944,5.86968,NA,"Liechtenstein",NA,NA,93.1461,"Liechtenstein",12.0201,NA,165,NA,58724200,21848000,355904,37.2045,NA,NA,NA,NA,NA,NA,NA,NA,NA,NA
"296","LTU","Lithuania",2019,104.386,85.2001,28.2792,99.99,99.99,2917640,100,1464,0.185218,0.0523782,26250,0.939158,790419,762705,27.2876,0,43391,597656,4267,81.5189,124485,2381390,536244,2410900,20620,145716,232082,384907,96.4938,3.32102,NA,"Lithuania",82.3445,80.7427,81.5819,"Lithuania",14.6654,1263690000,5400,NA,628811000,82733700,116446,13.1572,NA,NA,NA,NA,NA,NA,NA,NA,NA,NA
"297","LUX","Luxembourg",2019,115.917,111.886,37.3611,99,98,718873,99,0,0,0,26300,4.24082,231700,231700,37.3611,0,NA,97100,1100,95.1972,109500,693873,25000,NA,22400,72500,33000,126200,100,11.4298,NA,"Luxembourg",96.8805,97.352,97.1206,"Luxembourg",9.7457,NA,2606,NA,594441000,89558000,228105,15.0659,NA,NA,NA,NA,NA,NA,NA,NA,NA,NA
"298","MAC","Macao, China",2019,416.331,NA,29.8074,99.9,99,2793470,99.9,NA,NA,NA,NA,NA,2e+05,NA,NA,NA,NA,NA,NA,92.3038,NA,NA,NA,NA,NA,NA,NA,NA,NA,NA,NA,"Macao, China",85.756,87.2861,86.4679,NA,NA,NA,NA,NA,NA,NA,NA,NA,NA,NA,NA,NA,NA,NA,NA,NA,NA,NA
"299","MDG","Madagascar",2019,15.5794,NA,0.106309,65,25,4396450,80,NA,NA,NA,NA,NA,30000,NA,NA,NA,NA,NA,NA,13.3226,NA,NA,NA,NA,NA,NA,NA,NA,NA,NA,NA,"Madagascar",NA,NA,9.37944,NA,NA,NA,NA,NA,NA,NA,NA,NA,NA,NA,NA,NA,NA,NA,NA,NA,NA,NA
"300","MWI","Malawi",2019,31.2124,30.1748,0.059698,78,50,5938390,88,3081,27.1263,0.0161938,1565,0.00822569,11358,88,0.000462531,NA,10893,465,NA,9.9,NA,5740990,191500,437797,NA,NA,NA,NA,0.774784,56.075,0,"Malawi",NA,NA,11.0586,"Malawi",103.275,18472700000,1353,419,279234000,31730100,206382,11.3632,NA,NA,NA,NA,NA,NA,NA,NA,NA,NA
"301","MYS","Malaysia",2019,120.904,120.294,8.86497,95.5,82.2,40430900,96.7,135700,4.5775,0.405794,648000,1.93776,2964500,2180800,6.52141,4300,172300,2039400,4200,90.1045,744200,40226900,204000,31975600,NA,62900,601100,1516700,73.5638,21.8587,NA,"Malaysia",82.369,85.8538,84.1871,"Malaysia",4.88852,31570800000,36200,14900,7872250000,1289950000,217465,16.3861,NA,NA,NA,NA,NA,NA,NA,NA,NA,NA
"302","MDV","Maldives",2019,55.1212,41.8585,10.9013,100,100,268843,100,NA,NA,NA,NA,NA,53169,NA,NA,0,12,34103,1084,92.4411,5327,204157,64686,NA,12655,NA,NA,NA,NA,NA,NA,"Maldives",NA,NA,77.4697,"Maldives",69.2511,NA,1154,334,NA,NA,NA,NA,NA,NA,NA,NA,NA,NA,NA,NA,NA,NA
"303","MLI","Mali",2019,32.7246,31.3207,0.676473,60,34,6894550,100,120453,84.5154,0.571723,11902,0.0564922,142522,10167,0.0482571,263,113358,2879,0,21.6325,19446,6598780,295767,0,0,0,0,0,7.13364,8.35099,0,"Mali",NA,NA,24.9603,"Mali",5.02805,0,1218,307,878973000,131334000,721653,14.9417,NA,NA,NA,NA,NA,NA,NA,NA,NA,NA
"304","MLT","Malta",2019,76.8761,70.6812,40.18,100,100,387467,100,0,0,0,409,0.0811484,202513,202104,40.0988,0,11607,27684,0,86.0796,64384,356244,31223,11607,98838,9062,100859,92183,99.798,0.201962,0,"Malta",85.8153,85.7447,85.7786,"Malta",7.04933,NA,1802,576.5,272815000,NA,151396,NA,NA,NA,NA,NA,NA,NA,NA,NA,NA,NA
"305","MRT","Mauritania",2019,56.2512,NA,0.24207,43.3,0,2513140,96.3,NA,NA,NA,NA,NA,10815,NA,NA,NA,NA,NA,NA,26.1827,NA,NA,NA,NA,NA,NA,NA,NA,NA,NA,NA,"Mauritania",NA,NA,25.0978,"Mauritania",11.3971,NA,705,NA,259574000,31833600,368191,12.2638,NA,NA,NA,NA,NA,NA,NA,NA,NA,NA
"306","MUS","Mauritius",2019,86.2572,85.1376,23.883,99,99,1109500,99,56700,18.457,4.40809,600,0.0466465,307200,249900,19.4283,NA,NA,251900,NA,71.2016,NA,1095100,14400,NA,NA,238600,8400,2900,81.3477,0.195313,NA,"Mauritius",60.1306,63.3931,61.73,"Mauritius",NA,NA,NA,NA,282517000,NA,NA,NA,NA,NA,NA,NA,NA,NA,NA,NA,NA,NA
"307","MEX","Mexico",2019,77.4754,76.576,15.3885,95.01,90.04,97435400,95.83,279970,1.44664,0.222617,1025000,0.815025,19353100,17863900,14.2044,19453,62710,4747230,221365,55.8011,6756980,96304200,1131190,NA,7545320,13267400,3833690,737192,92.3055,5.29632,0,"Mexico",68.0718,71.3822,69.6321,"Mexico",9.17079,3.2079e+10,207977,68092,26928600000,4507460000,129479,16.7386,NA,NA,NA,NA,NA,NA,NA,NA,NA,NA
"308","MCO","Monaco",2019,88.3046,86.0007,53.7301,100,100,33652,100,34,0.166048,0.0892178,56,0.146947,20476,20386,53.4939,0,0,NA,0,84.0101,2309,32774,2578,25392,13360,NA,NA,13360,99.5605,0.273491,NA,"Monaco",NA,NA,83.3397,"Monaco",4.89585,0,216,43,NA,13138700,NA,NA,NA,NA,NA,NA,NA,NA,NA,NA,NA,NA
"309","MNG","Mongolia",2019,111.517,103.699,9.83638,96,59,3604350,100,59192,18.6183,1.83137,254473,7.87327,317923,4258,0.13174,606,12326,287835,NA,46.7198,17156,3351670,252686,1956800,NA,NA,NA,NA,1.33932,80.1952,NA,"Mongolia",55.0473,46.861,51.08,"Mongolia",37.6137,NA,13216,6568,478362000,121404000,36195.6,25.379,NA,NA,NA,NA,NA,NA,NA,NA,NA,NA
"310","MDA","Moldova",2019,76.4991,68.8832,21.5427,99.9,98,2381080,99.99,14967,2.23211,0.480858,7707,0.24761,670530,647856,20.8142,NA,1690,451737,NA,60.7572,162975,2144030,237051,1546300,54128,174868,370035,102953,96.6185,1.14939,NA,"Moldova",NA,NA,57.7605,"Moldova",5.94113,NA,6366,2443,274245000,65121600,43079.7,23.7458,NA,NA,NA,NA,NA,NA,NA,NA,NA,NA
"311","MNE","Montenegro",2019,82.6487,74.5064,29.2285,98,97.65,505535,98.52,2711,1.51638,0.443215,35995,5.88474,178781,140075,22.9005,76,5415,63113,426,74.2512,61739,455731,49804,308121,48012,39688,72671,27716,78.35,20.1336,NA,"Montenegro",71.0809,75.3093,73.4767,"Montenegro",7.51428,73467900,1414,695,262113000,88065700,185370,33.5984,NA,NA,NA,NA,NA,NA,NA,NA,NA,NA
"312","MSR","Montserrat",2019,NA,NA,66.0793,95,NA,NA,NA,NA,NA,NA,NA,NA,3000,NA,NA,NA,NA,NA,NA,NA,NA,NA,NA,NA,NA,NA,NA,NA,NA,NA,NA,NA,NA,NA,NA,NA,NA,NA,NA,NA,NA,NA,NA,NA,NA,NA,NA,NA,NA,NA,NA,NA,NA,NA
"313","MAR","Morocco",2019,65.387,64.7903,4.8365,98.97,98.75,23677200,99.7,5893,0.336485,0.0162741,1118360,3.08847,1751340,627087,1.73176,8943,113141,121237,32115,84.52,1475910,23461200,216039,15720400,NA,505375,3867,117845,35.8061,63.8574,NA,"Morocco",80.9506,87.3289,84.1204,"Morocco",4.65553,NA,9565,2568,3435460000,564658000,359170,16.4362,NA,NA,NA,NA,NA,NA,NA,NA,NA,NA
"314","MOZ","Mozambique",2019,17.9545,17.8044,0.234152,82,40,5365590,85,7310,10.4466,0.0244609,38374,0.128408,69975,24291,0.0812833,NA,9534,4134,988,6.82885,32016,5320720,44864,3201500,23303,NA,NA,NA,34.7138,54.8396,NA,"Mozambique",NA,NA,12.4793,"Mozambique",42.8142,NA,3459,712,7939640,3454910,2295.36,43.5147,NA,NA,NA,NA,NA,NA,NA,NA,NA,NA
"315","OMN","Oman",2019,109.114,86.7148,10.2442,99.3,96.3,5038780,99.3,3595,0.75993,0.0778488,347351,7.52179,473070,122124,2.64456,30,155220,115876,1902,94.4052,200072,4004420,1034360,NA,NA,NA,NA,1061,25.8152,73.4249,NA,"Oman",NA,NA,90.2594,"Oman",6.56202,NA,3886,955,2154180000,549323000,554344,25.5003,NA,NA,NA,NA,NA,NA,NA,NA,NA,NA
"316","NAM","Namibia",2019,62.3463,61.5297,2.60178,69,39,1652490,100,3272,4.74478,0.123449,55314,2.08693,68960,10374,0.391399,881,NA,829,6574,29.1346,60676,1630840,21643,NA,NA,0,0,0,15.0435,87.3646,NA,"Namibia",NA,NA,49.8,"Namibia",7.33025,NA,1026,386,211042000,36921900,205694,17.4951,NA,NA,NA,NA,NA,NA,NA,NA,NA,NA
"317","NRU","Nauru",2019,34.5214,NA,NA,98,30,4000,98,NA,NA,NA,NA,NA,NA,NA,NA,NA,NA,NA,NA,82.4233,NA,NA,NA,NA,NA,NA,NA,NA,NA,NA,NA,"Nauru",NA,NA,74.7379,NA,NA,NA,NA,NA,NA,NA,NA,NA,NA,NA,NA,NA,NA,NA,NA,NA,NA,NA
"318","NPL","Nepal (Republic of)",2019,54.9728,NA,3.62848,54.1,30,15620000,92.47,NA,NA,NA,NA,NA,1031000,NA,NA,NA,NA,NA,NA,26.6777,NA,NA,NA,NA,NA,NA,NA,NA,NA,NA,NA,"Nepal (Republic of)",NA,NA,33.3366,NA,NA,NA,NA,NA,NA,NA,NA,NA,NA,NA,NA,NA,NA,NA,NA,NA,NA,NA
"319","NLD","Netherlands",2019,125.155,122.275,42.5293,99,99,21949000,100,4160,0.0557747,0.0237206,43350,0.247185,7458570,7411060,42.2583,NA,NA,1385980,NA,96.2025,2561610,21444000,505000,NA,3510980,571440,3432560,3407060,99.363,0.581211,NA,"Netherlands",92,94.5946,93.2886,"Netherlands",NA,NA,NA,NA,11149100000,2507370000,NA,22.4895,NA,NA,NA,NA,NA,NA,NA,NA,NA,NA
"320","CUW","Curacao",2019,56.6484,56.6484,28.1187,100,90,107373,100,0,0,0,16527,8.71939,53297,36770,19.3993,NA,1363,5607,NA,NA,25000,107373,NA,NA,21327,18105,18515,150,68.9907,31.0093,NA,NA,NA,NA,NA,"Curacao",8.82243,NA,472,NA,NA,NA,NA,NA,NA,NA,NA,NA,NA,NA,NA,NA,NA,NA
"321","ABW","Aruba",2019,NA,NA,17.7444,95,64.1,NA,99,NA,NA,NA,NA,NA,19000,NA,NA,NA,NA,NA,NA,NA,NA,NA,NA,NA,NA,NA,NA,NA,NA,NA,NA,NA,NA,NA,NA,NA,NA,NA,NA,NA,NA,NA,NA,NA,NA,NA,NA,NA,NA,NA,NA,NA,NA,NA
"322","NCL","New Caledonia",2019,NA,NA,19.3931,97.4,79.5,NA,NA,NA,NA,NA,NA,NA,55000,NA,NA,NA,NA,NA,NA,61.0838,NA,NA,NA,NA,NA,NA,NA,NA,NA,NA,NA,NA,NA,NA,NA,NA,NA,NA,NA,NA,NA,NA,NA,NA,NA,NA,NA,NA,NA,NA,NA,NA,NA,NA
"323","VUT","Vanuatu",2019,243.481,175.349,2.70151,70,50,710929,90,2186,27.713,0.748669,993,0.340086,7888,225,0.0770588,212,6072,1421,NA,NA,NA,511993,710929,NA,NA,NA,NA,NA,2.85243,12.5887,NA,"Vanuatu",NA,NA,37.5081,"Vanuatu",NA,NA,NA,NA,39161700,NA,NA,NA,NA,NA,NA,NA,NA,NA,NA,NA,NA,NA
"324","NZL","New Zealand",2019,96.1638,NA,34.0228,98,97.33,4798000,98,NA,NA,NA,NA,NA,1697530,NA,NA,1625,190702,820761,NA,89.0912,620446,NA,NA,NA,59000,NA,NA,NA,NA,NA,NA,"New Zealand",NA,NA,89.8637,"New Zealand",11.3754,NA,11000,2876,3491870000,1123570000,317442,32.1768,NA,NA,NA,NA,NA,NA,NA,NA,NA,NA
"325","NIC","Nicaragua",2019,18.1411,NA,3.35641,72,42,1176210,72,NA,NA,NA,NA,NA,217618,NA,NA,NA,NA,NA,NA,25.6784,NA,NA,NA,NA,NA,NA,NA,NA,NA,NA,NA,"Nicaragua",NA,NA,37.8319,"Nicaragua",NA,128907000,NA,NA,NA,NA,NA,NA,NA,NA,NA,NA,NA,NA,NA,NA,NA,NA
"326","NER","Niger",2019,12.2583,NA,0.047935,24,10,2813000,92,NA,NA,NA,NA,NA,11000,NA,NA,NA,NA,NA,NA,11.0419,NA,NA,NA,NA,NA,NA,NA,NA,NA,NA,NA,"Niger",NA,NA,16.6119,"Niger",NA,NA,1752,NA,NA,80871200,NA,NA,NA,NA,NA,NA,NA,NA,NA,NA,NA,NA
"327","NGA","Nigeria",2019,34.4433,34.2468,0.0397927,74.2,37.8,72153800,89.8,254,0.304702,0.000121249,72745,0.0347255,83360,10361,0.00494592,2657,64670,14583,1450,19.6505,NA,71742000,411796,21712200,NA,NA,NA,NA,12.4292,87.2661,NA,"Nigeria",NA,NA,29.7,"Nigeria",138.38,2.88516e+11,14828,4390,8043670000,1611910000,542465,20.0394,NA,NA,NA,NA,NA,NA,NA,NA,NA,NA
"328","NOR","Norway",2019,102.303,95.9103,42.2722,99.9,99.9,5470890,99.9,8000,0.353888,0.149596,104383,1.95191,2260610,2148220,40.1707,1920,54717,1222180,1542,98,382197,5129030,341865,NA,598047,478319,729363,940223,95.0286,4.61748,NA,"Norway",97,98,98,"Norway",NA,NA,NA,NA,3840910000,1614310000,NA,42.0294,NA,NA,NA,NA,NA,NA,NA,NA,NA,NA
"329","FSM","Micronesia",2019,NA,NA,4.53383,15,NA,NA,80,NA,NA,NA,NA,NA,5000,NA,NA,NA,NA,NA,NA,NA,NA,NA,NA,NA,NA,NA,NA,NA,NA,NA,NA,"Micronesia",NA,NA,38,NA,NA,NA,NA,NA,NA,NA,NA,NA,NA,NA,NA,NA,NA,NA,NA,NA,NA,NA
"330","MHL","Marshall Islands",2019,NA,NA,2.27237,NA,NA,NA,65,NA,NA,NA,NA,NA,1000,NA,NA,NA,NA,NA,NA,NA,NA,NA,NA,NA,NA,NA,NA,NA,NA,NA,NA,"Marshall Islands",NA,NA,49.7575,NA,NA,NA,NA,NA,NA,NA,NA,NA,NA,NA,NA,NA,NA,NA,NA,NA,NA,NA
"331","PAK","Pakistan",2019,32.9019,32.9019,0.881514,76.6,68.73,75937900,88.8,174230,8.56359,0.0754893,1341900,0.581412,2034540,518410,0.224614,NA,260705,118329,290038,34.1344,1599500,75937900,42455500,42455500,26674,300153,63152,6848,25.4804,69.1281,NA,"Pakistan",12.9284,21.3422,17.0709,"Pakistan",14.1075,1.03641e+11,39194,2344,3712120000,785140000,94711.5,21.1507,NA,NA,NA,NA,NA,NA,NA,NA,NA,NA
"332","PAN","Panama",2019,79.548,NA,12.6486,95,59,3368620,96,3781,0.705896,0.0892861,44841,1.05889,535631,435674,10.2882,NA,NA,8755,3799,70.7182,52884,NA,NA,2507140,470213,141570,112917,181187,81.3385,8.37162,NA,"Panama",63.8115,63.4338,63.6284,"Panama",10.2795,NA,6673,3050,1056520000,275681000,158328,26.0933,NA,NA,NA,NA,NA,NA,NA,NA,NA,NA
"333","PNG","Papua New Guinea",2019,10.7711,NA,0.208138,64.35,50,1035000,89,NA,NA,NA,NA,NA,20000,NA,NA,NA,NA,NA,NA,NA,NA,NA,NA,NA,NA,NA,NA,NA,NA,NA,NA,"Papua New Guinea",NA,NA,19.9783,NA,NA,NA,NA,NA,NA,NA,NA,NA,NA,NA,NA,NA,NA,NA,NA,NA,NA,NA
"334","PRY","Paraguay",2019,66.2118,65.9292,6.32667,98.11,96.6,4313730,98.97,8908,2.16116,0.136729,66088,1.01439,412186,337190,5.17555,8,11191,74879,NA,28.2693,47632,4295330,18406,3344840,279381,250885,47677,38628,81.8053,16.0335,NA,"Paraguay",69.0172,68.0063,68.5176,"Paraguay",NA,NA,NA,NA,937196000,64396700,NA,6.8712,NA,NA,NA,NA,NA,NA,NA,NA,NA,NA
"335","PER","Peru",2019,80.4128,79.3563,7.38779,86.09,79.01,26093400,90.89,71691,2.99051,0.220932,576624,1.777,2397290,1740270,5.36303,2938,208788,192419,211492,35.8659,293064,25750600,NA,18601200,1698260,1324180,342177,51830,72.5932,21.4999,0,"Peru",56.9921,62.9157,59.9505,"Peru",5.2329,NA,12907,NA,3899900000,1580800000,302154,40.5343,NA,NA,NA,NA,NA,NA,NA,NA,NA,NA
"336","PHL","Philippines",2019,65.5622,NA,5.69731,93,80,72646000,99,NA,NA,NA,NA,NA,6312880,NA,NA,NA,NA,NA,NA,17.6529,NA,NA,NA,NA,NA,NA,NA,NA,NA,NA,NA,"Philippines",NA,NA,43.0266,NA,NA,NA,NA,NA,NA,NA,NA,NA,NA,NA,NA,NA,NA,NA,NA,NA,NA,NA
"337","POL","Poland",2019,184.136,162.889,20.5043,100,100,70387600,100,33814,0.431413,0.0884584,977769,2.55787,7837960,6018940,15.7457,2401,806878,1900770,467228,86.75,1814990,62265800,8121850,52454200,2845700,976431,1499120,3543390,76.7922,12.4748,0,"Poland",79.9697,80.9198,80.4359,"Poland",NA,NA,NA,NA,10322400000,2044650000,NA,19.8079,NA,NA,NA,NA,NA,NA,NA,NA,NA,NA
"338","PRT","Portugal",2019,78.265,73.3212,38.3606,99.7,99.7,8095110,99.88,7351,0.18527,0.0710708,19363,0.187205,3967720,3941000,38.1023,827,276100,2008210,4243,80.9385,482577,7583770,511345,7654250,1195760,582287,282857,3075860,99.3267,0.487839,NA,"Portugal",74.0594,76.757,75.3464,"Portugal",1.92485,NA,9794,NA,3993770000,672308000,407777,16.8339,NA,NA,NA,NA,NA,NA,NA,NA,NA,NA
"339","GNB","Guinea-Bissau",2019,35.8368,35.3165,0.0623572,30,NA,705160,97.09,1090,88.8346,0.0553947,131,0.00665753,1227,6,0.000304925,NA,1227,NA,NA,12.5527,NA,694922,10238,105397,NA,NA,NA,NA,0.488998,10.6764,NA,"Guinea-Bissau",NA,NA,17.9215,"Guinea-Bissau",NA,NA,220,60,106935,30461.6,486.07,28.4859,NA,NA,NA,NA,NA,NA,NA,NA,NA,NA
"340","TLS","Timor-Leste",2019,30.8122,NA,0.00684118,96.5,45,400850,96.5,NA,NA,NA,NA,NA,89,NA,NA,NA,NA,629,NA,18.1706,420,NA,NA,NA,NA,NA,NA,NA,NA,NA,NA,"Timor-Leste",NA,NA,28.0046,"Timor-Leste",NA,NA,NA,NA,72919100,NA,NA,NA,NA,NA,NA,NA,NA,NA,NA,NA,NA,NA
"341","PRI","Puerto Rico",2019,77.7475,NA,18.5504,100,NA,2556360,100,23260,3.81347,0.707415,421164,12.809,609943,NA,NA,171,NA,208,NA,69.4987,239205,NA,NA,NA,353760,451927,1783690,152746,NA,69.0497,NA,"Puerto Rico",78.1409,77.2887,77.7364,"Puerto Rico",11.6582,NA,8008,NA,2615950000,NA,326668,NA,NA,NA,NA,NA,NA,NA,NA,NA,NA,NA
"342","QAT","Qatar",2019,126.345,116.832,10.1747,100,99.5,3535030,100,4136,1.45286,0.147824,2692,0.0962143,284679,277851,9.93062,NA,12440,261916,3743,93.5644,6580,3268870,266151,3535030,NA,34518,141789,101544,97.6015,0.945626,NA,"Qatar",99.3195,99.9997,99.6528,"Qatar",4.17526,NA,1926,455,2676100000,465385000,1389460,17.3904,NA,NA,NA,NA,NA,NA,NA,NA,NA,NA
"343","ROU","Romania",2019,87.0444,82.2397,27.0606,99.96,98.13,16975000,99.96,15065,0.285472,0.0772503,235593,1.20807,5277230,5026570,25.7752,617,321557,3381710,256936,83.6132,547952,16038000,937000,12016000,768454,589628,543335,3893610,95.2502,4.46433,NA,"Romania",72.0412,75.2957,73.6575,"Romania",13.9053,NA,47000,16000,2889390000,568439000,61476.3,19.6733,NA,NA,NA,NA,NA,NA,NA,NA,NA,NA
"344","RUS","Russian Federation",2019,96.95,96.5403,22.4233,87.7,87.7,142064000,98.9,2235760,6.80438,1.52577,4679090,3.1932,32857600,25942800,17.7044,68107,256857,25868000,2030580,76.9138,4241830,141464000,600350,27638700,383221,NA,NA,11027900,78.9551,14.2405,NA,"Russian Federation",81.9877,83.3878,82.6422,"Russian Federation",10.842,NA,300044,132297,26005900000,6424340000,86673.5,24.7035,NA,NA,NA,NA,NA,NA,NA,NA,NA,NA
"345","RWA","Rwanda",2019,41.81,NA,0.0695439,98.9,98.9,5341690,99.94,1970,22.1722,0.0154194,2720,0.0212897,8885,4195,0.0328347,20,2897,5853,NA,15.871,115,NA,NA,423981,NA,3413,740,42,47.2144,30.6134,NA,"Rwanda",NA,NA,21.358,"Rwanda",100.5,NA,1145,297,220664000,54227500,192720,24.5746,NA,NA,NA,NA,NA,NA,NA,NA,NA,NA
"346","KNA","Saint Kitts and Nevis",2019,104.1,NA,43.4039,100,NA,48877,100,NA,NA,NA,NA,NA,20379,NA,NA,NA,NA,NA,NA,NA,NA,NA,NA,NA,NA,NA,NA,NA,NA,NA,NA,"Saint Kitts and Nevis",NA,NA,69.4,NA,NA,NA,NA,NA,NA,NA,NA,NA,NA,NA,NA,NA,NA,NA,NA,NA,NA,NA
"347","AIA","Anguilla",2019,NA,NA,33.7314,99,NA,NA,99,NA,NA,NA,NA,NA,5000,NA,NA,NA,NA,NA,NA,NA,NA,NA,NA,NA,NA,NA,NA,NA,NA,NA,NA,NA,NA,NA,NA,NA,NA,NA,NA,NA,NA,NA,NA,NA,NA,NA,NA,NA,NA,NA,NA,NA,NA,NA
"348","LCA","Saint Lucia",2019,50.32,NA,8.8849,NA,20,89399,98,NA,NA,NA,NA,NA,15785,NA,NA,NA,NA,NA,NA,NA,NA,NA,NA,NA,NA,NA,NA,NA,NA,NA,NA,"Saint Lucia",NA,NA,61.0805,NA,NA,NA,NA,NA,NA,NA,NA,NA,NA,NA,NA,NA,NA,NA,NA,NA,NA,NA
"349","VCT","Saint Vincent and the Grenadines",2019,61.7422,61.7422,20.8463,100,90,64315,100,3614,16.6429,3.46943,11113,10.6684,21715,6858,6.58366,0,698,NA,698,NA,3861,64315,NA,NA,17727,6656,185,17,31.5819,51.1766,NA,"Saint Vincent and the Grenadines",NA,NA,59.5763,"Saint Vincent and the Grenadines",4.52716,NA,81,32,44264100,2894430,546471,6.539,NA,NA,NA,NA,NA,NA,NA,NA,NA,NA
"350","SMR","San Marino",2019,128.416,NA,31.977,99,99,44500,99,0,0,0,3381,9.75673,11081,7700,22.2203,NA,NA,NA,NA,76.1483,NA,NA,NA,NA,NA,NA,NA,NA,69.4883,30.5117,NA,"San Marino",NA,NA,67.8507,NA,NA,NA,NA,NA,NA,NA,NA,NA,NA,NA,NA,NA,NA,NA,NA,NA,NA,NA
"351","STP","Sao Tome and Principe",2019,34.6114,33.8677,0.769476,94,0,73858,94,118,7.18636,0.0552973,994,0.465809,1642,530,0.248369,NA,NA,741,NA,18.0814,399,72271,1339,NA,NA,NA,NA,NA,32.2777,60.5359,NA,"Sao Tome and Principe",NA,NA,44.3,"Sao Tome and Principe",25.2926,0,121,41,14126600,2340480,116748,16.5679,NA,NA,NA,NA,NA,NA,NA,NA,NA,NA
"352","SAU","Saudi Arabia",2019,131.436,93.6931,22.3214,98.86,94.2,40052300,99.99,58452,0.859342,0.191817,784419,2.57416,6801950,5959080,19.5554,937,625250,2856200,NA,99.182,3319570,28550900,11501400,37131000,NA,3775860,1721270,461948,87.6084,11.5323,35,"Saudi Arabia",94.5669,96.5312,95.7247,"Saudi Arabia",NA,NA,NA,NA,17261900000,3664870000,NA,21.231,NA,NA,NA,NA,NA,NA,NA,NA,NA,NA
"353","SEN","Senegal",2019,54.058,NA,0.929785,92.1,66.8,8840070,98,NA,NA,NA,NA,NA,152047,NA,NA,NA,NA,NA,NA,9.1,NA,NA,NA,2480670,NA,NA,NA,NA,NA,NA,NA,"Senegal",NA,NA,43.4,"Senegal",26.0126,NA,5400,NA,1302070000,284902000,241123,21.8808,NA,NA,NA,NA,NA,NA,NA,NA,NA,NA
"354","SRB","Serbia",2019,90.2582,83.0627,23.4425,98.88,96.86,6251920,99.16,3136,0.193128,0.0452741,77124,1.11343,1623790,1543530,22.2838,0,98008,166631,8756,80.1381,630511,5753510,498409,3976890,719884,710615,466058,366857,95.0572,4.74963,NA,"Serbia",73.7368,81.2243,77.4168,"Serbia",5.13684,NA,13178,5364,1965370000,798190000,149141,40.6126,NA,NA,NA,NA,NA,NA,NA,NA,NA,NA
"355","SYC","Seychelles",2019,76.4097,NA,22.9273,99,98.5,89896,99,NA,NA,NA,NA,NA,26974,NA,NA,NA,10278,NA,NA,72.9788,7693,NA,NA,NA,9003,NA,NA,NA,NA,NA,NA,"Seychelles",NA,NA,76.6,"Seychelles",18.2884,NA,368,147,95043300,NA,258270,NA,NA,NA,NA,NA,NA,NA,NA,NA,NA,NA
"356","SLE","Sierra Leone",2019,14.9003,NA,0.00222452,76,35,1152090,80,0,0,0,20,0.000258666,172,20,0.000258666,49,0,NA,0,22.4227,NA,NA,NA,0,50,15,NA,1,11.6279,NA,0,"Sierra Leone",NA,NA,15.7137,"Sierra Leone",3823.53,1.846e+10,1820,546,161594,NA,88.7881,NA,NA,NA,NA,NA,NA,NA,NA,NA,NA,NA
"357","SGP","Singapore",2019,159.347,NA,26.5276,100,100,9034300,100,NA,NA,NA,NA,NA,1504000,0,0,NA,0,1499800,3800,98.433,400,NA,NA,NA,0,0,NA,1483000,0,NA,NA,"Singapore",87.8058,90.157,88.9493,"Singapore",NA,NA,NA,NA,NA,736498000,NA,NA,NA,NA,NA,NA,NA,NA,NA,NA,NA,NA
"358","SVK","Slovakia",2019,89.2537,79.0255,29.1811,97,97,4864880,100,17607,1.10697,0.323027,242736,4.45336,1590550,1330210,24.4047,1045,413059,516025,1437,82.1911,483895,4307380,557500,3459560,175092,380025,453196,496989,83.6319,15.2611,NA,"Slovakia",82.3164,83.4017,82.8537,"Slovakia",11.9325,NA,8058,2811,1916070000,433651000,237785,22.6323,NA,NA,NA,NA,NA,NA,NA,NA,NA,NA
"359","VNM","Viet Nam",2019,71.9273,63.1762,15.2329,99.8,97,69894500,99.8,14404,0.0973087,0.0148229,191513,0.197083,14802400,14596500,15.021,8,0,13777500,24217,71.3202,123325,61390700,8503820,44874700,877373,1717170,12533800,345509,98.6089,1.2938,NA,"Viet Nam",65.5048,71.8479,68.6616,"Viet Nam",21.7143,4.15e+10,79431,23748,5681680000,1240510000,71529.7,21.8335,NA,NA,NA,NA,NA,NA,NA,NA,NA,NA
"360","SVN","Slovenia",2019,83.8775,78.74,30.1395,99.7,99.7,1747540,99.84,4611,0.734307,0.221317,48071,2.30729,627939,575257,27.6109,104,11272,251448,2742,88.9611,187932,1640500,107037,1468440,174441,207548,167529,200180,91.6103,7.65536,NA,"Slovenia",81.9628,84.2052,83.1084,"Slovenia",8.26664,NA,5845,NA,840066000,259668000,143724,30.9104,NA,NA,NA,NA,NA,NA,NA,NA,NA,NA
"361","SOM","Somalia",2019,2.5825,NA,0.611317,70,25,414000,80,NA,NA,NA,NA,NA,98000,NA,NA,NA,NA,NA,NA,NA,NA,NA,NA,NA,NA,NA,NA,NA,NA,NA,NA,NA,NA,NA,NA,NA,NA,NA,NA,NA,NA,NA,NA,NA,NA,NA,NA,NA,NA,NA,NA,NA,NA,NA
"362","ZAF","South Africa",2019,100.454,60.0794,2.09834,99.66,94.41,59858500,99.97,62518,5.00002,0.104917,596266,1.00065,1250360,591572,0.992772,1587,122542,362549,81833,63.251,669652,35800100,24058400,31297600,12192,314316,142735,134521,47.3123,47.6877,NA,"South Africa",NA,NA,69.6969,"South Africa",17.0951,5794920000,34613,13263,9243360000,1447930000,267049,15.6646,NA,NA,NA,NA,NA,NA,NA,NA,NA,NA
"363","ZWE","Zimbabwe",2019,49.5691,41.1543,1.33861,84.2,35,7569880,93.4,132520,64.826,0.867768,59028,0.386527,204424,12876,0.0843146,3395,27113,39880,2123,34.8761,106036,6284820,1285060,823403,1428,NA,NA,NA,6.29867,28.8753,NA,"Zimbabwe",NA,NA,26.5883,"Zimbabwe",19.4593,NA,5171,1451,NA,NA,NA,3.9097,NA,NA,NA,NA,NA,NA,NA,NA,NA,NA
"364","ESP","Spain",2019,101.422,98.434,32.922,99.7,99.4,48109600,99.8,26941,0.172515,0.0567955,542283,1.14321,15616600,15047400,31.722,12591,302642,10419100,816,91.4376,2588740,46692300,1417340,37098900,2292670,2271510,878417,11897400,96.355,3.47248,NA,"Spain",90.7437,90.6932,90.7187,"Spain",1.86545,NA,36637,NA,20911800000,6113870000,570782,29.2365,NA,NA,NA,NA,NA,NA,NA,NA,NA,NA
"365","SSD","South Sudan",2019,6.31417,0.856248,0.00191876,15,15,658150,48,65,32.5,0.000623598,50,0.000479691,200,65,0.000623598,150,20,NA,NA,5.31633,NA,89250,95000,0,0,20,20,0,32.5,25,NA,"South Sudan",NA,NA,6.7,"South Sudan",NA,4906270000,121,20,NA,31052500,NA,NA,NA,NA,NA,NA,NA,NA,NA,NA,NA,NA
"366","SDN","Sudan",2019,35.657,NA,0.0719282,55.5,35,16241100,90.9,12713,38.8041,0.0279111,18243,0.0400521,32762,1806,0.00396503,273,NA,2263,NA,14.4032,27472,NA,NA,NA,NA,NA,NA,NA,5.51248,55.6834,0,"Sudan",NA,NA,25.9,"Sudan",NA,NA,NA,NA,547799000,NA,NA,NA,NA,NA,NA,NA,NA,NA,NA,NA,NA,NA
"367","SUR","Suriname",2019,28.3254,NA,13.2741,100,85,171586,100,0,0,0,32447,5.35634,80410,47963,7.91772,90,14563,8209,NA,54.8626,57548,NA,14239,23673,NA,NA,NA,NA,59.6481,40.3519,NA,"Suriname",NA,NA,62,"Suriname",10.1126,NA,938,375,235174000,18249900,250718,7.76016,NA,NA,NA,NA,NA,NA,NA,NA,NA,NA
"368","SWZ","Eswatini",2019,68.8519,NA,2.04369,88,39,812366,99,NA,NA,NA,NA,NA,24113,NA,NA,NA,NA,NA,NA,NA,NA,NA,NA,NA,NA,NA,NA,NA,NA,NA,NA,"Eswatini",NA,NA,43.9,NA,NA,NA,NA,NA,NA,NA,NA,NA,NA,NA,NA,NA,NA,NA,NA,NA,NA,NA
"369","SWE","Sweden",2019,125.743,110.639,39.2906,100,100,12925300,100,7979,0.197562,0.0776233,184111,1.79112,4038730,3846640,37.4218,370,6687,2875070,7335,96.0609,482746,11372700,1552530,11208000,666521,417830,274561,3154240,95.2438,4.55864,NA,"Sweden",94.0772,94.9045,94.4934,"Sweden",10.622,NA,18599,5974,5334480000,1531190000,286816,28.7036,NA,NA,NA,NA,NA,NA,NA,NA,NA,NA
"370","CHE","Switzerland",2019,100.591,94.5768,46.9124,100,99.94,8628250,100,4187,0.104053,0.0488136,133015,1.55074,4023920,3886720,45.3128,1386,152,844993,9130,91.5519,2041350,8112350,515898,NA,1126910,264691,1086350,2535670,96.5903,3.30676,91.56,"Switzerland",91.2582,95.0742,93.1461,"Switzerland",7.73878,NA,24540.9,NA,14040400000,2812510000,572121,20.0316,NA,NA,NA,NA,NA,NA,NA,NA,NA,NA
"371","SYR","Syrian Arab Republic",2019,8.12451,17.5002,7.33617,88,35,1653630,88,1345770,90.1282,6.61195,146810,0.7213,1493170,593,0.0029135,NA,NA,618,200,NA,1492350,3561910,NA,1653630,NA,395,NA,NA,0.0397142,9.85075,NA,"Syrian Arab Republic",NA,NA,34.65,"Syrian Arab Republic",6.94664,NA,19750,5500,889255000,NA,45025.6,NA,NA,NA,NA,NA,NA,NA,NA,NA,NA,NA
"372","TJK","Tajikistan",2019,23.6097,NA,0.0629593,90,80,2250000,90,NA,NA,NA,NA,NA,6000,NA,NA,NA,NA,NA,NA,27.1771,NA,NA,NA,NA,NA,NA,NA,NA,NA,NA,NA,NA,NA,NA,NA,NA,NA,NA,NA,NA,NA,NA,NA,NA,NA,NA,NA,NA,NA,NA,NA,NA,NA,NA
"373","THA","Thailand",2019,84.3765,NA,14.1338,98,98,60348000,98,19781,0.195681,0.0276571,196477,0.274707,10108800,9892560,13.8314,NA,NA,5796400,150621,74.562,3032650,NA,NA,NA,1129160,NA,NA,NA,97.8607,1.94362,NA,"Thailand",65.573,67.7957,66.6524,"Thailand",NA,NA,NA,NA,15123100000,NA,NA,NA,NA,NA,NA,NA,NA,NA,NA,NA,NA,NA
"374","TGO","Togo",2019,24.2265,NA,0.37692,91,67,2050300,97,363,1.13797,0.00428922,3258,0.0384967,31899,28278,0.334134,NA,4140,12833,183,NA,14589,NA,2050300,174474,NA,17069,11185,25,88.6485,10.2135,NA,"Togo",NA,NA,20.7273,"Togo",26.2814,NA,1146,339,318939000,80564300,278306,25.2601,NA,NA,NA,NA,NA,NA,NA,NA,NA,NA
"375","TON","Tonga",2019,58.7722,NA,3.50434,99,96,62104,99,0,0,0,0,0,3703,0,0,NA,NA,NA,NA,NA,NA,NA,NA,NA,NA,NA,NA,NA,0,0,NA,NA,NA,NA,NA,NA,NA,NA,NA,NA,NA,NA,NA,NA,NA,NA,NA,NA,NA,NA,NA,NA,NA,NA
"376","TTO","Trinidad and Tobago",2019,35.3348,35.2731,22.8528,100,75,524684,100,7793,2.29652,0.524819,74769,5.03531,339340,256778,17.2927,NA,54609,113048,NA,84.7588,23532,523768,916,524684,148151,46022,124412,86344,75.6698,22.0337,NA,"Trinidad and Tobago",NA,NA,75,"Trinidad and Tobago",10.5538,NA,3624,1568,743385000,62914900,205128,8.4633,NA,NA,NA,NA,NA,NA,NA,NA,NA,NA
"377","ARE","United Arab Emirates",2019,249.936,93.7223,32.4803,100,99.82,23438600,100,68634,2.25328,0.731874,111305,1.18689,3045960,2866020,30.5616,217,260,3008900,NA,99.1,36567,8789140,14649400,10009900,NA,809014,1006660,1050350,94.0925,3.65419,NA,"United Arab Emirates",99.5015,99.03,99.15,"United Arab Emirates",2.5091,528547000,5928,1434,8786970000,1613850000,1482280,18.3664,NA,NA,NA,NA,NA,NA,NA,NA,NA,NA
"378","TUN","Tunisia",2019,76.6097,71.5921,10.0542,99,94,9097460,99,6986,0.58512,0.0588291,611393,5.14854,1193940,575565,4.84683,102,374479,51261,2947,51.4703,765155,8501620,595843,6860000,NA,288684,284735,2146,48.207,51.2202,NA,"Tunisia",61.1126,72.462,66.7,"Tunisia",7.15866,3.1e+08,10410,4459,1092090000,184022000,104908,16.8504,NA,NA,NA,NA,NA,NA,NA,NA,NA,NA
"379","TUR","Türkiye",2019,73.1132,72.2658,16.6733,98.56,96.71,62407700,99.7,16117,0.113245,0.0188817,3606540,4.22521,14232000,10609300,12.4293,11585,NA,3213300,260401,88.2894,9662250,61684400,723354,46487400,1084450,9624270,973377,11676,74.5457,25.3411,NA,"Türkiye",67.5984,80.402,73.9767,"Türkiye",2.38604,NA,27518,6982,11752700000,2271060000,427091,19.3238,NA,NA,NA,NA,NA,NA,NA,NA,NA,NA
"380","TKM","Turkmenistan",2019,31.6728,NA,2.59674,75.8,67,2155000,97.16,148796,84.2173,2.18691,27517,0.404427,176681,368,0.00540863,NA,NA,NA,NA,48.9386,NA,NA,NA,NA,NA,NA,NA,NA,0.208285,NA,NA,NA,NA,NA,NA,NA,NA,NA,NA,NA,NA,NA,NA,NA,NA,NA,NA,NA,NA,NA,NA,NA,NA,NA
"381","UGA","Uganda",2019,39.4691,NA,0.0752797,74,40,16971600,98,NA,NA,NA,NA,NA,32370,NA,NA,NA,NA,NA,NA,11.0667,NA,NA,134906,NA,NA,NA,NA,NA,NA,NA,NA,NA,NA,NA,NA,"Uganda",27.1147,NA,2324,509,NA,NA,NA,NA,NA,NA,NA,NA,NA,NA,NA,NA,NA,NA
"382","MKD","North Macedonia",2019,71.2757,70.8837,23.9403,99.88,99.53,1352560,99.88,3508,0.772177,0.184861,72439,3.81732,454300,378353,19.9381,NA,57007,66328,42795,81.7762,135221,1345120,7437,NA,152949,232907,138504,6942,83.2826,15.9452,NA,"North Macedonia",80.7675,82.0514,81.4129,"North Macedonia",NA,NA,NA,NA,321101000,48450600,NA,15.0889,NA,NA,NA,NA,NA,NA,NA,NA,NA,NA
"383","EGY","Egypt",2019,55.3892,52.5543,7.04131,99.12,95.1,59572800,99.83,217898,2.87724,0.202596,406894,0.378319,7573150,6948360,6.46039,385,35723,239348,NA,59.937,7295850,56523800,3049040,16765200,NA,0,6972020,0,91.7499,5.37285,NA,"Egypt",52.987,61.5413,57.2829,"Egypt",7.30044,NA,63955,16006,4981720000,1489440000,77894.2,29.8981,NA,NA,NA,NA,NA,NA,NA,NA,NA,NA
"384","GBR","United Kingdom",2019,104.43,97.7247,40.0228,99.7,99.7,70084000,99.9,0,0,0,838038,1.24873,26859700,26021600,38.774,28329,NA,922445,NA,92.8926,20828700,65584000,4500000,NA,5080140,6796410,14315200,4910000,96.8799,0.997172,NA,"United Kingdom",91.4011,93.6727,92.5166,"United Kingdom",NA,NA,NA,NA,41011200000,NA,NA,NA,NA,NA,NA,NA,NA,NA,NA,NA,NA,NA
"385","TZA","Tanzania",2019,9.5981,NA,NA,85,13,5679670,95,NA,NA,NA,NA,NA,NA,NA,NA,31966,171795,170041,643883,11.0667,NA,NA,NA,NA,21970,NA,NA,NA,NA,NA,NA,"Tanzania",NA,NA,16.5909,NA,NA,NA,NA,NA,NA,NA,NA,NA,NA,NA,NA,NA,NA,NA,NA,NA,NA,NA
"386","USA","United States",2019,145.918,NA,33.8352,99.9,99.9,492896000,99.9,1753000,1.53379,0.518961,7290000,2.15815,114292000,105249000,31.1581,1975000,1660000,18094000,525000,86.6124,19500000,NA,NA,NA,72516000,18938000,16200000,70096000,92.0878,6.3784,NA,"United States",NA,NA,89.4303,"United States",6.68978,NA,712000,NA,6.45361e+11,9.0914e+10,906406,14.0873,NA,NA,NA,NA,NA,NA,NA,NA,NA,NA
"387","BFA","Burkina Faso",2019,30.7279,NA,0.0573181,48.4,26.92,6441180,92,8083,67.2742,0.0385603,3932,0.0187578,12015,0,0,NA,NA,NA,NA,3.39999,NA,NA,NA,NA,NA,NA,NA,NA,0,32.7258,NA,"Burkina Faso",6.61695,12.2789,9.27181,NA,NA,NA,NA,NA,NA,NA,NA,NA,NA,NA,NA,NA,NA,NA,NA,NA,NA,NA
"388","URY","Uruguay",2019,103.012,NA,29.8013,91.1,82.6,3499540,91,1434,0.141642,0.0422112,241569,7.11081,1012410,769407,22.6482,0,8566,768149,48298,69.3309,187005,NA,NA,NA,0,NA,NA,NA,75.9976,23.8608,NA,"Uruguay",83.8357,82.8316,83.3515,"Uruguay",NA,NA,NA,NA,1155450000,NA,NA,NA,NA,NA,NA,NA,NA,NA,NA,NA,NA,NA
"389","UZB","Uzbekistan",2019,79.4171,58.276,10.5554,80.7,47.7,26179600,99.2,936439,26.9125,2.84073,1860430,5.64372,3479570,314221,0.953204,0,644544,1068330,0,81.15,1766700,19210500,6969110,6259800,0,162138,151454,628,9.03047,82.6841,0,"Uzbekistan",65.9178,74.9,70.4,"Uzbekistan",5.11359,9.26129e+11,28957,10111,975917000,191432000,33702.3,19.6156,NA,NA,NA,NA,NA,NA,NA,NA,NA,NA
"390","VEN","Venezuela",2019,53.2539,50.101,8.85037,82,65,15410700,92,1619710,63.242,5.59716,885780,3.06095,2561130,55639,0.192269,15,20402,1327,2276,NA,2248500,14498300,912374,162201,288608,55379,189,71,2.17244,34.5874,NA,NA,NA,NA,NA,"Venezuela",4.02742,NA,21552,0,NA,NA,NA,28.9208,NA,NA,NA,NA,NA,NA,NA,NA,NA,NA
"391","WSM","Samoa",2019,16.6841,NA,0.806559,91,49,35000,97,NA,NA,NA,NA,NA,1692,NA,NA,NA,NA,NA,NA,NA,NA,NA,NA,NA,NA,NA,NA,NA,NA,NA,NA,"Samoa",NA,NA,47.2211,NA,NA,NA,NA,NA,NA,NA,NA,NA,NA,NA,NA,NA,NA,NA,NA,NA,NA,NA
"392","YEM","Yemen",2019,4.71072,NA,1.08797,NA,NA,1654000,88.86,NA,NA,NA,NA,NA,382000,NA,NA,NA,NA,NA,NA,9.28482,NA,NA,NA,NA,NA,NA,NA,NA,NA,NA,NA,NA,NA,NA,NA,NA,NA,NA,NA,NA,NA,NA,NA,NA,NA,NA,NA,NA,NA,NA,NA,NA,NA,NA
"393","ZMB","Zambia",2019,49.2708,NA,0.480133,71.8,49.1,9121920,86.9,25084,28.2188,0.135488,63506,0.343019,88891,302,0.00163121,178,477,9237,76992,19.2309,2077,NA,NA,NA,NA,213,85,4,0.339742,71.4426,NA,NA,NA,NA,NA,"Zambia",19.4894,NA,1885,529,527804000,98375100,280002,18.6386,NA,NA,NA,NA,NA,NA,NA,NA,NA,NA
"394","AFG","Afghanistan",2020,18.9986,NA,0.0680079,57,26,7422550,90,25343,95.382,0.0648673,867,0.00221915,26570,360,0.000921447,NA,NA,NA,NA,NA,NA,NA,NA,NA,NA,NA,NA,NA,1.35491,3.26308,NA,"Afghanistan",NA,NA,17.0485,NA,NA,NA,NA,NA,NA,NA,NA,NA,NA,NA,NA,NA,NA,NA,NA,NA,NA,NA
"395","ALB","Albania",2020,69.5895,65.9649,17.7209,99.2,98.38,1998580,99.86,1592,0.312809,0.0554326,164489,5.72742,508937,342856,11.9381,393,15804,231755,1180,83.2799,169654,1894480,104096,NA,90151,217974,109476,15406,67.3671,32.3201,NA,"Albania",71.2457,73.2383,72.2377,"Albania",16.038,NA,3584,1449,217960000,88863400,60814.8,40.7705,NA,NA,NA,NA,NA,NA,NA,NA,NA,NA
"396","DZA","Algeria",2020,90.2335,88.0352,8.60645,98.97,76.18,39740700,98.97,6002,0.158345,0.0136279,2570410,5.83625,3790460,1214050,2.75657,1368,1205370,72314,11360,73.1615,2500080,38772600,968146,29506900,0,1213380,407,266,32.0292,67.8125,0,"Algeria",NA,NA,63.4727,"Algeria",7.151,0,34223,11489,3191860000,972781000,93266.5,30.4769,NA,NA,NA,NA,NA,NA,NA,NA,NA,NA
"397","AND","Andorra",2020,88.5242,NA,48.656,99.5,89,68500,99.5,NA,NA,NA,NA,NA,37650,NA,NA,NA,NA,NA,NA,99.2825,NA,NA,NA,NA,NA,NA,NA,NA,NA,NA,NA,"Andorra",NA,NA,93.2056,NA,NA,NA,NA,NA,NA,NA,NA,NA,NA,NA,NA,NA,NA,NA,NA,NA,NA,NA
"398","AGO","Angola",2020,19.8419,18.4724,0.363264,77.5,72.74,6637340,85,29462,24.2454,0.0880747,51057,0.152632,121516,40997,0.122558,321,1860,86783,NA,35.3908,7645,6179220,458116,NA,16018,5953,365,13538,33.7379,33.1455,NA,"Angola",NA,NA,36.6347,"Angola",64.2392,2134730000,7655,2661,649170000,238660000,84803.3,36.7638,NA,NA,NA,NA,NA,NA,NA,NA,NA,NA
"399","ATG","Antigua and Barbuda",2020,52.2614,NA,8.71023,99,99,48000,99,NA,NA,NA,NA,NA,8000,NA,NA,NA,NA,NA,NA,83.0366,NA,NA,NA,NA,NA,NA,NA,NA,NA,NA,NA,"Antigua and Barbuda",NA,NA,75.0089,NA,NA,NA,NA,NA,NA,NA,NA,NA,NA,NA,NA,NA,NA,NA,NA,NA,NA,NA
"400","AZE","Azerbaijan",2020,69.2743,68.3023,19.5986,97.6,93,7053330,100,678461,34,6.66351,1017690,9.99528,1995470,299321,2.93979,66,117834,240000,7574,84.8,1570000,6954350,98973,3531250,60000,170921,80000,48400,15,51,0,"Azerbaijan",82.1961,87.0459,84.6,"Azerbaijan",17.6222,5e+05,29124,8450,1322300000,109118000,45402.3,8.25213,NA,NA,NA,NA,NA,NA,NA,NA,NA,NA
"401","ARG","Argentina",2020,68.6538,NA,21.1798,98.5,97.68,31026000,98.87,179390,1.8742,0.396951,2613470,5.78305,9571560,6593600,14.5902,2919,421554,1311200,250117,90.01,2213950,NA,NA,NA,5371820,2232930,2775700,1584960,68.8874,27.3046,NA,"Argentina",NA,NA,85.5144,"Argentina",NA,NA,NA,NA,9957310000,NA,NA,NA,NA,NA,NA,NA,NA,NA,NA,NA,NA,NA
"402","AUS","Australia",2020,123.024,104.93,35.3468,99.5,99.5,31671000,99.5,NA,NA,NA,NA,NA,9099620,8106880,31.4906,126845,346526,1974730,NA,97.1501,4557460,27013000,4658000,31671000,2094060,2422090,4392480,1292310,89.0903,NA,50,"Australia",NA,NA,94.6935,"Australia",16.8441,NA,91893,17597,31559700000,7975440000,343440,25.2709,NA,NA,NA,NA,NA,NA,NA,NA,NA,NA
"403","AUT","Austria",2020,108.039,83.1965,29.2106,98,98,9638630,99,2062,0.0791251,0.023113,371275,4.16162,2606000,2232660,25.0259,NA,19500,116000,1500,90.4008,1517000,7422300,2216330,NA,952000,682800,1008990,540873,85.6739,14.2469,55,"Austria",85.8744,89.2079,87.5294,"Austria",3.34511,NA,12667,NA,4292170000,1011560000,338846,23.5675,NA,NA,NA,NA,NA,NA,NA,NA,NA,NA
"404","BHS","Bahamas",2020,100.287,NA,20.9668,98,95,397000,99,NA,NA,NA,NA,NA,83000,NA,NA,NA,NA,NA,NA,86.6329,NA,NA,NA,NA,NA,NA,NA,NA,NA,NA,NA,"Bahamas",NA,NA,92.4437,NA,NA,NA,NA,NA,NA,NA,NA,NA,NA,NA,NA,NA,NA,NA,NA,NA,NA,NA
"405","BHR","Bahrain",2020,125.499,100.664,10.1824,100,100,1861240,100,176,0.116546,0.0118672,6691,0.451157,151013,144146,9.71939,NA,878,141990,NA,99.5394,8145,1492930,356879,1861010,NA,106331,29925,7890,95.4527,4.49278,100,"Bahrain",100,99.5006,99.671,"Bahrain",10.6601,NA,2922,968,1222220000,193615000,418283,15.8412,NA,NA,NA,NA,NA,NA,NA,NA,NA,NA
"406","BGD","Bangladesh",2020,58.5183,56.7628,6.04506,97.8,97.8,97314800,99.62,482535,4.8,0.290163,2513210,1.51127,10052800,7057080,4.24363,NA,0,9550180,502641,37.8374,0,94395400,2919450,54949800,0,4939960,2046550,70571,70.2,25,NA,"Bangladesh",NA,NA,36.1091,"Bangladesh",428.546,NA,595700,203000,4715840000,1103470000,7916.47,23.3992,NA,NA,NA,NA,NA,NA,NA,NA,NA,NA
"407","ARM","Armenia",2020,81.2063,76.2459,14.8884,100,100,2347590,100,2106,0.489304,0.0728495,168843,5.84052,430407,259458,8.97502,NA,28067,264211,53022,87.2117,85107,2204190,143398,1472130,NA,144637,113893,928,60.282,39.2287,NA,"Armenia",78.0911,74.7778,76.5077,"Armenia",14.6279,3553300000,6254,2794,234010000,54521600,37417.7,23.2988,NA,NA,NA,NA,NA,NA,NA,NA,NA,NA
"408","BRB","Barbados",2020,40.8239,NA,45.4387,99.6,99.6,115000,99.6,NA,NA,NA,NA,NA,128000,NA,NA,NA,NA,NA,NA,76.6268,NA,NA,NA,NA,NA,NA,NA,NA,NA,NA,NA,"Barbados",NA,NA,76.002,NA,NA,NA,NA,NA,NA,NA,NA,NA,NA,NA,NA,NA,NA,NA,NA,NA,NA,NA
"409","BEL","Belgium",2020,89.5827,86.2986,41.024,100,100,10337900,100,4936,0.104262,0.0427726,55659,0.482309,4734210,4673620,40.4989,NA,NA,77547,12849,90.861,2142280,9958950,378996,8658890,2501540,108218,1448780,3116620,98.7201,1.17568,NA,"Belgium",91.1117,91.9434,91.5264,"Belgium",4.40172,NA,16001,NA,7093860000,1675440000,443339,23.6182,NA,NA,NA,NA,NA,NA,NA,NA,NA,NA
"410","BMU","Bermuda",2020,10.8726,NA,35.7243,99.7,99.7,7000,99.7,NA,NA,NA,NA,NA,23000,NA,NA,NA,NA,NA,NA,NA,NA,NA,NA,NA,NA,NA,NA,NA,NA,NA,NA,NA,NA,NA,NA,NA,NA,NA,NA,NA,NA,NA,NA,NA,NA,NA,NA,NA,NA,NA,NA,NA,NA,NA
"411","BTN","Bhutan",2020,89.4714,68.2057,0.414153,95,80,688935,98,1736,54.4371,0.225453,618,0.0802591,3189,727,0.0944148,0,350,NA,0,78.0992,2839,525188,163747,460324,0,77,28,3,22.7971,19.3791,NA,"Bhutan",NA,NA,76.8508,"Bhutan",42.8938,0,986,316,99012100,23296700,100418,23.5291,NA,NA,NA,NA,NA,NA,NA,NA,NA,NA
"412","BOL","Bolivia (Plurinational State of)",2020,83.1096,NA,7.88672,91.48,74.48,9820480,100,149032,15.992,1.26124,NA,NA,931918,NA,NA,3691,NA,773258,NA,55.1779,80180,NA,NA,NA,41141,NA,NA,NA,NA,NA,NA,"Bolivia (Plurinational State of)",58.0403,61.9163,59.9401,"Bolivia (Plurinational State of)",12.9915,NA,7770,NA,1232750000,244894000,158655,19.8656,NA,NA,NA,NA,NA,NA,NA,NA,NA,NA
"413","BIH","Bosnia and Herzegovina",2020,49.2134,48.7617,23.3508,95,82,1623720,100,26361,3.42162,0.798976,288992,8.75906,770424,455071,13.7928,NA,53567,45046,252,72.8355,411850,1608820,14903,783850,258020,213808,100339,140924,59.0676,37.5108,NA,"Bosnia and Herzegovina",69.3125,77.8159,73.2118,"Bosnia and Herzegovina",12.2687,673913,8673,3424,722713000,109731000,83329.1,15.1832,NA,NA,NA,NA,NA,NA,NA,NA,NA,NA
"414","BWA","Botswana",2020,94.6858,34.2976,3.58604,97,77,2240170,98,18419,21.7098,0.778522,50590,2.1383,84842,15833,0.669218,NA,NA,5938,NA,69.2306,35621,811445,29051,533541,NA,NA,NA,NA,18.6617,2.08419,NA,"Botswana",NA,NA,69.523,"Botswana",14.064,3.6e+07,1969,760,293078000,95475100,148846,32.5766,NA,NA,NA,NA,NA,NA,NA,NA,NA,NA
"415","BRA","Brazil",2020,91.4109,NA,17.4181,90.11,88.23,190739000,90.27,2928140,8.0566,1.4033,6041080,2.89517,36344700,27375400,13.1196,330174,2138700,17009800,0,83.1691,7080510,NA,NA,170047000,9585020,5954020,27375400,NA,75.3218,16.6216,NA,"Brazil",84.9105,77.333,81.3427,"Brazil",NA,NA,NA,NA,24086300000,4944830000,NA,20.5296,NA,NA,NA,NA,NA,NA,NA,NA,NA,NA
"416","BLZ","Belize",2020,45.2903,NA,9.21159,98,70,177000,98,NA,NA,NA,NA,NA,36000,NA,NA,NA,NA,NA,NA,62.6898,NA,NA,NA,NA,NA,NA,NA,NA,NA,NA,NA,"Belize",NA,NA,64.4359,NA,NA,NA,NA,NA,NA,NA,NA,NA,NA,NA,NA,NA,NA,NA,NA,NA,NA,NA
"417","SLB","Solomon Islands",2020,17.1928,NA,0.134319,45,25,128000,95,NA,NA,NA,NA,NA,1000,NA,NA,NA,NA,NA,NA,46.9256,NA,NA,NA,NA,NA,NA,NA,NA,NA,NA,NA,"Solomon Islands",NA,NA,33.1974,NA,NA,NA,NA,NA,NA,NA,NA,NA,NA,NA,NA,NA,NA,NA,NA,NA,NA,NA
"418","VGB","British Virgin Islands",2020,11.4609,NA,19.0925,100,100,4256,100,0,0,0,0,0,7090,6738,18.1446,NA,NA,NA,NA,NA,NA,NA,NA,NA,NA,NA,NA,NA,95.0353,0,NA,NA,NA,NA,NA,NA,NA,NA,NA,NA,NA,NA,NA,NA,NA,NA,NA,NA,NA,NA,NA,NA,NA,NA
"419","BRN","Brunei Darussalam",2020,121.838,119.635,15.8868,96,95.25,545109,99,295,0.415037,0.0659359,NA,NA,71078,70783,15.8208,NA,NA,67364,557,84.6724,3150,535252,9857,490219,NA,56913,13352,518,99.585,NA,NA,"Brunei Darussalam",NA,NA,96.3055,"Brunei Darussalam",7.42167,NA,771,307,NA,NA,NA,NA,NA,NA,NA,NA,NA,NA,NA,NA,NA,NA
"420","BGR","Bulgaria",2020,106.6,90.7535,30.5043,99.99,99.85,7391250,99.99,230,0.0108744,0.00331716,30945,0.446302,2115060,2083890,30.0547,231,219355,1235650,224190,78.8502,133172,6292530,1098090,4543760,302460,284947,1129750,669194,98.526,1.46308,NA,"Bulgaria",68.74,71.6243,70.1625,"Bulgaria",20.8209,NA,18171.6,7666.09,1400920000,250610000,77094.2,17.8889,NA,NA,NA,NA,NA,NA,NA,NA,NA,NA
"421","MMR","Myanmar",2020,135.005,133.694,1.29925,93.85,93.85,71574900,96.7,270181,39.224,0.509617,157901,0.297834,688815,260733,0.491796,443,339599,310530,24731,NA,13512,70880000,694917,35138600,NA,218531,17226,24976,37.8524,22.9236,NA,"Myanmar",NA,NA,45.4477,"Myanmar",22.7827,3.61317e+11,11937,4810,316457000,167563000,26510.6,52.9498,NA,NA,NA,NA,NA,NA,NA,NA,NA,NA
"422","BDI","Burundi",2020,10.3328,0,0.0335261,50.6,27.1,1303690,96.8,2734,64.6336,0.0216691,958,0.00759291,4230,142,0.00112546,41,0,117,0,17.934,0,0,1303690,146495,0,0,0,0,3.35697,22.6478,0,"Burundi",NA,NA,9.17302,"Burundi",64.8634,0,1187,291,95401800,7309500,80372.2,7.66181,NA,NA,NA,NA,NA,NA,NA,NA,NA,NA
"423","BLR","Belarus",2020,92.546,NA,34.8152,99.9,89.5,8653920,99.9,46919,1.4412,0.501757,1022490,10.9346,3255550,2186150,23.3789,0,0,1845090,390791,76.9868,948535,NA,NA,NA,71135,545764,840172,800210,67.1513,31.4075,NA,"Belarus",85.7483,84.2388,85.0879,"Belarus",NA,22574200,NA,NA,1289590000,206825000,NA,16.0381,NA,NA,NA,NA,NA,NA,NA,NA,NA,NA
"424","KHM","Cambodia",2020,98.7697,98.7697,1.3977,91.5,91.5,16519700,99,178,0.0761426,0.00106424,14247,0.0851814,233772,219347,1.31145,0,NA,219347,NA,54.2783,21263,16519700,NA,14265500,178,NA,NA,NA,93.8295,6.0944,NA,"Cambodia",NA,NA,53.6508,"Cambodia",85.7508,NA,4768,NA,926940000,40808500,194409,4.4025,NA,NA,NA,NA,NA,NA,NA,NA,NA,NA
"425","CMR","Cameroon",2020,41.2874,28.1506,2.75682,60,60,10821700,77.31,36634,5.0699,0.139768,560419,2.13814,722579,125526,0.478914,657,685945,27610,NA,46.0189,9024,7378420,NA,2765300,NA,NA,NA,NA,17.3719,77.5582,NA,"Cameroon",NA,NA,41.2264,"Cameroon",6.32843,NA,6103,1857,1075100000,192477000,176160,17.9031,NA,NA,NA,NA,NA,NA,NA,NA,NA,NA
"426","CAN","Canada",2020,70.7808,70.0473,40.795,99.5,99.5,27018400,99.7,39122,0.251229,0.102489,1302510,3.41223,15572200,14230600,37.2803,NA,955615,3383760,22866,94.2,3335830,26738400,280000,NA,7894650,4082110,3379590,6768880,91.3844,8.36433,NA,"Canada",NA,NA,92.3,"Canada",NA,NA,NA,NA,39816500000,8474050000,NA,21.2828,NA,NA,NA,NA,NA,NA,NA,NA,NA,NA
"427","CPV","Cabo Verde",2020,81.5559,75.9318,4.82611,93.74,79.42,419751,99.34,NA,NA,NA,NA,NA,24839,24839,4.82611,NA,4787,2566,NA,74.3231,17486,390805,28946,NA,NA,NA,NA,NA,100,NA,NA,"Cabo Verde",NA,NA,69.3734,"Cabo Verde",11.2021,0,646,219,85128200,20522600,131777,24.1079,NA,NA,NA,NA,NA,NA,NA,NA,NA,NA
"428","CYM","Cayman Islands",2020,NA,NA,46.5902,100,100,NA,100,NA,NA,NA,NA,NA,32000,NA,NA,NA,NA,NA,NA,NA,NA,NA,NA,NA,NA,NA,NA,NA,NA,NA,NA,NA,NA,NA,NA,NA,NA,NA,NA,NA,NA,NA,NA,NA,NA,NA,NA,NA,NA,NA,NA,NA,NA,NA
"429","CAF","Central African Rep.",2020,5.6698,NA,NA,40.87,0,285000,56,NA,NA,NA,NA,NA,NA,NA,NA,NA,NA,NA,NA,NA,NA,NA,NA,NA,NA,NA,NA,NA,NA,NA,NA,NA,NA,NA,NA,NA,NA,NA,NA,NA,NA,NA,NA,NA,NA,NA,NA,NA,NA,NA,NA,NA,NA,NA
"430","LKA","Sri Lanka",2020,69.5362,68.1379,7.89622,96,96,15688600,99,365,0.020488,0.00161778,1192360,5.28486,1781530,588355,2.60775,NA,1193400,188538,NA,52.8,399596,15373100,315478,8745260,NA,399596,NA,183881,33.0253,66.929,NA,"Sri Lanka",32.4864,40.2566,36.1847,"Sri Lanka",4.41088,1.0407e+10,11503,2820,1450850000,159221000,126128,10.9743,NA,NA,NA,NA,NA,NA,NA,NA,NA,NA
"431","TCD","Chad",2020,3.15075,NA,0,48,21.8,542706,86.1,0,NA,0,0,0,0,0,0,0,0,NA,NA,3.20635,0,NA,8483,384044,0,0,0,0,NA,NA,0,"Chad",NA,NA,8.34311,"Chad",146.442,0,782,152,258717000,37559500,330841,14.5176,NA,NA,NA,NA,NA,NA,NA,NA,NA,NA
"432","CHL","Chile",2020,100.459,96.0347,19.4306,95,88,19459500,99,15146,0.40241,0.0781906,376884,1.94565,3763830,3371800,17.4067,NA,159972,1519550,60991,89.7578,237777,18602500,761360,17926100,1785540,260176,440520,2671100,89.5843,10.0133,NA,"Chile",NA,NA,87.4593,"Chile",21.8078,NA,56001,18990,NA,1266390000,NA,NA,NA,NA,NA,NA,NA,NA,NA,NA,NA,NA
"433","CHN","China",2020,95.7128,95.6767,33.907,99.9,99.9,1364970000,99.9,109500,0.022645,0.00767825,4098000,0.287356,483550000,479342000,33.6119,NA,NA,461017000,19492500,78.575,3039600,1364450000,514370,1288760000,0,6748400,39592100,434630000,99.1299,0.847483,NA,"China",70.4569,69.6681,70.0528,"China",6.29206,NA,1144580,443817,1.97516e+11,59204700000,172567,29.9747,NA,NA,NA,NA,NA,NA,NA,NA,NA,NA
"434","TWN","Taiwan, Province of China",2020,116.695,113.83,25.5665,100,99.8,27614000,100,30553,0.505016,0.129115,530308,2.24104,6049910,5489050,23.1963,318,0,3869100,1835,88.9,408040,26936100,677838,27614000,1770620,1225890,1366640,2896520,90.7294,8.76555,45,"Taiwan, Province of China",89.6,88.3,88.9607,"Taiwan, Province of China",4.07673,27363600000,51980,20002,9557360000,1809040000,183866,18.9283,NA,NA,NA,NA,NA,NA,NA,NA,NA,NA
"435","COL","Colombia",2020,62.1272,61.2556,15.3363,100,98,31455000,100,158621,2.04283,0.313295,2032150,4.01373,7764770,5574000,11.0093,30748,373647,1309100,4136,56.5268,1276340,31013700,441289,24437800,4770790,1500170,3524060,549772,71.7858,26.1714,NA,"Colombia",70.7503,68.79,69.7953,"Colombia",NA,NA,NA,NA,6099090000,NA,NA,NA,NA,NA,NA,NA,NA,NA,NA,NA,NA,NA
"436","COM","Comoros",2020,66.5831,66.5691,0.1481,84,81,534105,92,1057,88.9731,0.131769,99,0.0123416,1188,32,0.00398921,NA,49,187,NA,NA,830,533993,112,NA,NA,NA,NA,NA,2.6936,9.28705,NA,"Comoros",NA,NA,22.4204,NA,NA,NA,NA,NA,NA,NA,NA,NA,NA,NA,NA,NA,NA,NA,NA,NA,NA,NA
"437","COG","Congo (Rep. of the)",2020,50.167,NA,NA,64.5,NA,2886000,75,NA,NA,NA,NA,NA,NA,NA,NA,NA,NA,NA,NA,NA,NA,NA,NA,NA,NA,NA,NA,NA,NA,NA,NA,"Congo (Rep. of the)",NA,NA,24.8206,"Congo (Rep. of the)",NA,NA,NA,NA,321223000,NA,NA,NA,NA,NA,NA,NA,NA,NA,NA,NA,NA,NA
"438","COD","Dem. Rep. of the Congo",2020,21.7504,15.3413,0.032295,54,40,20878200,70,NA,NA,NA,NA,NA,31000,NA,NA,NA,NA,NA,NA,NA,NA,14726100,6152090,NA,NA,NA,NA,NA,NA,NA,NA,"Dem. Rep. of the Congo",NA,NA,21.6422,"Dem. Rep. of the Congo",NA,NA,3014,NA,1730700000,138980000,574221,8.03025,NA,NA,NA,NA,NA,NA,NA,NA,NA,NA
"439","COK","Cook Islands",2020,NA,NA,19.1779,55,55,NA,100,NA,NA,NA,NA,NA,3000,NA,NA,NA,NA,NA,NA,NA,NA,NA,NA,NA,NA,NA,NA,NA,NA,NA,NA,NA,NA,NA,NA,NA,NA,NA,NA,NA,NA,NA,NA,NA,NA,NA,NA,NA,NA,NA,NA,NA,NA,NA
"440","CRI","Costa Rica",2020,94.0882,91.4434,19.7191,94,93,4736700,97.9,166746,16.7968,3.31219,309675,6.15128,992725,516303,10.2557,334,5718,138350,586,84.693,214330,4603550,133147,NA,633407,305933,156992,53378,52.0087,31.1944,0,"Costa Rica",80.9004,80.1357,80.5302,"Costa Rica",19.6363,7972260000,10994,3279,1525430000,138475000,138752,9.07771,NA,NA,NA,NA,NA,NA,NA,NA,NA,NA
"441","HRV","Croatia",2020,109.718,96.203,26.0745,99.85,99.53,4338190,100,10106,0.980239,0.255592,172816,4.37071,1030970,848051,21.4482,69,28830,114517,5306,84.999,714235,3803830,534367,3330410,168016,415178,267336,165537,82.2573,16.7624,NA,"Croatia",74.9439,81.8259,78.3209,"Croatia",6.30633,NA,8194,3188,1445170000,377833000,176369,26.1446,NA,NA,NA,NA,NA,NA,NA,NA,NA,NA
"442","CUB","Cuba",2020,31.1246,NA,2.07272,70.52,39.71,3478590,85.61,206513,89.1472,1.84777,22226,0.198866,231654,2915,0.0260819,NA,1775,NA,NA,33.3091,211936,NA,NA,1714320,NA,1837,755,323,1.25834,9.59448,NA,"Cuba",NA,NA,71.1191,"Cuba",12.0541,NA,18108,8116,NA,NA,NA,NA,NA,NA,NA,NA,NA,NA,NA,NA,NA,NA
"443","BEN","Benin",2020,25.2476,24.6921,0.229385,80,46,3299910,98,12889,42.9906,0.0986139,16165,0.123679,29981,927,0.00709249,NA,18215,1625,3533,41.0682,6608,3227300,72611,1198980,NA,NA,NA,NA,3.09196,53.9175,NA,"Benin",NA,NA,22.1206,"Benin",22.9729,NA,744,263,473292000,57897100,636145,12.2329,NA,NA,NA,NA,NA,NA,NA,NA,NA,NA
"444","DNK","Denmark",2020,137.738,117.807,44.4186,100,100,8032250,100,8561,0.330505,0.146805,71633,1.22837,2590280,2476280,42.4637,44,20579,1032380,25569,92.5379,625282,6869930,1162320,7728260,886424,427120,549237,1499930,95.599,2.76545,98,"Denmark",95.7184,97.3916,96.5491,"Denmark",17.7837,NA,13061,NA,4898050000,1567320000,375013,31.9988,NA,NA,NA,NA,NA,NA,NA,NA,NA,NA
"445","DMA","Dominica",2020,82.1112,NA,27.0611,97,95,55485,100,NA,NA,NA,NA,NA,18286,NA,NA,NA,NA,NA,NA,76.2104,NA,NA,NA,NA,NA,NA,NA,NA,NA,NA,NA,"Dominica",NA,NA,75.6567,NA,NA,NA,NA,NA,NA,NA,NA,NA,NA,NA,NA,NA,NA,NA,NA,NA,NA,NA
"446","DOM","Dominican Rep.",2020,69.8418,62.6384,9.37345,99.5,96.64,7688390,99.53,93503,9.06162,0.849386,462286,4.19943,1031860,475469,4.31919,0,149255,315107,3788,40.6616,352764,6895420,662915,NA,228242,325974,98892,50603,46.0789,44.8013,NA,"Dominican Rep.",NA,NA,81.6173,"Dominican Rep.",7.89014,-121900000,9117,3136,1530240000,226259000,167845,14.7858,NA,NA,NA,NA,NA,NA,NA,NA,NA,NA
"447","ECU","Ecuador",2020,56.1086,50.4203,13.5147,94.78,90.98,9844860,95.66,73628,3.10497,0.419627,845819,4.82056,2371300,1427480,8.13559,NA,157880,1158750,NA,53.2095,549679,8846780,703721,8983600,504986,NA,NA,NA,60.1981,35.669,NA,"Ecuador",NA,NA,70.7,"Ecuador",6.80402,NA,14037,5155,NA,NA,NA,NA,NA,NA,NA,NA,NA,NA,NA,NA,NA,NA
"448","SLV","El Salvador",2020,67.2956,67.2956,8.53679,87,68,4195660,98,21110,3.96625,0.33859,436460,7.00053,532241,74572,1.19609,0,NA,8510,NA,27.619,351835,4195660,NA,NA,194165,NA,93,6,14.0109,74.4812,NA,"El Salvador",52.3743,57.1996,54.6014,NA,NA,NA,NA,NA,NA,NA,NA,NA,NA,NA,NA,NA,NA,NA,NA,NA,NA,NA
"449","GNQ","Equatorial Guinea",2020,0.464209,NA,0.107372,60,NA,7968,70,NA,NA,NA,NA,NA,1843,NA,NA,NA,NA,NA,NA,42.4114,NA,NA,NA,NA,NA,NA,NA,NA,NA,NA,NA,"Equatorial Guinea",NA,NA,55.0013,NA,NA,NA,NA,NA,NA,NA,NA,NA,NA,NA,NA,NA,NA,NA,NA,NA,NA,NA
"450","ETH","Ethiopia",2020,19.3411,NA,0.178275,85,7,2.3e+07,97,NA,NA,NA,NA,NA,212000,NA,NA,NA,NA,NA,NA,16.0696,NA,NA,NA,NA,NA,NA,NA,NA,NA,NA,NA,"Ethiopia",NA,NA,16.0696,NA,NA,NA,NA,NA,NA,NA,NA,NA,NA,NA,NA,NA,NA,NA,NA,NA,NA,NA
"451","ERI","Eritrea",2020,NA,NA,0.151917,NA,NA,NA,85,NA,NA,NA,NA,NA,5000,NA,NA,NA,NA,NA,NA,37.5948,NA,NA,NA,NA,NA,NA,NA,NA,NA,NA,NA,"Eritrea",NA,NA,14.3494,NA,NA,NA,NA,NA,NA,NA,NA,NA,NA,NA,NA,NA,NA,NA,NA,NA,NA,NA
"452","EST","Estonia",2020,164.671,98.0528,34.27,100,99,2189590,100,25216,5.53373,1.89641,18025,1.3556,455678,412437,31.018,NA,38460,196908,3221,90,103440,1303780,885807,1336920,92997,143399,151454,117584,90.5106,3.95564,NA,"Estonia",89.6023,88.4837,89.0583,"Estonia",10.5668,NA,3220,NA,464803000,100513000,144349,21.6249,NA,NA,NA,NA,NA,NA,NA,NA,NA,NA
"453","FRO","Faroe Islands",2020,107.435,99.8783,35.0714,100,100,56497,100,74,0.401236,0.140719,1270,2.41505,18443,17099,32.5156,NA,118,256,NA,NA,18069,52523,4184,NA,NA,5933,9142,2024,92.7127,6.88608,0,NA,NA,NA,NA,"Faroe Islands",13.2325,NA,203,NA,NA,NA,NA,NA,NA,NA,NA,NA,NA,NA,NA,NA,NA,NA
"454","FJI","Fiji",2020,76.8561,101.666,2.52054,96,80,703205,98,0,0,0,2085,0.227878,23062,10953,1.1971,124,10111,665,NA,78.1507,9772,930205,194205,520205,NA,8248,592,548,47.4937,9.04085,0,"Fiji",NA,NA,68.6256,"Fiji",19.2538,0,934,318,165622000,35580900,177325,21.4832,NA,NA,NA,NA,NA,NA,NA,NA,NA,NA
"455","FIN","Finland",2020,156.069,117.549,33.3839,99.9,99.9,8630000,99.99,NA,NA,NA,58000,1.0489,1846000,1788000,32.335,NA,4000,1058000,15000,89.454,281000,6500000,2130000,NA,488000,697000,246000,845000,96.8581,3.14193,NA,"Finland",91.4048,92.9633,92.1703,"Finland",NA,NA,NA,NA,3363770000,692171000,NA,20.5772,NA,NA,NA,NA,NA,NA,NA,NA,NA,NA
"456","FRA","France",2020,98.3123,NA,46.4712,99,99,64793000,99,7000,0.0228557,0.0106213,814000,1.23511,30627000,29248000,44.3788,NA,NA,NA,NA,85.6067,NA,NA,NA,NA,NA,NA,NA,NA,95.4974,2.65779,NA,"France",NA,NA,84.7064,"France",NA,NA,NA,NA,35436600000,15316800000,NA,43.2232,NA,NA,NA,NA,NA,NA,NA,NA,NA,NA
"457","PYF","French Polynesia",2020,78.794,NA,22.9219,88.5,88.5,220000,98,NA,NA,NA,NA,NA,64000,NA,NA,NA,NA,NA,NA,NA,NA,NA,NA,NA,NA,NA,NA,NA,NA,NA,NA,NA,NA,NA,NA,NA,NA,NA,NA,NA,NA,NA,NA,NA,NA,NA,NA,NA,NA,NA,NA,NA,NA,NA
"458","DJI","Djibouti",2020,21.8251,16.1017,2.26685,75,70,241208,90,15118,60.3441,1.36791,8987,0.813165,25053,948,0.0857773,NA,NA,359,NA,65.109,12604,177954,NA,NA,0,NA,NA,NA,3.78398,35.872,0,"Djibouti",NA,NA,59.9257,"Djibouti",51.0986,0,1986,540,144572000,27748500,72795.3,19.1936,NA,NA,NA,NA,NA,NA,NA,NA,NA,NA
"459","GAB","Gabon",2020,89.1928,89.1928,1.92061,98,98,2071540,99,44,0.0986392,0.00189448,6837,0.294376,44607,37726,1.62434,NA,NA,37726,NA,74.035,6881,2071540,NA,NA,NA,NA,NA,NA,84.5742,15.3272,NA,"Gabon",NA,NA,63.9179,"Gabon",30.7535,NA,782,286,423067000,NA,541006,NA,NA,NA,NA,NA,NA,NA,NA,NA,NA,NA
"460","GEO","Georgia",2020,85.7557,85.0988,25.512,99.98,99.72,3255010,99.98,4877,0.503638,0.128488,128052,3.37363,968355,835426,22.0099,6,92581,831390,15576,83.8434,28802,3230080,24935,2512060,0,630996,179725,24705,86.2727,11.4337,NA,"Georgia",71.8538,73.3038,72.5316,"Georgia",19.6699,NA,7626,3095,295036000,71599300,38688.2,24.268,NA,NA,NA,NA,NA,NA,NA,NA,NA,NA
"461","GMB","Gambia",2020,52.748,NA,0.198749,88,50,1327000,98,NA,NA,NA,NA,NA,5000,NA,NA,NA,NA,NA,NA,42.3871,NA,NA,NA,NA,NA,NA,NA,NA,NA,NA,NA,"Gambia",NA,NA,34.2172,NA,NA,NA,NA,NA,NA,NA,NA,NA,NA,NA,NA,NA,NA,NA,NA,NA,NA,NA
"462","PSE","State of Palestine",2020,18.9895,18.9625,7.43459,55,0,962711,98,54,0.014327,0.00106515,151317,2.98474,376911,225540,4.44879,0,2458,2279,4,83.5,372170,961338,1373,0,0,197653,27706,181,59.8391,40.1466,0,"State of Palestine",NA,NA,76.01,"State of Palestine",5.28434,388837,2464,654,NA,NA,NA,9.22753,NA,NA,NA,NA,NA,NA,NA,NA,NA,NA
"463","DEU","Germany",2020,90.8584,86.8582,43.3049,99.64,99.64,75983700,99.9,222908,0.615507,0.266545,2121150,2.53639,36215300,33871200,40.5019,23234,13211,2047320,52000,92.0763,25354400,72638400,3345330,60852400,8725130,8152800,14141700,11576700,93.5274,5.85706,NA,"Germany",87.3028,92.3982,89.8129,"Germany",3.64252,NA,139800,NA,49285800000,12335700000,352545,25.029,NA,NA,NA,NA,NA,NA,NA,NA,NA,NA
"464","GHA","Ghana",2020,83.142,83.0097,0.245771,95.82,67.65,26512200,96.98,NA,NA,NA,NA,NA,78371,NA,NA,143,1059,108,68,47.5824,77022,26470000,43248,4745100,NA,NA,NA,NA,NA,NA,0,"Ghana",NA,NA,62.5176,"Ghana",8.02163,NA,2468,692,1541070000,NA,624419,NA,NA,NA,NA,NA,NA,NA,NA,NA,NA,NA
"465","GIB","Gibraltar",2020,97.9681,97.9681,58.0792,100,100,35438,100,0,0,0,0,0,21009,21009,58.0792,0,0,21009,0,NA,0,35438,0,NA,0,3804,1913,10760,100,0,100,NA,NA,NA,NA,NA,NA,NA,NA,NA,NA,NA,NA,NA,NA,NA,NA,NA,NA,NA,NA,NA,NA,NA
"466","KIR","Kiribati",2020,41.2287,NA,0.14671,72.1,53.3,51989,73.4,89,48.1081,0.0705795,92,0.0729585,185,3,0.00237908,NA,NA,NA,NA,58.7929,NA,NA,NA,NA,NA,NA,NA,NA,1.62162,49.7297,0,NA,NA,NA,NA,NA,NA,NA,NA,NA,NA,NA,NA,NA,NA,NA,NA,NA,NA,NA,NA,NA,NA,NA
"467","GRC","Greece",2020,86.2782,82.2739,39.7876,99.7,98.8,9231230,99.9,284,0.00667132,0.00265436,9858,0.0921363,4257030,4246880,39.6928,3082,1932,8685,136,80.3817,4243190,8802790,428441,5975240,0,2601800,1396550,248537,99.7618,0.23157,NA,"Greece",75.5229,80.8724,78.1158,"Greece",3.01038,NA,14628,NA,5526160000,1249310000,377779,22.6073,NA,NA,NA,NA,NA,NA,NA,NA,NA,NA
"468","GRL","Greenland",2020,2.84415,NA,27.919,100,100,1595,100,112,0.715335,0.199715,6732,12.0043,15657,8813,15.715,NA,NA,NA,NA,NA,NA,NA,NA,NA,NA,NA,NA,NA,56.2879,42.9967,NA,NA,NA,NA,NA,NA,NA,NA,NA,NA,NA,NA,NA,NA,NA,NA,NA,NA,NA,NA,NA,NA,NA,NA
"469","GRD","Grenada",2020,76.9488,NA,27.4641,95,95,89523,98,NA,NA,NA,7923,6.81015,31952,24029,20.6539,NA,NA,NA,NA,77.0174,NA,NA,NA,NA,NA,NA,NA,NA,75.2034,NA,NA,"Grenada",NA,NA,67.3637,NA,NA,NA,NA,NA,NA,NA,NA,NA,NA,NA,NA,NA,NA,NA,NA,NA,NA,NA
"470","GUM","Guam",2020,NA,NA,1.85005,92.67,82.79,NA,NA,NA,NA,NA,NA,NA,3000,NA,NA,NA,NA,NA,NA,NA,NA,NA,NA,NA,NA,NA,NA,NA,NA,NA,NA,NA,NA,NA,NA,NA,NA,NA,NA,NA,NA,NA,NA,NA,NA,NA,NA,NA,NA,NA,NA,NA,NA,NA
"471","GTM","Guatemala",2020,17.0764,NA,3.52589,95,88,2964000,100,NA,NA,NA,NA,NA,612000,NA,NA,NA,NA,NA,NA,26.1127,NA,NA,NA,NA,NA,NA,NA,NA,NA,NA,NA,"Guatemala",NA,NA,47.5123,NA,NA,NA,NA,NA,NA,NA,NA,NA,NA,NA,NA,NA,NA,NA,NA,NA,NA,NA
"472","GIN","Guinea",2020,23.7077,NA,0.00747877,40,29,3170000,88,NA,NA,NA,NA,NA,1000,NA,NA,NA,NA,NA,NA,16.036,NA,NA,NA,NA,NA,NA,NA,NA,NA,NA,NA,"Guinea",NA,NA,23.4499,NA,NA,NA,NA,NA,NA,NA,NA,NA,NA,NA,NA,NA,NA,NA,NA,NA,NA,NA
"473","GUY","Guyana",2020,33.685,NA,11.765,93.2,50,272000,97.3,NA,NA,NA,NA,NA,95000,NA,NA,NA,NA,NA,NA,62.0075,NA,NA,NA,NA,NA,NA,NA,NA,NA,NA,NA,"Guyana",NA,NA,62.954,NA,NA,NA,NA,NA,NA,NA,NA,NA,NA,NA,NA,NA,NA,NA,NA,NA,NA,NA
"474","HTI","Haiti",2020,28.7357,NA,0.275706,60,35,3231000,70,NA,NA,NA,NA,NA,31000,NA,NA,NA,NA,NA,NA,NA,NA,NA,NA,NA,NA,NA,NA,NA,NA,NA,NA,NA,NA,NA,NA,NA,NA,NA,NA,NA,NA,NA,NA,NA,NA,NA,NA,NA,NA,NA,NA,NA,NA,NA
"475","HND","Honduras",2020,42.801,42.6584,3.92223,80.7,75.24,4331310,88.17,66131,16.6612,0.653492,161950,1.60035,396916,168835,1.66839,0,65840,9182,4419,33.9855,24418,4316880,14430,2574990,293057,149843,18992,0,42.5367,40.8021,0,"Honduras",NA,NA,45.2483,"Honduras",33.5864,NA,17860,NA,855442000,135912000,47897.1,15.8879,NA,NA,NA,NA,NA,NA,NA,NA,NA,NA
"476","HKG","Hong Kong, China",2020,135.348,123.708,38.5246,99,99,10137900,100,0,0,0,14925,0.199259,2885590,2870660,38.3254,NA,1950,2360520,606,93.9133,384344,9266020,871844,11233400,138169,376451,64476,2429730,99.4828,0.517226,90,"Hong Kong, China",91.2712,93.6865,92.4131,"Hong Kong, China",5.08717,NA,19843,7072,14151500000,879435000,713175,6.21442,NA,NA,NA,NA,NA,NA,NA,NA,NA,NA
"477","HUN","Hungary",2020,75.4534,68.2141,33.4922,99.2,99.2,7356290,99.2,33047,1.01206,0.338962,124957,1.28168,3265310,3107300,31.8716,710,134782,994899,NA,87.6308,600909,6650510,705785,NA,1534010,259483,509715,2338110,95.1611,3.82681,NA,"Hungary",85.163,84.3576,84.7712,"Hungary",NA,NA,NA,NA,2723120000,516131000,NA,18.9537,NA,NA,NA,NA,NA,NA,NA,NA,NA,NA
"478","ISL","Iceland",2020,114.352,99.5805,38.6826,99.98,99.98,419231,99.98,87,0.0613471,0.0237307,129,0.0351869,141816,141600,38.6237,NA,274,97292,NA,98.4845,43362,365076,54155,404378,888,4053,33695,103852,99.8477,0.0909629,51,"Iceland",99.8071,99.2784,99.5328,"Iceland",10.352,NA,1108,NA,197731000,59597400,178457,30.1407,NA,NA,NA,NA,NA,NA,NA,NA,NA,NA
"479","IND","India",2020,51.6976,51.6976,1.63623,98.56,98.45,725120000,99.12,6807710,29.6632,0.485357,3268740,0.233046,22950000,12672000,0.903452,419,650000,6894260,5490260,NA,8774860,725120000,NA,698040000,1140210,NA,NA,NA,55.2156,14.2429,NA,"India",NA,NA,43.4054,"India",NA,2.884e+10,NA,NA,29127700000,15978900000,NA,54.8582,NA,NA,NA,NA,NA,NA,NA,NA,NA,NA
"480","IDN","Indonesia",2020,103.705,78.4447,3.92994,96.33,96.1,284996000,97.89,1355580,12.5516,0.49327,677042,0.246363,10800100,8767430,3.1903,6212,57538,10736300,NA,78.1763,NA,215578000,69418200,280945000,NA,NA,NA,NA,81.1795,4.08714,NA,"Indonesia",50.7787,56.6524,53.7265,"Indonesia",65.1698,NA,629679,297196,19241800000,NA,30558.2,NA,NA,NA,NA,NA,NA,NA,NA,NA,NA,NA
"481","IRN","Iran (Islamic Republic of)",2020,88.5817,88.5262,10.9027,85,81,77706900,96.9,2511670,26.2612,2.86317,4161100,4.74343,9564200,2891430,3.29608,0,1414090,135716,339246,78.962,7675140,77658200,47683,57499500,0,1651730,1239700,0,30.2318,43.507,0,"Iran (Islamic Republic of)",72.6008,78.5346,75.5699,"Iran (Islamic Republic of)",2.39534,0,69689,24391,12901900000,3633260000,185135,28.1607,NA,NA,NA,NA,NA,NA,NA,NA,NA,NA
"482","IRQ","Iraq",2020,43.8302,NA,14.8495,96.85,94.6,18459800,100,3752460,60,8.90969,1876230,4.45484,6254100,625410,1.48495,2005,5002240,1209850,NA,71.7479,40005,NA,NA,NA,NA,562869,62541,NA,10,30,NA,"Iraq",NA,NA,53.6778,NA,NA,NA,NA,NA,NA,NA,NA,NA,NA,NA,NA,NA,NA,NA,NA,NA,NA,NA
"483","IRL","Ireland",2020,103.596,96.9588,30.4353,95,90,5161770,99,9615,0.634037,0.192971,107418,2.15586,1516470,1399440,28.0865,2657,61711,248528,NA,91.9999,829951,4831080,330689,NA,373626,161715,592712,645013,92.2826,7.09007,NA,"Ireland",92.9991,90.9821,91.9999,"Ireland",NA,NA,NA,NA,3972840000,737875000,NA,18.573,NA,NA,NA,NA,NA,NA,NA,NA,NA,NA
"484","ISR","Israel",2020,119.313,NA,29.5678,99,97,10500000,99,0,0,0,38911,0.442152,2602080,2563170,29.1257,NA,NA,250000,NA,76.2087,1557000,NA,NA,NA,797000,266217,386227,1947880,98.5046,1.49538,NA,"Israel",89.7169,90.5595,90.1273,"Israel",NA,NA,NA,NA,4748070000,NA,NA,NA,NA,NA,NA,NA,NA,NA,NA,NA,NA,NA
"485","ITA","Italy",2020,94.0268,79.2197,30.2586,100,100,56334100,100,280844,1.54916,0.468755,2448760,4.0872,18128800,15399200,25.7027,0,1448450,1820630,0,79.0478,14859700,47462700,8871380,NA,0,3211860,2858830,9328500,84.9433,13.5076,NA,"Italy",67.2283,73.9323,70.4834,"Italy",3.4432,NA,67512,NA,2.6175e+10,8551030000,387708,32.6687,NA,NA,NA,NA,NA,NA,NA,NA,NA,NA
"486","CIV","Côte d'Ivoire",2020,67.9616,65.8853,0.903911,94.6,60,19651400,97.6,126134,48.2588,0.436217,98978,0.342301,261370,36258,0.125393,253,140641,54880,422,51.2042,65174,19051000,600376,NA,0,NA,NA,NA,13.8723,38.0862,0,"Côte d'Ivoire",NA,NA,36.0166,"Côte d'Ivoire",10.2697,NA,2709,991,1710900000,293571000,631562,17.1589,NA,NA,NA,NA,NA,NA,NA,NA,NA,NA
"487","JAM","Jamaica",2020,61.538,47.8541,13.622,99,97,1741980,100,2546,0.660265,0.0899412,31600,1.11632,385603,351457,12.4157,NA,5045,77796,NA,74.4686,140671,1354620,35213,163,162091,126339,190744,34374,91.1448,8.19496,NA,"Jamaica",NA,NA,76.384,"Jamaica",3.99542,NA,1743,989,691623000,NA,396801,NA,NA,NA,NA,NA,NA,NA,NA,NA,NA,NA
"488","JPN","Japan",2020,152.276,NA,34.8371,99.9,99.9,192332000,99.9,163869,0.372423,0.129741,1693210,1.34057,44000800,40810500,32.3112,NA,3549,35020100,1322440,97.3225,1073140,NA,NA,230075000,6581540,1085040,1868830,37856700,92.7496,3.84813,30,"Japan",87.7409,92.8485,90.2195,"Japan",1.86284,NA,115456,NA,1.66321e+11,14263700000,1440560,8.57598,NA,NA,NA,NA,NA,NA,NA,NA,NA,NA
"489","KAZ","Kazakhstan",2020,91.4639,88.5227,13.4503,93.4,81.3,17819100,98,45800,1.74782,0.235087,1007510,5.17146,2620400,1392500,7.14758,2000,10500,1295500,150900,92.3957,1024700,17246100,573000,12261300,42200,NA,NA,NA,53.1407,38.4487,NA,"Kazakhstan",84.9066,87.0624,85.9426,"Kazakhstan",14.2808,NA,44142,16340,2243900000,NA,50833.7,NA,NA,NA,NA,NA,NA,NA,NA,NA,NA,NA
"490","JOR","Jordan",2020,64.3143,57.3068,5.80333,99.8,99,6987890,99.8,1233,0.195545,0.0113481,273879,2.52069,630545,355433,3.27129,NA,266321,217468,NA,82.1564,136352,6226520,761376,713057,NA,44771,204191,102637,56.3692,43.4353,NA,"Jordan",NA,NA,78.4178,"Jordan",10.9736,25160,4296,1160,781842000,189453000,181993,24.2316,NA,NA,NA,NA,NA,NA,NA,NA,NA,NA
"491","KEN","Kenya",2020,48.1539,27.3292,1.29112,94,77,25144700,96.3,14743,2.18677,0.0282339,390351,0.747551,674191,269097,0.51534,1232,92746,400350,804,NA,835,14270600,NA,10844100,178224,143990,121671,3436,39.9141,57.8992,NA,NA,NA,NA,NA,"Kenya",130.961,NA,8728,3734,NA,430877000,NA,NA,NA,NA,NA,NA,NA,NA,NA,NA,NA,NA
"492","PRK","Dem. People's Rep. of Korea",2020,18.3653,NA,NA,NA,NA,4800000,95,NA,NA,NA,NA,NA,NA,NA,NA,NA,NA,NA,NA,NA,NA,NA,NA,NA,NA,NA,NA,NA,NA,NA,NA,NA,NA,NA,NA,NA,NA,NA,NA,NA,NA,NA,NA,NA,NA,NA,NA,NA,NA,NA,NA,NA,NA,NA
"493","KOR","Korea (Rep. of)",2020,115.569,106.935,43.0541,99.9,99.9,59932300,99.9,0,0,0,0,0,22327200,22327200,43.0541,0,NA,18923000,NA,99.7485,508464,55454700,4477550,52555200,2895700,46215,1258420,21022500,100,0,90,"Korea (Rep. of)",95.7146,97.2681,96.5051,"Korea (Rep. of)",5.68483,NA,135630,NA,51917100000,7012060000,382785,13.5063,NA,NA,NA,NA,NA,NA,NA,NA,NA,NA
"494","KWT","Kuwait",2020,123.691,85.171,1.68058,100,100,5442590,100,4475,6.05155,0.101701,30413,0.691182,73948,39060,0.887698,0,233,33152,5985,99.3955,33327,3747650,1983060,3236400,230,25556,11005,2499,52.8209,41.1275,96.87,"Kuwait",98.3051,99.5813,99.1059,"Kuwait",14.9435,3898070000,8719,3645,2707720000,85327400,310554,3.15126,NA,NA,NA,NA,NA,NA,NA,NA,NA,NA
"495","KGZ","Kyrgyzstan",2020,116.819,NA,4.33664,91,85,7785000,99.3,NA,NA,NA,NA,NA,289000,NA,NA,NA,NA,NA,NA,87.8,NA,NA,NA,NA,NA,NA,NA,NA,NA,NA,NA,"Kyrgyzstan",NA,NA,72,NA,NA,NA,NA,NA,NA,NA,NA,NA,NA,NA,NA,NA,NA,NA,NA,NA,NA,NA
"496","LAO","Lao P.D.R.",2020,50.0445,NA,1.67211,82,50,3676530,95,8898,7.24345,0.121118,97860,1.33206,122842,6830,0.092969,NA,NA,NA,NA,71,NA,NA,NA,NA,NA,NA,NA,NA,5.55999,79.6633,NA,"Lao P.D.R.",NA,NA,54,NA,NA,NA,NA,NA,NA,NA,NA,NA,NA,NA,NA,NA,NA,NA,NA,NA,NA,NA
"497","LBN","Lebanon",2020,76.2576,NA,7.57699,99.61,99.2,4348510,99.61,25500,5.90182,0.44718,332500,5.83088,432070,74070,1.29893,NA,NA,NA,NA,76.143,NA,NA,NA,NA,NA,NA,NA,NA,17.1431,76.9551,NA,"Lebanon",NA,NA,82.0665,NA,NA,NA,NA,NA,NA,NA,NA,NA,NA,NA,NA,NA,NA,NA,NA,NA,NA,NA
"498","LSO","Lesotho",2020,61.9695,NA,0.226325,98,67,1385470,98,NA,NA,NA,NA,NA,5060,NA,NA,13,912,2728,643,NA,764,NA,NA,NA,NA,NA,NA,NA,NA,NA,NA,"Lesotho",NA,NA,43.6575,"Lesotho",47.7795,NA,553,240,94215100,15092500,170371,16.0192,NA,NA,NA,NA,NA,NA,NA,NA,NA,NA
"499","LVA","Latvia",2020,140.171,101.733,25.8042,99,95,2664820,99,3739,0.762176,0.196673,79127,4.16212,490569,407703,21.4454,0,7641,344223,19519,89.7275,103228,1934080,730742,NA,15958,49314,46204,312185,83.1082,16.1296,NA,"Latvia",89.5666,88.1501,88.898,"Latvia",NA,NA,NA,NA,595199000,80540300,NA,13.5317,NA,NA,NA,NA,NA,NA,NA,NA,NA,NA
"500","LBR","Liberia",2020,NA,NA,0.252454,63,35,NA,76,NA,NA,NA,NA,NA,13000,NA,NA,NA,NA,NA,NA,NA,NA,NA,NA,NA,NA,NA,NA,NA,NA,NA,NA,"Liberia",NA,NA,19.4126,NA,NA,NA,NA,NA,NA,NA,NA,NA,NA,NA,NA,NA,NA,NA,NA,NA,NA,NA
"501","LBY","Libya",2020,NA,NA,4.7123,78,40,NA,78,NA,NA,NA,NA,NA,332000,NA,NA,NA,NA,NA,NA,NA,NA,NA,NA,NA,NA,NA,NA,NA,NA,NA,0,"Libya",NA,NA,87.5754,NA,NA,NA,NA,NA,NA,NA,NA,NA,NA,NA,NA,NA,NA,NA,NA,NA,NA,NA
"502","LIE","Liechtenstein",2020,123.646,118.544,46.5602,99,98,47934,100,20,0.110803,0.0515903,564,1.45485,18050,17466,45.0538,0,0,8841,0,91.4672,4458,45956,1978,47934,4751,4406,1868,11192,96.7645,3.12465,0,"Liechtenstein",NA,NA,94.3499,"Liechtenstein",13.4846,NA,170,NA,63590700,24977600,374063,39.2787,NA,NA,NA,NA,NA,NA,NA,NA,NA,NA
"503","LTU","Lithuania",2020,114.123,89.0824,28.4989,99.99,99.99,3190620,100,NA,NA,NA,NA,NA,796761,NA,NA,0,42984,610080,3662,82.1307,120177,2490540,700080,2672100,19858,145117,253523,398121,NA,NA,25.7,"Lithuania",84.0447,81.9851,83.0555,"Lithuania",16.7646,1679440000,5400,NA,675686000,93279900,125127,13.8052,NA,NA,NA,NA,NA,NA,NA,NA,NA,NA
"504","LUX","Luxembourg",2020,111.93,107.648,37.2961,99,98,705826,99,0,0,0,NA,NA,235188,235188,37.2961,0,NA,117588,1796,93.573,93624,678826,27000,NA,22147,59100,21378,154710,100,7.39597,NA,"Luxembourg",98.7004,98.2276,98.4596,"Luxembourg",9.69824,NA,2600,NA,612876000,104745000,235722,17.0907,NA,NA,NA,NA,NA,NA,NA,NA,NA,NA
"505","MAC","Macao, China",2020,237.344,NA,30.4509,99.9,99,1621220,99.9,NA,NA,NA,NA,NA,208000,NA,NA,NA,NA,NA,NA,91.1121,NA,NA,NA,NA,NA,NA,NA,NA,NA,NA,NA,"Macao, China",NA,NA,87.4623,NA,NA,NA,NA,NA,NA,NA,NA,NA,NA,NA,NA,NA,NA,NA,NA,NA,NA,NA
"506","MDG","Madagascar",2020,16.432,NA,0.110522,65,25,4757650,80,NA,NA,NA,NA,NA,32000,NA,NA,NA,NA,NA,NA,10.8196,NA,NA,NA,NA,NA,NA,NA,NA,NA,NA,NA,"Madagascar",NA,NA,11.3547,NA,NA,NA,NA,NA,NA,NA,NA,NA,NA,NA,NA,NA,NA,NA,NA,NA,NA,NA
"507","MWI","Malawi",2020,34.9272,33.2566,0.0627371,82,64.57,6822630,86,4281,34.9327,0.0219158,6609,0.0338335,12255,436,0.00223202,NA,11395,860,NA,12,NA,6496310,326327,761280,NA,NA,NA,NA,3.55773,60.5467,0,"Malawi",NA,NA,13.8995,"Malawi",78.8608,18428100000,983,484,296034000,24601600,301154,8.31038,NA,NA,NA,NA,NA,NA,NA,NA,NA,NA
"508","MYS","Malaysia",2020,114.599,114.215,9.91102,95.3,93.5,38837200,96.7,87300,2.59914,0.257601,450600,1.32961,3358800,2820900,8.3238,4600,283600,2507600,4400,91.0931,558600,38706900,130200,35933700,NA,136100,933500,1751300,83.9854,13.4155,NA,"Malaysia",87.7006,91.2531,89.555,"Malaysia",4.71351,29778400000,35200,14500,7599820000,1270820000,215904,16.7218,NA,NA,NA,NA,NA,NA,NA,NA,NA,NA
"509","MDV","Maldives",2020,50.1892,33.4328,12.6833,100,100,252009,100,NA,NA,NA,NA,NA,63685,NA,NA,0,11,44426,1090,81.0401,2407,167872,84137,NA,15762,NA,NA,NA,NA,NA,37,"Maldives",NA,NA,79.0978,"Maldives",78.4395,NA,1138,329,NA,NA,NA,NA,NA,NA,NA,NA,NA,NA,NA,NA,NA,NA
"510","MLI","Mali",2020,43.162,41.8048,1.12281,65,45,9372130,100,6045,2.47943,0.0278394,188250,0.866959,243806,49509,0.228007,267,190293,9628,NA,39.8436,24108,9077430,294703,0,0,0,0,0,20.3067,77.213,0,"Mali",NA,NA,29.113,"Mali",4.3176,0,1216,303,901690000,159960000,741521,17.7401,NA,NA,NA,NA,NA,NA,NA,NA,NA,NA
"511","MLT","Malta",2020,81.765,78.0748,41.1094,100,100,423712,100,0,0,0,361,0.0696633,213032,212671,41.0398,0,14045,35751,0,90.3624,60145,404589,19123,14045,103091,5321,95656,111694,99.8305,0.169151,0,"Malta",86.9774,86.7511,86.8588,"Malta",6.69474,NA,1726.5,544,279031000,NA,161617,NA,NA,NA,NA,NA,NA,NA,NA,NA,NA,NA
"512","MRT","Mauritania",2020,62.9819,NA,0.401228,43.5,0,2897250,96.5,NA,NA,NA,NA,NA,18457,NA,NA,NA,NA,NA,NA,NA,NA,NA,NA,NA,NA,NA,NA,NA,NA,NA,NA,"Mauritania",NA,NA,27.4262,"Mauritania",11.1274,NA,691,181,263222000,55365600,380929,21.0338,NA,NA,NA,NA,NA,NA,NA,NA,NA,NA
"513","MUS","Mauritius",2020,97.0681,96.0706,25.1866,99,99,1245600,99,56900,17.6052,4.43415,500,0.0389644,323200,265700,20.7057,NA,NA,267100,NA,72.6423,NA,1232800,12800,NA,NA,252900,9700,3100,82.2092,0.154703,NA,"Mauritius",66.5088,69.0175,67.7329,"Mauritius",NA,NA,NA,NA,238064000,NA,NA,NA,NA,NA,NA,NA,NA,NA,NA,NA,NA,NA
"514","MEX","Mexico",2020,79.9513,78.8505,17.7521,95.58,93.47,101378000,96.02,243028,1.07967,0.191664,1331860,1.05037,22509400,20478100,16.15,20857,78913,6389880,919092,59.9395,6198670,99981700,1395800,NA,8902030,11649800,5696280,1748560,90.9755,5.91689,0,"Mexico",70.7557,72.2796,71.4902,"Mexico",10.0399,21609400000,245982,80020,25690100000,4375810000,104439,17.033,NA,NA,NA,NA,NA,NA,NA,NA,NA,NA
"515","MCO","Monaco",2020,92.247,90.5703,54.8673,100,100,35100,100,24,0.114959,0.0630749,50,0.131406,20877,20803,54.6728,0,0,0,0,99.4333,1563,34462,2631,26271,14463,NA,NA,14463,99.6455,0.239498,100,"Monaco",NA,NA,98.5709,"Monaco",5.35396,NA,234,47,NA,NA,NA,NA,NA,NA,NA,NA,NA,NA,NA,NA,NA,NA
"516","MNG","Mongolia",2020,108.782,101.896,9.34756,100,73,3579770,100,20020,6.50828,0.608365,118642,3.60528,307608,168946,5.13391,442,11352,279826,NA,77.5996,15988,3353190,226583,2365120,NA,NA,NA,NA,54.9225,38.6247,NA,"Mongolia",NA,NA,62.5,"Mongolia",33.7308,NA,11099,5680,496898000,86831100,44769.6,17.4746,NA,NA,NA,NA,NA,NA,NA,NA,NA,NA
"517","MDA","Moldova",2020,77.2567,70.9208,23.4269,99.9,99,2371110,99.99,11607,1.61432,0.378185,7169,0.233584,719001,700225,22.8151,NA,2049,519776,NA,64.6148,138131,2176650,194456,1651550,59045,149432,383258,167535,97.3886,0.997078,NA,"Moldova",NA,NA,58.2153,"Moldova",6.37936,NA,6556,2587,271532000,54385200,41417.3,20.029,NA,NA,NA,NA,NA,NA,NA,NA,NA,NA
"518","MNE","Montenegro",2020,88.7508,80.9159,30.2953,98.34,97.52,539547,98.34,2580,1.40083,0.424387,26996,4.44061,184176,154600,25.4304,76,5048,73300,412,80.2623,56194,491916,47631,392198,49146,32225,66302,56073,83.9414,14.6577,0,"Montenegro",76.8556,78.2339,77.6088,"Montenegro",8.20783,60333500,1574,740,241380000,69549300,153355,28.8132,NA,NA,NA,NA,NA,NA,NA,NA,NA,NA
"519","MSR","Montserrat",2020,NA,NA,66.5484,95,NA,NA,NA,NA,NA,NA,NA,NA,3000,NA,NA,NA,NA,NA,NA,NA,NA,NA,NA,NA,NA,NA,NA,NA,NA,NA,NA,NA,NA,NA,NA,NA,NA,NA,NA,NA,NA,NA,NA,NA,NA,NA,NA,NA,NA,NA,NA,NA,NA,NA
"520","MAR","Morocco",2020,75.8336,75.0277,5.74683,99,98.75,27743100,99.75,1075,0.0511312,0.00293843,1226980,3.35386,2102430,874376,2.39004,6534,240279,218035,35573,84.52,1602010,27448300,294813,20489900,NA,652388,12730,209258,41.5887,58.3601,NA,"Morocco",80.9506,87.3289,84.1204,"Morocco",4.01139,NA,9456,2605,3523160000,519735000,372584,14.752,NA,NA,NA,NA,NA,NA,NA,NA,NA,NA
"521","MOZ","Mozambique",2020,17.0022,16.8397,0.227393,85,50,5233910,85,7000,10,0.0227393,40000,0.129939,70000,25000,0.0812118,NA,9418,3911,393,12.1922,30000,5183890,38080,3886950,20000,NA,NA,NA,35.7143,57.1429,NA,"Mozambique",NA,NA,14.2874,"Mozambique",36.2182,NA,3224,825,6480060,1681130,2009.94,25.9431,NA,NA,NA,NA,NA,NA,NA,NA,NA,NA
"522","OMN","Oman",2020,120.451,94.5846,11.383,99.38,97.6,5385550,99.38,3588,0.704982,0.0802478,383931,8.58686,508949,121430,2.71586,191,177848,161119,863,94.4052,168644,4229020,1138820,NA,NA,NA,NA,8765,23.859,75.436,NA,"Oman",97.1535,94.4048,95.2323,"Oman",6.06509,NA,3606,934,2010320000,452774000,557493,22.5225,NA,NA,NA,NA,NA,NA,NA,NA,NA,NA
"523","NAM","Namibia",2020,64.7097,63.7878,2.88695,89,39,1765780,100,2234,2.83582,0.0818686,63696,2.33425,78778,2494,0.0913968,882,NA,2832,6640,61.0469,68424,1740620,25159,NA,NA,0,0,0,3.16586,89.6331,0,"Namibia",NA,NA,57.8608,"Namibia",7.03854,NA,988,371,194258000,45443100,196617,23.3932,NA,NA,NA,NA,NA,NA,NA,NA,NA,NA
"524","NRU","Nauru",2020,34.3554,NA,NA,98,30,4000,98,NA,NA,NA,NA,NA,NA,NA,NA,NA,NA,NA,NA,82.9391,NA,NA,NA,NA,NA,NA,NA,NA,NA,NA,NA,"Nauru",NA,NA,81.6554,NA,NA,NA,NA,NA,NA,NA,NA,NA,NA,NA,NA,NA,NA,NA,NA,NA,NA,NA
"525","NPL","Nepal (Republic of)",2020,61.7608,NA,4.38436,54.1,45,17890000,93,NA,NA,NA,NA,NA,1270000,NA,NA,NA,NA,NA,NA,50.4492,NA,NA,NA,NA,NA,NA,NA,NA,NA,NA,NA,"Nepal (Republic of)",NA,NA,38.8576,NA,NA,NA,NA,NA,NA,NA,NA,NA,NA,NA,NA,NA,NA,NA,NA,NA,NA,NA
"526","NLD","Netherlands",2020,131.123,126.273,42.6667,99,99,23125800,100,3152,0.041887,0.0178718,74653,0.423281,7525020,7447210,42.2256,NA,NA,1606770,NA,93.75,2417290,22270400,855383,NA,3501960,493767,3284720,3668730,98.966,0.992064,NA,"Netherlands",89.4737,93.2432,91.3333,"Netherlands",NA,NA,NA,NA,11939600000,2386050000,NA,19.9843,NA,NA,NA,NA,NA,NA,NA,NA,NA,NA
"527","CUW","Curacao",2020,57.2917,NA,31.5937,100,90,106000,100,NA,NA,NA,NA,NA,58454,NA,NA,NA,NA,NA,NA,NA,NA,NA,NA,NA,NA,NA,NA,NA,NA,NA,NA,NA,NA,NA,NA,NA,NA,NA,NA,NA,NA,NA,NA,NA,NA,NA,NA,NA,NA,NA,NA,NA,NA,NA
"528","ABW","Aruba",2020,NA,NA,17.6909,95,64.1,NA,99,NA,NA,NA,NA,NA,19000,NA,NA,NA,NA,NA,NA,NA,NA,NA,NA,NA,NA,NA,NA,NA,NA,NA,NA,NA,NA,NA,NA,NA,NA,NA,NA,NA,NA,NA,NA,NA,NA,NA,NA,NA,NA,NA,NA,NA,NA,NA
"529","NCL","New Caledonia",2020,NA,NA,19.3542,97.4,79.5,NA,NA,NA,NA,NA,NA,NA,55000,NA,NA,NA,NA,NA,NA,NA,NA,NA,NA,NA,NA,NA,NA,NA,NA,NA,NA,NA,NA,NA,NA,NA,NA,NA,NA,NA,NA,NA,NA,NA,NA,NA,NA,NA,NA,NA,NA,NA,NA,NA
"530","VUT","Vanuatu",2020,354.112,NA,0.931881,70,70,1058290,90,1502,53.9318,0.50258,1002,0.335276,2785,206,0.0689291,NA,NA,NA,NA,64.8236,NA,NA,NA,NA,NA,NA,NA,NA,7.39677,35.9785,NA,"Vanuatu",NA,NA,41.3916,NA,NA,NA,NA,NA,NA,NA,NA,NA,NA,NA,NA,NA,NA,NA,NA,NA,NA,NA
"531","NZL","New Zealand",2020,89.923,NA,34.813,98.5,97.5,4559000,98.5,NA,NA,NA,NA,NA,1764980,NA,NA,1861,220775,1004390,NA,94.3097,486963,NA,NA,NA,51000,NA,NA,NA,NA,NA,NA,"New Zealand",NA,NA,95.2342,"New Zealand",13.0332,NA,11000,3850,3407320000,1041320000,309756,30.5613,NA,NA,NA,NA,NA,NA,NA,NA,NA,NA
"532","NIC","Nicaragua",2020,51.1374,NA,4.42253,72,50,3357310,72,NA,NA,NA,NA,NA,290351,NA,NA,0,NA,17603,42217,41.2005,65962,NA,NA,730433,127216,NA,NA,NA,NA,NA,NA,"Nicaragua",NA,NA,42.2037,"Nicaragua",NA,123712000,NA,NA,NA,NA,NA,NA,NA,NA,NA,NA,NA,NA,NA,NA,NA,NA
"533","NER","Niger",2020,16.414,NA,0.0505953,24,15,3893000,92,NA,NA,NA,NA,NA,12000,NA,NA,NA,NA,NA,NA,34.3967,NA,NA,NA,NA,NA,NA,NA,NA,NA,NA,NA,"Niger",NA,NA,17.0375,"Niger",NA,NA,1718,NA,NA,138998000,NA,NA,NA,NA,NA,NA,NA,NA,NA,NA,NA,NA
"534","NGA","Nigeria",2020,40.1602,39.7259,0.0305206,74.49,40.53,85941200,90.8,45138,69.1103,0.0210929,9034,0.00422157,65313,11141,0.00520617,3238,36304,24321,1450,34.1259,NA,85011900,929287,36538200,NA,NA,NA,NA,17.0579,13.8319,NA,"Nigeria",NA,NA,31.8888,"Nigeria",140.016,1.58434e+11,14986,4352,8028360000,1137510000,535724,14.1687,NA,NA,NA,NA,NA,NA,NA,NA,NA,NA
"535","NOR","Norway",2020,104.517,NA,44.3863,99.9,99.9,5622250,99.9,6000,0.251292,0.111539,68627,1.27577,2387660,2313030,42.999,NA,NA,NA,NA,96.1225,NA,NA,NA,NA,NA,NA,NA,NA,96.8745,2.87424,5.4,"Norway",93.5578,95.6231,94.6076,NA,NA,NA,NA,NA,NA,NA,NA,NA,NA,NA,NA,NA,NA,NA,NA,NA,NA,NA
"536","FSM","Micronesia",2020,NA,NA,5.4095,15,NA,NA,80,NA,NA,NA,NA,NA,6000,NA,NA,NA,NA,NA,NA,NA,NA,NA,NA,NA,NA,NA,NA,NA,NA,NA,NA,"Micronesia",NA,NA,39.3833,NA,NA,NA,NA,NA,NA,NA,NA,NA,NA,NA,NA,NA,NA,NA,NA,NA,NA,NA
"537","MHL","Marshall Islands",2020,NA,NA,2.34159,NA,NA,NA,65,NA,NA,NA,NA,NA,1000,NA,NA,NA,NA,NA,NA,73.5325,NA,NA,NA,NA,NA,NA,NA,NA,NA,NA,NA,"Marshall Islands",NA,NA,56.4191,NA,NA,NA,NA,NA,NA,NA,NA,NA,NA,NA,NA,NA,NA,NA,NA,NA,NA,NA
"538","PAK","Pakistan",2020,38.8495,38.8495,1.03954,76.7,68.82,91296900,88.82,174112,7.12716,0.0740897,1441470,0.613387,2442940,827355,0.352063,NA,283093,440875,249796,32.7696,1448340,91296900,NA,66016400,20831,782716,18326,875,33.8672,60.3365,NA,"Pakistan",13.6127,24.039,18.9348,"Pakistan",12.6561,50138700000,36409,2678,3741080000,851865000,102752,22.7706,NA,NA,NA,NA,NA,NA,NA,NA,NA,NA
"539","PAN","Panama",2020,82.4328,NA,13.8347,95,65,3539050,96,4160,0.700385,0.096896,47093,1.09691,593959,522714,12.1752,NA,NA,33169,19337,78.0086,26085,NA,NA,2992890,515368,164457,127762,230495,88.0051,7.92698,0,"Panama",NA,NA,70.0097,"Panama",8.4088,NA,6802,2915,998570000,258649000,146805,25.902,NA,NA,NA,NA,NA,NA,NA,NA,NA,NA
"540","PNG","Papua New Guinea",2020,11.2065,NA,0.213942,64.35,50,1100000,89,NA,NA,NA,NA,NA,21000,NA,NA,NA,NA,NA,NA,18.8843,NA,NA,NA,NA,NA,NA,NA,NA,NA,NA,NA,"Papua New Guinea",NA,NA,24.3969,NA,NA,NA,NA,NA,NA,NA,NA,NA,NA,NA,NA,NA,NA,NA,NA,NA,NA,NA
"541","PRY","Paraguay",2020,67.18,67.0008,8.51592,95.13,93.14,4436390,99.35,6335,1.12648,0.0959305,61433,0.930276,562369,493829,7.47802,8,9816,207383,NA,36.5336,42171,4424560,11831,3830140,302991,165025,83756,245048,87.8123,10.924,NA,"Paraguay",74.9597,72.9409,73.9575,"Paraguay",19.5802,NA,4880,NA,895825000,82737300,183571,9.23588,NA,NA,NA,NA,NA,NA,NA,NA,NA,NA
"542","PER","Peru",2020,79.8444,78.9014,8.41187,85.29,78.07,26219800,88.34,79933,2.89367,0.243412,220894,0.672666,2762340,2461120,7.49459,25669,304127,329315,330391,38.7335,192987,25910100,NA,19778700,1908200,964704,1297410,196292,89.0954,NA,0,"Peru",62.5367,67.9844,65.2518,"Peru",5.39911,NA,11926,NA,3638950000,852080000,305128,23.4155,NA,NA,NA,NA,NA,NA,NA,NA,NA,NA
"543","PHL","Philippines",2020,62.9088,NA,7.08109,96,80,70509000,99,NA,NA,NA,NA,NA,7936570,NA,NA,NA,NA,NA,NA,NA,NA,NA,NA,NA,279414,NA,NA,NA,NA,NA,NA,"Philippines",NA,NA,53.7649,NA,NA,NA,NA,NA,NA,NA,NA,NA,NA,NA,NA,NA,NA,NA,NA,NA,NA,NA
"544","POL","Poland",2020,195.75,173.198,21.9256,100,100,74719800,100,32104,0.383596,0.0841057,801424,2.09956,8369220,6532850,17.1147,4508,783057,2424500,555608,90.3839,1708800,66111400,8608370,58653300,2892740,873651,1349660,4309550,78.0581,9.57585,3.3,"Poland",83.0499,83.3253,83.1849,"Poland",NA,NA,NA,NA,10454200000,2049970000,NA,19.6091,NA,NA,NA,NA,NA,NA,NA,NA,NA,NA
"545","PRT","Portugal",2020,79.4789,74.582,40.1215,99.9,99.9,8242380,99.9,5903,0.141871,0.056921,16882,0.162788,4160810,4138030,39.9018,1087,286421,2291170,5030,84.4928,373033,7734540,507836,7275700,1204070,448873,306251,3382900,99.4524,0.40574,NA,"Portugal",76.9119,79.7456,78.2617,"Portugal",1.51207,NA,7882,NA,4067730000,783174000,516079,19.2533,NA,NA,NA,NA,NA,NA,NA,NA,NA,NA
"546","GNB","Guinea-Bissau",2020,38.8197,38.3981,0.118366,32.64,NA,781540,100,506,21.2337,0.0251334,1865,0.0926361,2383,12,0.00059605,NA,2383,NA,NA,18.2113,NA,773052,8488,237983,NA,NA,NA,NA,0.503567,78.2627,NA,"Guinea-Bissau",NA,NA,20.4573,"Guinea-Bissau",NA,NA,236,64,107793,17523.8,456.75,16.2569,NA,NA,NA,NA,NA,NA,NA,NA,NA,NA
"547","TLS","Timor-Leste",2020,30.2288,NA,0.00625918,96.5,45,400850,96.5,NA,NA,NA,NA,NA,83,NA,NA,NA,NA,607,NA,NA,411,NA,NA,NA,NA,NA,NA,NA,NA,NA,NA,"Timor-Leste",NA,NA,32.0127,"Timor-Leste",NA,NA,NA,NA,77305200,NA,NA,NA,NA,NA,NA,NA,NA,NA,NA,NA,NA,NA
"548","PRI","Puerto Rico",2020,85.6534,NA,20.4383,100,90,2805840,100,NA,NA,NA,NA,NA,669518,NA,NA,NA,NA,NA,NA,65.4806,NA,NA,NA,NA,NA,NA,NA,177197,NA,NA,NA,NA,NA,NA,NA,"Puerto Rico",10.4313,NA,7450,NA,1242450000,NA,166772,NA,NA,NA,NA,NA,NA,NA,NA,NA,NA,NA
"549","QAT","Qatar",2020,123.646,115.611,10.5632,100,99.8,3466270,100,714,0.241114,0.0254693,1093,0.0389887,296126,294319,10.4987,NA,21036,273511,0,95.0108,1579,3241000,225272,3466270,NA,25947,135112,133260,99.3898,0.3691,93,"Qatar",99.3193,100,99.6528,"Qatar",3.96524,NA,1803,423,2657140000,364835000,1473730,13.7304,NA,NA,NA,NA,NA,NA,NA,NA,NA,NA
"550","ROU","Romania",2020,91.386,85.0588,29.3141,99.98,98.22,17722000,99.98,9494,0.167009,0.0489571,170733,0.880409,5684720,5504500,28.3847,650,421979,3892550,116519,86.2398,445569,16495000,1227000,13586000,807454,566393,414043,4524060,96.8296,3.00333,NA,"Romania",76.7953,80.1279,78.4553,"Romania",16.1983,NA,49000,NA,2831770000,549483000,57791.2,19.4042,NA,NA,NA,NA,NA,NA,NA,NA,NA,NA
"551","RUS","Russian Federation",2020,99.9161,99.4906,23.1557,88.6,88.6,146249000,98.94,1901970,5.61164,1.29941,4329240,2.95771,33893300,27662100,18.8986,44722,266968,27691000,1910180,80.0408,3627880,145626000,622860,30699800,352522,NA,NA,14172200,81.6152,12.7731,NA,"Russian Federation",84.5492,85.5034,84.9947,"Russian Federation",11.5701,NA,299578,127469,23696800000,5551310000,79100.5,23.4264,NA,NA,NA,NA,NA,NA,NA,NA,NA,NA
"552","RWA","Rwanda",2020,42.4667,NA,0.135353,98.07,98.07,5548620,99.94,1773,10.0254,0.0135697,3337,0.0255399,17685,12575,0.0962434,32,2767,14741,NA,15.1603,145,NA,NA,149970,NA,9633,2789,153,71.1055,18.8691,NA,"Rwanda",NA,NA,23.8,"Rwanda",108.56,NA,1267,340,233426000,59724800,184235,25.5862,NA,NA,NA,NA,NA,NA,NA,NA,NA,NA
"553","KNA","Saint Kitts and Nevis",2020,97.6702,NA,45.9569,100,NA,45778,100,NA,NA,NA,NA,NA,21540,NA,NA,NA,NA,NA,NA,83.2546,NA,NA,NA,NA,NA,NA,NA,NA,NA,NA,NA,"Saint Kitts and Nevis",NA,NA,70.2753,NA,NA,NA,NA,NA,NA,NA,NA,NA,NA,NA,NA,NA,NA,NA,NA,NA,NA,NA
"554","AIA","Anguilla",2020,NA,NA,33.6859,99,NA,NA,99,NA,NA,NA,NA,NA,5000,NA,NA,NA,NA,NA,NA,NA,NA,NA,NA,NA,NA,NA,NA,NA,NA,NA,NA,NA,NA,NA,NA,NA,NA,NA,NA,NA,NA,NA,NA,NA,NA,NA,NA,NA,NA,NA,NA,NA,NA,NA
"555","LCA","Saint Lucia",2020,48.3349,NA,19.9725,NA,20,86157,98,NA,NA,NA,20985,11.7728,35601,14616,8.19972,NA,NA,NA,NA,80.7173,NA,NA,NA,NA,NA,NA,NA,NA,41.055,NA,NA,"Saint Lucia",NA,NA,62.064,NA,NA,NA,NA,NA,NA,NA,NA,NA,NA,NA,NA,NA,NA,NA,NA,NA,NA,NA
"556","VCT","Saint Vincent and the Grenadines",2020,60.8369,60.8369,23.8906,100,90,62982,100,1553,6.27906,1.50011,2223,2.14729,24733,23825,23.0135,NA,915,24,915,75.9173,1803,62982,NA,NA,22015,1013,NA,NA,96.3288,8.98799,NA,"Saint Vincent and the Grenadines",NA,NA,63.381,"Saint Vincent and the Grenadines",9.40421,NA,164,91,45675700,5517970,278510,12.0808,NA,NA,NA,NA,NA,NA,NA,NA,NA,NA
"557","SMR","San Marino",2020,129.426,NA,31.6374,99,99,45000,99,NA,NA,NA,NA,NA,11000,NA,NA,NA,NA,NA,NA,89.8528,NA,NA,NA,NA,NA,NA,NA,NA,NA,NA,NA,"San Marino",NA,NA,77.95,NA,NA,NA,NA,NA,NA,NA,NA,NA,NA,NA,NA,NA,NA,NA,NA,NA,NA,NA
"558","STP","Sao Tome and Principe",2020,36.0485,35.1673,1.15529,94,0,78382,94,64,2.54777,0.0294341,1861,0.855888,2512,587,0.269966,NA,805,918,NA,59.1058,293,76466,1655,NA,NA,NA,NA,NA,23.3678,74.0844,NA,"Sao Tome and Principe",NA,NA,51.5547,"Sao Tome and Principe",37.276,0,104,34,13544200,1731360,130233,12.783,NA,NA,NA,NA,NA,NA,NA,NA,NA,NA
"559","SAU","Saudi Arabia",2020,133.521,115.87,25.4597,99.12,98.25,41379600,99.99,63911,0.809999,0.206223,482095,1.55559,7890260,7344260,23.6979,11807,741024,3313190,NA,99.5,3850700,35909600,5470070,38361600,NA,1889940,2049440,3404880,93.08,6.11,NA,"Saudi Arabia",98.3584,97.5199,97.8623,"Saudi Arabia",NA,NA,NA,NA,18616200000,3680590000,NA,19.7709,NA,NA,NA,NA,NA,NA,NA,NA,NA,NA
"560","SEN","Senegal",2020,66.5237,NA,1.05641,99,74.7,11168800,99,NA,NA,NA,NA,NA,177363,NA,NA,NA,NA,NA,NA,53.8112,NA,NA,NA,4773900,NA,NA,NA,NA,NA,NA,NA,"Senegal",NA,NA,53.3088,"Senegal",19.4253,NA,4444,NA,1177480000,222988000,264959,18.9378,NA,NA,NA,NA,NA,NA,NA,NA,NA,NA
"561","SRB","Serbia",2020,94.7859,86.1919,25.1835,98.94,98.1,6513260,99.19,5449,0.314881,0.079298,65547,0.95389,1730500,1659500,24.1503,0,92050,237608,9902,80.9522,590797,5922720,590542,4656610,800139,657874,533855,467772,95.8974,3.78776,NA,"Serbia",75.0999,81.7516,78.368,"Serbia",5.10058,NA,13120,5393,2058260000,467825000,156880,22.7291,NA,NA,NA,NA,NA,NA,NA,NA,NA,NA
"562","SYC","Seychelles",2020,69.8589,NA,29.0678,99,98.5,84034,99,NA,NA,NA,NA,NA,34966,NA,NA,NA,15566,191,NA,77.0618,9268,NA,NA,NA,9941,NA,NA,NA,NA,NA,NA,"Seychelles",NA,NA,84.8223,"Seychelles",20.2309,NA,382,151,74385000,NA,194725,NA,NA,NA,NA,NA,NA,NA,NA,NA,NA,NA
"563","SLE","Sierra Leone",2020,20.0429,NA,0.00227486,78.52,40,1585900,88.97,0,0,0,24,0.000303315,180,24,0.000303315,46,0,NA,0,21.1624,NA,NA,NA,0,50,17,NA,1,13.3333,NA,0,"Sierra Leone",NA,NA,17.1208,"Sierra Leone",9788.36,1.89e+10,1850,555,168567,NA,91.1172,NA,NA,NA,NA,NA,NA,NA,NA,NA,NA,NA
"564","SGP","Singapore",2020,150.259,NA,26.8623,100,100,8444800,100,NA,NA,NA,NA,NA,1509700,NA,NA,NA,0,1505700,3700,98.4437,300,NA,NA,NA,0,NA,NA,1495000,NA,NA,NA,"Singapore",90.9017,93.1594,92.0043,"Singapore",NA,NA,NA,NA,NA,702015000,NA,NA,NA,NA,NA,NA,NA,NA,NA,NA,NA,NA
"565","SVK","Slovakia",2020,88.422,81.7488,31.1925,99,99,4823440,100,16211,0.952713,0.297176,209683,3.84385,1701560,1475670,27.0515,944,449016,599333,1388,85.7787,474709,4459420,364028,3569810,176171,414984,496135,564548,86.7243,12.323,0,"Slovakia",89.6797,90.1658,89.9209,"Slovakia",12.8119,NA,8308,2881,1953280000,443606000,235108,22.7108,NA,NA,NA,NA,NA,NA,NA,NA,NA,NA
"566","VNM","Viet Nam",2020,79.6288,72.4208,17.0263,99.8,99.5,78099300,99.8,22066,0.132138,0.0224981,65205,0.066482,16699200,16612000,16.9373,62,288,15760800,18705,76.44,61083,71029800,7069560,80361800,858346,983952,15146200,481813,99.4774,0.390467,NA,"Viet Nam",66.8778,73.75,70.3,"Viet Nam",24.9372,3.9e+10,79943,22864,5526070000,1290440000,69125.1,23.3519,NA,NA,NA,NA,NA,NA,NA,NA,NA,NA
"567","SVN","Slovenia",2020,86.8272,81.1197,30.993,99.9,99.9,1825470,99.92,2269,0.348218,0.107923,46487,2.21112,651603,602847,28.674,106,10465,287532,1656,89.9749,168970,1705480,119995,1665610,182825,161087,166134,275626,92.5175,7.13424,NA,"Slovenia",85.9554,87.2129,86.6013,"Slovenia",8.77844,NA,6188,NA,856160000,324783000,138358,37.9348,NA,NA,NA,NA,NA,NA,NA,NA,NA,NA
"568","SOM","Somalia",2020,2.67248,NA,0.714664,70,30,445000,80,NA,NA,NA,NA,NA,119000,NA,NA,NA,NA,NA,NA,11.9,NA,NA,NA,NA,NA,NA,NA,NA,NA,NA,NA,"Somalia",NA,NA,15.0237,NA,NA,NA,NA,NA,NA,NA,NA,NA,NA,NA,NA,NA,NA,NA,NA,NA,NA,NA
"569","ZAF","South Africa",2020,108.364,66.7815,2.15159,99.8,96.45,65627600,99.99,8196,0.628982,0.0135332,443637,0.732529,1303060,851224,1.40553,2590,207281,716059,122307,74.1365,241275,40444500,25183200,32202700,13545,487099,94733,269392,65.3252,34.0459,0.96,"South Africa",NA,NA,72.1128,"South Africa",15.4731,4117450000,32475,12394,8589690000,1774050000,264502,20.6532,NA,NA,NA,NA,NA,NA,NA,NA,NA,NA
"570","ZWE","Zimbabwe",2020,56.0008,47.0657,1.31038,84.28,35,8695190,93.44,125092,61.4821,0.805648,61893,0.398618,203461,16476,0.106113,2427,NA,48689,NA,50.0826,112133,7307830,1387350,939284,NA,NA,NA,NA,8.09787,30.4201,NA,"Zimbabwe",29.6914,28.8779,29.2986,"Zimbabwe",18.9394,NA,4774,1571,NA,NA,NA,2.32237,NA,NA,NA,NA,NA,NA,NA,NA,NA,NA
"571","ESP","Spain",2020,103.253,100.392,33.9528,99.8,99.6,49230600,99.8,20619,0.127368,0.043245,459012,0.962703,16188500,15708900,32.9468,11998,311402,11850400,787,95.3775,1827270,47866300,1364250,38858600,2186670,1659720,453100,13596000,97.0372,2.83542,78.8,"Spain",93.1819,93.2298,93.2056,"Spain",1.9511,NA,37960,NA,20488800000,5356130000,539748,26.1417,NA,NA,NA,NA,NA,NA,NA,NA,NA,NA
"572","SSD","South Sudan",2020,5.14092,NA,NA,15,15,550000,48,NA,NA,NA,NA,NA,NA,NA,NA,NA,NA,NA,NA,NA,NA,NA,NA,NA,NA,NA,NA,NA,NA,NA,NA,"South Sudan",NA,NA,9.27123,NA,NA,NA,NA,NA,NA,NA,NA,NA,NA,NA,NA,NA,NA,NA,NA,NA,NA,NA
"573","SDN","Sudan",2020,39.6793,33.6132,0.0615142,64.6,35,18565700,90.9,13144,45.6674,0.0280919,14406,0.0307891,28782,1233,0.00263522,281,NA,2363,NA,29.2677,24994,15727400,8568010,NA,NA,NA,NA,NA,4.28393,50.0521,0,"Sudan",NA,NA,26.4383,"Sudan",NA,NA,NA,NA,770805000,NA,NA,NA,NA,NA,NA,NA,NA,NA,NA,NA,NA,NA
"574","SUR","Suriname",2020,85.9811,84.2706,15.069,100,85,526477,100,0,0,0,29895,4.88228,92270,55656,9.08941,NA,15645,11352,4814,70.6356,60459,516003,10474,43546,NA,55621,35,0,60.3186,32.3995,NA,"Suriname",NA,NA,69.8369,"Suriname",9.2406,NA,954,401,276775000,12570300,290120,4.54171,NA,NA,NA,NA,NA,NA,NA,NA,NA,NA
"575","SWZ","Eswatini",2020,83.8532,NA,2.29004,88,61,1000140,99,NA,NA,NA,NA,NA,27314,NA,NA,55,12374,21,NA,52.6812,14864,NA,NA,NA,NA,NA,NA,NA,NA,NA,NA,"Eswatini",NA,NA,49.013,NA,NA,NA,NA,NA,NA,NA,NA,NA,NA,NA,NA,NA,NA,NA,NA,NA,NA,NA
"576","SWE","Sweden",2020,125.825,111.498,40.368,100,100,13027500,100,10389,0.248566,0.100341,127119,1.22777,4179570,4042070,39.0399,150,7738,3136210,6976,93.941,355525,11544200,1483320,11767400,672978,334941,258833,3448290,96.71,3.04143,17.74,"Sweden",93.6064,95.438,94.5394,"Sweden",12.6078,NA,18642,6175,5413660000,1460120000,290401,26.9711,NA,NA,NA,NA,NA,NA,NA,NA,NA,NA
"577","CHE","Switzerland",2020,101.385,93.2018,46.4814,100,99.95,8760220,100,1898,0.0472579,0.0219661,47030,0.544292,4016260,3967330,45.9151,1519,9,925236,4076,93.8355,2029530,8053180,707043,NA,1055900,276178,843538,2847620,98.7818,1.17143,96.55,"Switzerland",NA,NA,94.3499,"Switzerland",7.64854,NA,23433.6,NA,15352600000,2839120000,655153,18.4928,NA,NA,NA,NA,NA,NA,NA,NA,NA,NA
"578","SYR","Syrian Arab Republic",2020,12.9415,NA,7.35459,94,38,2724120,94,1346980,87.0087,6.39914,200422,0.952149,1548100,696,0.0033065,NA,NA,1264,200,NA,1546640,NA,NA,2724120,NA,696,NA,NA,0.0449583,12.9463,NA,NA,NA,NA,NA,"Syrian Arab Republic",7.85351,NA,22439,6210,564587000,NA,25161,NA,NA,NA,NA,NA,NA,NA,NA,NA,NA,NA
"579","TJK","Tajikistan",2020,33.9159,NA,0.369965,90,80,3306570,90,NA,NA,NA,NA,NA,36069,NA,NA,NA,NA,NA,NA,24.6924,NA,NA,NA,NA,NA,NA,NA,NA,NA,NA,NA,"Tajikistan",NA,NA,27.5441,NA,NA,NA,NA,NA,NA,NA,NA,NA,NA,NA,NA,NA,NA,NA,NA,NA,NA,NA
"580","THA","Thailand",2020,88.0216,NA,16.0218,98.8,98.1,63060000,98.8,82684,0.720353,0.115414,NA,NA,11478300,11385900,15.8929,NA,NA,8200850,NA,85.1998,2702760,NA,NA,NA,574652,180370,687797,10517800,99.1955,0.0841329,NA,"Thailand",76.7992,78.9512,77.8437,"Thailand",NA,NA,NA,NA,1.3365e+10,NA,NA,NA,NA,NA,NA,NA,NA,NA,NA,NA,NA,NA
"581","TGO","Togo",2020,35.5192,NA,0.607932,97,67,3079410,98,1116,2.11741,0.0128724,3855,0.0444651,52706,47736,0.550606,NA,3681,28959,260,43.8009,19806,NA,NA,1044260,NA,25956,21455,326,90.5703,7.31416,NA,"Togo",NA,NA,29.0237,"Togo",24.5167,NA,1140,325,357300000,48565000,313421,13.5922,NA,NA,NA,NA,NA,NA,NA,NA,NA,NA
"582","TON","Tonga",2020,58.6544,NA,4.73019,99,96,62000,99,NA,NA,NA,NA,NA,5000,NA,NA,NA,NA,NA,NA,NA,NA,NA,NA,NA,NA,NA,NA,NA,NA,NA,NA,NA,NA,NA,NA,NA,NA,NA,NA,NA,NA,NA,NA,NA,NA,NA,NA,NA,NA,NA,NA,NA,NA,NA
"583","TTO","Trinidad and Tobago",2020,41.073,41.0294,25.4399,100,75,608301,100,4200,1.11474,0.283588,71074,4.79898,376771,301497,20.3573,NA,55899,133150,NA,79.7229,24608,607656,645,608301,142122,38258,68228,195011,80.0213,18.864,0,"Trinidad and Tobago",NA,NA,77.2813,"Trinidad and Tobago",10.4074,NA,3371,1656,700323000,55067200,207749,7.86312,NA,NA,NA,NA,NA,NA,NA,NA,NA,NA
"584","ARE","United Arab Emirates",2020,234.731,204.682,34.3453,100,99.82,22178600,100,46667,1.43807,0.493908,61607,0.652028,3245120,3136850,33.1994,306,170,3213370,NA,99.8,31278,19339400,2839180,10377000,NA,753889,607826,1775130,96.6635,1.89845,80,"United Arab Emirates",100,100,100,"United Arab Emirates",2.46675,1.06e+08,5873,1448,8066620000,1374440000,1373510,17.0387,NA,NA,NA,NA,NA,NA,NA,NA,NA,NA
"585","TUN","Tunisia",2020,75.0619,70.9279,11.1468,99,95,8987950,99,6325,0.473881,0.0528225,600103,5.01169,1334720,728296,6.08228,108,368717,68019,2470,52.9029,895410,8492940,495006,6900000,NA,454471,271448,2377,54.5653,44.9776,NA,"Tunisia",NA,NA,68.5564,"Tunisia",6.75679,3.2e+08,10360,4459,1167170000,202677000,112661,17.3648,NA,NA,NA,NA,NA,NA,NA,NA,NA,NA
"586","TUR","Türkiye",2020,76.2324,75.6628,19.4384,97.86,92.24,65629700,99.7,12318,0.0736069,0.014308,3250210,3.77529,16734900,13472300,15.6488,13554,NA,4005880,380766,90.7316,11036300,65139400,490313,53786400,1298340,11691200,1773070,8006,80.5046,19.4218,NA,"Türkiye",72.0757,83.2962,77.6696,"Türkiye",2.28548,NA,28451,7219,10999100000,2380360000,386596,21.6415,NA,NA,NA,NA,NA,NA,NA,NA,NA,NA
"587","TKM","Turkmenistan",2020,35.9717,NA,3.40423,75.8,67,2500000,97.76,196945,83.2428,2.83378,39105,0.562669,236591,541,0.00778427,NA,NA,NA,NA,50.7675,NA,NA,NA,NA,NA,NA,NA,NA,0.228665,NA,NA,NA,NA,NA,NA,NA,NA,NA,NA,NA,NA,NA,NA,NA,NA,NA,NA,NA,NA,NA,NA,NA,NA,NA
"588","UGA","Uganda",2020,45.2504,NA,0.0778188,85,31,20117000,98,NA,NA,NA,NA,NA,34596,NA,NA,264,30444,2334,NA,NA,1172,NA,210017,NA,NA,NA,NA,NA,NA,NA,NA,"Uganda",NA,NA,7.4,"Uganda",27.6621,8.68195e+11,2511,642,1146340000,NA,456528,NA,NA,NA,NA,NA,NA,NA,NA,NA,NA,NA
"589","MKD","North Macedonia",2020,73.6828,73.2718,25.4041,99.88,99.58,1379350,99.88,2621,0.551129,0.14001,58654,3.1332,475569,414294,22.1309,NA,67738,86170,42543,79.9169,130653,1371660,7694,NA,148465,237599,165687,11008,87.1154,12.3334,NA,"North Macedonia",79.2467,83.5401,81.4055,"North Macedonia",NA,NA,NA,NA,328474000,34716600,NA,10.569,NA,NA,NA,NA,NA,NA,NA,NA,NA,NA
"590","EGY","Egypt",2020,60.6255,58.1253,8.53963,99.2,96,66272900,99.83,0.54,5.78461e-06,4.93985e-07,246,0.000225037,9335110,9334860,8.5394,387,873,463725,57923,73.0115,8812200,63539800,2733100,29897800,NA,0,9349220,0,99.9974,0.00263842,NA,"Egypt",70.5374,73.2141,71.9142,"Egypt",6.28179,NA,61928,15568,6028570000,NA,97348,NA,NA,NA,NA,NA,NA,NA,NA,NA,NA,NA
"591","GBR","United Kingdom",2020,108.53,101.412,40.5775,99.9,99.9,73097000,99.9,0,0,0,531177,0.78866,27329700,26798500,39.7889,27235,NA,1332990,NA,95.2443,20701700,68303000,4794000,NA,5267840,4280510,16163700,6354290,98.0564,1.00175,NA,"United Kingdom",94.4143,95.242,94.8182,"United Kingdom",NA,NA,NA,NA,41519300000,NA,NA,NA,NA,NA,NA,NA,NA,NA,NA,NA,NA,NA
"592","TZA","Tanzania",2020,14.0175,NA,NA,85,13,8546890,95,NA,NA,NA,NA,NA,NA,NA,NA,31372,189276,257095,633176,29.7424,NA,NA,NA,3662890,24689,NA,NA,NA,NA,NA,NA,"Tanzania",NA,NA,17.7693,"Tanzania",47.7446,NA,3460,1115,581271000,131975000,167997,22.7046,NA,NA,NA,NA,NA,NA,NA,NA,NA,NA
"593","USA","United States",2020,154.347,NA,35.7157,99.9,99.9,523908000,99.9,1460000,1.2043,0.430125,5946000,1.75173,121232000,113826000,33.5338,1931000,2099000,19986000,514000,90.5536,18815000,NA,NA,NA,77831000,18564000,14289000,80913000,93.8911,4.90465,NA,"United States",NA,NA,90.3447,"United States",6.7093,NA,683000,NA,6.36978e+11,8.2425e+10,932618,12.94,NA,NA,NA,NA,NA,NA,NA,NA,NA,NA
"594","BFA","Burkina Faso",2020,50.7652,NA,0.0650831,48.4,26.92,10903700,92,613,4.38515,0.00285399,10982,0.0511297,13979,1303,0.00606648,NA,NA,NA,NA,9.72524,NA,NA,NA,NA,NA,NA,NA,NA,9.32112,78.5607,NA,"Burkina Faso",NA,NA,10.7927,"Burkina Faso",15.7252,NA,1180,NA,666470000,91145900,564805,13.6759,NA,NA,NA,NA,NA,NA,NA,NA,NA,NA
"595","URY","Uruguay",2020,107.633,NA,31.2948,92.1,90.2,3658410,92.1,969,0.091097,0.0285087,226283,6.6574,1063700,836392,24.6072,0,9708,834601,63182,75.95,156210,NA,NA,NA,0,NA,NA,NA,78.6304,21.2732,NA,"Uruguay",NA,NA,85.471,"Uruguay",6.2303,NA,7498,3410,1054970000,NA,140700,NA,NA,NA,NA,NA,NA,NA,NA,NA,NA,NA
"596","UZB","Uzbekistan",2020,93.3812,71.0334,15.807,90,65.9,31363400,99.3,144254,2.71715,0.429502,3168930,9.43515,5309010,1340160,3.9902,0,242368,2270710,0,93.5526,2795940,23857600,7505800,9760140,0,439573,737089,163500,25.2432,74.7692,3,"Uzbekistan",69.9073,72.3,71.1,"Uzbekistan",5.3803,1.48131e+12,29453,9891,1017850000,208910000,34558.5,20.5246,NA,NA,NA,NA,NA,NA,NA,NA,NA,NA
"597","VEN","Venezuela",2020,43.8168,40.7723,9.00606,82,65,12463300,92,1613830,62.9986,5.6737,834137,2.93255,2561690,113730,0.399837,8,9461,7024,159,NA,2285830,11597300,865970,169282,259213,106844,6791,89,4.43964,32.5637,NA,NA,NA,NA,NA,"Venezuela",4.00805,NA,21047,8423,NA,NA,NA,27.052,NA,NA,NA,NA,NA,NA,NA,NA,NA,NA
"598","WSM","Samoa",2020,13.211,NA,0.798324,91,49,28000,97,NA,NA,NA,NA,NA,1692,NA,NA,NA,NA,NA,NA,73.3,NA,NA,NA,NA,NA,NA,NA,NA,NA,NA,NA,"Samoa",NA,NA,51.6959,NA,NA,NA,NA,NA,NA,NA,NA,NA,NA,NA,NA,NA,NA,NA,NA,NA,NA,NA
"599","YEM","Yemen",2020,4.56069,NA,1.08206,NA,NA,1648000,88.86,NA,NA,NA,NA,NA,391000,NA,NA,NA,NA,NA,NA,NA,NA,NA,NA,NA,NA,NA,NA,NA,NA,NA,NA,"Yemen",NA,NA,13.8152,NA,NA,NA,NA,NA,NA,NA,NA,NA,NA,NA,NA,NA,NA,NA,NA,NA,NA,NA
"600","ZMB","Zambia",2020,53.6217,NA,0.431897,78.1,57.4,10220000,82.3,18209,22.1206,0.0955382,63779,0.334633,82317,329,0.00172618,288,618,7705,73519,42.7886,187,NA,NA,NA,NA,267,41,21,0.399674,77.4797,NA,NA,NA,NA,NA,"Zambia",23.1335,NA,1662,484,455685000,95889500,274178,21.043,NA,NA,NA,NA,NA,NA,NA,NA,NA,NA
"601","CZE","Czech Republic",2018,88.954,78.9971,30.5513,99.8,99.8,9383700,99.8,7920,0.245746,0.0750787,350190,3.31967,3222840,2864730,27.1565,843,1104670,622346,8449,80.4844,889813,8333360,1050350,6929860,596710,1122700,917600,824427,88.8884,10.8659,NA,"Czech Republic",78.675,82.8077,80.6882,"Czech Republic",13.2247,NA,19995,NA,3451710000,747213000,172628,21.6476,NA,NA,NA,NA,NA,NA,NA,NA,NA,NA
"602","UKR","Ukraine",2018,47.1555,NA,12.8033,NA,NA,19907600,99.9,15708,0.290613,0.0372079,215385,0.510188,5405130,5174030,12.2559,1112,115771,2275910,652892,61.8763,1640200,NA,NA,4808820,719241,NA,NA,198727,95.7246,3.98483,NA,"Ukraine",59.972,65.5468,62.5532,"Ukraine",7.14491,1.843e+09,43400,NA,2076250000,783727000,47839.8,37.7473,NA,NA,NA,NA,NA,NA,NA,NA,NA,NA
"603","CZE","Czech Republic",2019,93.6863,88.7917,35.4302,99.8,99.8,9888470,99.8,4771,0.12758,0.0452019,291929,2.76582,3739610,3442910,32.6192,845,1539530,664115,9615,81.1271,920000,9371850,516623,7658990,605510,1237480,1139970,1065460,92.066,7.80639,NA,"Czech Republic",78.3316,83.5921,80.8669,"Czech Republic",13.8298,NA,20664.1,NA,3362930000,598537000,162743,17.7981,NA,NA,NA,NA,NA,NA,NA,NA,NA,NA
"604","UKR","Ukraine",2019,77.2992,70.5962,16.1591,89.1,78.1,32453000,99.9,130708,1.92666,0.311331,380826,0.907083,6784190,6272650,14.9407,4395,108067,4907600,244584,65.7804,1147820,29638800,2813760,NA,371717,NA,NA,NA,92.4599,5.61344,NA,"Ukraine",68.1751,72.3862,70.1248,"Ukraine",9.94503,1866300000,41600,NA,2517220000,454021000,60510.2,18.0366,NA,NA,NA,NA,NA,NA,NA,NA,NA,NA
"605","CZE","Czech Republic",2020,95.8166,92.116,36.4491,99.8,99.8,10108800,99.8,3498,0.0909652,0.033156,223017,2.11388,3845430,3618910,34.3021,801,1542180,721333,9796,81.6727,957366,9718360,390411,8108400,613947,1134350,1255500,1229060,94.1095,5.79954,0,"Czech Republic",79.7177,83.0496,81.3389,"Czech Republic",15.2868,NA,20411.3,NA,3390410000,730660000,166104,21.5508,NA,NA,NA,NA,NA,NA,NA,NA,NA,NA
"606","UKR","Ukraine",2020,85.296,76.5862,18.617,89.1,87.15,35596400,99.9,78816,1.01444,0.188859,367521,0.880653,7769400,7323060,17.5475,5275,123128,6063030,302459,79.2495,890041,31961600,3634820,19436400,385467,NA,NA,1286790,94.2552,4.73036,NA,"Ukraine",72.5446,77.9238,75.0379,"Ukraine",15.8961,1838300000,52684,18662,2733490000,530341000,51884.6,19.4016,NA,NA,NA,NA,NA,NA,NA,NA,NA,NA
"607","CYP","Cyprus",2018,63.7361,60.3691,35.2356,99.97,97.53,567379,99.98,42,0.01339,0.00471804,85673,9.62402,313667,227747,25.5838,217,NA,3976,NA,86.1708,244129,537406,29973,NA,65345,163882,57071,6794,72.6079,27.3312,NA,"Cyprus",84.5601,84.3001,84.4336,"Cyprus",8.17181,NA,2546,NA,592661000,79390100,232781,13.3955,NA,NA,NA,NA,NA,NA,NA,NA,NA,NA
"608","GTM","Guatemala",2018,NA,NA,NA,95,78.3,NA,NA,NA,NA,NA,NA,NA,NA,NA,NA,NA,NA,NA,NA,14.6266,NA,NA,NA,NA,NA,NA,NA,NA,NA,NA,NA,"Guatemala",NA,NA,41.5,NA,NA,NA,NA,NA,NA,NA,NA,NA,NA,NA,NA,NA,NA,NA,NA,NA,NA,NA
"609","CYP","Cyprus",2019,64.8264,60.8108,36.1885,99.97,99.6,584993,99.98,170,0.052057,0.0188387,84802,9.39738,326565,241593,26.7723,19,NA,12115,NA,89.612,242304,548757,36236,NA,72127,159998,71834,9761,73.9801,25.9679,NA,"Cyprus",85.8473,86.2909,86.0636,"Cyprus",8.26145,NA,2676,NA,584609000,113638000,218464,19.4383,NA,NA,NA,NA,NA,NA,NA,NA,NA,NA
"610","CYP","Cyprus",2020,66.4452,62.4354,36.3127,99.93,99.93,607641,99.98,5,0.00150566,0.000546747,8422,0.92094,332080,323653,35.3913,17,NA,29983,NA,92.7761,227677,570972,36669,NA,74403,168287,83311,72055,97.4624,2.53614,NA,"Cyprus",91.0765,90.5154,90.8019,"Cyprus",7.58736,NA,2363,NA,605238000,104747000,256131,17.3068,NA,NA,NA,NA,NA,NA,NA,NA,NA,NA
"611","SOM","Somalia",2018,NA,NA,NA,NA,NA,NA,80,NA,NA,NA,NA,NA,NA,NA,NA,NA,NA,NA,NA,NA,NA,NA,NA,NA,NA,NA,NA,NA,NA,NA,NA,NA,NA,NA,NA,NA,NA,NA,NA,NA,NA,NA,NA,NA,NA,NA,NA,NA,NA,NA,NA,NA,NA,NA
"612","ATG","Antigua and Barbuda",2018,NA,NA,NA,NA,NA,NA,NA,NA,NA,NA,NA,NA,NA,NA,NA,NA,NA,NA,NA,83.9576,NA,NA,NA,NA,NA,NA,NA,NA,NA,NA,NA,"Antigua and Barbuda",NA,NA,72.9637,NA,NA,NA,NA,NA,NA,NA,NA,NA,NA,NA,NA,NA,NA,NA,NA,NA,NA,NA
"613","COG","Congo (Rep. of the)",2018,NA,NA,NA,NA,NA,NA,NA,NA,NA,NA,NA,NA,NA,NA,NA,NA,NA,NA,NA,4.04253,NA,NA,NA,NA,NA,NA,NA,NA,NA,NA,NA,NA,NA,NA,NA,NA,NA,NA,NA,NA,NA,NA,NA,NA,NA,NA,NA,NA,NA,NA,NA,NA,NA,NA
"614","VAT","Vatican",2018,NA,NA,NA,NA,NA,NA,NA,NA,NA,NA,NA,NA,NA,NA,NA,NA,NA,NA,NA,75.1169,NA,NA,NA,NA,NA,NA,NA,NA,NA,NA,NA,NA,NA,NA,NA,NA,NA,NA,NA,NA,NA,NA,NA,NA,NA,NA,NA,NA,NA,NA,NA,NA,NA,NA
"615","GUY","Guyana",2018,NA,NA,NA,NA,NA,NA,NA,NA,NA,NA,NA,NA,NA,NA,NA,NA,NA,NA,NA,28.5976,NA,NA,NA,NA,NA,NA,NA,NA,NA,NA,NA,"Guyana",NA,NA,48.5989,NA,NA,NA,NA,NA,NA,NA,NA,NA,NA,NA,NA,NA,NA,NA,NA,NA,NA,NA
"616","MSR","Montserrat",2018,NA,NA,NA,NA,NA,NA,NA,NA,NA,NA,NA,NA,NA,NA,NA,NA,NA,NA,NA,68.0586,NA,NA,NA,NA,NA,NA,NA,NA,NA,NA,NA,NA,NA,NA,NA,NA,NA,NA,NA,NA,NA,NA,NA,NA,NA,NA,NA,NA,NA,NA,NA,NA,NA,NA
"617","NRU","Nauru",2018,NA,NA,NA,NA,NA,NA,NA,NA,NA,NA,NA,NA,NA,NA,NA,NA,NA,NA,NA,79.8832,NA,NA,NA,NA,NA,NA,NA,NA,NA,NA,NA,NA,NA,NA,NA,NA,NA,NA,NA,NA,NA,NA,NA,NA,NA,NA,NA,NA,NA,NA,NA,NA,NA,NA
"618","TUV","Tuvalu",2018,NA,NA,NA,NA,NA,NA,NA,NA,NA,NA,NA,NA,NA,NA,NA,NA,NA,NA,NA,64.2607,NA,NA,NA,NA,NA,NA,NA,NA,NA,NA,NA,"Tuvalu",NA,NA,42.2865,NA,NA,NA,NA,NA,NA,NA,NA,NA,NA,NA,NA,NA,NA,NA,NA,NA,NA,NA
"619","WLF","Wallis and Futuna",2018,NA,NA,NA,NA,NA,NA,NA,NA,NA,NA,NA,NA,NA,NA,NA,NA,NA,NA,NA,37,NA,NA,NA,NA,NA,NA,NA,NA,NA,NA,NA,NA,NA,NA,NA,NA,NA,NA,NA,NA,NA,NA,NA,NA,NA,NA,NA,NA,NA,NA,NA,NA,NA,NA
"620","TJK","Tajikistan",2018,NA,NA,NA,NA,NA,NA,NA,NA,NA,NA,NA,NA,NA,NA,NA,NA,NA,NA,NA,26.9259,NA,NA,NA,NA,NA,NA,NA,NA,NA,NA,NA,NA,NA,NA,NA,NA,NA,NA,NA,NA,NA,NA,NA,NA,NA,NA,NA,NA,NA,NA,NA,NA,NA,NA
"621","ERI","Eritrea",2018,NA,NA,NA,NA,NA,NA,NA,NA,NA,NA,NA,NA,NA,NA,NA,NA,NA,NA,NA,1.69405,NA,NA,NA,NA,NA,NA,NA,NA,NA,NA,NA,"Eritrea",NA,NA,5.3,NA,NA,NA,NA,NA,NA,NA,NA,NA,NA,NA,NA,NA,NA,NA,NA,NA,NA,NA
"622","VAT","Vatican",2019,NA,NA,NA,NA,NA,NA,NA,NA,NA,NA,NA,NA,NA,NA,NA,NA,NA,NA,NA,76.1483,NA,NA,NA,NA,NA,NA,NA,NA,NA,NA,NA,"Vatican",NA,NA,67.8507,NA,NA,NA,NA,NA,NA,NA,NA,NA,NA,NA,NA,NA,NA,NA,NA,NA,NA,NA
"623","TUV","Tuvalu",2019,NA,NA,NA,48,NA,NA,48,NA,NA,NA,NA,NA,NA,NA,NA,NA,NA,NA,NA,65.0427,NA,NA,NA,NA,NA,NA,NA,NA,NA,NA,NA,"Tuvalu",NA,NA,50.7996,NA,NA,NA,NA,NA,NA,NA,NA,NA,NA,NA,NA,NA,NA,NA,NA,NA,NA,NA
"624","AFG","Afghanistan",2021,18.5562,NA,0.0664243,58,26,7422550,91,NA,NA,NA,NA,NA,26570,NA,NA,NA,NA,NA,NA,24.2889,NA,NA,NA,NA,NA,NA,NA,NA,NA,NA,0,"Afghanistan",NA,NA,16.5143,NA,NA,NA,NA,NA,NA,NA,NA,NA,NA,NA,NA,NA,NA,NA,NA,NA,NA,NA
"625","ALB","Albania",2021,72.1652,71.5368,19.6304,99.2,98.9,2056440,99.86,1184,0.211658,0.0415492,96332,3.3805,559394,461878,16.2083,669,12398,314050,537,88.2611,128940,2038540,17905,NA,102798,241804,182418,37656,82.5676,17.2208,0,"Albania",78.3496,80.3109,79.3237,"Albania",17.9979,NA,3558,1531,259978000,69077000,73068.6,26.5703,NA,NA,NA,NA,NA,NA,NA,NA,NA,NA
"626","DZA","Algeria",2021,95.8721,93.3404,9.33184,98.18,79.89,42913400,98.31,5663,0.135575,0.0126516,63965,0.142903,4177040,4107410,9.17629,1686,1341400,165244,11786,87.9177,2656940,41780200,1133190,34507500,0,4101910,4168,1325,98.3331,1.53135,0,"Algeria",NA,NA,72.2124,"Algeria",6.75919,0,34452,11534,3157670000,852267000,91654.1,26.9904,NA,NA,NA,NA,NA,NA,NA,NA,NA,NA
"627","AND","Andorra",2021,87.4126,NA,50.2769,99.5,93,68500,99.5,2268,5.75649,2.89419,0,0,39399,37131,47.3827,NA,NA,39399,NA,95.9184,NA,NA,NA,NA,NA,0,235,NA,94.2435,NA,85,"Andorra",NA,NA,93.8975,"Andorra",5.6059,NA,279,109,NA,NA,NA,NA,NA,NA,NA,NA,NA,NA,NA,NA,NA,NA
"628","AGO","Angola",2021,21.2148,19.7477,0.390925,79.85,73.87,7326000,86,30707,22.7466,0.0889222,49482,0.143291,134996,54807,0.158712,641,7742,95889,6179,42.585,7691,6819360,506633,NA,16854,25927,13053,970,40.599,20.9851,NA,"Angola",NA,NA,39.3876,"Angola",62.7411,6864290000,7529,2590,788772000,250013000,104765,31.6964,NA,NA,NA,NA,NA,NA,NA,NA,NA,NA
"629","AIA","Anguilla",2021,NA,NA,34.5423,99,NA,NA,99,NA,NA,NA,NA,NA,5000,NA,NA,NA,NA,NA,NA,NA,NA,NA,NA,NA,NA,NA,NA,NA,NA,NA,0,NA,NA,NA,NA,NA,NA,NA,NA,NA,NA,NA,NA,NA,NA,NA,NA,NA,NA,NA,NA,NA,NA,NA
"630","ATG","Antigua and Barbuda",2021,51.9767,NA,8.66279,99,99,48000,99,NA,NA,NA,NA,NA,8000,NA,NA,NA,NA,NA,NA,83.5673,NA,NA,NA,NA,NA,NA,NA,NA,NA,NA,0,"Antigua and Barbuda",NA,NA,76.0528,NA,NA,NA,NA,NA,NA,NA,NA,NA,NA,NA,NA,NA,NA,NA,NA,NA,NA,NA
"631","ARG","Argentina",2021,72.8279,NA,23.15,98.5,97.68,3.3e+07,98.87,155013,1.47775,0.342099,1567790,3.45996,10489800,8575190,18.9246,3176,523107,2072240,249420,90.4101,1657620,NA,NA,NA,5984240,2380690,3989510,2204990,81.7479,23.6198,NA,"Argentina",86.5182,87.8221,87.1507,"Argentina",NA,NA,NA,NA,10249500000,NA,NA,NA,NA,NA,NA,NA,NA,NA,NA,NA,NA,NA
"632","ARM","Armenia",2021,88.0471,83.9368,16.2566,100,100,2527260,100,1306,0.279885,0.0454997,136029,4.73911,466621,329286,11.472,0,23369,309196,59238,90.0865,74818,2409280,117981,1766390,0,124377,203259,1650,70.5682,29.1519,0,"Armenia",81.4003,75.4686,78.6123,"Armenia",13.6491,3.608e+09,5707,2456,250347000,53421100,43866.6,21.3388,NA,NA,NA,NA,NA,NA,NA,NA,NA,NA
"633","ABW","Aruba",2021,NA,NA,17.6649,95,64.1,NA,99,NA,NA,NA,NA,NA,19000,NA,NA,NA,NA,NA,NA,NA,NA,NA,NA,NA,NA,NA,NA,NA,NA,NA,0,NA,NA,NA,NA,NA,NA,NA,NA,NA,NA,NA,NA,NA,NA,NA,NA,NA,NA,NA,NA,NA,NA,NA
"634","AUS","Australia",2021,121.843,105.119,35.836,99.5,99.5,31626000,99.5,NA,NA,NA,NA,NA,9301740,8594930,33.1129,143560,380768,2124660,NA,97.1809,4580110,27285000,4341000,31626000,2072630,2056630,5220470,1317840,92.4014,NA,77.5,"Australia",NA,NA,96.9722,"Australia",11.6209,NA,78062,22341,32971200000,6418900000,422371,19.4682,NA,NA,NA,NA,NA,NA,NA,NA,NA,NA
"635","AUT","Austria",2021,104.793,82.2039,29.2537,98,98,9396890,99,1902,0.0725069,0.021211,292592,3.26297,2623200,2330610,25.9908,NA,14455,179843,1874,95.0006,1448460,7371270,2025620,NA,978564,530935,994241,805431,88.846,10.5526,82,"Austria",90.8633,94.2078,92.5292,"Austria",3.20634,NA,12212,NA,4525830000,890902000,370606,19.6848,25.5884,52.2345,10.9049,73.3363,19.2395,55.9424,5.20832,85.6254,22.6761,62.4005
"636","AZE","Azerbaijan",2021,69.3763,68.0024,20.0857,99.5,94,7100230,100,500100,24.3281,4.88648,1134080,11.0811,2055650,421462,4.1181,66,115400,327026,8053,81.3748,1540000,6959620,140614,4691840,65100,238600,121400,61462,20.5027,55.1692,0,"Azerbaijan",83.636,88.4006,86,"Azerbaijan",18.5793,19800000,30550,8983,1406520000,89647100,46039.8,6.37369,NA,NA,4.74798,8.81767,38.3052,41.5886,30.0368,45.0551,9.71675,11.6601
"637","BHS","Bahamas",2021,100.257,NA,20.7423,98,95,397393,99,NA,NA,NA,NA,NA,82217,83000,20.9399,NA,NA,NA,NA,86.9744,NA,NA,NA,NA,NA,NA,NA,NA,100.952,NA,0,"Bahamas",NA,NA,94.3479,"Bahamas",13.6982,NA,1174,659,348540000,45914200,296882,13.1733,NA,NA,NA,NA,NA,NA,NA,NA,NA,NA
"638","BHR","Bahrain",2021,131.74,106.329,16.5058,100,100,1978420,100,124,0.0500246,0.00825696,5624,0.374493,247878,242130,16.123,NA,82088,156979,521,100,8811,1596810,381614,1978420,NA,33558,175188,33384,97.6811,4.4929,100,"Bahrain",100,100,100,"Bahrain",10.5431,NA,2764,854,1292970000,153322000,467788,11.8582,NA,NA,NA,NA,NA,NA,NA,NA,NA,NA
"639","BGD","Bangladesh",2021,55.2667,55.1043,6.64247,98.2,98.2,92659500,99.63,389784,3.5,0.232486,2450070,1.46134,11136700,8296830,4.94864,NA,0,10023000,1113670,38.0764,0,92387200,272327,71700000,0,5011510,3185090,100230,74.5,25,0,"Bangladesh",32.6864,45.2526,38.9174,"Bangladesh",2050.87,1.7935e+10,597700,205000,4849320000,295110000,8113.3,6.08559,NA,NA,NA,NA,NA,NA,NA,NA,NA,NA
"640","BRB","Barbados",2021,67.1685,NA,36.3513,100,99,189514,100,0,0,0,0,0,102564,102564,36.3513,NA,NA,NA,NA,80.9063,NA,NA,NA,NA,NA,NA,NA,NA,100,0,0,"Barbados",NA,NA,77.8697,NA,NA,NA,NA,NA,NA,NA,NA,NA,NA,NA,NA,NA,NA,NA,NA,NA,NA,NA
"641","BLR","Belarus",2021,97.8764,NA,35.0098,99.9,97.4,9054900,99.9,42991,1.32734,0.464699,896863,9.69439,3238880,2299030,24.8507,NA,NA,1815710,475417,87.2058,876469,NA,NA,5946950,71289,489013,694080,1115930,70.9821,27.6905,0,"Belarus",87.5447,85.96,86.8884,"Belarus",NA,82900000,NA,NA,1531350000,225057000,NA,14.6966,NA,NA,24.7641,51.0004,17.2019,20.8759,11.1606,54.94,12.8182,41.524
"642","BEL","Belgium",2021,93.5312,90.5229,43.0218,100,100,10822300,100,4320,0.0867821,0.0373352,32251,0.278726,4977990,4941420,42.7057,899,88258,151848,866,92.2999,2120740,10474300,348090,9226560,2615380,107545,1386270,3447600,99.2653,0.655418,4.3,"Belgium",92.6559,92.9221,92.7887,"Belgium",4.82884,NA,15968,NA,7408600000,2055390000,463965,27.7433,NA,NA,15.6622,68.1868,17.3478,43.7033,26.356,54.5289,13.0558,72.7458
"643","BLZ","Belize",2021,44.7709,NA,9.10595,98,70,177000,98,NA,NA,NA,NA,NA,36000,NA,NA,NA,NA,NA,NA,68.3333,NA,NA,NA,NA,NA,NA,NA,NA,NA,NA,0,"Belize",NA,NA,70.6537,NA,NA,NA,NA,NA,NA,NA,NA,NA,NA,NA,NA,NA,NA,NA,NA,NA,NA,NA
"644","BEN","Benin",2021,32.3263,31.7219,0.154167,80,46,4336060,98,1462,7.06997,0.0108995,14893,0.111031,20679,4324,0.0322364,NA,11098,3713,3412,30.3036,2456,4255000,81059,1765560,NA,3921,392,11,20.9101,72.2472,0,"Benin",NA,NA,28.2047,"Benin",77.0034,NA,885,238,523817000,73695300,591883,14.0689,NA,NA,NA,NA,NA,NA,NA,NA,NA,NA
"645","BMU","Bermuda",2021,10.8279,NA,35.5773,99.7,99.7,7000,99.7,NA,NA,NA,NA,NA,23000,NA,NA,NA,NA,NA,NA,NA,NA,NA,NA,NA,NA,NA,NA,NA,NA,NA,0,NA,NA,NA,NA,NA,NA,NA,NA,NA,NA,NA,NA,NA,NA,NA,NA,NA,NA,NA,NA,NA,NA,NA
"646","BTN","Bhutan",2021,98.3923,NA,0.364566,95,80,762975,98,NA,NA,NA,NA,NA,2827,NA,NA,NA,NA,NA,NA,94.3214,NA,NA,NA,554382,0,NA,NA,NA,NA,NA,NA,"Bhutan",86.2535,84.7856,85.6369,NA,NA,NA,NA,NA,NA,NA,NA,NA,NA,NA,NA,NA,NA,NA,NA,NA,NA,NA
"647","BOL","Bolivia (Plurinational State of)",2021,87.7178,NA,9.44574,87.75,74.48,10471200,100,164482,14.5873,1.37788,NA,NA,1127570,NA,NA,1830,NA,988026,NA,56.8946,70157,NA,NA,NA,62747,NA,NA,NA,NA,NA,0,"Bolivia (Plurinational State of)",63.7076,68.3228,65.9774,"Bolivia (Plurinational State of)",14.5379,NA,7996,NA,1283820000,270791000,160558,21.0926,NA,NA,NA,NA,NA,NA,NA,NA,NA,NA
"648","BIH","Bosnia and Herzegovina",2021,56.5045,56.0105,24.5891,97,93,1833520,100,24240,3.038,0.747017,288377,8.88707,797893,485276,14.955,NA,55658,58604,25,75.4909,416028,1817490,16030,1362220,265411,202359,107928,174989,60.8197,36.1423,0,"Bosnia and Herzegovina",72.6616,79.1769,75.6762,"Bosnia and Herzegovina",12.0442,0,8302,3172,745133000,147139000,89753.5,19.7466,NA,NA,NA,NA,NA,NA,NA,NA,NA,NA
"649","BWA","Botswana",2021,101.265,99.9696,5.54838,98,88,2431820,98,14371,10.7857,0.598432,116317,4.84363,133241,2553,0.106311,425,5482,8320,NA,74.0856,27994,2400710,31111,2431820,NA,2553,NA,NA,1.91608,32.6367,NA,"Botswana",NA,NA,78.738,"Botswana",19.5606,0,1835,734,228595000,79153000,124575,34.6258,NA,NA,NA,NA,NA,NA,NA,NA,NA,NA
"650","BRA","Brazil",2021,98.0856,NA,19.8363,90.15,88.3,205539000,90.31,423220,1.01816,0.201966,2730560,1.30306,41567100,38413300,18.3313,307613,1790770,26098400,0,81.5294,4207240,NA,NA,197960000,9163080,4572560,8115490,25725200,92.4128,8.34764,31.91,"Brazil",79.7915,81.6433,80.6899,"Brazil",NA,NA,NA,NA,22498200000,7753620000,NA,34.4633,NA,NA,16.8683,43.936,21.0046,9.37468,18.4788,56.9228,18.2558,30.5701
"651","VGB","British Virgin Islands",2021,10.4076,NA,20.8866,100,100,3935,100,NA,NA,NA,NA,NA,7897,NA,NA,NA,NA,NA,NA,NA,NA,NA,NA,NA,NA,NA,NA,NA,NA,NA,0,NA,NA,NA,NA,NA,NA,NA,NA,NA,NA,NA,NA,NA,NA,NA,NA,NA,NA,NA,NA,NA,NA,NA
"652","BRN","Brunei Darussalam",2021,134.881,133.59,17.581,96.64,96.64,609284,99,324,0.407973,0.0717257,324,0.0717257,79417,79093,17.5093,NA,NA,76417,624,89.6478,2374,603456,5828,565964,NA,22746,46316,10031,99.592,NA,NA,"Brunei Darussalam",NA,NA,97.6288,"Brunei Darussalam",9.10079,NA,1022,313,NA,NA,NA,NA,NA,NA,NA,NA,NA,NA,NA,NA,NA,NA
"653","BGR","Bulgaria",2021,110.554,93.4636,32.7688,99.99,99.85,7603070,99.99,344,0.0152646,0.00500202,30123,0.438011,2253590,2223120,32.3258,223,283911,1334140,216751,83.5348,123231,6427700,1174900,4897880,295335,224709,1086500,911912,98.6481,1.33946,57.62,"Bulgaria",74.0629,76.5134,75.2714,"Bulgaria",21.9717,NA,17305.8,7232.2,1557810000,343054000,90017.1,22.0215,30.7155,17.743,14.2966,50.6985,21.3564,22.4292,7.47736,65.5141,28.325,19.9952
"654","BFA","Burkina Faso",2021,61.1985,NA,0.074066,53.2,36.6,13460700,92.6,65,0.398993,0.000295518,11521,0.0523795,16291,4705,0.021391,NA,NA,NA,NA,11.1283,NA,NA,NA,NA,NA,NA,NA,NA,28.881,70.72,0,"Burkina Faso",NA,NA,12.5631,NA,NA,NA,NA,NA,NA,NA,NA,NA,NA,NA,NA,NA,NA,NA,NA,NA,NA,NA
"655","BDI","Burundi",2021,7.9713,0,0.0304886,50.6,32.18,1033520,96.8,2613,66.1017,0.0201535,765,0.00590028,3953,163,0.00125718,56,0,0,0,NA,0,0,1029560,280672,0,0,0,0,4.12345,19.3524,0,"Burundi",NA,NA,10.9847,"Burundi",77.1157,0,1232,339,101915000,5582930,82722.8,5.47805,NA,NA,NA,NA,NA,NA,NA,NA,NA,NA
"656","CPV","Cabo Verde",2021,86.852,80.6193,5.90962,93.82,80.03,448720,99.34,NA,NA,NA,NA,NA,30532,30532,5.90962,NA,6601,4854,NA,69.9282,19077,416519,32201,NA,NA,NA,NA,NA,100,NA,0,"Cabo Verde",NA,NA,70.2825,"Cabo Verde",11.4576,0,628,211,74968100,24030800,119376,32.0547,NA,NA,NA,NA,NA,NA,NA,NA,NA,NA
"657","KHM","Cambodia",2021,103.309,98.1305,1.98089,92.1,92.1,17535900,99.6,3666,1.09028,0.0215973,290795,1.71315,336243,NA,NA,0,50850,275990,NA,61.0167,9122,16657000,878963,15960400,281,39313,NA,2469,NA,11.6918,0,"Cambodia",NA,NA,57.9592,"Cambodia",128.028,NA,5159,1632,886205000,150216000,171778,16.9505,NA,NA,NA,NA,NA,NA,NA,NA,NA,NA
"658","CMR","Cameroon",2021,38.559,38.559,2.23385,65,65,10378500,79.89,556064,92.4834,2.06594,31390,0.116623,601258,13804,0.0512859,656,556945,21466,NA,51.1591,8157,10378500,0,3688640,2871,NA,NA,NA,2.29585,NA,0,"Cameroon",NA,NA,42.0405,"Cameroon",6.43856,NA,5583,1899,1160680000,261828000,207895,22.5582,NA,NA,NA,NA,NA,NA,NA,NA,NA,NA
"659","CAN","Canada",2021,74.2298,73.7678,41.6931,99.5,99.4,28544400,99.5,73089,0.455875,0.190068,1041350,2.70805,16032700,14918200,38.795,NA,1034140,4011450,81398,95.2205,2872540,28366700,177694,NA,8055760,3799520,3405950,7712770,93.0489,8.43472,87.8,"Canada",NA,NA,93.9371,"Canada",NA,NA,NA,NA,44043400000,10503400000,NA,23.8479,NA,NA,NA,NA,NA,NA,NA,NA,NA,NA
"660","CYM","Cayman Islands",2021,NA,NA,45.6439,100,100,NA,100,NA,NA,NA,NA,NA,32000,NA,NA,NA,NA,NA,NA,NA,NA,NA,NA,NA,NA,NA,NA,NA,NA,NA,0,NA,NA,NA,NA,NA,NA,NA,NA,NA,NA,NA,NA,NA,NA,NA,NA,NA,NA,NA,NA,NA,NA,NA
"661","CAF","Central African Rep.",2021,5.57501,NA,0.00976115,47.6295,0.3,285000,56,NA,NA,NA,NA,NA,499,NA,NA,NA,NA,NA,NA,NA,NA,NA,NA,NA,NA,NA,NA,NA,NA,NA,0,NA,NA,NA,NA,NA,NA,NA,NA,NA,NA,NA,NA,NA,NA,NA,NA,NA,NA,NA,NA,NA,NA,NA
"662","TCD","Chad",2021,5.33236,NA,0,59,22,950667,86.1,0,NA,0,0,0,0,0,0,0,0,NA,NA,NA,0,NA,7128,NA,0,0,0,0,NA,NA,0,"Chad",NA,NA,13.1283,"Chad",165.848,0,878,231,319720000,46995100,364146,14.6988,NA,NA,NA,NA,NA,NA,NA,NA,NA,NA
"663","CHL","Chile",2021,111.018,104.865,22.014,95,88,21600100,99,12917,0.301579,0.0663897,259068,1.33154,4283130,4011140,20.6161,NA,133389,2427090,32997,93.7961,136490,20402900,859868,20355300,1553160,132827,279546,3598770,93.6498,6.05266,NA,"Chile",NA,NA,90.2328,"Chile",20.7442,NA,52088,17347,NA,1792430000,NA,NA,NA,NA,NA,NA,NA,NA,NA,NA,NA,NA
"664","CHN","China",2021,101.601,101.443,37.5612,99.9,99.9,1449270000,99.9,103797,0.0193728,0.00727666,3808080,0.266964,535787000,531875000,37.2869,NA,NA,505506000,22061000,81.2356,2827100,1447020000,2248470,1068630000,NA,5391700,30470000,498669000,99.2699,0.710732,25.1,"China",72.6218,73.4646,73.0532,"China",6.29467,NA,1137450,495061,2.28604e+11,63172300000,200978,27.634,NA,NA,NA,NA,NA,NA,NA,NA,NA,NA
"665","COL","Colombia",2021,71.8272,70.8509,16.4768,100,99.5,36767000,100,50168,0.594819,0.098007,1694480,3.3103,8434170,6689520,13.0685,44184,406404,1870130,6096,60.5472,1023320,36267300,499784,29898200,5084030,1061060,2719110,2909360,79.3145,20.0907,NA,"Colombia",73.908,72.0965,73.0284,"Colombia",NA,NA,NA,NA,6504150000,NA,NA,NA,NA,NA,NA,NA,NA,NA,NA,NA,NA,NA
"666","COM","Comoros",2021,42.1671,19.4957,0.150457,87,85,345000,92,698,56.7019,0.0853119,212,0.0259114,1231,321,0.0392337,NA,51,508,NA,39.9642,591,159509,184491,NA,NA,NA,NA,NA,26.0764,26.8395,0,"Comoros",NA,NA,30.6812,"Comoros",NA,NA,NA,NA,57657600,2019450,NA,3.50248,NA,NA,NA,NA,NA,NA,NA,NA,NA,NA
"667","COG","Congo (Rep. of the)",2021,53.3928,NA,0.2569,87,85,3146000,88,380,2.5104,0.00644922,NA,NA,15137,NA,NA,NA,NA,NA,NA,38.475,NA,NA,NA,NA,NA,NA,NA,NA,NA,NA,0,"Congo (Rep. of the)",NA,NA,33.3461,"Congo (Rep. of the)",NA,NA,NA,NA,336719000,NA,NA,NA,NA,NA,NA,NA,NA,NA,NA,NA,NA,NA
"668","COK","Cook Islands",2021,85.6277,NA,19.7602,55,55,13000,100,NA,NA,NA,NA,NA,3000,NA,NA,NA,NA,NA,NA,NA,NA,NA,NA,NA,NA,NA,NA,NA,NA,NA,0,NA,NA,NA,NA,NA,NA,NA,NA,NA,NA,NA,NA,NA,NA,NA,NA,NA,NA,NA,NA,NA,NA,NA
"669","CRI","Costa Rica",2021,96.9358,94.406,20.9243,91,91,4904940,91,22791,2.1526,0.450416,230297,4.55133,1058770,805679,15.9225,216,6872,289249,4,81.3107,132684,4776930,128005,NA,629742,353722,297468,154489,76.096,21.7514,0,"Costa Rica",82.9258,82.5581,82.749,"Costa Rica",21.5412,1.287e+10,10845,3227,1438490000,342364000,132641,23.8003,NA,NA,NA,NA,NA,NA,NA,NA,NA,NA
"670","CIV","Côte d'Ivoire",2021,73.4963,71.2313,1.13038,96.36,64.52,21784100,97.7,55240,16.4875,0.186371,210675,0.710786,335041,69126,0.233221,603,195388,106502,NA,61.3821,32548,21112800,671327,NA,0,16602,32806,19718,20.6321,62.8804,0,"Côte d'Ivoire",NA,NA,35.9507,"Côte d'Ivoire",10.5885,NA,2810,1009,1901970000,335023000,676856,17.6146,NA,NA,NA,NA,NA,NA,NA,NA,NA,NA
"671","HRV","Croatia",2021,113.344,99.0218,26.7158,99.99,99.45,4448330,100,9205,0.87793,0.234546,135243,3.44602,1048490,904041,23.0352,79,28141,153118,5729,86.3174,686651,3886220,562107,4223750,174771,287012,323970,293059,86.2232,12.8988,48,"Croatia",76.8805,85.7637,81.254,"Croatia",6.41061,NA,8133,3194,1555420000,473513000,191248,30.4428,NA,NA,3.48001,76.12,16.83,64.43,3.80058,75.54,20.49,50.67
"672","CUB","Cuba",2021,33.5338,NA,2.67323,73.04,49.17,3729690,87.32,233771,78.6258,2.10185,59956,0.539068,297321,3594,0.0323138,NA,1980,NA,NA,31.6813,295341,NA,3729690,2346210,NA,2242,954,398,1.20879,20.1654,0,"Cuba",NA,NA,67.6435,"Cuba",12.0226,NA,18506,8241,NA,NA,NA,NA,NA,NA,NA,NA,NA,NA,NA,NA,NA,NA
"673","CUW","Curacao",2021,53.2752,NA,32.5705,100,100,98727,100,0,0,0,3141,1.69495,60358,55258,29.8184,0,2100,7584,0,NA,13726,NA,NA,NA,36948,6255,21689,27314,91.5504,NA,0,NA,NA,NA,NA,"Curacao",7.83501,NA,416,NA,139665000,NA,335733,NA,NA,NA,NA,NA,NA,NA,NA,NA,NA,NA
"674","CZE","Czech Republic",2021,101.679,98.3656,37.4985,99.8,99.8,10707500,99.8,8782,0.222394,0.0833944,156569,1.48679,3948850,3783500,35.9283,1058,1581660,740024,10259,83.0031,990930,10358600,348912,9158890,624918,1002820,1519890,1260780,95.8127,4.12235,66.6,"Czech Republic",81.0801,84.3601,82.6706,"Czech Republic",15.5678,NA,20276.5,NA,3801540000,811655000,187485,21.3507,NA,NA,6.57703,74.3408,17.3937,34.4393,21.9773,44.9086,11.0938,64.2857
"675","PRK","Dem. People's Rep. of Korea",2021,20.2039,NA,NA,NA,0,5300000,95,NA,NA,NA,NA,NA,NA,NA,NA,NA,NA,NA,NA,NA,NA,NA,NA,NA,NA,NA,NA,NA,NA,NA,0,NA,NA,NA,NA,NA,NA,NA,NA,NA,NA,NA,NA,NA,NA,NA,NA,NA,NA,NA,NA,NA,NA,NA
"676","COD","Dem. Rep. of the Congo",2021,23.3256,23.2343,0.0312661,55,40,23127100,73,31000,100,0.0312661,NA,NA,31000,NA,NA,NA,NA,NA,NA,35.1804,NA,23036600,90491,NA,NA,NA,NA,NA,NA,NA,0,"Dem. Rep. of the Congo",NA,NA,28.4193,"Dem. Rep. of the Congo",NA,NA,2525,NA,2126500000,230723000,842178,10.8499,NA,NA,NA,NA,NA,NA,NA,NA,NA,NA
"677","DNK","Denmark",2021,141.705,121.529,44.9598,100,100,8299330,100,8017,0.304459,0.136884,62069,1.05978,2633200,2529160,43.1835,44,19693,1167430,24057,96.137,513547,7117660,1181670,7984880,908422,332299,438058,1758800,96.049,2.44272,99,"Denmark",99.2507,98.4838,98.8659,"Denmark",17.362,NA,12649,NA,5212980000,1712860000,412126,32.8576,NA,NA,NA,NA,NA,NA,NA,NA,NA,NA
"678","DJI","Djibouti",2021,35.4364,35.2509,1.39113,90,76,397330,90,9331,59.8218,0.832198,5507,0.491149,15598,760,0.0677816,NA,NA,318,NA,62.5304,14261,395250,2080,NA,NA,586,143,31,4.87242,32.0392,0,"Djibouti",NA,NA,61.4112,"Djibouti",80.6192,0,2203,618,159398000,20616800,72355.2,12.9341,NA,NA,NA,NA,NA,NA,NA,NA,NA,NA
"679","DMA","Dominica",2021,73.0797,NA,20.9562,100,100,49111,100,NA,NA,NA,13609,20.2509,14083,534,0.794619,NA,NA,NA,NA,74.4687,NA,NA,NA,NA,NA,NA,NA,NA,3.79181,NA,0,"Dominica",NA,NA,82.6979,NA,NA,NA,NA,NA,NA,NA,NA,NA,NA,NA,NA,NA,NA,NA,NA,NA,NA,NA
"680","DOM","Dominican Rep.",2021,66.669,0,10.3195,99.5,97.6,7415910,99.5,68858,5.99866,0.619033,465127,4.18149,1147890,613905,5.519,0,173354,400539,2537,46.1095,337478,0,0,NA,233982,428414,127365,58125,53.4812,40.1069,6,"Dominican Rep.",85.8945,84.579,85.243,"Dominican Rep.",7.86891,252994000,9086,3067,1616730000,369297000,177936,22.8422,NA,NA,NA,NA,NA,NA,NA,NA,NA,NA
"681","ECU","Ecuador",2021,57.0195,52.0011,14.0284,94.82,92.88,10082400,95.53,87346,3.5212,0.49397,565546,3.19835,2480570,1827680,10.3361,NA,138668,1570190,NA,56.7071,291816,9195070,887383,9579130,479901,NA,NA,NA,73.6798,22.2254,0,"Ecuador",NA,NA,69.1148,"Ecuador",7.28665,NA,13456,4872,2522800000,NA,187485,NA,NA,NA,NA,NA,NA,NA,NA,NA,NA,NA
"682","EGY","Egypt",2021,60.6542,57.9492,9.76582,99.5,98,67300100,99.8,6.5,5.9986e-05,5.85812e-06,108.5,9.77856e-05,10835900,10835800,9.76572,534,844,747088,16686,73.1177,10070700,64298700,2765750,39816200,NA,NA,10835800,NA,99.9989,0.00100357,0,"Egypt",NA,NA,72.056,"Egypt",5.53056,NA,61007,15456,7008210000,2422640000,114876,34.5687,NA,NA,NA,NA,NA,NA,NA,NA,NA,NA
"683","SLV","El Salvador",2021,77.7673,NA,9.07178,92,76,4864960,98,14797,2.60735,0.236533,424464,6.78515,567511,121487,1.942,NA,NA,10285,NA,31.2364,385563,NA,NA,NA,217345,NA,6757,7,21.407,69.1982,0,"El Salvador",NA,NA,61.7527,NA,NA,NA,NA,NA,NA,NA,NA,NA,NA,NA,NA,NA,NA,NA,NA,NA,NA,NA
"684","GNQ","Equatorial Guinea",2021,0.687804,NA,0.097681,65,65,12097,80,0,0,0,1659,0.0943264,1718,18,0.00102343,NA,NA,NA,NA,51.8911,NA,NA,NA,NA,NA,NA,NA,NA,1.04773,NA,0,"Equatorial Guinea",NA,NA,58.7173,NA,NA,NA,NA,NA,NA,NA,NA,NA,NA,NA,NA,NA,NA,NA,NA,NA,NA,NA
"685","ERI","Eritrea",2021,27.0158,NA,0.149246,35,0,905078,85,NA,NA,NA,NA,NA,5000,NA,NA,NA,NA,NA,NA,NA,NA,NA,NA,NA,NA,NA,NA,NA,NA,NA,0,"Eritrea",NA,NA,18.3844,NA,NA,NA,NA,NA,NA,NA,NA,NA,NA,NA,NA,NA,NA,NA,NA,NA,NA,NA
"686","EST","Estonia",2021,179.644,110.531,37.3572,100,99,2392410,100,19968,4.01364,1.49938,17456,1.31076,497504,460080,34.5471,NA,33848,213149,4716,91.807,95817,1472000,920405,1417770,88451,152777,176006,131297,92.4776,3.50872,25,"Estonia",91.7172,90.204,90.9797,"Estonia",12.0356,NA,3570,NA,490534000,121119000,137404,24.6912,NA,NA,NA,NA,NA,NA,NA,NA,NA,NA
"687","SWZ","Eswatini",2021,113.149,112.547,2.55281,99.1,80.4,1365250,99.1,NA,NA,NA,NA,NA,30802,NA,NA,129,15599,27,NA,58.2381,15047,1357980,7270,565834,0,NA,NA,NA,NA,NA,0,"Eswatini",NA,NA,53.9953,"Eswatini",29.566,NA,1184,478,147315000,13978100,124421,9.48863,NA,NA,NA,NA,NA,NA,NA,NA,NA,NA
"688","ETH","Ethiopia",2021,21.3692,NA,0.399382,85,10,26100000,97,1800,0.369004,0.00147374,467000,0.382353,487800,19000,0.0155561,NA,NA,NA,NA,17.4083,NA,NA,NA,NA,NA,15000,2500,NA,3.89504,NA,NA,"Ethiopia",13.7072,19.7244,16.6981,NA,NA,NA,NA,NA,NA,NA,NA,NA,NA,NA,NA,NA,NA,NA,NA,NA,NA,NA
"689","FLK","Falkland (Malvinas) Is.",2021,NA,NA,28.5878,NA,NA,NA,96,NA,NA,NA,NA,NA,1000,NA,NA,NA,NA,NA,NA,NA,NA,NA,NA,NA,NA,NA,NA,NA,NA,NA,0,NA,NA,NA,NA,NA,NA,NA,NA,NA,NA,NA,NA,NA,NA,NA,NA,NA,NA,NA,NA,NA,NA,NA
"690","FRO","Faroe Islands",2021,105.998,NA,34.6023,100,100,56497,100,NA,NA,NA,NA,NA,18443,NA,NA,NA,NA,NA,NA,NA,NA,NA,NA,NA,NA,NA,NA,NA,NA,NA,0,NA,NA,NA,NA,NA,NA,NA,NA,NA,NA,NA,NA,NA,NA,NA,NA,NA,NA,NA,NA,NA,NA,NA
"691","FJI","Fiji",2021,76.7096,NA,2.51573,96,80,703205,98,NA,NA,NA,NA,NA,23062,NA,NA,NA,NA,NA,NA,76.3,NA,NA,NA,NA,NA,NA,NA,NA,NA,NA,0,"Fiji",NA,NA,74.4958,NA,NA,NA,NA,NA,NA,NA,NA,NA,NA,NA,NA,NA,NA,NA,NA,NA,NA,NA
"692","FIN","Finland",2021,157.009,119.291,33.6397,99.9,99.9,8700000,99.99,NA,NA,NA,40000,0.721882,1864000,1824000,32.9178,NA,NA,1118000,27000,91.6813,218000,6610000,2090000,NA,501000,663000,257000,904000,97.8541,2.14592,95,"Finland",91.7387,93.9166,92.8081,"Finland",NA,NA,NA,NA,3097600000,643411000,NA,20.7713,NA,NA,15.938,72.4222,19.8526,39.0518,22.43,58.8568,16.7905,73.9834
"693","FRA","France",2021,102.765,97.233,47.6442,99,99,67911000,99,0,0,0,688000,1.04111,31485000,30147000,45.6195,NA,NA,14474000,597000,87.2337,12394000,64255000,3656000,64485000,4020000,11749000,2806000,NA,95.7504,NA,80,"France",85.5202,86.7234,86.0955,"France",2.59918,NA,98987,NA,37350900000,17619300000,377332,47.1723,NA,NA,NA,NA,NA,NA,NA,NA,NA,NA
"694","PYF","French Polynesia",2021,93.6782,NA,26.7245,90,90,262104,98,3151,4.21409,1.12619,45263,16.1774,74773,26359,9.42093,NA,NA,NA,NA,NA,NA,NA,NA,NA,NA,NA,NA,NA,35.252,76.3044,0,NA,NA,NA,NA,NA,NA,NA,NA,NA,NA,NA,NA,NA,NA,NA,NA,NA,NA,NA,NA,NA,NA,NA
"695","GAB","Gabon",2021,94.8904,94.8904,2.65142,98,98,2255280,99,38,0.0603012,0.00159884,5082,0.213824,63017,57897,2.436,NA,NA,57894,NA,68.2994,5047,2255280,NA,NA,NA,NA,NA,NA,91.8752,8.01302,0,"Gabon",NA,NA,68.6436,"Gabon",24.2841,NA,770,281,416982000,NA,541535,NA,NA,NA,NA,NA,NA,NA,NA,NA,NA,NA
"696","GMB","Gambia",2021,56.5116,NA,0.194099,88,55,1455740,98,NA,NA,NA,NA,NA,5000,NA,NA,NA,NA,NA,NA,40.2925,NA,NA,NA,NA,NA,NA,NA,NA,NA,NA,0,"Gambia",NA,NA,37.6247,NA,NA,NA,NA,NA,NA,NA,NA,NA,NA,NA,NA,NA,NA,NA,NA,NA,NA,NA
"697","GEO","Georgia",2021,98.9573,98.4338,26.6464,99.98,99.72,3748950,99.98,4241,0.420115,0.111945,103738,2.73827,1009490,901506,23.7962,9,100744,877691,9066,86.1151,21975,3729120,19834,2998760,NA,673892,203858,23756,89.3036,11.5329,0,"Georgia",76.1159,76.8198,76.4427,"Georgia",18.5196,NA,6395,2961,328412000,90420000,51354.6,27.5324,NA,NA,16.5779,37.4232,19.2311,21.6864,4.65826,71.2969,15.9881,25.9857
"698","DEU","Germany",2021,94.063,90.0963,44.0643,99.83,99.83,78728000,99.83,204991,0.555824,0.24492,1877610,2.24334,36880600,34798000,41.5761,24527,11771,2622740,50000,91.875,25370300,75408000,3320000,67936000,8801230,6954110,13530700,14313100,94.3531,5.09106,91.1,"Germany",90.5614,92.2967,91.4306,"Germany",3.52819,NA,135800,NA,52182500000,13601500000,384260,26.0653,NA,NA,NA,NA,NA,NA,NA,NA,NA,NA
"699","GHA","Ghana",2021,72.1591,72.0033,0.352238,95.82,67.65,23465200,96.98,0,0,0,0,0,114543,0,0,NA,737,57301,NA,56.2366,NA,23414500,50714,7222660,NA,0,0,0,0,NA,0,"Ghana",NA,NA,68.6,"Ghana",1.01817,NA,321,77,1391330000,269630000,4334370,19.3793,NA,NA,NA,NA,NA,NA,NA,NA,NA,NA
"700","GIB","Gibraltar",2021,92.6502,92.6502,59.8567,100,100,34149,100,0,0,0,0,0,22062,22062,59.8567,NA,NA,NA,NA,NA,NA,34149,0,NA,0,3717,1801,16168,100,0,100,NA,NA,NA,NA,NA,NA,NA,NA,NA,NA,NA,NA,NA,NA,NA,NA,NA,NA,NA,NA,NA,NA,NA
"701","GRC","Greece",2021,93.3442,89.214,41.9213,99.7,99,9875410,99.9,229,0.00516337,0.00216455,8651,0.0817709,4435090,4426210,41.8374,2527,2352,16740,123,85.0706,4413350,9438450,436952,6783910,0,2402080,1402770,621361,99.7998,0.195216,60,"Greece",77.8729,79.1523,78.4943,"Greece",1.85197,NA,9097,NA,5914740000,896823000,650186,15.1625,NA,NA,6.56122,69.928,20.0095,39.8488,6.64393,68.9441,9.52533,57.1744
"702","GRL","Greenland",2021,3.12807,NA,29.9441,100,100,1753,100,75,0.446934,0.133831,6872,12.2625,16781,9834,17.5479,NA,NA,NA,NA,NA,NA,NA,NA,NA,NA,NA,NA,NA,58.602,40.9511,0,NA,NA,NA,NA,NA,NA,NA,NA,NA,NA,NA,NA,NA,NA,NA,NA,NA,NA,NA,NA,NA,NA,NA
"703","GRD","Grenada",2021,63.8995,NA,26.1175,98.5,98.5,74563,98.5,NA,NA,NA,NA,NA,30476,30476,26.1175,NA,NA,NA,NA,79.0486,NA,NA,NA,NA,NA,NA,NA,NA,100,4.18841,0,"Grenada",NA,NA,70.5594,NA,NA,NA,NA,NA,NA,NA,NA,NA,NA,NA,NA,NA,NA,NA,NA,NA,NA,NA
"704","GUM","Guam",2021,NA,NA,1.83228,92.67,82.79,NA,NA,NA,NA,NA,NA,NA,3000,NA,NA,NA,NA,NA,NA,NA,NA,NA,NA,NA,NA,NA,NA,NA,NA,NA,18.52,NA,NA,NA,NA,NA,NA,NA,NA,NA,NA,NA,NA,NA,NA,NA,NA,NA,NA,NA,NA,NA,NA,NA
"705","GTM","Guatemala",2021,17.0468,NA,3.47754,95,88,3e+06,100,NA,NA,NA,NA,NA,612000,NA,NA,NA,NA,NA,NA,30.0022,NA,NA,NA,NA,NA,NA,NA,NA,NA,NA,0,"Guatemala",48.5503,53.3763,50.8416,NA,NA,NA,NA,NA,NA,NA,NA,NA,NA,NA,NA,NA,NA,NA,NA,NA,NA,NA
"706","GIN","Guinea",2021,23.1209,NA,0.00729367,40,29,3170000,88,NA,NA,NA,NA,NA,1000,NA,NA,NA,NA,NA,NA,31.1631,NA,NA,NA,NA,NA,NA,NA,NA,NA,NA,0,"Guinea",NA,NA,24.3044,NA,NA,NA,NA,NA,NA,NA,NA,NA,NA,NA,NA,NA,NA,NA,NA,NA,NA,NA
"707","GNB","Guinea-Bissau",2021,52.9887,52.504,0.16043,43,23,1090950,100,1457,44.1114,0.070768,1830,0.088885,3303,16,0.000777136,NA,3303,NA,NA,16.3795,NA,1080970,9980,375361,NA,NA,NA,NA,0.484408,55.4042,0,"Guinea-Bissau",NA,NA,23.3519,"Guinea-Bissau",NA,NA,248,67,123299,32216.4,497.173,26.1287,NA,NA,NA,NA,NA,NA,NA,NA,NA,NA
"708","GUY","Guyana",2021,33.3545,NA,11.6496,93.2,50,272000,97.3,NA,NA,NA,NA,NA,95000,NA,NA,NA,NA,NA,NA,54.4648,NA,NA,NA,NA,NA,NA,NA,NA,NA,NA,0,"Guyana",NA,NA,71.6509,NA,NA,NA,NA,NA,NA,NA,NA,NA,NA,NA,NA,NA,NA,NA,NA,NA,NA,NA
"709","HTI","Haiti",2021,28.4054,NA,0.272537,60,35,3231000,70,NA,NA,NA,NA,NA,31000,NA,NA,NA,NA,NA,NA,NA,NA,NA,NA,NA,NA,NA,NA,NA,NA,NA,0,NA,NA,NA,NA,NA,NA,NA,NA,NA,NA,NA,NA,NA,NA,NA,NA,NA,NA,NA,NA,NA,NA,NA
"710","HND","Honduras",2021,47.4982,NA,4.09584,82.05,78.51,4887510,89.03,55458,13.1586,0.538957,112994,1.09811,421457,253005,2.45878,1312,11264,45111,32113,45.641,16558,NA,NA,3242080,315069,137060,115945,0,60.031,26.5761,0,"Honduras",NA,NA,51.9516,"Honduras",40.7801,NA,18984,8363,939221000,186576000,49474.4,19.865,NA,NA,NA,NA,NA,NA,NA,NA,NA,NA
"711","HKG","Hong Kong, China",2021,160.481,158.781,39.2189,99,99,12011300,100,0,0,0,13980,0.186784,2935380,2921400,39.0321,NA,1275,2452490,746,94.4327,344378,11884100,127238,11632700,136485,332353,58786,2530260,99.5237,0.494495,90,"Hong Kong, China",91.8974,94.413,93.0872,"Hong Kong, China",5.03495,NA,19155,7025,15193500000,856656000,793188,5.6383,NA,NA,NA,NA,NA,NA,NA,NA,NA,NA
"712","HUN","Hungary",2021,82.2249,71.7115,34.8392,99.2,99.2,7982270,99.2,6298,0.186214,0.0648753,59735,0.615327,3382140,3316100,34.159,1184,134284,1245820,NA,90.7809,485127,6961640,675884,6525830,1422780,196243,514220,2605640,98.0476,1.77642,25,"Hungary",88.3773,88.9187,88.6408,"Hungary",NA,NA,NA,NA,3471110000,582394000,NA,16.7783,NA,NA,NA,NA,NA,NA,NA,NA,NA,NA
"713","ISL","Iceland",2021,118.733,102.699,38.4077,99.4,99,442450,99.4,41,0.0286465,0.0110025,66,0.0177113,143124,143017,38.379,NA,247,107682,NA,98.3637,35195,382701,59749,409335,0,2812,26193,114012,99.9252,0.0461139,85,"Iceland",99.6842,99.6897,99.687,"Iceland",10.3999,NA,1045,NA,205092000,66308700,196260,32.3312,NA,NA,NA,NA,NA,NA,NA,NA,NA,NA
"714","IND","India",2021,54.1642,54.0601,1.9488,98.82,98.67,765992000,99.21,506279,1.83701,0.0357996,2130530,0.150653,27560000,24923200,1.76235,499,1130000,17620000,4150000,NA,3710000,764520000,NA,744100000,950000,NA,NA,NA,90.4325,7.73053,0,NA,NA,NA,NA,"India",NA,4.98e+10,NA,NA,31864900000,3895940000,NA,12.2264,NA,NA,NA,NA,NA,NA,NA,NA,NA,NA
"715","IDN","Indonesia",2021,113.559,90.3569,4.48746,96.19,96.19,314284000,97.8,2703010,21.7644,0.976669,117413,0.0424244,12419400,9598990,3.46837,9537,103084,12306800,NA,82.074,NA,250070000,64214300,212825000,NA,NA,9598990,NA,77.2902,21.7644,NA,"Indonesia",59.1433,65.0491,62.1045,"Indonesia",38.7499,NA,349504,109691,17645200000,NA,50486.4,NA,NA,NA,NA,NA,NA,NA,NA,NA,NA,NA
"716","IRN","Iran (Islamic Republic of)",2021,103.831,103.791,12.0681,85,81,91844300,96.5,2058460,19.2832,2.32712,4649150,5.25592,10674900,3967280,4.48506,0,1647080,185938,361913,79.4722,8479970,91808500,35819,78140500,0,2499100,1468190,0,37.1646,43.5522,0,"Iran (Islamic Republic of)",77.6856,79.5041,78.5957,"Iran (Islamic Republic of)",2.38982,0,70038,24513,16593800000,4911240000,236925,29.5969,NA,NA,NA,NA,NA,NA,NA,NA,NA,NA
"717","IRQ","Iraq",2021,48.0108,NA,14.8275,96.87,95.88,20678800,100,3831840,60,8.89651,1915920,4.44826,6386390,638640,1.48275,2008,5134380,1210000,NA,79.7822,40005,NA,NA,NA,NA,574776,63864,NA,10,30,0,"Iraq",NA,NA,65.0022,NA,NA,NA,NA,NA,NA,NA,NA,NA,NA,NA,NA,NA,NA,NA,NA,NA,NA,NA
"718","IRL","Ireland",2021,107.752,100.794,31.3616,95,90,5418250,99,9460,0.599874,0.18813,80598,1.60285,1577000,1486940,29.5707,1773,80082,371912,NA,91.1131,746293,5068350,349900,NA,376937,117542,578593,790804,94.2893,5.11093,79,"Ireland",NA,NA,96.4235,"Ireland",NA,NA,NA,NA,4095920000,779312000,NA,19.0266,NA,NA,NA,NA,NA,NA,NA,NA,NA,NA
"719","ISR","Israel",2021,123.002,NA,29.7079,99,97,1.1e+07,99,0,0,0,0,0,2656750,2656750,29.7079,NA,NA,453155,NA,82.9554,1440070,NA,NA,NA,709703,163916,1505410,988730,100,NA,30,"Israel",89.6699,90.9566,90.2969,"Israel",NA,NA,NA,NA,5201030000,NA,NA,NA,NA,NA,NA,NA,NA,NA,NA,NA,NA,NA
"720","ITA","Italy",2021,96.0317,82.1362,31.2853,100,100,57359100,100,90717,0.485468,0.15188,1784080,2.98694,18686500,16811700,28.1465,0,1490270,2644640,0,81.4796,14551600,49059400,8299700,NA,0,2429550,2878140,11504000,89.9671,9.54743,NA,"Italy",71.8154,78.0896,74.8623,"Italy",2.90214,NA,58028,NA,26222800000,8931750000,451900,34.061,NA,NA,NA,NA,NA,NA,NA,NA,NA,NA
"721","JAM","Jamaica",2021,61.2537,51.7515,14.5718,99,98,1738180,100,1365,0.330109,0.0481026,28611,1.00825,413500,383524,13.5154,NA,7502,126850,NA,75.3758,103547,1468540,38832,NA,175601,NA,NA,NA,92.7507,6.91923,0,"Jamaica",85.1179,79.4947,82.3607,"Jamaica",3.37403,NA,1598,840,712046000,NA,445586,NA,NA,NA,NA,NA,NA,NA,NA,NA,NA,NA
"722","JPN","Japan",2021,159.58,NA,35.9392,99.9,93.2,200559000,99.9,136842,0.302962,0.108882,1641990,1.30649,45168100,42081400,33.4831,NA,3111,36669400,1338620,88.1538,689816,NA,NA,218787000,6467140,839228,1617210,39624900,93.1661,3.65166,93.2,"Japan",79.7779,86.2623,82.9141,"Japan",1.95596,NA,120154,NA,1.60239e+11,31780500000,1333620,19.8331,NA,NA,NA,NA,19.5848,54.9253,NA,NA,13.3068,49.9409
"723","JOR","Jordan",2021,65.7449,57.6939,6.45877,99.8,99,7275560,99.8,846,0.118363,0.00764479,258083,2.33214,714750,455821,4.11898,NA,NA,329720,9038,90.1,125713,6384610,890950,NA,NA,93495,150318,NA,63.7735,NA,0,"Jordan",82.7,88.9,86,"Jordan",10.7648,NA,4394,1312,1112960000,274648000,253290,24.6773,NA,NA,NA,NA,NA,NA,NA,NA,NA,NA
"724","KAZ","Kazakhstan",2021,91.2164,88.5502,13.9468,96,83.5,18009400,98.2,45104,1.638,0.228449,1071450,5.42683,2753600,1510710,7.65166,3100,121500,1391900,164000,94.4516,1017100,17483000,526400,13568400,55900,NA,NA,NA,54.8632,34.8155,0,"Kazakhstan",90.0012,91.9197,90.924,"Kazakhstan",15.3288,NA,45689,16361,2444960000,320138000,53513,13.0938,NA,NA,NA,NA,NA,NA,NA,NA,NA,NA
"725","KEN","Kenya",2021,53.2903,53.2903,1.48254,95,94,28360600,97,13027,1.65109,0.024478,397561,0.747026,788996,378408,0.711037,825,114878,477960,645,NA,879,28360600,NA,15315800,193809,237280,136604,NA,47.9607,50.3882,0,NA,NA,NA,NA,"Kenya",153.071,NA,9352,3514,3045670000,471197000,325671,15.471,NA,NA,NA,NA,NA,NA,NA,NA,NA,NA
"726","KIR","Kiribati",2021,42.6938,42.0761,0.0864641,71,64,54809,74,49,44.1441,0.0381688,57,0.0444005,111,5,0.00389478,0,0,0,111,57.5486,0,54016,793,18024,0,5,0,0,4.5045,24.0688,0,NA,NA,NA,NA,"Kiribati",NA,5e+05,121,53,808639,465737,6682.97,57.5951,NA,NA,NA,NA,NA,NA,NA,NA,NA,NA
"727","KOR","Korea (Rep. of)",2021,117.113,110.864,44.2526,99.9,99.9,60721200,99.9,0,0,0,0,0,22944300,22944300,44.2526,0,NA,19871000,NA,99.9325,444685,57481200,3239950,48288800,2628590,39775,1036260,21868200,100,0,NA,"Korea (Rep. of)",96.9235,98.1968,97.5713,"Korea (Rep. of)",5.84168,NA,135604,NA,55715100000,7169880000,410866,12.8688,23.875,22.1297,1.91197,95.5535,18.5164,78.7793,14.7774,81.1823,3.78429,90.1475
"728","KWT","Kuwait",2021,133.179,91.3242,1.61587,100,100,5807600,100,4625,6.56364,0.10606,25540,0.58568,70464,40299,0.924132,0,3146,33337,7645,99.3955,25904,3982410,1825190,4336290,436,24720,11787,3792,57.1909,36.2434,92,"Kuwait",99.8999,99.5813,99.7,"Kuwait",NA,0,2638,394,NA,187709000,NA,NA,NA,NA,NA,NA,NA,NA,NA,NA,NA,NA
"729","KGZ","Kyrgyzstan",2021,81.8161,81.8161,4.43258,97,96,5580250,98,7105,2.35014,0.104172,81079,1.18876,302323,214139,3.13965,32,827,270476,4447,72.7885,26541,5580250,4660620,4660620,0,213846,251,NA,70.8312,NA,0,"Kyrgyzstan",NA,NA,77.1177,"Kyrgyzstan",25.8733,0,6329,2047,290435000,149339000,45889.5,51.4192,NA,NA,NA,NA,NA,NA,NA,NA,NA,NA
"730","LAO","Lao P.D.R.",2021,56.1963,NA,2.02269,85,52,4188420,95,8692,5.76565,0.116621,113264,1.51967,150755,16813,0.225581,NA,NA,NA,NA,72,NA,NA,NA,NA,NA,NA,NA,NA,11.1525,75.1312,8.05,"Lao P.D.R.",NA,NA,62,NA,NA,NA,NA,NA,NA,NA,NA,NA,NA,NA,NA,NA,NA,NA,NA,NA,NA,NA
"731","LVA","Latvia",2021,117.132,95.1484,25.9762,99,95,2208620,99,3559,0.726619,0.188748,71059,3.76853,489803,415185,22.0189,0,6851,355492,90718,91.148,22446,1794110,414512,NA,14296,42525,39895,332765,84.7657,14.5072,36.83,"Latvia",91.7502,90.5433,91.1796,"Latvia",24.1342,NA,4594,2006,498802000,93047700,108577,18.6542,NA,NA,14.871,69.8056,29.5248,4.26449,20.6117,60.5657,15.8174,69.7269
"732","LBN","Lebanon",2021,76.0479,NA,7.55615,99.61,99.2,4348510,99.61,NA,NA,NA,NA,NA,432070,NA,NA,NA,NA,NA,NA,75.698,NA,NA,NA,NA,NA,NA,NA,NA,NA,NA,0,"Lebanon",NA,NA,82.656,NA,NA,NA,NA,NA,NA,NA,NA,NA,NA,NA,NA,NA,NA,NA,NA,NA,NA,NA
"733","LSO","Lesotho",2021,64.7544,NA,0.353653,95,85,1464450,95,0,0,0,0,0,7998,7998,0.353653,NA,NA,3420,3950,NA,628,NA,NA,577582,NA,3697,2361,1940,0,NA,0,"Lesotho",NA,NA,45.0567,"Lesotho",59.002,NA,564,248,117121000,16616000,207661,14.1871,NA,NA,NA,NA,NA,NA,NA,NA,NA,NA
"734","LBR","Liberia",2021,NA,NA,0.24718,63,35,NA,76,NA,NA,NA,NA,NA,13000,NA,NA,NA,NA,NA,NA,43.8788,NA,NA,NA,NA,NA,NA,NA,NA,NA,NA,0,"Liberia",NA,NA,20.5771,NA,NA,NA,NA,NA,NA,NA,NA,NA,NA,NA,NA,NA,NA,NA,NA,NA,NA,NA
"735","LBY","Libya",2021,114.111,NA,4.653,72,40,8142000,78,NA,NA,NA,NA,NA,332000,0,0,NA,NA,NA,NA,79.1688,NA,NA,NA,NA,NA,NA,NA,NA,0,NA,0,"Libya",NA,NA,88.5598,NA,NA,NA,NA,NA,NA,NA,NA,NA,NA,NA,NA,NA,NA,NA,NA,NA,NA,NA
"736","LIE","Liechtenstein",2021,123.435,118.625,47.5207,99,98.33,48194,100,8,0.0431174,0.0204897,225,0.576273,18554,18321,46.924,0,0,12826,0,90.467,2470,46316,1878,48194,3254,2411,1746,14164,98.7442,NA,0,"Liechtenstein",NA,NA,95.5694,"Liechtenstein",15.4608,NA,178,NA,73664800,24594700,413847,33.3873,NA,NA,NA,NA,NA,NA,NA,NA,NA,NA
"737","LTU","Lithuania",2021,122.118,94.7729,28.7127,99.99,99.99,3412560,100,NA,NA,NA,NA,NA,802373,NA,NA,41,38756,624851,3266,86.5531,116639,2648420,764141,2845280,18820,126278,223410,452685,NA,NA,31.9,"Lithuania",87.31,86.5265,86.9305,"Lithuania",18.5751,1845460000,5400,NA,752601000,131939000,139370,17.5311,NA,NA,7.84777,76.9619,22.1234,32.4668,17.6764,60.046,17.0764,59.273
"738","LUX","Luxembourg",2021,114.852,111.447,38.04,99,99,735368,99,0,0,0,NA,NA,243560,243560,38.04,0,NA,134570,4080,99.1776,81900,713568,21800,NA,23010,46400,21040,176120,100,NA,20.96,"Luxembourg",98.2542,99.0525,98.6609,"Luxembourg",10.0162,NA,2665,NA,644239000,129037000,241741,20.0294,NA,NA,NA,NA,NA,NA,NA,NA,NA,NA
"739","MAC","Macao, China",2021,183.575,NA,29.6158,99.8,99.7,1274750,99.9,13,0.00632133,0.00187211,9275,1.33568,205653,196365,28.2783,NA,NA,201006,129,89.9359,4518,NA,NA,1237080,NA,29895,67436,NA,95.4837,NA,0,"Macao, China",88.3626,88.6168,88.4681,"Macao, China",15.3507,NA,1527,NA,388080000,30746200,254145,7.92265,NA,NA,NA,NA,NA,NA,NA,NA,NA,NA
"740","MDG","Madagascar",2021,17.3765,NA,0.104183,67.1,27.11,5159270,88,836,2.70262,0.00281566,9645,0.0324845,30933,20452,0.0688826,8,130,20502,9527,17.0783,322,NA,3772460,NA,NA,NA,NA,14607,66.1171,31.1803,NA,"Madagascar",NA,NA,13.7459,"Madagascar",59.9472,NA,2159,806,332081000,92099700,153812,27.7341,NA,NA,NA,NA,NA,NA,NA,NA,NA,NA
"741","MWI","Malawi",2021,38.99,36.5928,0.0670815,84.4,68.6,7816430,86.3,4852,36.0797,0.0242028,7309,0.0364589,13448,1287,0.00641983,NA,12373,1075,NA,14.6817,NA,7335850,397906,1199570,NA,487,413,387,9.5702,60.549,0,"Malawi",NA,NA,17.4703,"Malawi",66.5592,NA,826,458,312696000,45923600,378566,14.6863,NA,NA,NA,NA,NA,NA,NA,NA,NA,NA
"742","MYS","Malaysia",2021,122.559,121.5,10.8922,95.4,95.4,42016100,98.5,44700,1.19708,0.130388,76500,0.223147,3734100,3612900,10.5386,5300,22200,3424300,4400,94.9486,277900,41653000,363100,40876300,NA,198300,1145100,2269500,96.7542,2.04869,4,"Malaysia",96.32,97.1502,96.7514,"Malaysia",4.13479,31098400000,34100,14300,7755770000,1313590000,227442,16.9369,NA,NA,NA,NA,NA,NA,NA,NA,NA,NA
"743","MDV","Maldives",2021,46.8548,30.8704,14.8246,100,100,241843,100,NA,NA,NA,NA,NA,76518,NA,NA,0,9,56574,1127,92.0838,1453,159339,82504,NA,17364,NA,NA,NA,NA,NA,45,"Maldives",NA,NA,81.9576,"Maldives",72.2599,NA,1012,294,NA,NA,NA,NA,NA,NA,NA,NA,NA,NA,NA,NA,NA,NA
"744","MLI","Mali",2021,39.1669,37.8417,0.648338,68,47,8768930,100,1461,1.00652,0.00652563,117043,0.522779,145154,26650,0.119034,10,51629,16910,51639,42.1169,24928,8472240,296697,0,0,0,0,0,18.3598,NA,0,"Mali",NA,NA,33.9565,"Mali",4.06902,0,1225,294,1008060000,169733000,822906,16.8376,NA,NA,NA,NA,NA,NA,NA,NA,NA,NA
"745","MLT","Malta",2021,79.0795,76.4676,42.1831,100,100,414674,100,0,0,0,266,0.050727,221198,220932,42.1324,0,14752,48116,0,90.542,51333,400978,13696,14752,106997,2905,80019,138008,99.8797,0.120254,25,"Malta",87.7905,87.1814,87.4698,"Malta",5.60827,NA,1447,470,303317000,NA,209618,NA,NA,NA,NA,NA,NA,NA,NA,NA,NA,NA
"746","MHL","Marshall Islands",2021,NA,NA,2.27718,NA,NA,NA,65,NA,NA,NA,NA,NA,942,NA,NA,NA,NA,NA,NA,67.1707,NA,NA,NA,NA,NA,NA,NA,NA,NA,NA,0,"Marshall Islands",NA,NA,63.9726,NA,NA,NA,NA,NA,NA,NA,NA,NA,NA,NA,NA,NA,NA,NA,NA,NA,NA,NA
"747","MRT","Mauritania",2021,68.9697,NA,0.405903,43.7,34.7,3265630,96.6,NA,NA,NA,NA,NA,19219,NA,NA,NA,NA,NA,NA,51.1928,NA,NA,NA,NA,NA,NA,NA,NA,NA,NA,0,"Mauritania",NA,NA,29.9707,"Mauritania",12.2732,NA,713,184,291404000,79194000,408701,27.1767,NA,NA,NA,NA,NA,NA,NA,NA,NA,NA
"748","MUS","Mauritius",2021,110.322,109.587,25.7029,99,99,1411700,99,57300,17.4217,4.47788,300,0.0234444,328900,271300,21.2016,NA,NA,270600,NA,73.75,NA,1402300,9400,378845,NA,242100,21000,8200,82.4871,0.0912131,4.5,"Mauritius",NA,NA,71.6,"Mauritius",5.11618,NA,2400,1000,241357000,NA,100565,NA,NA,NA,NA,NA,NA,NA,NA,NA,NA,NA
"749","MEX","Mexico",2021,85.7644,84.8381,19.2797,95.68,94.96,109477000,96.57,124352,0.505288,0.0974178,1599810,1.2533,24610100,22478800,17.6099,418165,67079,8500630,315556,66.4401,5124700,108294000,1169710,91876600,9237230,12605300,7171510,2668770,91.3394,6.17358,0,"Mexico",74.816,76.5124,75.6265,"Mexico",11.0635,7587190000,276490,92111,26558700000,3776800000,96056.8,14.2205,NA,NA,15.0485,53.3428,4.28579,27.6046,9.47047,62.1713,17.2562,27.5098
"750","FSM","Micronesia",2021,NA,NA,5.37519,15,0,NA,80,NA,NA,NA,NA,NA,6000,NA,NA,NA,NA,NA,NA,NA,NA,NA,NA,NA,NA,NA,NA,NA,NA,NA,0,NA,NA,NA,NA,NA,NA,NA,NA,NA,NA,NA,NA,NA,NA,NA,NA,NA,NA,NA,NA,NA,NA,NA
"751","MDA","Moldova",2021,88.9254,84.0695,25.2113,99.9,99,2688910,99.99,8300,1.08876,0.274491,6055,0.200246,762333,747978,24.7365,NA,2066,610643,NA,66.7502,104272,2542070,146833,1998290,45352,119488,375715,252775,98.117,0.794272,0,"Moldova",NA,NA,74.495,"Moldova",5.84567,NA,5847,2295,266304000,63110500,45545.5,23.6986,NA,NA,NA,NA,NA,NA,NA,NA,NA,NA
"752","MCO","Monaco",2021,91.0037,82.119,54.9173,100,100,35061,100,16,0.0756215,0.0415293,44,0.114206,21158,21098,54.7616,0,0,2512,0,96.9179,1201,31638,3423,NA,12458,379,3357,17362,99.7164,0.207959,100,"Monaco",NA,NA,99.0776,"Monaco",5.35951,NA,243,51,NA,NA,NA,NA,NA,NA,NA,NA,NA,NA,NA,NA,NA,NA
"753","MNG","Mongolia",2021,116.456,108.791,11.393,100,99,3889240,100,12112,3.18327,0.36267,117458,3.51705,380489,250919,7.51328,762,12265,354155,NA,80.0304,13307,3633270,255971,2809590,NA,113505,136128,1286,65.9465,30.9322,0,"Mongolia",80.4054,82.9063,81.6068,"Mongolia",29.2383,NA,11673,5346,576878000,97757100,49419.8,16.9459,NA,NA,NA,NA,NA,NA,NA,NA,NA,NA
"754","MNE","Montenegro",2021,93.06,85.1034,31.1809,98.01,97.83,561944,98.41,758,0.402579,0.125528,24214,4.00993,188286,163314,27.0454,72,3178,80664,402,80.7588,53543,513898,48046,450506,50427,29956,56198,77160,86.7372,12.8602,0,"Montenegro",81.6723,82.6814,82.2197,"Montenegro",8.47408,51200200,1606,754,266658000,60933300,166039,22.8507,NA,NA,NA,NA,NA,NA,NA,NA,NA,NA
"755","MAR","Morocco",2021,82.862,81.9674,6.14618,99.32,99.05,30621200,99.75,1029,0.0453047,0.00278451,1206780,3.26558,2271290,1063480,2.87781,7936,242857,384390,37801,86.211,1598300,30290600,330566,25333900,NA,674295,31142,358043,46.8228,NA,0,"Morocco",86.3624,89.9199,88.1303,"Morocco",3.65659,NA,9183,2593,3773720000,689771000,410946,18.2783,NA,NA,NA,NA,NA,NA,NA,NA,NA,NA
"756","MOZ","Mozambique",2021,19.6826,19.5788,0.206558,85,50,6240910,85,5182,7.91205,0.016343,39871,0.125745,65495,20442,0.0644699,NA,9100,5162,506,8.88268,27661,6208000,32911,4789100,23066,20442,NA,NA,31.2115,60.8764,0,"Mozambique",NA,NA,16.3576,"Mozambique",46.2619,NA,2761,884,638821000,156970000,231373,24.5719,NA,NA,NA,NA,NA,NA,NA,NA,NA,NA
"757","MMR","Myanmar",2021,110.396,110.005,1.67276,94.31,94.31,58937200,96.34,55782,6.24631,0.104486,464955,0.870913,893039,372302,0.697363,146,427098,453245,3728,54.3834,8822,58728400,208745,31695300,NA,350377,19772,2153,41.6893,52.0644,0,"Myanmar",NA,NA,56.5261,"Myanmar",21.4138,5.8654e+10,11181,4553,NA,290007000,NA,NA,NA,NA,NA,NA,NA,NA,NA,NA,NA,NA
"758","NAM","Namibia",2021,68.3899,67.398,3.17813,89,79,1922130,100,1231,1.37814,0.0437993,65095,2.3161,89323,6010,0.213837,838,NA,10111,9097,67.221,72336,1894250,27877,1894250,NA,0,0,0,25.7459,84.2665,0,"Namibia",NA,NA,60.26,"Namibia",10.5803,NA,972,369,273314000,67986600,281187,24.8749,NA,NA,NA,NA,NA,NA,NA,NA,NA,NA
"759","NRU","Nauru",2021,34.1618,NA,NA,98,30,4000,98,NA,NA,NA,NA,NA,NA,NA,NA,NA,NA,NA,NA,NA,NA,NA,NA,NA,NA,NA,NA,NA,NA,NA,0,NA,NA,NA,NA,NA,NA,NA,NA,NA,NA,NA,NA,NA,NA,NA,NA,NA,NA,NA,NA,NA,NA,NA
"760","NPL","Nepal (Republic of)",2021,89.486,NA,4.30873,54.1,45,26376000,93,NA,NA,NA,NA,NA,1270000,NA,NA,NA,NA,NA,NA,49.8863,NA,NA,NA,NA,NA,NA,NA,NA,NA,NA,0,"Nepal (Republic of)",NA,NA,45.293,NA,NA,NA,NA,NA,NA,NA,NA,NA,NA,NA,NA,NA,NA,NA,NA,NA,NA,NA
"761","NLD","Netherlands",2021,136.932,132.232,42.9461,99,99,24278800,100,1100,0.014446,0.00620398,9885,0.0557512,7614580,7603590,42.8841,NA,NA,1917650,NA,95.9901,2229000,23445600,833279,NA,3467930,438867,3082200,4082520,99.8557,0.14432,82.3,"Netherlands",92.1053,92,92.053,"Netherlands",NA,NA,NA,NA,11467900000,NA,NA,NA,NA,NA,NA,NA,NA,NA,NA,NA,NA,NA
"762","NCL","New Caledonia",2021,NA,NA,19.2838,97.4,79.5,NA,97.4,NA,NA,NA,NA,NA,55000,NA,NA,NA,NA,NA,NA,NA,NA,NA,NA,NA,NA,NA,NA,NA,NA,NA,0,NA,NA,NA,NA,NA,NA,NA,NA,NA,NA,NA,NA,NA,NA,NA,NA,NA,NA,NA,NA,NA,NA,NA
"763","NZL","New Zealand",2021,93.6821,NA,35.2628,98.25,97.5,4785000,98.25,NA,NA,NA,NA,NA,1801120,NA,NA,1915,276493,1150710,NA,95.9877,330000,NA,NA,NA,42000,NA,NA,NA,NA,NA,NA,"New Zealand",NA,NA,96.1151,"New Zealand",12.1145,NA,11000,3960,3655890000,1147390000,332353,31.3848,NA,NA,NA,NA,NA,NA,NA,NA,NA,NA
"764","NIC","Nicaragua",2021,56.8714,NA,4.5138,72.14,68.7,3778960,73,NA,NA,NA,NA,NA,299930,NA,NA,0,NA,28466,68388,41.3617,51196,NA,NA,2594040,151880,NA,NA,NA,NA,NA,0,"Nicaragua",NA,NA,47.0806,"Nicaragua",NA,174746000,NA,NA,NA,NA,NA,NA,NA,NA,NA,NA,NA,NA,NA,NA,NA,NA
"765","NER","Niger",2021,33.0978,NA,NA,24,15,8109670,92,NA,NA,NA,NA,NA,NA,NA,NA,NA,NA,NA,NA,41.936,NA,NA,NA,NA,NA,NA,NA,NA,NA,NA,0,"Niger",NA,NA,17.474,"Niger",NA,NA,1634,NA,438799000,133975000,268543,30.5322,NA,NA,NA,NA,NA,NA,NA,NA,NA,NA
"766","NGA","Nigeria",2021,35.7123,35.3151,0.0301639,84.63,61.94,78041900,92.9,44568,NA,0.0203945,2379,0.00108864,65917,18970,0.00868076,3529,21859,37256,3273,34.6,NA,77173900,867941,43510300,NA,NA,NA,NA,NA,3.60908,NA,"Nigeria",NA,NA,35.5098,"Nigeria",139.381,3.11376e+11,14828,4174,7913360000,2749940000,533677,34.7506,NA,NA,NA,NA,NA,NA,NA,NA,NA,NA
"767","MKD","North Macedonia",2021,76.5439,76.1709,26.9449,99.88,99.58,1416910,99.88,2350,0.471151,0.126951,36001,1.94484,498779,460428,24.8731,NA,77685,113012,41637,74.0426,122633,1410010,6905,NA,143812,251358,192504,16566,92.311,7.3516,NA,"North Macedonia",NA,NA,81.8737,"North Macedonia",NA,NA,NA,NA,343951000,60434400,NA,17.5706,NA,NA,NA,NA,NA,NA,NA,NA,NA,NA
"768","NOR","Norway",2021,114.889,109.586,44.9392,99.9,99.9,6213320,99.9,0,0,0,46184,0.85398,2430350,2384170,44.0852,2152,160015,1600630,11366,99,114831,5926490,286832,NA,541364,328686,339071,NA,98.0997,NA,23.3,"Norway",99,99,99,"Norway",NA,NA,NA,NA,4228880000,1752700000,NA,41.446,NA,NA,NA,NA,NA,NA,NA,NA,NA,NA
"769","PAK","Pakistan",2021,44.965,NA,1.23144,78.1,75.4,107681000,88.8,98657,3.34541,0.0411967,1650640,0.689266,2949030,1199730,0.500978,NA,262234,581432,603463,35.7795,1484610,NA,NA,89092300,17293,1151260,43077,5399,40.6823,56.6414,0,"Pakistan",NA,NA,21.4107,"Pakistan",15.3657,40906100000,39484,2098,4242560000,2154630000,107450,50.7861,NA,NA,NA,NA,NA,NA,NA,NA,NA,NA
"770","PSE","State of Palestine",2021,19.8782,19.832,8.01283,59,0,1030750,98,36,0.00866443,0.000694266,165121,3.18438,415492,250335,4.82775,0,9610,2870,0,87.8457,403012,1028360,2392,0,0,201852,45086,3397,60.2503,40.882,0,"State of Palestine",NA,NA,82.1783,"State of Palestine",5.22612,393260,2539,735,NA,NA,NA,10.3816,NA,NA,NA,NA,NA,NA,NA,NA,NA,NA
"771","PAN","Panama",2021,96.4878,NA,14.8381,95,84,4192790,96,19185,2.97545,0.441501,49892,1.14816,644776,575396,13.2415,NA,NA,81945,22144,83.5994,21782,NA,NA,3582410,518905,172680,134150,242020,89.2397,8.62913,0,"Panama",NA,NA,77.031,"Panama",7.87737,NA,6903,3004,1078830000,268795000,156285,24.9153,NA,NA,NA,NA,NA,NA,NA,NA,NA,NA
"772","PNG","Papua New Guinea",2021,10.9858,NA,0.20973,64.35,50,1100000,89,NA,NA,NA,NA,NA,21000,NA,NA,NA,NA,NA,NA,31.6086,NA,NA,NA,NA,NA,NA,NA,NA,NA,NA,0,"Papua New Guinea",NA,NA,23.2437,NA,NA,NA,NA,NA,NA,NA,NA,NA,NA,NA,NA,NA,NA,NA,NA,NA,NA,NA
"773","PRY","Paraguay",2021,69.8969,69.6325,10.8119,95.22,93.5,4672040,99.48,3104,0.429509,0.046438,49916,0.746778,722685,669665,10.0187,8,16083,330862,NA,45.382,28613,4654360,17675,4230850,347119,47981,203914,417770,92.6635,7.57204,0,"Paraguay",77.9169,76.1106,77.0184,"Paraguay",26.293,NA,5363,NA,911772000,212710000,170012,23.3293,NA,NA,NA,NA,NA,NA,NA,NA,NA,NA
"774","PER","Peru",2021,81.7008,81.1215,9.05771,87.08,81.26,27088600,88.97,36712,1.22244,0.110725,135389,0.408341,3003170,2831060,8.53865,39283,253361,606889,293648,48.6515,117970,26896600,NA,23896600,1993970,892972,1701940,306510,94.2693,4.65396,5.27,"Peru",69.0545,73.1709,71.1078,"Peru",5.34196,NA,11406,NA,3625300000,818509000,317842,22.5777,NA,NA,NA,NA,NA,NA,NA,NA,NA,NA
"775","PHL","Philippines",2021,62.7758,NA,8.50898,96,80,7.1e+07,99,NA,NA,NA,NA,NA,9623730,NA,NA,NA,NA,NA,NA,69.0402,NA,NA,NA,NA,NA,NA,NA,NA,NA,NA,60.6,"Philippines",NA,NA,66.9078,"Philippines",NA,NA,NA,NA,8046900000,NA,NA,NA,NA,NA,NA,NA,NA,NA,NA,NA,NA,NA
"776","POL","Poland",2021,207.247,184.608,22.8166,100,100,78837600,100,25333,0.291872,0.0665952,633979,1.6666,8679490,7048350,18.5286,5163,744221,3125200,382035,92.4198,1490310,70225300,8612240,57440900,2932560,748516,1167750,5132080,81.2069,8.12191,23,"Poland",85.1296,85.6338,85.3749,"Poland",NA,NA,NA,NA,10568400000,2305840000,NA,21.8182,NA,NA,12.668,67.5707,14.7144,28.4271,23.6544,45.1995,12.1337,58.9768
"777","PRT","Portugal",2021,87.7083,81.8123,41.5146,99.9,99.8,9113730,99.9,4815,0.11162,0.0463384,14640,0.140892,4313760,4294310,41.3273,1520,268298,2585170,5471,87.3418,257904,8501080,612648,8306280,1195400,268882,309939,3715490,99.549,0.339235,35,"Portugal",81.1734,83.5513,82.309,"Portugal",1.38248,NA,7354,NA,4326720000,1011390000,588349,23.3755,NA,NA,7.5915,69.1942,11.3829,42.0286,19.6765,56.6277,17.7195,47.5267
"778","PRI","Puerto Rico",2021,93.9774,NA,23.6441,100,90,3057280,100,NA,NA,NA,NA,NA,769192,NA,NA,NA,NA,NA,NA,77.5972,NA,NA,NA,NA,NA,NA,NA,277939,NA,NA,49,"Puerto Rico",85.8109,83.6452,84.7867,"Puerto Rico",9.89626,NA,7192,NA,NA,NA,NA,NA,NA,NA,NA,NA,NA,NA,NA,NA,NA,NA
"779","QAT","Qatar",2021,137.542,131.258,11.0796,100,99.8,3871770,100,481,0.154222,0.0170871,785,0.0278865,311888,310622,11.0346,NA,19449,291395,0,97.7509,1044,3694890,176881,3871770,NA,23477,106263,180882,99.5941,0.251693,95.7,"Qatar",NA,NA,99.6528,"Qatar",3.26569,NA,1503,415,2875600000,332692000,1913240,11.5695,NA,NA,NA,NA,NA,NA,NA,NA,NA,NA
"780","ROU","Romania",2021,96.3053,91.6919,31.695,99.98,98.63,18537000,99.98,14439,0.236678,0.075015,120152,0.624226,6100700,5966110,30.9957,730,454205,4516200,75749,88.7443,336411,17649000,888000,15627000,717338,508656,274941,5182510,97.7938,1.96886,11.7,"Romania",82.6689,84.5287,83.5904,"Romania",13.1236,NA,34200,NA,3009310000,667962000,87991.6,22.1965,NA,NA,NA,NA,NA,NA,NA,NA,NA,NA
"781","RUS","Russian Federation",2021,107.702,107.303,23.7409,96.2,89.75,157069000,99.4,502408,1.45109,0.344502,2847020,1.95221,34622800,31273400,21.4442,64092,269886,29562200,1413700,83.9966,3103020,156487000,581445,33259900,332309,NA,NA,14172200,90.3259,8.22296,0,"Russian Federation",87.6003,88.9138,88.2138,"Russian Federation",12.0397,NA,287316,119602,23746300000,6009200000,82648.8,25.3058,NA,NA,NA,NA,NA,NA,NA,NA,NA,NA
"782","RWA","Rwanda",2021,47.4168,NA,0.238872,98.63,98.07,6332640,98.63,1618,5.07178,0.0121151,4367,0.0326987,31902,25917,0.194058,32,3179,28541,NA,28.7584,150,NA,NA,191459,NA,21871,3798,248,81.2394,13.6888,0,"Rwanda",NA,NA,24.4416,"Rwanda",169.175,NA,2012,689,267928000,48039900,133165,17.9301,NA,NA,NA,NA,NA,NA,NA,NA,NA,NA
"783","KNA","Saint Kitts and Nevis",2021,103.484,NA,43.0255,100,100,48392,100,NA,NA,NA,3,0.00641533,20120,20117,43.0191,NA,NA,NA,NA,72.5931,NA,NA,NA,NA,NA,NA,NA,NA,NA,NA,0,"Saint Kitts and Nevis",NA,NA,74.3716,NA,NA,NA,NA,NA,NA,NA,NA,NA,NA,NA,NA,NA,NA,NA,NA,NA,NA,NA
"784","LCA","Saint Lucia",2021,52.1392,NA,10.6754,100,96,93080,100,NA,NA,NA,10227,5.72871,19058,8831,4.94673,NA,NA,NA,NA,78.2093,NA,NA,NA,NA,NA,NA,NA,NA,46.3375,NA,0,"Saint Lucia",NA,NA,63.0633,NA,NA,NA,NA,NA,NA,NA,NA,NA,NA,NA,NA,NA,NA,NA,NA,NA,NA,NA
"785","VCT","Saint Vincent and the Grenadines",2021,66.738,66.738,27.102,100,90,68634,100,850,3.04966,0.826519,2278,2.21507,27872,21750,21.1492,NA,NA,NA,NA,70.0269,1239,68634,NA,NA,24594,NA,NA,NA,78.0353,NA,0,"Saint Vincent and the Grenadines",NA,NA,67.4287,"Saint Vincent and the Grenadines",NA,NA,NA,NA,38042200,NA,NA,NA,NA,NA,NA,NA,NA,NA,NA,NA,NA,NA
"786","WSM","Samoa",2021,13.0976,NA,0.791472,91,49,28000,97,NA,NA,NA,NA,NA,1692,NA,NA,NA,NA,NA,NA,84.6132,NA,NA,NA,NA,NA,NA,NA,NA,NA,NA,0,"Samoa",NA,NA,56.5947,NA,NA,NA,NA,NA,NA,NA,NA,NA,NA,NA,NA,NA,NA,NA,NA,NA,NA,NA
"787","SMR","San Marino",2021,130.163,NA,34.7102,99,99,45000,99,0,0,0,1700,4.91727,12000,10300,29.7929,NA,NA,3000,NA,88.0482,9000,NA,NA,NA,NA,300,NA,10000,85.8333,14.1667,NA,"San Marino",NA,NA,81.67,NA,NA,NA,NA,NA,NA,NA,NA,NA,NA,NA,NA,NA,NA,NA,NA,NA,NA,NA
"788","STP","Sao Tome and Principe",2021,40.0485,38.9424,1.54216,94,0,88892,94,63,1.84049,0.0283834,2655,1.19616,3423,705,0.317623,NA,1262,1886,NA,57.2218,275,86437,2455,NA,NA,NA,NA,NA,20.596,77.5635,0,"Sao Tome and Principe",NA,NA,61.5241,"Sao Tome and Principe",38.1825,NA,100,32,15269600,2496200,152696,16.3475,NA,NA,NA,NA,NA,NA,NA,NA,NA,NA
"789","SAU","Saudi Arabia",2021,137.175,121.618,33.7974,99.99,99.99,42974700,99.99,74117,0.699999,0.236581,328233,1.04772,10588200,10185800,32.5131,16394,1167920,7400280,NA,99.85,1945830,38101000,4873680,39544900,NA,380242,4736280,5069290,96.2,3.1,NA,"Saudi Arabia",100,100,100,"Saudi Arabia",NA,NA,NA,NA,18878700000,2943060000,NA,15.5893,NA,NA,NA,NA,NA,NA,NA,NA,NA,NA
"790","SEN","Senegal",2021,92.2069,NA,1.20966,99.4,83.05,15878800,99.4,NA,NA,NA,NA,NA,208314,NA,NA,NA,NA,NA,NA,58.0769,NA,NA,NA,7496440,NA,NA,NA,NA,NA,NA,0,"Senegal",NA,NA,57.2554,"Senegal",14.5158,NA,3795,NA,1137510000,202864000,299738,17.8341,NA,NA,NA,NA,NA,NA,NA,NA,NA,NA
"791","SYC","Seychelles",2021,76.8179,NA,33.5645,99,98.5,94476,99,NA,NA,NA,NA,NA,41280,NA,NA,NA,20915,6996,NA,60.6017,8357,NA,NA,NA,5012,NA,NA,NA,NA,NA,NA,"Seychelles",NA,NA,87.3383,"Seychelles",21.4194,NA,402,151,86638500,38450300,215519,44.3802,NA,NA,NA,NA,NA,NA,NA,NA,NA,NA
"792","SLE","Sierra Leone",2021,22.0774,NA,0.00227312,79.9,48.64,1787080,93.2,0,0,0,25,0.000308848,184,25,0.000308848,42,0,NA,0,NA,NA,NA,NA,0,50,20,NA,1,13.587,NA,0,"Sierra Leone",NA,NA,18.6539,"Sierra Leone",7330.86,1.9206e+10,1972,592,163515000,NA,82918.2,NA,NA,NA,NA,NA,NA,NA,NA,NA,NA,NA
"793","SGP","Singapore",2021,157.978,NA,27.5211,100,100,8761900,100,NA,NA,NA,NA,NA,1526400,1526400,27.5211,NA,NA,1522500,3700,99.324,200,NA,NA,NA,0,NA,NA,1526400,100,NA,73.57,"Singapore",96.761,97.1014,96.9247,NA,NA,NA,NA,NA,NA,NA,NA,NA,NA,NA,NA,NA,NA,NA,NA,NA,NA,NA
"794","SVK","Slovakia",2021,88.8145,82.1364,32.6061,99,99,4833960,100,21091,1.18845,0.387506,143544,2.63734,1774670,1610040,29.5812,847,453072,701654,1038,89.9582,443146,4470490,363473,4135990,174913,410485,613919,585631,90.7231,8.08849,14,"Slovakia",88.3705,89.4905,88.9256,"Slovakia",13.9802,NA,8072,2742,1948110000,459497000,241341,23.5868,32.6891,31.2411,11.0307,72.7892,29.0427,43.3107,9.70604,76.3448,33.7958,37.0705
"795","SVN","Slovenia",2021,91.0324,84.5379,31.5503,99.9,99.9,1923960,99.9,1136,0.170363,0.0537499,34369,1.62617,666813,631308,29.8703,98,10005,324478,1309,93.0421,148429,1786700,137260,1750860,182315,119372,173628,338308,94.6754,5.11642,36.6,"Slovenia",89.2274,88.793,89.004,"Slovenia",9.55159,NA,6643,NA,896074000,302649000,134890,33.775,30.2371,28.4606,10.6754,74.3468,25.8653,40.3046,9.74412,76.106,27.275,53.3298
"796","SLB","Solomon Islands",2021,16.7849,NA,0.131132,45,25,128000,95,NA,NA,NA,NA,NA,1000,NA,NA,NA,NA,NA,NA,50.4877,NA,NA,NA,NA,NA,NA,NA,NA,NA,NA,0,"Solomon Islands",NA,NA,41.8392,NA,NA,NA,NA,NA,NA,NA,NA,NA,NA,NA,NA,NA,NA,NA,NA,NA,NA,NA
"797","SOM","Somalia",2021,2.57651,NA,0.688999,70,30,445000,80,35160,29.5462,0.203573,83840,0.485426,119000,NA,NA,NA,NA,NA,NA,NA,NA,NA,NA,NA,NA,NA,NA,NA,NA,29.5462,0,NA,NA,NA,NA,NA,NA,NA,NA,NA,NA,NA,NA,NA,NA,NA,NA,NA,NA,NA,NA,NA,NA,NA
"798","ZAF","South Africa",2021,111.706,57.867,2.75541,99.88,97.94,68702100,99.97,5145,0.303603,0.0083655,221881,0.360767,1694650,1467620,2.38628,3046,222660,1042350,79010,77.4708,337061,35589700,33112400,41445800,10524,563230,560671,343721,86.6034,10.5859,16.58,"South Africa",NA,NA,74.9686,"South Africa",21.2425,4025160000,31273,11608,9882940000,2213510000,316021,22.3973,NA,NA,NA,NA,NA,NA,NA,NA,NA,NA
"799","SSD","South Sudan",2021,6.21216,1.10438,0.00184064,15,15,675000,48,70,35,0.000644224,60,0.000552192,200,70,0.000644224,150,20,0,0,NA,0,120000,98000,NA,0,20,20,0,35,NA,0,NA,NA,NA,NA,"South Sudan",NA,NA,NA,382,NA,NA,NA,NA,NA,NA,NA,NA,NA,NA,NA,NA,NA,NA
"800","ESP","Spain",2021,106.704,103.561,34.9302,99.8,99.6,50935900,99.8,16185,0.0970662,0.0339055,141448,0.296315,16674200,16516600,34.6,11039,291559,13171000,764,95.9184,1267780,49435600,1500330,41961600,1932030,1423020,269332,14824200,99.0546,0.829774,82.3,"Spain",93.8872,93.908,93.8975,"Spain",2.1067,NA,40155,NA,20655900000,6584340000,514404,31.8763,18.1,59.1,8.6,79,21.2,52.4,4.5,88.3,21.1,63.9
"801","LKA","Sri Lanka",2021,83.4479,81.3614,10.5401,96,96,18943000,99,174,0.00727226,0.000766507,1657610,7.30214,2392650,734865,3.23724,NA,1672970,342549,NA,61.7286,377130,18469300,473640,13024900,NA,734865,NA,NA,30.7134,71.6927,0,"Sri Lanka",41.3885,47.8577,44.4531,"Sri Lanka",3.93979,5.1147e+10,11304,2816,1198500000,421734000,106024,35.1885,NA,NA,NA,NA,NA,NA,NA,NA,NA,NA
"802","SHN","St. Helena",2021,NA,NA,18.5529,97,97,NA,98,NA,NA,NA,NA,NA,1000,NA,NA,NA,NA,NA,NA,NA,NA,NA,NA,NA,NA,NA,NA,NA,NA,NA,0,NA,NA,NA,NA,NA,NA,NA,NA,NA,NA,NA,NA,NA,NA,NA,NA,NA,NA,NA,NA,NA,NA,NA
"803","SDN","Sudan",2021,39.8905,31.6781,0.0632992,78.6,35,19174100,90.4,13996,46.0001,0.0291177,15213,0.0316496,30426,1217,0.00253189,281,NA,2827,NA,NA,26155,15226700,8504580,2580500,NA,NA,NA,NA,3.99987,50,0,NA,NA,NA,NA,"Sudan",NA,NA,NA,NA,605732000,NA,NA,NA,NA,NA,NA,NA,NA,NA,NA,NA,NA,NA
"804","SUR","Suriname",2021,127.033,77.7226,19.9,92,87,784933,100,10,0.00813266,0.0016184,33646,5.44525,122961,89305,14.4531,NA,14809,35064,NA,82.8982,72796,480245,7748,63441,NA,NA,NA,NA,72.6287,27.3956,NA,"Suriname",NA,NA,76.572,"Suriname",7.68481,NA,922,377,141274000,NA,153225,NA,NA,NA,NA,NA,NA,NA,NA,NA,NA,NA
"805","SWE","Sweden",2021,127.242,113.58,40.8351,100,100,13253700,100,10170,0.2391,0.097637,86173,0.827303,4253440,4157100,39.9102,176,7282,3319470,6124,90.7295,231108,11830700,1423040,12664600,689286,250023,183094,3723980,97.7349,2.48414,20.47,"Sweden",94.4813,94.8558,94.6703,"Sweden",14.2672,NA,17992,5936,5740850000,1751980000,319078,30.5178,3.22311,90.8729,8.88843,79.9903,12.0734,66.1602,11.0112,79.6056,6.67028,85.1356
"806","CHE","Switzerland",2021,100.878,92.3823,47.9433,100,100,8783430,100,4146,0.0993188,0.0476167,34161,0.392338,4174440,4130470,47.4383,1674,0,1077070,3987,96.1761,2035040,8043750,739684,NA,1056670,202002,563002,3365460,98.9467,0.416771,100,"Switzerland",94.895,96.2571,95.5694,"Switzerland",7.8382,NA,23560.5,NA,14305500000,3065850000,607183,21.4312,22.1569,61.6277,9.13259,82.0132,25.6618,56.66,5.23392,89.1542,23.8513,62.8801
"807","SYR","Syrian Arab Republic",2021,17.1745,NA,7.28563,97,42,3714650,97.5,1467600,93.1338,6.78538,107306,0.496125,1575800,892,0.00412412,22,NA,NA,2407,NA,1564660,NA,NA,3714650,NA,892,NA,NA,0.0566063,6.80684,0,NA,NA,NA,NA,"Syrian Arab Republic",8.12039,NA,22909,6482,598377000,NA,26119.7,NA,NA,NA,NA,NA,NA,NA,NA,NA,NA,NA
"808","TWN","Taiwan, Province of China",2021,118.4,115.695,26.9254,100,99.95,27893100,100,30415,0.479493,0.129105,434966,1.84634,6343160,5877780,24.9499,322,0,4002950,1328,89.2991,353804,27255900,637164,27893100,1984760,1069800,1353530,3454450,92.6633,6.85759,84.96,"Taiwan, Province of China",NA,NA,87.604,"Taiwan, Province of China",4.08122,2.7042e+10,51158,19804,9866820000,2432810000,192869,24.6565,NA,NA,NA,NA,NA,NA,NA,NA,NA,NA
"809","TJK","Tajikistan",2021,34.2952,NA,0.495991,90,80,3418180,90,NA,NA,NA,NA,NA,49435,NA,NA,NA,NA,NA,NA,39.4468,NA,NA,NA,NA,NA,NA,NA,NA,NA,NA,NA,"Tajikistan",NA,NA,49.8409,NA,NA,NA,NA,NA,NA,NA,NA,NA,NA,NA,NA,NA,NA,NA,NA,NA,NA,NA
"810","TZA","Tanzania",2021,18.5068,NA,NA,85,13,11627900,95,NA,NA,NA,NA,NA,NA,NA,NA,33648,213429,335709,635246,NA,NA,NA,NA,NA,25015,NA,NA,NA,NA,NA,0,"Tanzania",NA,NA,19.0314,"Tanzania",51.0204,NA,3665,1312,729966000,160310000,199172,21.9613,NA,NA,NA,NA,NA,NA,NA,NA,NA,NA
"811","THA","Thailand",2021,111.736,NA,17.3169,98.8,98.1,80145000,98.8,182333,1.46795,0.254203,237221,0.330726,12420900,12001400,16.732,NA,NA,10832500,NA,88.6913,1588460,NA,NA,NA,NA,155038,218068,11628300,96.6222,0.990379,75.7,"Thailand",84.2707,86.3296,85.2696,"Thailand",NA,NA,NA,NA,12980100000,NA,NA,NA,NA,NA,NA,NA,NA,NA,NA,NA,NA,NA
"812","TLS","Timor-Leste",2021,29.6895,NA,0.0101471,96.5,45,400850,96.5,NA,NA,NA,NA,NA,137,NA,NA,NA,NA,938,NA,NA,408,NA,NA,NA,NA,NA,NA,NA,NA,NA,0,"Timor-Leste",NA,NA,35.042,"Timor-Leste",NA,NA,NA,NA,73918300,NA,NA,NA,NA,NA,NA,NA,NA,NA,NA,NA,NA,NA
"813","TGO","Togo",2021,33.3584,NA,0.749326,97,83,2961690,98,9,0.0135281,0.00010137,3088,0.0347811,66528,63431,0.714443,NA,2574,57195,272,43.1748,6487,NA,NA,873113,NA,27057,35813,561,95.3448,NA,NA,"Togo",NA,NA,30.3384,"Togo",26.4003,NA,1438,425,401950000,74020700,279520,18.4154,NA,NA,NA,NA,NA,NA,NA,NA,NA,NA
"814","TON","Tonga",2021,60.9802,NA,6.45748,99,96,64328,99,NA,NA,NA,NA,NA,6812,NA,NA,NA,NA,NA,NA,33.8,NA,NA,NA,NA,NA,NA,NA,NA,NA,NA,0,"Tonga",NA,NA,57.5486,NA,NA,NA,NA,NA,NA,NA,NA,NA,NA,NA,NA,NA,NA,NA,NA,NA,NA,NA
"815","TTO","Trinidad and Tobago",2021,41.378,41.378,24.9299,100,75,615587,100,5389,1.453,0.362233,38753,2.60486,370887,326745,21.9628,NA,59570,141046,NA,80.6,9169,615587,0,615857,161102,42769,87569,NA,88.0983,17.3361,0,"Trinidad and Tobago",NA,NA,84.3658,"Trinidad and Tobago",9.2873,NA,3171,1546,745190000,69465400,235002,9.32183,NA,NA,NA,NA,NA,NA,NA,NA,NA,NA
"816","TUN","Tunisia",2021,81.7902,77.9591,12.422,99,95,9854590,99,5739,0.383447,0.047632,545123,4.52436,1496690,945823,7.85005,125,416878,98572,2218,60.2365,978892,9393000,461591,7870000,0,669047,273925,2851,63.1945,36.4226,0,"Tunisia",NA,NA,68.3155,"Tunisia",6.1389,1.7e+08,10185,4391,1269430000,187871000,124637,14.7997,NA,NA,NA,NA,NA,NA,NA,NA,NA,NA
"817","TUR","Türkiye",2021,80.7844,80.2686,20.9211,98.81,96.83,70029000,99.75,10369,0.0571744,0.0119615,1770960,2.04295,18135700,16354400,18.8662,15096,NA,4840910,519968,91.9753,11386100,69581800,447196,61885000,1373650,13307500,2992190,54725,90.1778,9.76502,0,"Türkiye",76.3604,86.4711,81.4084,"Türkiye",2.34898,NA,28916,6979,10437500000,2462060000,360960,23.5886,11.5221,3.47062,12.0103,56.1295,17.3906,25.4677,15.2675,62.1598,13.8669,48.1278
"818","TKM","Turkmenistan",2021,40.2282,NA,4.08263,75.8,67,2853000,97.87,141563,48.892,1.99608,146594,2.06702,289542,1385,0.0195289,NA,NA,NA,NA,NA,NA,NA,NA,NA,NA,NA,NA,NA,0.478342,NA,0,NA,NA,NA,NA,NA,NA,NA,NA,NA,NA,NA,NA,NA,NA,NA,NA,NA,NA,NA,NA,NA,NA,NA
"819","TUV","Tuvalu",2021,NA,NA,4.41436,48,25,NA,50,NA,NA,NA,NA,NA,450,NA,NA,NA,NA,NA,NA,54.6352,NA,NA,NA,NA,NA,NA,NA,NA,NA,NA,0,"Tuvalu",NA,NA,73.3124,NA,NA,NA,NA,NA,NA,NA,NA,NA,NA,NA,NA,NA,NA,NA,NA,NA,NA,NA
"820","UGA","Uganda",2021,52.0886,51.6819,0.0838842,85,31,23914400,98,23089,59.9527,0.0502909,9620,0.0209536,38512,5772,0.0125722,246,30785,2711,NA,49.4743,1115,23727600,186711,NA,NA,5772,NA,NA,14.9875,24.9994,0,"Uganda",NA,NA,10,"Uganda",15.454,NA,1624,855,1262590000,NA,777458,NA,NA,NA,NA,NA,NA,NA,NA,NA,NA,NA
"821","ARE","United Arab Emirates",2021,230.732,199.205,36.5005,100,99.83,22586400,100,40296,1.12777,0.411644,129076,1.31858,3573060,3403680,34.7703,345,130,3542380,NA,99.9,30197,19500300,3086130,9916370,NA,588405,459980,2355300,95.2597,3.61248,90.74,"United Arab Emirates",100,100,100,"United Arab Emirates",2.67144,5301170000,5992,1562,8094750000,1920350000,1350930,23.7235,NA,NA,NA,NA,NA,NA,NA,NA,NA,NA
"822","GBR","United Kingdom",2021,125.279,117.887,41.1135,99.9,99.9,84775000,99.9,0,0,0,311000,0.459591,27821000,27510000,40.6539,25000,NA,2048000,NA,96.2807,20392000,79773000,5002000,NA,5355000,3108000,17123000,7279000,98.8821,1.09236,46,"United Kingdom",NA,NA,96.1965,"United Kingdom",NA,NA,NA,NA,42730700000,9889080000,NA,23.1428,NA,NA,NA,NA,NA,NA,NA,NA,NA,NA
"823","USA","United States",2021,164.246,NA,37.0074,99.9,99.9,558700000,99.9,1221000,0.969933,0.358947,4881000,1.43491,125885000,119783000,35.2136,1873000,2898000,26485000,488000,94.3524,16891000,NA,NA,478743000,77250000,13759000,17445000,88579000,95.1527,4.0108,94,"United States",NA,NA,91.2684,"United States",6.81273,NA,662300,NA,6.64482e+11,8.8006e+10,1003290,13.2443,NA,NA,NA,NA,NA,NA,NA,NA,NA,NA
"824","URY","Uruguay",2021,110.039,NA,32.5451,92.3,92.3,3737690,92.7,749,0.0677547,0.0220508,208169,6.12857,1105460,896540,26.3945,NA,9730,894167,71075,83.2009,130486,NA,NA,NA,0,NA,NA,NA,81.1012,18.831,NA,"Uruguay",NA,NA,87.6444,"Uruguay",5.78344,NA,7154,3287,1086880000,NA,151926,NA,NA,NA,NA,NA,NA,NA,NA,NA,NA,NA
"825","UZB","Uzbekistan",2021,104.985,80.4344,21.8944,95,75,35950600,99.4,65316,0.871175,0.190739,5095440,14.8799,7497460,2336700,6.82374,0,382506,4326550,0,95.05,2788400,27543700,8406900,14560900,0,588848,1159000,588849,31.1666,67.9623,10,"Uzbekistan",72.5694,80.6333,76.5904,"Uzbekistan",5.3432,1.7915e+12,30812,9986,1127040000,369316000,36578,32.7686,NA,NA,NA,NA,NA,NA,NA,NA,NA,NA
"826","VUT","Vanuatu",2021,297.476,NA,1.03214,70,70,909883,90,1130,35.7935,0.36944,1054,0.344593,3157,973,0.318111,156,1286,1423,NA,59.0907,NA,NA,909883,NA,NA,NA,NA,NA,30.8204,33.3861,0,"Vanuatu",NA,NA,45.6772,"Vanuatu",NA,NA,NA,NA,40272000,NA,NA,NA,NA,NA,NA,NA,NA,NA,NA,NA,NA,NA
"827","VEN","Venezuela",2021,48.6555,45.4768,9.24244,82,65,13739200,92,881154,33.7625,3.12047,1610150,5.70209,2609860,118562,0.419869,28,31929,145046,2879,NA,2183950,12841700,897582,226363,224488,85750,26105,6707,4.54284,62.6138,0,NA,NA,NA,NA,"Venezuela",6.41121,0,20660,7343,NA,NA,NA,22.0043,NA,NA,NA,NA,NA,NA,NA,NA,NA,NA
"828","VNM","Viet Nam",2021,86.5427,80.0633,19.5362,99.8,99.7,85621100,99.8,9153,0.0473557,0.00925152,69543,0.0702915,19328200,19249500,19.4567,71,657,18463900,20639,80.99,48991,79210700,6410380,83234200,793951,67963,15702300,3479190,99.5928,0.359801,0,"Viet Nam",71.4934,76.9435,74.21,"Viet Nam",25.8713,3e+08,80783,24325,5634030000,936235000,69742.8,16.6175,NA,NA,NA,NA,NA,NA,NA,NA,NA,NA
"829","YEM","Yemen",2021,19.5105,NA,1.09217,62,0,7246240,91.8,139207,34.3183,0.374815,264062,0.710986,405635,1043,0.00280828,NA,NA,1043,NA,29.6361,401003,NA,NA,0,NA,NA,NA,NA,0.257128,NA,0,NA,NA,NA,NA,NA,NA,NA,NA,NA,NA,NA,NA,NA,NA,NA,NA,NA,NA,NA,NA,NA,NA,NA
"830","ZMB","Zambia",2021,52.8344,NA,0.411108,95.5,91.2,10357400,97.1,18548,23.0147,0.0946152,59894,0.305525,80592,2150,0.0109674,216,650,6463,73183,47.6668,96,NA,NA,NA,NA,1886,144,120,2.66776,74.3176,0,NA,NA,NA,NA,"Zambia",25.9281,NA,1709,507,553109000,148562000,323645,26.8594,NA,NA,NA,NA,NA,NA,NA,NA,NA,NA
"831","ZWE","Zimbabwe",2021,59.0679,49.736,1.29981,84.31,39.12,9331090,93.54,100294,48.8446,0.634884,82456,0.521966,205333,22583,0.142956,2653,16185,62004,12790,55.613,111701,7856900,1474190,1286070,NA,NA,NA,NA,10.9982,40.1572,NA,"Zimbabwe",NA,NA,37.0967,"Zimbabwe",19.1767,NA,4668,1579,NA,NA,NA,7.0328,NA,NA,NA,NA,NA,NA,NA,NA,NA,NA
"832","UKR","Ukraine",2021,80.1196,NA,18.2678,91.6,91.6,33184500,99.9,62159,0.821526,0.150075,NA,NA,7566290,7504130,18.1177,3469,90759,6382760,246273,82.6755,566136,NA,NA,25573900,276891,1023970,4517410,1962740,99.1785,NA,0,"Ukraine",76.8126,82.0031,79.2183,"Ukraine",21.9276,1982500000,50056,18655,2969310000,430936000,59319.7,14.513,NA,NA,NA,NA,NA,NA,NA,NA,NA,NA
"833","VAT","Vatican",2020,NA,NA,NA,NA,NA,NA,NA,NA,NA,NA,NA,NA,NA,NA,NA,NA,NA,NA,NA,79.0478,NA,NA,NA,NA,NA,NA,NA,NA,NA,NA,NA,"Vatican",NA,NA,77.95,NA,NA,NA,NA,NA,NA,NA,NA,NA,NA,NA,NA,NA,NA,NA,NA,NA,NA,NA
"834","TUV","Tuvalu",2020,NA,NA,NA,48,20,NA,50,NA,NA,NA,NA,NA,NA,NA,NA,NA,NA,NA,NA,62.6,NA,NA,NA,NA,NA,NA,NA,NA,NA,NA,NA,"Tuvalu",NA,NA,61.0265,NA,NA,NA,NA,NA,NA,NA,NA,NA,NA,NA,NA,NA,NA,NA,NA,NA,NA,NA
"835","SHN","St. Helena",2019,NA,NA,NA,97,97,NA,98,NA,NA,NA,NA,NA,NA,NA,NA,NA,NA,NA,NA,NA,NA,NA,NA,NA,NA,NA,NA,NA,NA,NA,NA,NA,NA,NA,NA,NA,NA,NA,NA,NA,NA,NA,NA,NA,NA,NA,NA,NA,NA,NA,NA,NA,NA,NA
"836","TCA","Turks & Caicos Is.",2019,NA,NA,NA,95,95,NA,98,NA,NA,NA,NA,NA,NA,NA,NA,NA,NA,NA,NA,NA,NA,NA,NA,NA,NA,NA,NA,NA,NA,NA,NA,NA,NA,NA,NA,NA,NA,NA,NA,NA,NA,NA,NA,NA,NA,NA,NA,NA,NA,NA,NA,NA,NA,NA
"837","SHN","St. Helena",2020,NA,NA,NA,97,97,NA,98,NA,NA,NA,NA,NA,NA,NA,NA,NA,NA,NA,NA,NA,NA,NA,NA,NA,NA,NA,NA,NA,NA,NA,NA,NA,NA,NA,NA,NA,NA,NA,NA,NA,NA,NA,NA,NA,NA,NA,NA,NA,NA,NA,NA,NA,NA,NA
"838","TCA","Turks & Caicos Is.",2020,NA,NA,NA,95,95,NA,98,NA,NA,NA,NA,NA,NA,NA,NA,NA,NA,NA,NA,NA,NA,NA,NA,NA,NA,NA,NA,NA,NA,NA,NA,NA,NA,NA,NA,NA,NA,NA,NA,NA,NA,NA,NA,NA,NA,NA,NA,NA,NA,NA,NA,NA,NA,NA
"839","MNP","Northern Marianas",2019,NA,NA,NA,34.78,NA,NA,NA,NA,NA,NA,NA,NA,NA,NA,NA,NA,NA,NA,NA,NA,NA,NA,NA,NA,NA,NA,NA,NA,NA,NA,NA,NA,NA,NA,NA,NA,NA,NA,NA,NA,NA,NA,NA,NA,NA,NA,NA,NA,NA,NA,NA,NA,NA,NA
"840","MYT","Mayotte",2019,NA,NA,NA,66.39,NA,NA,NA,NA,NA,NA,NA,NA,NA,NA,NA,NA,NA,NA,NA,NA,NA,NA,NA,NA,NA,NA,NA,NA,NA,NA,NA,NA,NA,NA,NA,NA,NA,NA,NA,NA,NA,NA,NA,NA,NA,NA,NA,NA,NA,NA,NA,NA,NA,NA
"841","VIR","Virgin Islands (US)",2019,NA,NA,NA,80.13,71.01,NA,NA,NA,NA,NA,NA,NA,NA,NA,NA,NA,NA,NA,NA,NA,NA,NA,NA,NA,NA,NA,NA,NA,NA,NA,NA,NA,NA,NA,NA,NA,NA,NA,NA,NA,NA,NA,NA,NA,NA,NA,NA,NA,NA,NA,NA,NA,NA,NA
"842","GUF","French Guiana",2019,NA,NA,NA,85.28,NA,NA,NA,NA,NA,NA,NA,NA,NA,NA,NA,NA,NA,NA,NA,NA,NA,NA,NA,NA,NA,NA,NA,NA,NA,NA,NA,NA,NA,NA,NA,NA,NA,NA,NA,NA,NA,NA,NA,NA,NA,NA,NA,NA,NA,NA,NA,NA,NA,NA
"843","PLW","Palau",2019,NA,NA,NA,88,NA,NA,NA,NA,NA,NA,NA,NA,NA,NA,NA,NA,NA,NA,NA,NA,NA,NA,NA,NA,NA,NA,NA,NA,NA,NA,NA,NA,NA,NA,NA,NA,NA,NA,NA,NA,NA,NA,NA,NA,NA,NA,NA,NA,NA,NA,NA,NA,NA,NA
"844","ASM","American Samoa",2019,NA,NA,NA,92.67,NA,NA,NA,NA,NA,NA,NA,NA,NA,NA,NA,NA,NA,NA,NA,NA,NA,NA,NA,NA,NA,NA,NA,NA,NA,NA,NA,NA,NA,NA,NA,NA,NA,NA,NA,NA,NA,NA,NA,NA,NA,NA,NA,NA,NA,NA,NA,NA,NA,NA
"845","MNP","Northern Marianas",2020,NA,NA,NA,34.78,NA,NA,NA,NA,NA,NA,NA,NA,NA,NA,NA,NA,NA,NA,NA,NA,NA,NA,NA,NA,NA,NA,NA,NA,NA,NA,NA,NA,NA,NA,NA,NA,NA,NA,NA,NA,NA,NA,NA,NA,NA,NA,NA,NA,NA,NA,NA,NA,NA,NA
"846","MYT","Mayotte",2020,NA,NA,NA,66.39,NA,NA,NA,NA,NA,NA,NA,NA,NA,NA,NA,NA,NA,NA,NA,NA,NA,NA,NA,NA,NA,NA,NA,NA,NA,NA,NA,NA,NA,NA,NA,NA,NA,NA,NA,NA,NA,NA,NA,NA,NA,NA,NA,NA,NA,NA,NA,NA,NA,NA
"847","VIR","Virgin Islands (US)",2020,NA,NA,NA,80.13,71.01,NA,NA,NA,NA,NA,NA,NA,NA,NA,NA,NA,NA,NA,NA,NA,NA,NA,NA,NA,NA,NA,NA,NA,NA,NA,NA,NA,NA,NA,NA,NA,NA,NA,NA,NA,NA,NA,NA,NA,NA,NA,NA,NA,NA,NA,NA,NA,NA,NA
"848","GUF","French Guiana",2020,NA,NA,NA,85.28,NA,NA,NA,NA,NA,NA,NA,NA,NA,NA,NA,NA,NA,NA,NA,NA,NA,NA,NA,NA,NA,NA,NA,NA,NA,NA,NA,NA,NA,NA,NA,NA,NA,NA,NA,NA,NA,NA,NA,NA,NA,NA,NA,NA,NA,NA,NA,NA,NA,NA
"849","PLW","Palau",2020,NA,NA,NA,88,NA,NA,NA,NA,NA,NA,NA,NA,NA,NA,NA,NA,NA,NA,NA,NA,NA,NA,NA,NA,NA,NA,NA,NA,NA,NA,NA,NA,NA,NA,NA,NA,NA,NA,NA,NA,NA,NA,NA,NA,NA,NA,NA,NA,NA,NA,NA,NA,NA,NA
"850","ASM","American Samoa",2020,NA,NA,NA,92.67,NA,NA,NA,NA,NA,NA,NA,NA,NA,NA,NA,NA,NA,NA,NA,NA,NA,NA,NA,NA,NA,NA,NA,NA,NA,NA,NA,NA,NA,NA,NA,NA,NA,NA,NA,NA,NA,NA,NA,NA,NA,NA,NA,NA,NA,NA,NA,NA,NA,NA
"851","CYP","Cyprus",2021,78.0589,73.1169,36.6502,99.93,99.91,725792,99.98,708,0.207762,0.0761454,4574,0.491934,340774,335492,36.0822,14,NA,71156,NA,93.4091,191950,679841,45951,NA,77654,138143,85785,111564,98.45,1.34224,96.3,"Cyprus",90.4551,91.0784,90.7595,"Cyprus",8.94343,NA,2724,878,634019000,138371000,232753,21.8245,NA,NA,NA,NA,NA,NA,NA,NA,NA,NA
"852","SRB","Serbia",2021,105.077,95.233,26.4794,99.45,98.64,7142190,99.73,2824,0.156903,0.0415471,48769,0.717497,1799830,1748240,25.7204,0,96624,351210,10240,81.5077,537924,6473090,669104,5237260,803669,574373,518480,655388,97.1335,2.70964,0,"Serbia",78.7878,83.6277,81.1659,"Serbia",5.48051,NA,13922,6060,2220970000,636082000,159530,28.6398,NA,NA,NA,NA,NA,NA,NA,NA,NA,NA
"853","OMN","Oman",2021,112.592,91.5204,11.5853,100,99,5097550,100,2127,0.405515,0.0469801,291092,6.4295,524518,231299,5.10882,656,196735,184593,740,95.5805,141997,4143540,954010,NA,NA,NA,NA,44534,44.0974,55.497,44.09,"Oman",NA,NA,95.2388,"Oman",6.58026,NA,3765,734,2017050000,452505000,535737,22.434,NA,NA,NA,NA,NA,NA,NA,NA,NA,NA
"854","BDI","Burundi",2022,7.66161,0,0.0300651,50.6,32.18,1020610,96.8,2788,69.613,0.0209292,879,0.00659856,4005,176,0.00132121,44,0,171,0,NA,22,0,1020610,408678,0,147,19,5,4.39451,NA,0,"Burundi",NA,NA,11.0009,"Burundi",77.6914,0,1159,251,112788000,3205090,97315.1,2.84169,NA,NA,NA,NA,NA,NA,NA,NA,NA,NA
"855","COM","Comoros",2022,61.7177,54.4618,0.219375,87,85,514842,92,491,26.8306,0.0588596,355,0.0425564,1830,984,0.117959,44,NA,825,567,42.9,233,454314,60528,NA,NA,NA,NA,NA,53.7705,NA,NA,"Comoros",NA,NA,32.7685,"Comoros",16.5536,NA,122,NA,55796000,1798010,457344,3.22246,NA,NA,NA,NA,NA,NA,NA,NA,NA,NA
"856","DJI","Djibouti",2022,35.0968,NA,1.41246,90,76,399084,90,9701,60.401,0.853138,5366,0.471904,16061,994,0.0874157,NA,NA,398,358,70.3187,15305,NA,NA,NA,NA,729,234,31,6.1889,NA,0,"Djibouti",NA,NA,63.2573,"Djibouti",83.7063,0,2338,644,179388000,15259100,76727.1,8.5062,NA,NA,NA,NA,NA,NA,NA,NA,NA,NA
"857","ERI","Eritrea",2022,29.1745,NA,0.165393,40,0,994689,86,NA,NA,NA,NA,NA,5639,NA,NA,NA,NA,NA,NA,NA,NA,NA,NA,NA,NA,NA,NA,NA,NA,NA,NA,"Eritrea",NA,NA,18.7092,NA,NA,NA,NA,NA,NA,NA,NA,NA,NA,NA,NA,NA,NA,NA,NA,NA,NA,NA
"858","ETH","Ethiopia",2022,26.4786,NA,0.451577,98.53,33,33200000,99.1,1880,0.332035,0.00149939,534569,0.426344,566206,29757,0.0237326,514,14728,108271,NA,NA,442693,NA,NA,422986,NA,23316,4923,1518,5.25551,NA,0,NA,NA,NA,NA,"Ethiopia",47.2072,17425600000,40700,5126,1465410000,497129000,36005.2,33.9242,NA,NA,NA,NA,NA,NA,NA,NA,NA,NA
"859","KEN","Kenya",2022,58.7779,24.0447,1.47647,98,97,31888500,98,12873,1.60707,0.023728,476023,0.877422,801021,312125,0.57532,703,199569,405467,777,NA,796,13044800,15315800,20827000,193709,272871,34850,4404,38.9659,NA,0.6,"Kenya",NA,NA,NA,"Kenya",166.796,NA,10526,4547,3060530000,554766000,290759,18.1265,NA,NA,NA,NA,NA,NA,NA,NA,NA,NA
"860","MDG","Madagascar",2022,23.4293,NA,0.10749,67.23,27.32,7131230,88.2,811,2.47883,0.0026645,7857,0.0258138,32717,24049,0.0790117,9,86,24287,7641,21.5055,140,NA,4895950,NA,0,3692,2569,17788,73.5061,NA,6,"Madagascar",NA,NA,18.5532,"Madagascar",59.0061,NA,2320,835,368788000,186561000,158960,50.5877,NA,NA,NA,NA,NA,NA,NA,NA,NA,NA
"861","MWI","Malawi",2022,38.039,35.4221,0.072406,85.9,70.2,7824150,87.9,5410,36.3258,0.0263021,7964,0.038719,14893,1519,0.007385,NA,13404,1489,NA,16.431,NA,7285870,538274,1707050,NA,525,502,492,10.1994,NA,0,"Malawi",NA,NA,17.0457,"Malawi",100.783,NA,953,440,440374000,33869100,462093,7.69099,NA,NA,NA,NA,NA,NA,NA,NA,NA,NA
"862","MUS","Mauritius",2022,119.471,118.742,26.1964,99,99,1524600,99,57900,17.3198,4.53716,300,0.0235086,334300,276100,21.6357,NA,NA,276400,NA,75.05,NA,1515300,9300,405803,NA,217600,46100,12400,82.5905,NA,33,"Mauritius",NA,NA,75.5,"Mauritius",4.97728,NA,2300,1000,234418000,NA,101921,NA,NA,NA,NA,NA,NA,NA,NA,NA,NA,NA
"863","MOZ","Mozambique",2022,23.3853,23.3159,0.197785,85,60,7636760,87,6383,9.88249,0.019546,35294,0.108077,64589,22912,0.0701612,NA,8900,5307,496,10.5752,25879,7614100,22654,5100230,24007,22912,NA,NA,35.4735,NA,5,"Mozambique",NA,NA,18.7913,"Mozambique",122.352,NA,3558,924,556800000,94242000,156492,16.9257,NA,NA,NA,NA,NA,NA,NA,NA,NA,NA
"864","RWA","Rwanda",2022,60.6506,NA,0.349952,98.76,98.76,8279430,98.76,1604,3.35762,0.01175,4772,0.0349571,47772,41396,0.303245,32,4252,43390,NA,34.6134,98,NA,NA,325236,NA,33660,6954,782,86.6533,NA,0,"Rwanda",NA,NA,31.2252,"Rwanda",205.965,NA,2127,788,309317000,60513000,145424,19.5634,NA,NA,NA,NA,NA,NA,NA,NA,NA,NA
"865","SYC","Seychelles",2022,84.6696,NA,29.8314,99,99,106279,99,7927,21.1697,6.31523,8982,7.15572,37445,20536,16.3605,NA,14154,18013,NA,67.7603,2129,NA,NA,NA,3149,NA,NA,NA,54.8431,NA,NA,"Seychelles",NA,NA,87.0353,"Seychelles",22.179,NA,422,179,104924000,18143700,248635,17.2922,NA,NA,NA,NA,NA,NA,NA,NA,NA,NA
"866","SOM","Somalia",2022,2.49973,NA,0.668468,70,30,445000,80,35160,29.5462,0.197507,83840,0.470961,119000,NA,NA,NA,NA,NA,NA,NA,NA,NA,NA,NA,NA,NA,NA,NA,NA,NA,NA,"Somalia",NA,NA,27.6,NA,NA,NA,NA,NA,NA,NA,NA,NA,NA,NA,NA,NA,NA,NA,NA,NA,NA,NA
"867","SSD","South Sudan",2022,6.89987,1.08881,0.00181469,15,15,760447,48,70,35,0.000635141,60,0.000544406,200,40,0.000362938,150,20,0,0,NA,0,120000,98000,NA,0,20,20,0,20,NA,0,NA,NA,NA,NA,"South Sudan",NA,NA,NA,438,NA,NA,NA,NA,NA,NA,NA,NA,NA,NA,NA,NA,NA,NA
"868","UGA","Uganda",2022,54.2781,53.6838,0.0850849,85,31,25680500,98,NA,NA,NA,32176,0.0680071,40256,8080,0.0170779,NA,NA,NA,NA,49.7832,NA,25399300,281195,NA,NA,NA,NA,NA,20.0715,NA,0,"Uganda",NA,NA,11.1246,"Uganda",14.8169,NA,1733,586,1320540000,NA,761997,NA,NA,NA,NA,NA,NA,NA,NA,NA,NA,NA
"869","TZA","Tanzania",2022,28.9028,28.9028,0.110774,85,58,18703500,95,NA,NA,NA,NA,NA,71684,NA,NA,33352,236924,472964,654875,NA,NA,18703500,NA,NA,31105,NA,NA,NA,NA,NA,0,"Tanzania",NA,NA,22.101,"Tanzania",43.2724,NA,3665,1312,NA,NA,NA,18.8673,NA,NA,NA,NA,NA,NA,NA,NA,NA,NA
"870","ZMB","Zambia",2022,54.7457,38.322,0.42895,95.5,91.2,11032900,97.1,19432,22.4788,0.0964227,64205,0.318589,86446,2809,0.0139384,520,307,6790,76363,52.4932,82,7723010,3309860,NA,NA,2376,30,403,3.24943,NA,NA,"Zambia",NA,NA,15,"Zambia",19.8787,NA,1914,473,650768000,130314000,340004,20.0246,NA,NA,NA,NA,NA,NA,NA,NA,NA,NA
"871","ZWE","Zimbabwe",2022,60.491,50.9342,1.6215,84.33,40.06,9720330,93.62,118375,45.431,0.736664,108077,0.672578,260560,34108,0.212259,5518,76320,65400,8434,56.9161,104888,8184650,1535680,2586370,NA,NA,NA,NA,13.0903,NA,2.65,"Zimbabwe",NA,NA,37.8861,"Zimbabwe",16.3941,NA,4776,1630,NA,NA,NA,6.76606,NA,NA,NA,NA,NA,NA,NA,NA,NA,NA
"872","AGO","Angola",2022,26.2371,24.6415,0.386698,80.9,75.15,9349590,87,22100,16.0377,0.0620176,57839,0.162309,137800,57861,0.162371,NA,NA,NA,NA,45.4872,NA,8781010,568578,NA,NA,30191,18622,9048,41.9891,NA,NA,"Angola",NA,NA,42.0719,NA,NA,NA,NA,NA,NA,NA,NA,NA,NA,NA,NA,NA,NA,NA,NA,NA,NA,NA
"873","CMR","Cameroon",2022,36.4039,36.4039,2.12862,70,70,10059400,80.1,555704,94.4757,2.01103,32494,0.117592,588198,14968,0.0541676,654,389466,60647,NA,50.539,9874,10059400,0,7185460,2070,NA,NA,NA,2.54472,NA,NA,"Cameroon",NA,NA,41.775,"Cameroon",550.557,NA,4985,NA,999065000,404117000,2024.86,40.4495,NA,NA,NA,NA,NA,NA,NA,NA,NA,NA
"874","CAF","Central African Rep.",2022,5.47475,NA,0.0160846,57.77,0.3,279105,57.77,NA,NA,NA,NA,NA,820,NA,NA,NA,NA,NA,NA,NA,NA,NA,NA,NA,NA,NA,NA,NA,NA,NA,NA,NA,NA,NA,NA,NA,NA,NA,NA,NA,NA,NA,NA,NA,NA,NA,NA,NA,NA,NA,NA,NA,NA,NA
"875","TCD","Chad",2022,3.26292,3.24615,0,68,36,602183,86.8,0,NA,0,0,0,0,0,0,0,0,NA,NA,NA,0,599087,3096,602183,0,0,0,0,NA,NA,0,"Chad",NA,NA,12.4865,"Chad",449.275,0,837,195,306388000,75705200,366055,24.7089,NA,NA,NA,NA,NA,NA,NA,NA,NA,NA
"876","COG","Congo (Rep. of the)",2022,50.256,NA,0.435883,87.01,87,3033000,88,NA,NA,NA,1113,0.0184421,26306,25193,0.417441,NA,NA,NA,NA,38.3295,NA,NA,NA,NA,NA,NA,NA,NA,95.769,NA,0,"Congo (Rep. of the)",NA,NA,37.4939,NA,NA,NA,NA,NA,NA,NA,NA,NA,NA,NA,NA,NA,NA,NA,NA,NA,NA,NA
"877","COD","Dem. Rep. of the Congo",2022,25.328,25.2472,0.0322275,55,45,25935100,75,33000,100,0.0322275,NA,NA,33000,NA,NA,NA,NA,NA,NA,36.6232,NA,25852300,82761,NA,NA,NA,NA,NA,NA,NA,NA,"Dem. Rep. of the Congo",NA,NA,29.4996,"Dem. Rep. of the Congo",NA,NA,1587,358,2413710000,NA,1520930,NA,NA,NA,NA,NA,NA,NA,NA,NA,NA,NA
"878","GNQ","Equatorial Guinea",2022,0.830808,NA,0.100691,65,65,14984,80,9,0.495595,0.000499017,1790,0.099249,1816,17,0.000942588,NA,NA,NA,NA,59.2006,NA,NA,NA,NA,NA,NA,NA,NA,0.936123,NA,0,"Equatorial Guinea",NA,NA,59.3433,NA,NA,NA,NA,NA,NA,NA,NA,NA,NA,NA,NA,NA,NA,NA,NA,NA,NA,NA
"879","GAB","Gabon",2022,89.873,89.873,3.30549,98,98,2184590,99,54,0.0672076,0.00222154,1948,0.08014,80348,78346,3.22312,NA,NA,78346,NA,75.8136,1948,2184590,0,NA,NA,78346,NA,NA,97.5083,NA,NA,"Gabon",NA,NA,70.7069,"Gabon",16.8453,NA,731,271,379730000,NA,519466,NA,NA,NA,NA,NA,NA,NA,NA,NA,NA,NA
"880","STP","Sao Tome and Principe",2022,40.7698,39.597,2.0247,95,0,92264,96,5,0.109123,0.00220941,3537,1.56293,4582,1040,0.459557,NA,1848,2699,NA,57.1037,35,89610,2654,NA,NA,NA,NA,NA,22.6975,NA,0,"Sao Tome and Principe",NA,NA,61.5535,"Sao Tome and Principe",39.1843,NA,98,31,14029200,2911390,143155,20.7523,NA,NA,NA,NA,NA,NA,NA,NA,NA,NA
"881","DZA","Algeria",2022,98.4192,95.8068,10.3517,98.07,85.87,44758500,98.49,4495,0.095482,0.00988403,6687,0.014704,4707690,4696510,10.3271,1871,1423430,478172,11554,90.2168,2792700,43570500,1188050,38797200,0,4677260,11522,7728,99.7625,NA,0,"Algeria",NA,NA,74.8319,"Algeria",6.02974,0,33623,11395,3348610000,765855000,99592.9,22.8708,NA,NA,NA,NA,NA,NA,NA,NA,NA,NA
"882","EGY","Egypt",2022,63.8891,61.6864,10.6832,99.7,98,71950800,99.85,7.8,6.4831e-05,6.92605e-06,12,1.06555e-05,12031300,12031300,10.6832,510,3123,1907470,23177,73.224,10097000,69470200,2480650,43292900,0,NA,12031300,NA,99.9998,NA,0,"Egypt",65.188,79.2587,72.1981,"Egypt",5.24753,NA,60984,17748,6747070000,1722220000,110637,25.5255,NA,NA,NA,NA,NA,NA,NA,NA,NA,NA
"883","LBY","Libya",2022,118.444,NA,4.51841,93.5,90,8556130,98,139519,42.7447,1.93138,186882,2.58703,326401,0,0,NA,NA,NA,NA,86.2872,NA,NA,NA,NA,NA,NA,NA,NA,0,NA,0,"Libya",NA,NA,88.6412,NA,NA,NA,NA,NA,NA,NA,NA,NA,NA,NA,NA,NA,NA,NA,NA,NA,NA,NA
"884","SDN","Sudan",2022,45.1847,NA,0.0604394,78.6,35,22313700,91.6,NA,NA,NA,NA,NA,29847,NA,NA,NA,NA,NA,NA,NA,NA,NA,NA,NA,NA,NA,NA,NA,NA,NA,NA,"Sudan",NA,NA,NA,NA,NA,NA,NA,NA,NA,NA,NA,NA,NA,NA,NA,NA,NA,NA,NA,NA,NA,NA
"885","TUN","Tunisia",2022,87.503,83.1162,13.9309,99,95,10604800,99,4888,0.289516,0.0403322,297185,2.45216,1688340,1386260,11.4384,131,457830,172900,1562,58.9721,1055910,10073100,531645,8230000,0,1077180,305493,3589,82.1082,NA,0,"Tunisia",NA,NA,70.5532,"Tunisia",5.5339,1.75e+08,9903,4284,1185410000,186880000,119702,15.765,NA,NA,NA,NA,NA,NA,NA,NA,NA,NA
"886","BWA","Botswana",2022,116.602,113.382,4.53192,98,91,2844960,98,5420,4.90169,0.222141,100899,4.13539,110574,4255,0.174393,430,7540,NA,NA,75.9481,25840,2766400,56070,2844960,NA,4255,NA,NA,3.8481,NA,23,"Botswana",NA,NA,80.3696,"Botswana",18.4464,0,1692,NA,248814000,70986800,147053,28.53,NA,NA,NA,NA,NA,NA,NA,NA,NA,NA
"887","SWZ","Eswatini",2022,95.0848,94.7228,2.1853,99.1,81,1159010,99.1,2874,10.7895,0.235783,12541,1.02886,26637,11222,0.920653,98,19612,31,NA,62.7,7368,1154590,4413,901694,0,NA,NA,NA,42.1294,NA,0,"Eswatini",NA,NA,57.465,"Eswatini",25.9154,NA,1005,385,142009000,13826600,141303,9.73639,NA,NA,NA,NA,NA,NA,NA,NA,NA,NA
"888","LSO","Lesotho",2022,67.697,NA,0.397531,95.8,85.1,1547630,95.8,0,0,0,0,0,9088,9088,0.397531,NA,NA,4726,3998,NA,364,NA,NA,677106,0,4785,3859,444,0,NA,0,"Lesotho",NA,NA,46.5007,"Lesotho",85.7058,NA,578,254,100921000,16747700,174604,16.5948,NA,NA,NA,NA,NA,NA,NA,NA,NA,NA
"889","NAM","Namibia",2022,68.769,67.9992,3.29191,89,79,1987190,100,582,0.611827,0.0201408,62885,2.17621,95125,31658,1.09556,1333,NA,17169,5834,68.376,70789,1964950,22246,1964950,NA,0,0,0,33.2804,NA,0,"Namibia",NA,NA,61.1485,"Namibia",10.919,NA,937,362,243808000,43724800,260201,17.9341,NA,NA,NA,NA,NA,NA,NA,NA,NA,NA
"890","ZAF","South Africa",2022,129.684,76.1471,3.12297,99.88,98.47,80895100,99.95,7969,0.409073,0.0127753,139887,0.224255,1948060,1800210,2.88594,4811,191335,1291400,155131,75.2937,294491,47499300,33395700,23031200,10899,690142,659850,450214,92.4101,NA,23.69,"South Africa",NA,NA,75.4556,"South Africa",24.4275,8552470000,31990,11770,9112690000,2367460000,284860,25.9798,NA,NA,NA,NA,NA,NA,NA,NA,NA,NA
"891","BEN","Benin",2022,40.9117,40.3429,0.153072,82,80,5629240,98,1309,6.21498,0.00951343,3003,0.0218249,21062,16750,0.121734,NA,10280,7519,3045,34.4,218,5550990,78254,3476060,NA,1309,15319,122,79.5271,NA,0,"Benin",NA,NA,30.0134,"Benin",829.62,NA,1266,344,550518000,100040000,434849,18.1719,NA,NA,NA,NA,NA,NA,NA,NA,NA,NA
"892","BFA","Burkina Faso",2022,72.2978,NA,0.0669065,58.04,39.39,16273500,92.6,NA,NA,NA,NA,NA,15060,NA,NA,NA,NA,NA,NA,18.9837,NA,NA,NA,NA,NA,NA,NA,NA,NA,NA,0,"Burkina Faso",NA,NA,14.6238,NA,NA,NA,NA,NA,NA,NA,NA,NA,NA,NA,NA,NA,NA,NA,NA,NA,NA,NA
"893","CPV","Cabo Verde",2022,85.1232,79.2945,6.56769,93.82,80.23,442420,99.34,NA,NA,NA,NA,NA,34135,34135,6.56769,NA,4996,8040,NA,73.2202,21099,412126,30294,230627,NA,NA,NA,NA,100,NA,NA,"Cabo Verde",NA,NA,72.7601,"Cabo Verde",10.1543,0,579,199,84788300,20577800,146439,24.2696,NA,NA,NA,NA,NA,NA,NA,NA,NA,NA
"894","CIV","Côte d'Ivoire",2022,84.6609,81.7163,1.25179,97.2,91.1,25732700,97.8,39221,10.3082,0.129038,170940,0.562395,380482,170321,0.560359,757,511,176636,151955,68.9445,2072,24837700,895007,0,0,40906,80832,48583,44.7645,NA,0,"Côte d'Ivoire",33.9081,43.2628,38.4133,"Côte d'Ivoire",10.7175,NA,2822,1007,1751680000,446041000,620724,25.4636,NA,NA,NA,NA,NA,NA,NA,NA,NA,NA
"895","GMB","Gambia",2022,60.1029,NA,0.215819,88,60,1584590,98.14,NA,NA,NA,NA,NA,5690,NA,NA,NA,NA,NA,NA,42.3137,NA,NA,NA,NA,NA,NA,NA,NA,NA,NA,NA,"Gambia",NA,NA,44.0389,NA,NA,NA,NA,NA,NA,NA,NA,NA,NA,NA,NA,NA,NA,NA,NA,NA,NA,NA
"896","GHA","Ghana",2022,69.053,68.9196,0.624945,95.82,67.65,22890500,96.98,0,0,0,0,0,207164,0,0,NA,NA,67270,139894,54.4164,NA,22846200,44247,9130380,NA,0,0,0,0,NA,0,"Ghana",NA,NA,69.3607,"Ghana",6.34515,NA,2094,639,NA,NA,NA,NA,NA,NA,NA,NA,NA,NA,NA,NA,NA,NA
"897","GIN","Guinea",2022,23.0998,NA,0.00627529,40,32.12,3246710,87.93,NA,NA,NA,NA,NA,882,NA,NA,NA,NA,NA,NA,32.1755,NA,NA,NA,NA,NA,NA,NA,NA,NA,NA,NA,"Guinea",NA,NA,24.6954,NA,NA,NA,NA,NA,NA,NA,NA,NA,NA,NA,NA,NA,NA,NA,NA,NA,NA,NA
"898","GNB","Guinea-Bissau",2022,62.4978,61.9542,0.219185,48,31,1315910,100,1578,34.1928,0.0749455,3013,0.143099,4615,24,0.00113986,NA,4615,NA,NA,22.2906,NA,1304460,11446,519440,NA,NA,NA,NA,0.520043,NA,0,"Guinea-Bissau",NA,NA,27.5672,"Guinea-Bissau",NA,NA,252,63,109751,18321.6,435.519,16.6938,NA,NA,NA,NA,NA,NA,NA,NA,NA,NA
"899","LBR","Liberia",2022,40.6561,NA,0.274673,76,67,2184570,78.1,NA,NA,NA,NA,NA,14759,NA,NA,NA,NA,NA,NA,45.041,NA,NA,NA,NA,NA,NA,NA,NA,NA,NA,NA,"Liberia",NA,NA,21.8966,NA,NA,NA,NA,NA,NA,NA,NA,NA,NA,NA,NA,NA,NA,NA,NA,NA,NA,NA
"900","MLI","Mali",2022,57.2644,NA,0.77422,70,53,13212400,100,8762,4.90503,0.0379757,124601,0.540038,178633,45270,0.196206,10,13105,11751,0,45.7686,23537,NA,NA,NA,0,NA,NA,NA,25.3425,NA,0,"Mali",NA,NA,34.3797,NA,NA,NA,NA,NA,NA,NA,NA,NA,NA,NA,NA,NA,NA,NA,NA,NA,NA,NA
"901","MRT","Mauritania",2022,71.3208,NA,0.415228,43.9,34.7,3477340,97.7,NA,NA,NA,NA,NA,20245,NA,NA,NA,NA,NA,NA,52.8671,NA,NA,NA,NA,NA,NA,NA,NA,NA,NA,NA,"Mauritania",NA,NA,34.3001,"Mauritania",17.2621,NA,820,214,305104000,124597000,372078,40.8377,NA,NA,NA,NA,NA,NA,NA,NA,NA,NA
"902","NER","Niger",2022,36.731,NA,NA,24,17.5,9297350,92,NA,NA,NA,NA,NA,NA,NA,NA,NA,NA,NA,NA,51.1278,NA,NA,NA,NA,NA,NA,NA,NA,NA,NA,NA,"Niger",NA,NA,23.2982,"Niger",NA,NA,1610,NA,393542000,74424100,244436,18.9114,NA,NA,NA,NA,NA,NA,NA,NA,NA,NA
"903","NGA","Nigeria",2022,40.5102,38.6036,0.0433814,86.82,80.86,90399000,93.9,14528,15.0073,0.00651039,81766,0.0366416,96806,512,0.000229441,5049,23819,38400,29538,39.1359,NA,86144200,4254740,53979300,NA,329461,NA,NA,0.528893,NA,NA,"Nigeria",NA,NA,37.6975,"Nigeria",159.873,399906000,15507,4386,9052150000,1844620000,583746,20.3777,NA,NA,NA,NA,NA,NA,NA,NA,NA,NA
"904","SHN","St. Helena",2022,NA,NA,18.3605,97,97,NA,98,NA,NA,NA,NA,NA,981,NA,NA,NA,NA,NA,NA,NA,NA,NA,NA,NA,NA,NA,NA,NA,NA,NA,NA,NA,NA,NA,NA,NA,NA,NA,NA,NA,NA,NA,NA,NA,NA,NA,NA,NA,NA,NA,NA,NA,NA,NA
"905","SEN","Senegal",2022,96.1904,NA,1.40365,99.4,95.4,16978700,99.4,NA,NA,NA,NA,NA,247760,NA,NA,NA,NA,NA,NA,58.8391,NA,NA,NA,9301820,NA,NA,NA,NA,NA,NA,NA,"Senegal",NA,NA,59.2246,"Senegal",13.0519,NA,3877,NA,1011380000,218897000,260866,21.6435,NA,NA,NA,NA,NA,NA,NA,NA,NA,NA
"906","SLE","Sierra Leone",2022,25.7537,NA,NA,94.57,53.58,2131590,94.57,NA,NA,NA,NA,NA,NA,NA,NA,NA,NA,NA,NA,NA,NA,NA,NA,NA,NA,NA,NA,NA,NA,NA,NA,"Sierra Leone",NA,NA,19.2287,NA,NA,NA,NA,NA,NA,NA,NA,NA,NA,NA,NA,NA,NA,NA,NA,NA,NA,NA
"907","TGO","Togo",2022,36.9914,NA,1.03724,99,96,3362420,99,11,0.0116671,0.000121016,651,0.00716192,94282,93620,1.02995,NA,2255,85386,322,44.5639,3945,NA,NA,1293810,NA,7666,57581,28373,99.2979,NA,NA,"Togo",NA,NA,35.5105,"Togo",21.3068,NA,1398,405,367545000,112021000,262907,30.4782,NA,NA,NA,NA,NA,NA,NA,NA,NA,NA
"908","KAZ","Kazakhstan",2022,93.1283,92.0767,14.474,97.7,87.3,18657900,99,21343,0.736016,0.106531,802932,4.00772,2899800,1947020,9.71828,2800,127500,1530800,178600,96.1723,1000300,18447200,210600,15857700,59800,605452,218347,639840,67.1432,NA,5,"Kazakhstan",91.8952,92.725,92.2969,"Kazakhstan",16.3448,NA,46331,17142,2436270000,164737000,52583.9,6.76186,NA,NA,NA,NA,NA,NA,NA,NA,NA,NA
"909","KGZ","Kyrgyzstan",2022,87.6647,87.6647,5.60484,98,96.9,6097770,98.8,6333,1.62443,0.0910465,82675,1.18858,389861,300853,4.32522,33,7,323514,149450,77.5837,7857,6097770,0,5224630,0,296358,4451,44,77.1693,NA,0,"Kyrgyzstan",NA,NA,82.5991,"Kyrgyzstan",28.2818,0,6099,1892,332797000,184189000,54565.8,55.3457,NA,NA,NA,NA,NA,NA,NA,NA,NA,NA
"910","TJK","Tajikistan",2022,36.6871,NA,0.585196,94.29,80,3735560,94.29,NA,NA,NA,NA,NA,59586,NA,NA,NA,NA,NA,NA,41.7236,NA,NA,NA,NA,NA,NA,NA,NA,NA,NA,NA,"Tajikistan",NA,NA,53.1078,NA,NA,NA,NA,NA,NA,NA,NA,NA,NA,NA,NA,NA,NA,NA,NA,NA,NA,NA
"911","TKM","Turkmenistan",2022,44.4663,NA,5.21711,74.69,67,3215000,98,204867,54.3116,2.83349,170530,2.35858,377207,1810,0.0250339,NA,NA,NA,NA,NA,NA,NA,NA,NA,NA,NA,NA,NA,0.479843,NA,NA,NA,NA,NA,NA,NA,NA,NA,NA,NA,NA,NA,NA,NA,NA,NA,NA,NA,NA,NA,NA,NA,NA,NA
"912","UZB","Uzbekistan",2022,105.773,81.7108,25.7992,96,85,36956100,99.5,2540,0.0281785,0.00726982,1975250,5.65343,9013980,7036190,20.1385,0,638608,6559830,0,95.53,1815540,28548900,8407170,16268900,0,2547100,3067780,1421310,78.0586,NA,12,"Uzbekistan",80.9131,86.9,83.9,"Uzbekistan",5.79878,1.75392e+12,32971,10236,1326740000,360828000,40239.7,27.1965,NA,NA,NA,NA,NA,NA,NA,NA,NA,NA
"913","CHN","China",2022,107.894,107.869,41.3736,99.9,99.9,1537680000,99.9,108718,0.0184378,0.00762837,5260110,0.369084,589648000,584280000,40.9969,45,NA,566660000,19410900,82.2646,3577600,1537330000,348632,1268380000,0,1691290,51189600,531399000,99.0895,NA,80,"China",75.2437,75.9624,75.6113,"China",6.32351,NA,1134530,435471,2.35248e+11,62215300000,207353,26.4467,NA,NA,NA,NA,NA,NA,NA,NA,NA,NA
"914","HKG","Hong Kong, China",2022,158.438,152.947,39.9518,99,99,11828800,100,0,0,0,12963,0.173629,2982770,2969800,39.7782,NA,28425,2512510,935,96.0519,309212,11418900,409947,11379000,131684,297554,57489,2614760,99.5654,NA,90,"Hong Kong, China",94.6831,96.6376,95.6136,"Hong Kong, China",4.93209,NA,18117,6818,15675300000,835481000,865227,5.32991,NA,NA,NA,NA,NA,NA,NA,NA,NA,NA
"915","MAC","Macao, China",2022,172.245,NA,29.6066,99.8,99.8,1213220,99.9,11,0.00527487,0.00156171,2823,0.400792,208536,205702,29.2043,NA,NA,206718,120,94.8176,1698,NA,NA,1102660,NA,20850,2388,182464,98.641,NA,93,"Macao, China",NA,NA,87.9696,"Macao, China",16.2478,NA,1501,NA,368895000,21589000,245766,5.85236,NA,NA,NA,NA,NA,NA,NA,NA,NA,NA
"916","TWN","Taiwan, Province of China",2022,121.085,118.412,28.3305,100,99.96,28358300,100,45031,0.678685,0.192275,373915,1.59656,6635040,6216090,26.5417,333,0,4124520,1284,89.7,340715,27732300,626035,28358300,2168180,963405,1335860,3916820,93.6859,NA,94.2,"Taiwan, Province of China",84.6,88,86.268,"Taiwan, Province of China",3.42107,31125500000,42123,16313,9564610000,2078690000,227064,21.7332,NA,NA,NA,NA,NA,NA,NA,NA,NA,NA
"917","PRK","Dem. People's Rep. of Korea",2022,20.7304,NA,NA,94,0,5458070,95.09,NA,NA,NA,NA,NA,NA,NA,NA,NA,NA,NA,NA,NA,NA,NA,NA,NA,NA,NA,NA,NA,NA,NA,NA,NA,NA,NA,NA,NA,NA,NA,NA,NA,NA,NA,NA,NA,NA,NA,NA,NA,NA,NA,NA,NA,NA,NA
"918","JPN","Japan",2022,232.432,NA,36.8414,99.9,96.6,290534000,99.9,105655,0.229431,0.0845256,1546120,1.23692,46050900,42923000,34.3391,NA,1456,38064700,1353300,89.5488,356891,NA,NA,211656000,6274500,621494,1392780,41066200,93.2078,NA,96.6,"Japan",82.1328,87.8911,84.9234,"Japan",2.40514,NA,145510,NA,1.35386e+11,23296300000,930426,17.2073,NA,NA,NA,NA,19.401,56.7434,NA,NA,12.4823,51.8428
"919","MNG","Mongolia",2022,118.041,107.643,12.9008,100,99,3996900,100,17833,4.08242,0.526666,50383,1.48797,436824,368608,10.8862,377,11673,414462,NA,81.1034,10312,3644820,352079,3093670,NA,151258,214572,2778,84.3836,NA,NA,"Mongolia",NA,NA,82.1725,"Mongolia",29.5642,NA,12688,6001,592028000,116798000,46660.4,19.7284,NA,NA,NA,NA,NA,NA,NA,NA,NA,NA
"920","KOR","Korea (Rep. of)",2022,120.211,114.52,45.4542,99.9,99.9,62248200,99.9,NA,NA,NA,NA,NA,23537300,23537300,45.4542,0,NA,20722000,NA,99.9608,402791,59301300,2946960,46217500,2412530,36743,914880,22585700,100,NA,NA,"Korea (Rep. of)",96.5631,97.7589,97.1686,"Korea (Rep. of)",6.54013,NA,149179,NA,50478300000,6328190000,338374,12.5365,26.6778,20.6756,2.23071,94.6016,14.7291,74.241,13.0024,82.5062,8.36131,82.1094
"921","AFG","Afghanistan",2022,56.2655,30.2287,0.0796302,65.18,33.03,22831900,92,NA,NA,NA,NA,NA,32313,NA,NA,NA,NA,NA,NA,27.2061,NA,12266500,10565400,2113090,NA,NA,NA,NA,NA,NA,NA,"Afghanistan",NA,NA,17.1917,"Afghanistan",96.5652,NA,15665,347,338739000,40269300,21624,11.888,NA,NA,NA,NA,NA,NA,NA,NA,NA,NA
"922","BGD","Bangladesh",2022,56.5151,54.8196,7.1702,98.5,98.5,95728000,99.63,242905,2,0.143404,2671950,1.57745,12145200,9230390,5.44936,NA,NA,10687800,1457430,40.7406,0,92856100,2871840,84912600,0,5586810,3400670,242905,76,NA,0,"Bangladesh",NA,NA,41.6165,"Bangladesh",2378.15,NA,685700,276000,4520660000,NA,6592.77,NA,NA,NA,NA,NA,NA,NA,NA,NA,NA,NA
"923","BTN","Bhutan",2022,96.2823,49.6978,0.631824,97,97,751882,98,1594,32.3064,0.20412,2455,0.314375,4934,885,0.113329,NA,NA,251,NA,99.6,NA,388097,NA,593916,0,115,18,9,17.9368,NA,37,"Bhutan",NA,NA,86.2903,"Bhutan",50.8535,NA,995,303,101.484,37460300,0.101994,36912700,NA,NA,NA,NA,NA,NA,NA,NA,NA,NA
"924","IND","India",2022,56.0318,56.0247,2.35232,98.82,98.67,798690000,99.21,133159,0.397129,0.00934172,1364270,0.0957101,33530500,32033000,2.24726,452,1120000,25960000,3210000,76.3,2320000,798589000,101295,781100000,920000,2204320,4747690,25081000,95.5341,NA,NA,"India",NA,NA,55.9,"India",NA,5.469e+10,NA,NA,32548900000,1.6112e+10,NA,49.5009,NA,NA,NA,NA,NA,NA,NA,NA,NA,NA
"925","IRN","Iran (Islamic Republic of)",2022,162.713,162.713,12.2102,85,81,145668000,96.5,1187850,10.8666,1.32684,4896290,5.46923,10931100,4847000,5.41417,0,1877560,234922,373854,82.0092,8444790,145668000,0,92527500,0,3157620,1689380,0,44.3412,NA,1,"Iran (Islamic Republic of)",NA,NA,79.061,"Iran (Islamic Republic of)",2.31524,0,67934,20380,23209200000,5837220000,341644,25.1504,NA,NA,NA,NA,NA,NA,NA,NA,NA,NA
"926","MDV","Maldives",2022,53.5735,40.0766,17.3997,100,100,280782,100,NA,NA,NA,NA,NA,91193,NA,NA,0,6,72723,789,91.9057,753,210044,70738,NA,16922,NA,NA,NA,NA,NA,53,"Maldives",95.4996,76.3672,83.9119,"Maldives",74.9103,NA,1002,276,NA,NA,NA,NA,NA,NA,NA,NA,NA,NA,NA,NA,NA,NA
"927","NPL","Nepal (Republic of)",2022,91.5447,NA,8.5181,57.17,53.28,27202900,98.26,NA,NA,NA,NA,NA,2531190,NA,NA,NA,NA,NA,NA,62.1996,NA,NA,NA,NA,NA,NA,NA,NA,NA,NA,NA,"Nepal (Republic of)",NA,NA,53.8878,NA,NA,NA,NA,NA,NA,NA,NA,NA,NA,NA,NA,NA,NA,NA,NA,NA,NA,NA
"928","PAK","Pakistan",2022,49.8728,NA,1.28372,79.9,76.4,121540000,89.4,75746,2.42121,0.0310816,1570620,0.644486,3128430,1482070,0.608152,NA,209272,832596,652509,36.8255,1416760,NA,NA,107805000,17298,1424880,48255,8938,47.3742,NA,0,"Pakistan",NA,NA,24.2103,"Pakistan",15.5743,22318600000,40187,3127,3731260000,1116690000,92847.4,29.9281,NA,NA,NA,NA,NA,NA,NA,NA,NA,NA
"929","LKA","Sri Lanka",2022,90.7096,87.676,9.6361,97,97,20713500,99,101,0.00459007,0.000442304,1382080,6.05248,2200400,818217,3.58318,NA,1108960,421537,NA,70.9267,293414,20020800,692715,16456900,NA,NA,NA,787792,37.1849,NA,0,"Sri Lanka",NA,NA,48.3,"Sri Lanka",4.34327,2.2197e+10,11215,2766,722125000,382953000,64389.2,53.0315,NA,NA,NA,NA,NA,NA,NA,NA,NA,NA
"930","BRN","Brunei Darussalam",2022,117.163,116.106,19.805,98.64,98.64,533524,98.64,302,0.334864,0.0663197,302,0.0663197,90186,89884,19.7387,NA,NA,88242,623,94.9998,1208,528714,4810,497899,NA,1758,31002,57124,99.6651,NA,NA,"Brunei Darussalam",NA,NA,98.9704,"Brunei Darussalam",9.5987,NA,1173,387,NA,NA,NA,NA,32.9472,60.2959,NA,NA,0,87.0657,23.2304,75.3539,8.94476,89.6397
"931","KHM","Cambodia",2022,99.3984,95.2803,2.96383,92.1,92.1,17098200,99.6,1654,0.324422,0.00961532,323867,1.88276,509830,184309,1.07146,NA,63177,443947,NA,66.988,2469,16389900,708396,15679700,237,181541,NA,2768,36.1511,NA,NA,"Cambodia",NA,NA,59.6606,"Cambodia",175.452,NA,6717,2063,948999000,143936000,141283,15.1671,NA,NA,NA,NA,NA,NA,NA,NA,NA,NA
"932","IDN","Indonesia",2022,115.088,115.088,4.82152,96.48,96.48,320901000,98.8,1158880,8.62015,0.415622,593594,0.212887,13443900,11691400,4.19301,5830,137074,13301000,NA,86.5353,NA,320901000,NA,320901000,NA,NA,11691400,NA,86.9645,NA,0,"Indonesia",63.532,69.3878,66.4846,"Indonesia",7.55283,NA,63625,17220,21193400000,NA,333099,NA,NA,NA,NA,NA,NA,NA,NA,NA,NA,NA
"933","LAO","Lao P.D.R.",2022,60.3395,NA,2.38186,91.18,66.32,4561070,98.27,60015,33.3333,0.793953,60014,0.79394,180045,60016,0.793967,NA,NA,NA,NA,76.4312,NA,NA,NA,NA,NA,20005,20005,20006,33.3339,NA,11,"Lao P.D.R.",NA,NA,62.7001,"Lao P.D.R.",1.15349,NA,1529,464,NA,NA,NA,NA,NA,NA,NA,NA,NA,NA,NA,NA,NA,NA
"934","MYS","Malaysia",2022,124.626,123.668,12.1754,96.9,96.9,43239500,98.6,23400,0.553938,0.0674439,29800,0.0858901,4224300,4171100,12.022,5900,17000,4121900,4500,96.0427,74900,42907300,332200,43071600,NA,52500,1424600,2694000,98.7406,NA,47.1,"Malaysia",95.85,98.829,97.3986,"Malaysia",3.93431,29062800000,33300,13800,8729940000,1275490000,262160,14.6105,NA,NA,NA,NA,NA,NA,NA,NA,NA,NA
"935","MMR","Myanmar",2022,97.8524,97.4788,2.09695,95.42,94.34,52602300,96,58265,5.16877,0.108386,528695,0.983494,1127250,540291,1.00507,182,401809,721738,2445,52.9333,1077,52401500,200858,30070800,0,514742,21875,3674,47.93,NA,0,"Myanmar",NA,NA,58.0112,"Myanmar",24.2164,NA,12967,5165,NA,NA,NA,NA,NA,NA,NA,NA,NA,NA,NA,NA,NA,NA
"936","PHL","Philippines",2022,70.7868,NA,7.63947,98.45,80,80671700,99,NA,NA,NA,NA,NA,8706270,NA,NA,NA,NA,NA,NA,76.9715,NA,NA,NA,NA,NA,NA,NA,NA,NA,NA,64.14,"Philippines",75.1505,75.2716,75.2111,"Philippines",6.14095,NA,29473,11154,7268490000,NA,246615,NA,NA,NA,NA,NA,NA,NA,NA,NA,NA,NA
"937","SGP","Singapore",2022,173.005,173.005,27.551,100,100,9774600,100,NA,NA,NA,NA,NA,1556600,1556600,27.551,NA,NA,1551500,5000,98.6768,100,9774600,NA,8336100,NA,NA,NA,1556600,100,NA,96,"Singapore",95.028,96.8965,95.9539,"Singapore",NA,NA,NA,NA,NA,660493000,NA,NA,NA,NA,NA,NA,NA,NA,NA,NA,NA,NA
"938","THA","Thailand",2022,118.03,115.848,17.5126,98.8,98.1,84669000,98.8,36783,0.292795,0.051276,290490,0.404947,12562700,12235400,17.0564,NA,NA,11659400,NA,90.4121,903306,83104000,1565000,NA,NA,339782,273085,11622600,97.3949,NA,85.4,"Thailand",86.7384,89.3177,87.9772,"Thailand",NA,NA,NA,NA,11458100000,NA,NA,NA,NA,NA,NA,NA,NA,NA,NA,NA,NA,NA
"939","TLS","Timor-Leste",2022,29.2742,NA,0.0100051,96.5,45,400850,96.5,NA,NA,NA,NA,NA,137,NA,NA,NA,NA,NA,NA,NA,NA,NA,NA,NA,NA,NA,NA,NA,NA,NA,NA,"Timor-Leste",NA,NA,34.5102,"Timor-Leste",NA,NA,NA,NA,85989500,NA,NA,NA,NA,NA,NA,NA,NA,NA,NA,NA,NA,NA
"940","VNM","Viet Nam",2022,95.4838,92.0349,21.3681,99.85,99.85,95178900,99.9,10274,0.048235,0.0103069,31148,0.0312478,21299900,21258500,21.3266,80,230,20418200,33215,85.5,46482,91741000,3437860,91720200,760275,51477,15023400,6183580,99.8055,NA,0,"Viet Nam",75.5952,81.6,78.59,"Viet Nam",33.33,3e+08,79681,24104,5959710000,978973000,74794.6,16.4265,NA,NA,NA,NA,NA,NA,NA,NA,NA,NA
"941","ARM","Armenia",2022,98.4905,95.4097,17.7301,100,100,2837390,100,542,0.106112,0.0188137,89334,3.10093,510781,420905,14.6103,0,25307,401292,22250,89.7224,61932,2748630,88754,1883400,0,170572,207144,43189,82.4042,NA,0,"Armenia",79.3062,74.4122,77.0277,"Armenia",15.6598,0,5726,2539,293608000,74781200,51276.3,25.4697,NA,NA,NA,NA,NA,NA,NA,NA,NA,NA
"942","AZE","Azerbaijan",2022,77.58,75.4172,20.3656,99.8,94,7987100,100,459512,21.916,4.46332,1182100,11.4819,2096700,455093,4.42039,66,111200,401400,8053,89.3113,1504830,7764430,222672,6706780,71150,245647,146291,63155,21.7052,NA,0,"Azerbaijan",84.4045,91.6778,88,"Azerbaijan",19.1268,38700000,31390,9586,1621160000,235294000,51645.8,14.5139,NA,NA,26.6302,61.2495,34.78,46.7731,25.1488,51.555,9.92675,11.9121
"943","BHR","Bahrain",2022,144.682,127.218,18.0026,100,100,2218640,100,101,0.036586,0.00658642,5057,0.329777,276062,270904,17.6662,NA,101773,165422,NA,100,8603,1950830,267811,2218640,NA,17602,216110,37192,98.1316,NA,100,"Bahrain",100,100,100,"Bahrain",10.5792,NA,2792,941,1366470000,297782000,489424,21.7921,NA,NA,NA,NA,NA,NA,NA,NA,NA,NA
"944","GEO","Georgia",2022,108.074,107.515,28.3337,99.9,99.72,4101170,99.9,3828,0.356026,0.100875,97910,2.58012,1075200,973465,25.6527,11,107360,950229,5553,88.3758,17603,4079970,21201,3480670,NA,334994,608738,29733,90.5378,NA,0,"Georgia",78.5932,78.8499,78.7113,"Georgia",23.8641,165253,7541,3012,412180000,81269800,54658.6,19.7171,NA,NA,17.518,39.1849,21.1066,22.3992,6.72119,71.4415,17.4241,27.4756
"945","IRQ","Iraq",2022,46.6271,NA,14.4913,98.19,96.57,20548800,100,3831840,60,8.69478,1915920,4.34739,6386390,638640,1.44913,NA,NA,NA,NA,87.1905,NA,NA,NA,NA,NA,NA,NA,NA,10,NA,0,"Iraq",72.3028,84.7161,78.7156,NA,NA,NA,NA,NA,NA,NA,NA,NA,NA,NA,NA,NA,NA,NA,NA,NA,NA,NA
"946","ISR","Israel",2022,126.458,NA,29.1677,99,97,11511700,99,0,0,0,0,0,2655180,NA,NA,NA,NA,NA,NA,86.2446,NA,NA,NA,NA,NA,NA,NA,NA,NA,NA,NA,"Israel",91.8854,91.8144,91.8508,"Israel",NA,NA,NA,NA,5298230000,1108430000,NA,20.9208,NA,NA,NA,NA,NA,NA,NA,NA,NA,NA
"947","JOR","Jordan",2022,67.7457,58.6041,7.07365,99.8,99.8,7625640,99.8,656,0.0823884,0.00582787,232848,2.06861,796229,562725,4.99922,NA,223898,447118,7981,92.2,117244,6596630,1029000,0,NA,79537,142359,340829,70.6738,NA,0,"Jordan",NA,NA,90.5,"Jordan",9.5771,NA,4296,1267,1157820000,247887000,269512,21.4097,NA,NA,NA,NA,NA,NA,NA,NA,NA,NA
"948","KWT","Kuwait",2022,140.905,94.1869,1.36328,100,100,6466850,100,2704,4.3217,0.058917,18927,0.412397,62568,40937,0.891969,0,2400,33755,6267,99.6973,17972,4322720,2144130,4758350,839,17168,9583,14186,65.428,NA,100,"Kuwait",NA,NA,99.7237,"Kuwait",14.0294,0,8032,3362,2050850000,106703000,255335,5.20285,NA,NA,NA,NA,NA,NA,NA,NA,NA,NA
"949","LBN","Lebanon",2022,85.4158,NA,7.29167,99.61,99.2,4906700,99.68,NA,NA,NA,NA,NA,418869,NA,NA,NA,NA,NA,NA,77.2617,NA,NA,NA,NA,NA,NA,NA,NA,NA,NA,NA,"Lebanon",NA,NA,82.798,NA,NA,NA,NA,NA,NA,NA,NA,NA,NA,NA,NA,NA,NA,NA,NA,NA,NA,NA
"950","QAT","Qatar",2022,162.103,156.265,12.6414,100,99.8,4688760,100,335,0.0916182,0.0115819,390,0.0134834,365648,364923,12.6164,NA,46762,318161,0,98.1809,725,4519890,168872,4688760,NA,16502,72698,275723,99.8017,NA,98.3,"Qatar",NA,NA,99.6528,"Qatar",3.56458,NA,1867,404,3187340000,390385000,1707200,12.248,NA,NA,NA,NA,NA,NA,NA,NA,NA,NA
"951","SAU","Saudi Arabia",2022,142.578,126.544,41.823,100,100,45875100,100,62258,0.462654,0.193496,262586,0.816109,13456700,13131900,40.8134,NA,2294440,NA,NA,100,1620720,40716100,5158990,NA,NA,333939,2786170,10011800,97.586,NA,53,"Saudi Arabia",100,100,100,"Saudi Arabia",NA,NA,NA,NA,20185900000,3664730000,NA,18.1549,NA,NA,NA,NA,NA,NA,NA,NA,NA,NA
"952","SYR","Syrian Arab Republic",2022,21.5757,NA,7.16283,98.9,75.7,4846360,99,1116940,69.4214,4.97254,489232,2.17803,1608930,2756,0.0122695,NA,NA,NA,NA,NA,1608330,NA,NA,4846360,NA,2756,NA,NA,0.171294,NA,NA,NA,NA,NA,NA,NA,NA,NA,NA,NA,NA,NA,NA,NA,NA,NA,NA,NA,NA,NA,NA,NA,NA,NA
"953","TUR","Türkiye",2022,82.3022,81.4907,21.823,99.75,99.53,71651100,99.75,10163,0.0534928,0.0116738,877581,1.00804,18998800,18111100,20.8033,15855,NA,5702870,689319,94.1458,11171400,70944600,706493,63976700,1419360,13333100,4588530,189465,95.3274,NA,NA,"Türkiye",79.3063,87.5838,83.4372,"Türkiye",2.54653,NA,28516,7261,7874230000,1878660000,276134,23.8584,NA,NA,12.8104,58.1165,12.0392,NA,12.1512,69.4121,23.5144,35.5428
"954","ARE","United Arab Emirates",2022,216.54,184.698,36.8486,100,99.84,22178200,100,29257,0.775212,0.285655,118570,1.15767,3774060,3626240,35.4053,334,102,3745130,NA,100,28502,18916900,3261340,11710200,NA,484862,395483,2745890,96.0831,NA,97.03,"United Arab Emirates",100,100,100,"United Arab Emirates",2.4977,2502930000,5710,1491,8094210000,1331440000,1417550,16.4493,NA,NA,NA,NA,NA,NA,NA,NA,NA,NA
"955","YEM","Yemen",2022,25.7234,NA,1.27124,73.7,45,9832240,88.96,93787,19.3015,0.245369,339190,0.887401,485905,52187,0.136533,NA,NA,2737,NA,30.9241,430961,NA,NA,1624190,NA,NA,NA,NA,10.7402,NA,0,NA,NA,NA,NA,NA,NA,NA,NA,NA,NA,NA,NA,NA,NA,NA,NA,NA,NA,NA,NA,NA,NA,NA
"956","BLR","Belarus",2022,101.619,95.0375,34.0672,99.9,98,9321770,99.9,3425,0.109598,0.0373369,698848,7.61834,3125060,2422790,26.4115,NA,NA,1941420,458063,89.4918,657751,8718010,462871,6371990,67826,488409,539963,1394420,77.5277,NA,0,"Belarus",90.1402,88.6095,89.5073,"Belarus",NA,NA,NA,NA,1661960000,198579000,NA,11.9485,11.185,32.9106,17.223,61.7069,17.9733,23.067,12.1476,72.3101,16.1022,49.8028
"957","BGR","Bulgaria",2022,114.845,97.7505,34.9668,99.99,99.86,7839140,99.99,194,0.00812809,0.00284213,26418,0.387028,2386790,2360170,34.5769,592,365337,1424180,199256,87.3064,112484,6672310,1152150,5255050,284938,190380,967050,1202740,98.885,NA,85.7,"Bulgaria",78.1407,80.1386,79.1269,"Bulgaria",24.2858,NA,16792.6,7104.82,1476260000,351424000,87911.3,23.8051,NA,NA,NA,NA,NA,NA,NA,NA,NA,NA
"958","CZE","Czech Republic",2022,103.267,100.337,37.7137,99.8,99.8,11021900,99.8,8416,0.20908,0.0788516,128707,1.20589,4025260,3888140,36.4289,9672,1578000,808858,10117,85.365,1005640,10709200,312691,8614670,612970,906868,1450270,1531000,96.5934,NA,85.4,"Czech Republic",82.1745,87.0074,84.5401,"Czech Republic",16.2642,NA,20179.7,NA,3390790000,735091000,168030,21.6791,NA,NA,NA,NA,NA,NA,23.745,46.4475,NA,NA
"959","HUN","Hungary",2022,83.9713,77.2373,36.5338,99.2,99.2,8132040,99.2,5144,0.145391,0.0531169,55835,0.576551,3538050,3477070,35.9041,1451,168868,1364280,NA,91.4366,453087,7479900,652139,6033430,1522210,154192,448874,2874000,98.2765,NA,58,"Hungary",89.5539,88.7091,89.1428,"Hungary",NA,NA,NA,NA,2722840000,523062000,NA,19.2102,NA,NA,NA,NA,NA,NA,NA,NA,NA,NA
"960","POL","Poland",2022,210.514,189.368,23.8373,100,100,80807400,100,25379,0.277362,0.0661157,565171,1.47235,9150140,7306800,19.0352,25656,676084,3787650,396648,93.3301,1286600,72690300,8117070,64596500,2977500,676295,1115380,5515130,79.8545,NA,63,"Poland",86.1773,87.7362,86.9411,"Poland",NA,NA,NA,NA,9115030000,2520240000,NA,27.6493,NA,NA,12.0958,70.8588,14.3828,25.2236,24.3591,46.2172,11.4473,64.2796
"961","MDA","Moldova",2022,93.0787,88.9172,26.3178,99.9,99.2,2829580,99.99,5214,0.651704,0.171514,5448,0.179211,800057,789395,25.9671,NA,2733,695707,NA,67.5183,84755,2703070,126511,2220910,16862,102472,351378,335545,98.6673,NA,NA,"Moldova",NA,NA,76.7412,"Moldova",5.86561,NA,5579,2117,257516000,60379700,46158,23.447,NA,NA,NA,NA,NA,NA,NA,NA,NA,NA
"962","ROU","Romania",2022,96.036,92.1073,33.2116,99.83,98.75,18407000,99.98,8052,0.126493,0.0420102,79643,0.415526,6365580,6277890,32.754,1678,393743,5030750,58301,89.4069,225413,17654000,753000,16502000,655632,411553,166133,5700200,98.6224,NA,11.7,"Romania",84.7544,86.2631,85.5031,"Romania",17.5518,NA,39000,NA,2676990000,622591000,68640.8,23.2571,NA,NA,NA,NA,NA,NA,NA,NA,NA,NA
"963","SVK","Slovakia",2022,89.4406,82.2198,33.9988,99,99,4895260,100,15729,0.845272,0.287382,120879,2.20856,1860820,1724210,31.5029,707,486219,791923,1050,90.6535,406970,4500050,395210,3686080,173953,387588,589255,747371,92.6587,NA,55,"Slovakia",89.8003,88.3192,89.0677,"Slovakia",14.5942,NA,7889,2675,1783990000,399178000,226136,22.3756,NA,NA,NA,NA,NA,NA,NA,NA,NA,NA
"964","DNK","Denmark",2022,142.165,121.072,44.8864,100,100,8391880,100,7717,0.291252,0.130732,41566,0.704162,2649600,2560960,43.3847,350,16257,1309110,23968,95.1559,400713,7146780,1245100,3947030,899206,241486,279214,2040260,96.6546,NA,100,"Denmark",98.0426,97.6792,97.8601,"Denmark",16.836,NA,12585,NA,4754320000,1576410000,377777,33.1573,NA,NA,NA,NA,NA,NA,NA,NA,NA,NA
"965","EST","Estonia",2022,186.619,133.438,39.7219,100,99,2519530,100,NA,NA,NA,25163,1.8638,536282,511119,37.8581,NA,34580,234865,2886,92.4001,87712,1801540,717992,1532640,82995,120340,230837,159942,95.3079,NA,30,"Estonia",92.0057,91.0129,91.5202,"Estonia",15.0032,NA,3990,NA,454624000,111623000,113941,24.5528,NA,NA,NA,NA,NA,NA,NA,NA,NA,NA
"966","FRO","Faroe Islands",2022,104.055,NA,34.5874,100,100,56201,100,NA,NA,NA,NA,NA,18681,NA,NA,NA,NA,NA,NA,NA,NA,NA,NA,NA,NA,NA,NA,NA,NA,NA,NA,NA,NA,NA,NA,NA,NA,NA,NA,NA,NA,NA,NA,NA,NA,NA,NA,NA,NA,NA,NA,NA,NA,NA
"967","FIN","Finland",2022,159.625,121.2,34.2952,99.99,99.99,8890000,99.99,NA,NA,NA,28000,0.502756,1910000,1882000,33.7924,NA,NA,1200000,40000,91.5,140000,6750000,2140000,NA,530000,607000,305000,970000,98.534,NA,98,"Finland",92.7557,93.2291,92.9888,"Finland",NA,NA,NA,NA,2887460000,532843000,NA,18.4537,NA,NA,15.7061,72.3438,NA,NA,22.283,59.7229,63.4178,26.9673
"968","ISL","Iceland",2022,123.67,106.618,37.4213,99.4,99,470386,99.4,50,0.0351286,0.0131456,74,0.0194555,142334,142210,37.3887,NA,244,116726,NA,98.3637,25254,405528,64858,396399,110,2059,18426,121725,99.9129,NA,95,"Iceland",NA,NA,99.8082,"Iceland",11.1233,6.95e+10,1035,NA,216549000,76305300,209227,35.2369,NA,NA,NA,NA,NA,NA,NA,NA,NA,NA
"969","IRL","Ireland",2022,116.579,109.134,31.5363,95,90,5957230,99,4929,0.305862,0.0964576,65976,1.29111,1611510,1540600,30.1487,3925,84380,500801,NA,93.3778,654345,5576760,380470,NA,368058,101026,519167,920411,95.6001,NA,79,"Ireland",NA,NA,96.6206,"Ireland",NA,NA,NA,NA,3727270000,1003500000,NA,26.9231,NA,NA,NA,NA,NA,NA,NA,NA,NA,NA
"970","LVA","Latvia",2022,118.144,96.877,25.9892,99,95,2222360,99,0,0,0,60410,3.21148,488874,428464,22.7778,548,7308,369696,82474,91.3904,16266,1822320,400045,1892680,12582,40966,46542,340956,87.643,NA,42,"Latvia",91.6095,90.3859,91.0301,"Latvia",19.9097,NA,4597,2061,478048000,95774700,103991,20.0345,NA,NA,17.0179,65.2722,NA,NA,19.3034,62.4635,39.4367,44.3352
"971","LTU","Lithuania",2022,130.094,99.9785,28.44,99.99,99.99,3664660,100,NA,NA,NA,NA,NA,801133,NA,NA,537,31878,633944,2939,87.7113,114445,2816310,848341,3158850,17390,100281,197808,503044,NA,NA,90.9,"Lithuania",88.3665,87.0196,87.7242,"Lithuania",21.337,1900310000,5335,NA,721642000,122850000,135266,17.0236,NA,NA,7.30047,77.62,NA,NA,17.0304,62.3806,29.2461,47.311
"972","NOR","Norway",2022,116.578,111.657,45.6645,99.9,99.9,6361450,99.9,0,0,0,24139,0.442365,2491820,2467680,45.2221,1807,212878,1731780,12807,99,31081,6092910,268536,NA,501471,273609,334598,1859470,99.0313,NA,81.5,"Norway",99,99,99,"Norway",NA,NA,NA,NA,3905370000,1692180000,NA,43.3295,NA,NA,NA,NA,NA,NA,NA,NA,NA,NA
"973","SWE","Sweden",2022,133.148,118.67,40.6093,100,100,13963700,100,4765,0.111885,0.0454357,56140,0.535312,4258840,4197930,40.0286,761,7735,3459130,6569,92.7227,110285,12445300,1518390,13069200,674352,148109,126598,3923230,98.5699,NA,56.75,"Sweden",95.5868,94.4436,95.0097,"Sweden",16.7266,NA,18361,5973,4917550000,1463070000,267826,29.7519,NA,NA,NA,NA,NA,NA,NA,NA,NA,NA
"974","GBR","United Kingdom",2022,127.106,119.831,41.2867,99.9,99.9,86660000,99.9,0,0,0,279000,0.409215,28149000,27870000,40.8775,NA,NA,3695000,205000,96.3755,18809000,81700000,4960000,NA,5440000,2626000,16947000,8297000,99.0088,NA,67,"United Kingdom",NA,NA,96.2989,"United Kingdom",NA,NA,NA,NA,42015200000,9762090000,NA,23.2347,NA,NA,NA,NA,NA,NA,NA,NA,NA,NA
"975","ALB","Albania",2022,75.6887,74.7366,20.6989,99,99,2140180,100,678,0.115841,0.0239779,74361,2.62982,585285,510246,18.0451,270,8523,356108,930,96.5042,108800,2113260,26921,1824230,110654,213146,224859,72241,87.1791,NA,0,"Albania",81.5432,83.7135,82.6137,"Albania",17.6478,NA,3128,1213,248947000,47714400,79586.8,19.1664,NA,NA,NA,NA,NA,NA,NA,NA,NA,NA
"976","AND","Andorra",2022,95.3516,NA,51.2051,99.5,97,76000,99.5,2169,5.31448,2.72128,0,0,40813,38644,48.4838,NA,NA,40813,NA,96.0847,NA,NA,NA,NA,NA,0,0,38644,94.6855,NA,92,"Andorra",NA,NA,94.4855,"Andorra",5.44515,NA,277,103,NA,NA,NA,NA,NA,NA,NA,NA,NA,NA,NA,NA,NA,NA
"977","BIH","Bosnia and Herzegovina",2022,65.4764,64.9643,27.319,99,99,2098390,100,18007,2.05672,0.561876,297331,9.27767,875521,560183,17.4795,NA,63068,72407,23,75.9497,466698,2081980,16413,1584630,271023,230635,138814,190734,63.9828,NA,NA,"Bosnia and Herzegovina",76.9687,80.8024,78.8455,"Bosnia and Herzegovina",16.9705,4000,11046,3022,694849000,144910000,62905,20.855,NA,NA,NA,NA,NA,NA,NA,NA,NA,NA
"978","HRV","Croatia",2022,123.13,109.496,27.6607,99.88,99.69,4810720,100,9028,0.835377,0.231071,166892,4.27159,1080710,913818,23.3891,586,34144,194352,6908,85.5223,666721,4278020,532698,4553050,177277,267313,271882,374623,84.5572,NA,76.96,"Croatia",80.4091,83.783,82.0716,"Croatia",6.58361,NA,8127,3234,1698480000,424706000,208993,25.005,NA,NA,5.776,73.11,NA,NA,NA,NA,26.5104,45.8803
"979","GIB","Gibraltar",2022,97.6043,NA,60.9748,100,100,36708,100,NA,NA,NA,NA,NA,22932,22932,60.9748,NA,NA,NA,NA,NA,NA,NA,NA,NA,NA,NA,NA,NA,100,NA,100,NA,NA,NA,NA,NA,NA,NA,NA,NA,NA,NA,NA,NA,NA,NA,NA,NA,NA,NA,NA,NA,NA,NA
"980","GRC","Greece",2022,89.3678,85.2393,42.923,99.7,99.2,9305400,99.9,279,0.00624251,0.00267948,8042,0.0772342,4469350,4461030,42.8431,1724,3185,208534,118,85.4942,4255790,8875530,429876,6818920,0,1934520,1362340,1164180,99.8138,NA,89.4,"Greece",82.5827,83.78,83.1707,"Greece",1.82522,NA,8902,NA,5329200000,973999000,598652,18.2766,NA,NA,6.29243,73.4532,NA,NA,6.42077,73.1482,23.5639,40.7481
"981","ITA","Italy",2022,94.9773,84.4461,31.1914,100,100,56624600,100,32056,0.172381,0.053768,989790,1.66019,18596000,17574200,29.4774,0,1447870,3471310,0,83.0764,13676800,50346000,6278570,NA,0,2495750,2427030,12651400,94.505,NA,30,"Italy",83.8206,86.3308,85.0607,"Italy",2.87707,NA,57159,NA,22718300000,7316840000,397458,32.2068,NA,NA,NA,NA,NA,NA,NA,NA,NA,NA
"982","MLT","Malta",2022,124.929,119.918,43.445,100,100,659865,100,0,0,0,252,0.0477099,229473,229221,43.3973,NA,17152,58743,NA,93.3911,43583,633396,26469,17152,109995,1980,72092,155149,99.8902,NA,100,"Malta",91.1819,91.8608,91.5406,"Malta",5.51868,NA,1430,398,267365000,NA,186968,NA,NA,NA,NA,NA,NA,NA,NA,NA,NA,NA
"983","MNE","Montenegro",2022,104.607,96.0836,31.8922,97.98,97.87,642967,98.41,302,0.154062,0.0491338,19728,3.20964,196025,175995,28.6335,61,2162,90319,391,80.9564,50932,590576,52391,527791,52160,37467,29452,109076,89.7819,NA,75.8,"Montenegro",87.3047,88.9512,88.2219,"Montenegro",8.62037,68448100,1643,759,248016000,75606700,150953,30.4847,NA,NA,NA,NA,NA,NA,NA,NA,NA,NA
"984","MKD","North Macedonia",2022,79.2496,78.8176,28.0036,99.85,99.58,1458380,99.88,2382,0.462227,0.12944,13036,0.708389,515331,499913,27.1657,NA,86129,138892,38270,81.2443,115018,1450430,7950,0,137022,245360,211602,42951,97.0081,NA,NA,"North Macedonia",NA,NA,85.008,"North Macedonia",NA,NA,NA,NA,326773000,86629300,NA,26.5106,NA,NA,NA,NA,NA,NA,NA,NA,NA,NA
"985","PRT","Portugal",2022,94.4006,87.5748,42.937,100,100,9833780,100,2796,0.0625115,0.0268406,12974,0.124546,4472780,4457010,42.7856,2641,251469,2845210,6412,88.1504,178067,9122740,711048,8942170,1188980,184990,292287,3979730,99.6474,NA,90,"Portugal",83.6091,85.4719,84.4969,"Portugal",1.37617,NA,7483,NA,3982190000,904799000,532165,22.7211,NA,NA,9.5104,69.1507,NA,NA,19.6298,58.4501,24.537,40.2971
"986","SMR","San Marino",2022,134.937,NA,35.7876,99,99,46000,99,0,0,0,1500,4.40012,12200,10700,31.3875,NA,NA,NA,NA,91.9161,NA,NA,NA,NA,NA,NA,NA,NA,87.7049,NA,NA,"San Marino",NA,NA,85.0607,NA,NA,NA,NA,NA,NA,NA,NA,NA,NA,NA,NA,NA,NA,NA,NA,NA,NA,NA
"987","SVN","Slovenia",2022,96.2191,87.9743,32.0105,99.8,99.8,2035250,99.8,659,0.0973276,0.031155,22658,1.07118,677095,653778,30.9082,569,9260,354592,1283,92.5949,133291,1860860,174395,1646670,177921,94689,137135,421954,96.5563,NA,63.9,"Slovenia",88.0827,89.6995,88.9125,"Slovenia",9.75293,NA,6572,NA,818559000,288526000,124552,35.248,NA,NA,NA,NA,NA,NA,NA,NA,NA,NA
"988","ESP","Spain",2022,110.186,107.888,35.7846,99.7,99.7,52700100,99.8,5096,0.0297747,0.0106548,93763,0.196041,17115200,17016400,35.5779,12594,320501,14218600,494,96.0847,841039,51601000,1099140,42780500,1722000,1113120,113619,15789600,99.4224,NA,86.3,"Spain",94.4722,94.4992,94.4855,"Spain",2.14364,NA,40056,NA,18228300000,5480340000,455072,30.0649,NA,NA,NA,NA,NA,NA,NA,NA,NA,NA
"989","AUT","Austria",2022,119.614,94.1545,29.2343,98,98,10842600,99,NA,NA,NA,238301,2.6289,2649990,2411690,26.6054,1765,15080,241536,2059,93.1535,1393260,8534800,2307780,NA,998055,415089,957438,1039160,91.0075,NA,92,"Austria",92.862,94.3753,93.6141,"Austria",3.26094,NA,11994,NA,4152700000,908215000,346231,21.8705,NA,NA,NA,NA,NA,NA,NA,NA,NA,NA
"990","BEL","Belgium",2022,95.0067,91.7597,43.5657,100,100,11060500,100,2780,0.0548124,0.0238794,24839,0.21336,5071840,5044220,43.3285,1765,85173,263132,582,94.4364,2044850,10682500,378009,9615240,2676340,94346,1318660,3631220,99.4554,NA,29.6,"Belgium",93.4306,94.5897,94.0078,"Belgium",5.42596,NA,16094,5056,6633880000,2469540000,412196,37.2261,NA,NA,16.29,68.6641,NA,NA,24.0468,59.5942,24.4702,60.939
"991","FRA","France",2022,104.864,98.9508,48.2502,99,99,69501000,99,0,0,0,529000,0.79816,31979000,30776000,46.4351,NA,NA,18150000,616000,87.2519,9799000,65582000,3919000,69501000,3407000,9300000,2499000,18977000,96.2382,NA,NA,"France",84.8089,85.9075,85.3333,"France",2.55877,NA,96898,NA,33822900000,15307100000,349056,45.2567,NA,NA,NA,NA,NA,NA,NA,NA,NA,NA
"992","DEU","Germany",2022,94.7242,90.8413,44.6186,99.9,99.9,79650000,99.9,266106,0.709273,0.316468,1419370,1.688,37518100,35832600,42.6142,23941,10555,3440000,685805,91.4079,24655200,76385000,3265000,73706000,8702640,6526640,12446400,16859600,95.5076,NA,94.8,"Germany",90.4838,92.772,91.6298,"Germany",3.44738,NA,133000,NA,46923800000,14110900000,352811,30.0718,NA,NA,NA,NA,NA,NA,NA,NA,NA,NA
"993","LIE","Liechtenstein",2022,123.603,119.083,48.9305,99,98.33,48597,100,2,0.0103961,0.00508686,107,0.272147,19238,19129,48.6533,0,0,16015,0,93.1038,1108,46820,1777,48597,2099,1093,1504,16532,99.4334,NA,0,"Liechtenstein",NA,NA,96.4528,"Liechtenstein",16.5587,NA,179,NA,72808700,20402500,406752,28.0221,NA,NA,NA,NA,NA,NA,NA,NA,NA,NA
"994","LUX","Luxembourg",2022,114.639,111.498,38.327,100,100,748950,100,0,0,0,0,0,250395,250395,38.327,NA,NA,148221,4121,97.6389,73858,728434,20516,NA,24195,41072,18119,191204,100,NA,98,"Luxembourg",97.5098,98.9457,98.242,"Luxembourg",10.2976,NA,2678,NA,582757000,126471000,217609,21.7022,NA,NA,NA,NA,NA,NA,NA,NA,NA,NA
"995","MCO","Monaco",2022,96.8637,87.9222,55.2285,100,100,37710,100,14,0.0651133,0.0359611,34,0.087334,21501,21453,55.1052,0,0,5519,0,97.9179,819,34229,3481,NA,10175,290,2617,18546,99.7768,NA,100,"Monaco",NA,NA,99.1497,"Monaco",6.14317,NA,262,55,86736500,NA,331055,NA,NA,NA,NA,NA,NA,NA,NA,NA,NA,NA
"996","NLD","Netherlands",2022,120.98,115.821,43.5643,99,99,21660800,99,0,0,0,0,0,7799940,7799940,43.5643,NA,NA,2303680,NA,95.6277,2064310,20737100,923722,NA,3431950,314564,3102520,4382860,100,NA,99,"Netherlands",91.4174,93.6424,92.5197,"Netherlands",NA,NA,NA,NA,10039800000,3982630000,NA,39.6686,NA,NA,NA,NA,NA,NA,NA,NA,NA,NA
"997","CHE","Switzerland",2022,104.018,94.5184,46.6748,100,100,9145500,100,4922,0.11994,0.0559816,25994,0.295649,4103730,4067770,46.2658,533,6,1145160,4503,97.0118,1920930,8310230,835262,NA,1032590,171479,397750,3498540,99.1238,NA,100,"Switzerland",NA,NA,96.4528,"Switzerland",7.93021,NA,23824,NA,14005800000,2936930000,587888,20.9693,NA,NA,NA,NA,NA,NA,NA,NA,NA,NA
"998","AIA","Anguilla",2022,NA,NA,35.8745,99,NA,NA,99,NA,NA,NA,NA,NA,5087,NA,NA,NA,NA,NA,NA,NA,NA,NA,NA,NA,NA,NA,NA,NA,NA,NA,NA,NA,NA,NA,NA,NA,NA,NA,NA,NA,NA,NA,NA,NA,NA,NA,NA,NA,NA,NA,NA,NA,NA,NA
"999","ATG","Antigua and Barbuda",2022,51.6911,NA,10.6818,99,99,47990,99,NA,NA,NA,NA,NA,9917,NA,NA,NA,NA,NA,NA,85.9525,NA,NA,NA,NA,NA,NA,NA,NA,NA,NA,NA,"Antigua and Barbuda",NA,NA,77.1648,NA,NA,NA,NA,NA,NA,NA,NA,NA,NA,NA,NA,NA,NA,NA,NA,NA,NA,NA
"1000","ABW","Aruba",2022,NA,NA,17.4862,95,64.1,NA,99,NA,NA,NA,NA,NA,18847,NA,NA,NA,NA,NA,NA,NA,NA,NA,NA,NA,NA,NA,NA,NA,NA,NA,NA,NA,NA,NA,NA,NA,NA,NA,NA,NA,NA,NA,NA,NA,NA,NA,NA,NA,NA,NA,NA,NA,NA,NA
"1001","BHS","Bahamas",2022,101.624,NA,21.1356,98,95,403993,99,NA,NA,NA,NA,NA,84022,84022,21.1356,NA,NA,NA,NA,87.3957,NA,NA,NA,NA,NA,NA,NA,NA,100,NA,0,"Bahamas",NA,NA,94.7326,"Bahamas",11.9213,NA,1031,564,370904000,61923600,359752,16.6953,NA,NA,NA,NA,NA,NA,NA,NA,NA,NA
"1002","BRB","Barbados",2022,64.6579,NA,37.4843,100,99,182541,100,0,0,0,0,0,105825,105825,37.4843,NA,NA,NA,NA,80.0509,NA,NA,NA,NA,NA,NA,NA,NA,100,NA,NA,"Barbados",NA,NA,79.4451,NA,NA,NA,NA,NA,NA,NA,NA,NA,NA,NA,NA,NA,NA,NA,NA,NA,NA,NA
"1003","VGB","British Virgin Islands",2022,7.51063,NA,20.5486,100,100,2878,100,NA,NA,NA,NA,NA,7874,NA,NA,NA,NA,NA,NA,NA,NA,NA,NA,NA,NA,NA,NA,NA,NA,NA,NA,NA,NA,NA,NA,NA,NA,NA,NA,NA,NA,NA,NA,NA,NA,NA,NA,NA,NA,NA,NA,NA,NA,NA
"1004","CYM","Cayman Islands",2022,NA,NA,56.3604,100,100,NA,100,NA,NA,NA,NA,NA,40349,NA,NA,NA,NA,NA,NA,NA,NA,NA,NA,NA,NA,NA,NA,NA,NA,NA,NA,NA,NA,NA,NA,NA,NA,NA,NA,NA,NA,NA,NA,NA,NA,NA,NA,NA,NA,NA,NA,NA,NA,NA
"1005","CUB","Cuba",2022,42.7852,NA,2.892,74.29,49.5,4731970,87.52,235991,73.7818,2.13377,80034,0.723646,319850,3825,0.0345846,NA,32103,NA,NA,31.9653,319850,NA,NA,3486530,NA,2481,942,402,1.19587,NA,0,"Cuba",NA,NA,68.25,"Cuba",11.6363,NA,18310,8151,NA,NA,NA,NA,NA,NA,NA,NA,NA,NA,NA,NA,NA,NA
"1006","CUW","Curacao",2022,53.4981,NA,32.9116,99,99,99156,99,0,0,0,3000,1.6186,61000,58000,31.293,0,3500,9000,1896,NA,2767,NA,NA,NA,36948,6000,22000,30000,95.082,NA,0,NA,NA,NA,NA,"Curacao",7.43436,NA,376,NA,NA,NA,NA,NA,NA,NA,NA,NA,NA,NA,NA,NA,NA,NA
"1007","DMA","Dominica",2022,78.0041,NA,20.8601,100,100,52127,100,NA,NA,NA,2048,3.06468,13940,11892,17.7955,NA,NA,NA,NA,79.4917,NA,NA,NA,NA,NA,NA,NA,NA,85.3085,NA,0,"Dominica",NA,NA,83.3101,NA,NA,NA,NA,NA,NA,NA,NA,NA,NA,NA,NA,NA,NA,NA,NA,NA,NA,NA
"1008","DOM","Dominican Rep.",2022,71.6304,0,10.6744,98.7,97.6,8044620,99.5,54418,4.5393,0.484545,446085,3.972,1198820,698316,6.2179,38241,149857,498718,2374,46.1187,298314,0,0,6503450,210715,470968,159877,67471.1,58.2503,NA,52.7,"Dominican Rep.",83.1923,79.7699,81.5127,"Dominican Rep.",7.45874,NA,8532,3035,2315440000,254627000,271383,10.9969,5.98098,7.82907,19.2695,21.6415,21.6914,17.5897,16.7892,62.5932,14.0087,20.4999
"1009","GRD","Grenada",2022,60.1576,NA,29.7674,98.5,98.5,70332,100,0,0,0,0,0,34802,34802,29.7674,NA,NA,NA,NA,82.1592,NA,NA,NA,NA,NA,NA,NA,NA,100,NA,0,"Grenada",NA,NA,74.2689,NA,NA,NA,NA,NA,NA,NA,NA,NA,NA,NA,NA,NA,NA,NA,NA,NA,NA,NA
"1010","HTI","Haiti",2022,28.8302,NA,0.306791,67.54,35.46,3316520,70,NA,NA,NA,NA,NA,35292,NA,NA,NA,NA,NA,NA,NA,NA,NA,NA,NA,NA,NA,NA,NA,NA,NA,NA,NA,NA,NA,NA,NA,NA,NA,NA,NA,NA,NA,NA,NA,NA,NA,NA,NA,NA,NA,NA,NA,NA,NA
"1011","JAM","Jamaica",2022,66.3918,64.7791,14.9602,99,99,1884960,100,1883,0.443329,0.0663228,19673,0.69292,424741,403185,14.2009,NA,6513,173123,NA,76.386,66684,1839170,45789,584597,178421,NA,NA,NA,94.9249,NA,0,"Jamaica",NA,NA,82.4453,"Jamaica",3.78443,NA,1691,902,720573000,NA,426122,NA,NA,NA,NA,NA,NA,NA,NA,NA,NA,NA
"1012","MSR","Montserrat",2022,NA,NA,71.6146,NA,NA,NA,NA,NA,NA,NA,NA,NA,3189,NA,NA,NA,NA,NA,NA,NA,NA,NA,NA,NA,NA,NA,NA,NA,NA,NA,NA,NA,NA,NA,NA,NA,NA,NA,NA,NA,NA,NA,NA,NA,NA,NA,NA,NA,NA,NA,NA,NA,NA,NA
"1013","PRI","Puerto Rico",2022,102.388,NA,22.2824,100,90,3318350,100,NA,NA,NA,NA,NA,722167,NA,NA,NA,NA,NA,NA,83.0724,NA,NA,NA,NA,NA,NA,NA,NA,NA,NA,NA,"Puerto Rico",87.6573,86.8838,87.2918,"Puerto Rico",10.0946,NA,7461,NA,NA,NA,NA,NA,NA,NA,NA,NA,NA,NA,NA,NA,NA,NA
"1014","KNA","Saint Kitts and Nevis",2022,119.371,NA,46.7447,100,100,55757,100,0,0,0,0,0,21834,21834,46.7447,NA,NA,NA,NA,73.5428,NA,NA,NA,NA,NA,NA,NA,NA,100,NA,0,"Saint Kitts and Nevis",NA,NA,75.5566,NA,NA,NA,NA,NA,NA,NA,NA,NA,NA,NA,NA,NA,NA,NA,NA,NA,NA,NA
"1015","LCA","Saint Lucia",2022,63.5532,NA,13.5719,100,96,113621,100,3648,15.0346,2.04049,1824,1.02024,24264,18792,10.5112,NA,NA,NA,NA,80.4217,NA,NA,NA,NA,NA,NA,NA,NA,77.4481,NA,0,"Saint Lucia",NA,NA,65.3544,NA,NA,NA,NA,NA,NA,NA,NA,NA,NA,NA,NA,NA,NA,NA,NA,NA,NA,NA
"1016","VCT","Saint Vincent and the Grenadines",2022,59.6329,NA,28.9967,100,90,60853,100,NA,NA,NA,NA,NA,29590,NA,NA,NA,3769,NA,NA,73.992,552,NA,NA,NA,25186,NA,NA,NA,NA,NA,0,"Saint Vincent and the Grenadines",NA,NA,71.7226,"Saint Vincent and the Grenadines",NA,NA,NA,NA,39979500,NA,NA,NA,NA,NA,NA,NA,NA,NA,NA,NA,NA,NA
"1017","TTO","Trinidad and Tobago",2022,55.9989,55.9989,26.0332,100,94,837699,100,5954,1.52888,0.398016,36547,2.44311,389436,346935,23.1921,NA,63156,160868,NA,83.5,7256,837699,0,837699,158156,38280,75058,233597,89.0865,NA,NA,"Trinidad and Tobago",NA,NA,84.4957,"Trinidad and Tobago",7.36639,NA,2405,1211,764443000,58172000,317856,7.60972,NA,NA,NA,NA,NA,NA,NA,NA,NA,NA
"1018","VIR","Virgin Islands (US)",2022,NA,NA,10.0662,80.13,71.01,NA,80.13,NA,NA,NA,NA,NA,8708,NA,NA,NA,NA,NA,NA,NA,NA,NA,NA,NA,NA,NA,NA,NA,NA,NA,NA,NA,NA,NA,NA,NA,NA,NA,NA,NA,NA,NA,NA,NA,NA,NA,NA,NA,NA,NA,NA,NA,NA,NA
"1019","BLZ","Belize",2022,44.3326,NA,9.75386,98.02,70,178542,98.02,NA,NA,NA,NA,NA,39282,NA,NA,NA,NA,NA,NA,68.9162,NA,NA,NA,NA,NA,NA,NA,NA,NA,NA,NA,"Belize",NA,NA,71.8096,NA,NA,NA,NA,NA,NA,NA,NA,NA,NA,NA,NA,NA,NA,NA,NA,NA,NA,NA
"1020","CRI","Costa Rica",2022,98.4293,95.937,21.7576,91,91,5001950,91,26154,2.36544,0.514664,137551,2.70676,1105670,941965,18.5362,160,6382,441734,600,83.2539,83280,4875290,126652,NA,573514,316488,402565,222912,85.194,NA,0,"Costa Rica",82.9603,82.1979,82.598,"Costa Rica",20.9765,61105200000,10305,3578,1380180000,222220000,133933,16.1008,NA,NA,NA,NA,NA,NA,NA,NA,NA,NA
"1021","SLV","El Salvador",2022,75.5191,NA,9.73833,92,76,4742840,98,9333,1.526,0.148607,358856,5.71398,611598,234899,3.74024,NA,NA,14876,NA,33.147,424913,NA,NA,NA,233633,NA,8503,7,38.4074,NA,NA,"El Salvador",NA,NA,65.5298,NA,NA,NA,NA,NA,NA,NA,NA,NA,NA,NA,NA,NA,NA,NA,NA,NA,NA,NA
"1022","GTM","Guatemala",2022,17.0302,NA,5.02439,95,89,3039530,100,NA,NA,NA,NA,NA,896747,NA,NA,NA,NA,NA,NA,32.6973,NA,NA,NA,NA,NA,NA,NA,NA,NA,NA,23,"Guatemala",NA,NA,55.4086,NA,NA,NA,NA,NA,NA,NA,NA,NA,NA,NA,NA,NA,NA,NA,NA,NA,NA,NA
"1023","HND","Honduras",2022,49.6343,49.6343,4.4098,86.2,86.2,5193670,89.3,39834,8.63262,0.380681,108913,1.04085,461436,312689,2.98827,0,13908,70414,33386,49.1245,13107,5193670,NA,3628280,330621,119950,192739,0,67.7643,NA,0,"Honduras",NA,NA,56.3896,"Honduras",49.6164,NA,20538,7424,979541000,221226000,47694.1,22.5847,NA,NA,NA,NA,NA,NA,NA,NA,NA,NA
"1024","MEX","Mexico",2022,93.2252,91.9441,20.607,96.05,95.32,119900000,96.39,3038,0.0114627,0.00236212,1186510,0.922542,26503300,24103500,18.7411,288709,56556,10978600,934027,68.5013,3492050,118252000,1647650,95375900,9860250,2129210,16234000,5750370,90.9453,NA,18.87,"Mexico",78.0513,79.2709,78.6322,"Mexico",9.28486,1.08659e+11,246205,80990,28023600000,3428710000,113822,12.2351,NA,NA,17.4764,53.1089,4.5072,27.8498,9.41244,65.0613,15.604,27.6523
"1025","NIC","Nicaragua",2022,66.0663,NA,5.00782,85,72.91,4446700,85,NA,NA,NA,NA,NA,337059,NA,NA,0,NA,44394,95253,42.8007,41358,NA,NA,2881610,156054,NA,NA,NA,NA,NA,0,"Nicaragua",NA,NA,49.1307,"Nicaragua",NA,126880000,NA,NA,NA,4714400,NA,NA,NA,NA,NA,NA,NA,NA,NA,NA,NA,NA
"1026","PAN","Panama",2022,100.052,NA,16.3861,95,84,4403060,96,4726,0.655372,0.10739,30364,0.68997,721117,680256,15.4576,NA,NA,142231,41055,84.6312,6663,NA,NA,3702060,531168,61858,164773,453625,94.3337,NA,0,"Panama",NA,NA,77.7041,"Panama",7.99002,NA,6736,2851,1103150000,289435000,163769,26.2372,NA,NA,NA,NA,NA,NA,NA,NA,NA,NA
"1027","ARG","Argentina",2022,76.1714,NA,24.6832,98.5,97.68,34587800,98.87,119662,1.06764,0.263527,1292870,2.84723,11208100,9408210,20.7193,3476,572969,3060580,218264,92.14,1315370,NA,NA,NA,6037460,1840230,3039330,4528650,83.9411,NA,NA,"Argentina",88.08,88.69,88.3754,"Argentina",NA,NA,NA,NA,11124900000,NA,NA,NA,NA,NA,NA,NA,NA,NA,NA,NA,NA,NA
"1028","BOL","Bolivia (Plurinational State of)",2022,89.8523,NA,10.9975,91.48,74.48,10851600,100,NA,NA,NA,NA,NA,1328190,NA,NA,NA,NA,NA,NA,57.6597,NA,NA,NA,NA,NA,NA,NA,NA,NA,NA,NA,"Bolivia (Plurinational State of)",NA,NA,67.3612,NA,NA,NA,NA,NA,NA,NA,NA,NA,NA,NA,NA,NA,NA,NA,NA,NA,NA,NA
"1029","BRA","Brazil",2022,95.2794,NA,20.9534,92.36,92.36,200379000,92.52,229507,0.52082,0.10913,1674040,0.795999,44066400,42162900,20.0483,277239,1586420,31031800,0,80.2355,2296280,NA,NA,183265000,8874670,2890050,5968830,33304000,95.6803,NA,33.55,"Brazil",81.1465,79.871,80.5278,"Brazil",NA,NA,NA,NA,24973200000,5724110000,NA,22.921,18.4189,24.0722,13.2374,51.1027,20.0853,32.8573,18.6282,57.1053,14.8309,41.2664
"1030","CHL","Chile",2022,109.784,105.163,22.7902,95,89,21466100,99,10119,0.227078,0.0517516,68473,0.350191,4456170,4377580,22.3882,NA,111584,2952440,19684,94.1694,64200,20562600,903490,18610100,1308270,89377,136442,4151760,98.2363,NA,79,"Chile",NA,NA,93.5377,"Chile",26.2885,NA,58276,20195,NA,1596510000,NA,NA,NA,NA,NA,NA,NA,NA,NA,NA,NA,NA
"1031","COL","Colombia",2022,76.3713,75.4668,17.0075,100,99.8,39512900,100,141385,1.60677,0.273271,1151470,2.22557,8799310,7506460,14.5086,31715,377543,2513560,24598,59.4656,775031,39045000,467936,34227000,5076860,927229,1622890,4956340,85.3074,NA,0,"Colombia",73.5883,71.9583,72.7964,"Colombia",NA,NA,NA,NA,5591530000,NA,NA,NA,NA,NA,NA,NA,NA,NA,NA,NA,NA,NA
"1032","ECU","Ecuador",2022,60.016,53.9943,15.1129,95.67,93.89,10697200,96.34,270955,10.0588,1.52018,415009,2.32839,2693710,2007740,11.2643,NA,118726,1968120,NA,60.4346,161173,9623880,1073310,10365300,445685,NA,NA,NA,74.5346,NA,0,"Ecuador",69.6337,69.8066,69.7181,"Ecuador",8.39538,NA,13804,4881,NA,NA,NA,NA,NA,NA,NA,NA,NA,NA,NA,NA,NA,NA
"1033","FLK","Falkland (Malvinas) Is.",2022,NA,NA,30.1146,NA,NA,NA,96,NA,NA,NA,NA,NA,1051,NA,NA,NA,NA,NA,NA,NA,NA,NA,NA,NA,NA,NA,NA,NA,NA,NA,NA,NA,NA,NA,NA,NA,NA,NA,NA,NA,NA,NA,NA,NA,NA,NA,NA,NA,NA,NA,NA,NA,NA,NA
"1034","GUY","Guyana",2022,32.4731,NA,12.9356,93.2,50,266811,97.66,NA,NA,NA,NA,NA,106284,NA,NA,NA,NA,NA,NA,56.9674,NA,NA,NA,NA,NA,NA,NA,NA,NA,NA,NA,"Guyana",NA,NA,78.3924,NA,NA,NA,NA,NA,NA,NA,NA,NA,NA,NA,NA,NA,NA,NA,NA,NA,NA,NA
"1035","PRY","Paraguay",2022,71.1602,69.7637,11.1528,98.44,97.62,4810760,99.58,4062,0.53874,0.0600846,32383,0.479006,753981,717536,10.6137,31,12589,376966,NA,50.4487,17300,4716350,94413,4449120,347095,21415,125689,570432,95.1663,NA,NA,"Paraguay",77.5692,74.9407,76.2592,"Paraguay",31.5873,NA,5323,NA,876621000,185941000,164685,21.2111,NA,NA,NA,NA,NA,NA,NA,NA,NA,NA
"1036","PER","Peru",2022,86.7632,NA,9.45024,87.13,81.24,29044400,88.99,15478,0.489267,0.0462369,86400,0.2581,3163510,3061630,9.1459,23879,4468,1134910,4737,55.2084,76607,NA,NA,NA,1743240,291077,1570190,1200360,96.7796,NA,5.27,"Peru",72.5428,76.8108,74.675,"Peru",7.62526,NA,13708,NA,4437590000,946852000,323723,21.3371,NA,NA,NA,NA,NA,NA,NA,NA,NA,NA
"1037","SUR","Suriname",2022,123.326,81.7534,20.026,92,82,768523,100,1,0.000801314,0.000160471,22201,3.56263,124795,102593,16.4632,NA,5438,41656,NA,82.6295,77687,509458,8574,44881,NA,NA,NA,NA,82.2092,NA,15,"Suriname",NA,NA,77.6494,"Suriname",8.63741,NA,935,398,112375000,16785800,120187,14.9373,NA,NA,NA,NA,NA,NA,NA,NA,NA,NA
"1038","URY","Uruguay",2022,116.904,NA,33.4866,93.7,93.7,3964110,93.7,603,0.0531044,0.0177828,148922,4.3918,1135500,985975,29.077,NA,81228,982689,71016,91.1442,71583,NA,NA,NA,NA,985975,NA,NA,86.8318,NA,NA,"Uruguay",90.8528,88.7943,89.873,"Uruguay",5.68429,NA,7154,3244,1141530000,NA,159565,NA,16.7135,46.2267,8.79965,73.2675,12.3726,54.6035,3.70796,85.0712,8.64065,56.0859
"1039","VEN","Venezuela",2022,52.3017,48.9791,9.58036,82,65,14755900,92,757043,28.0085,2.68331,1585550,5.61992,2702910,360317,1.27713,332,35636,463115,3988,NA,1923290,13818500,937412,666120,155783,152630,154718,52969,13.3307,NA,0,NA,NA,NA,NA,"Venezuela",7.72085,0,20718,6612,NA,NA,NA,20.5476,NA,NA,NA,NA,NA,NA,NA,NA,NA,NA
"1040","BMU","Bermuda",2022,10.7785,NA,35.5805,99.85,99.7,6979,99.85,NA,NA,NA,NA,NA,23038,NA,NA,NA,NA,NA,NA,NA,NA,NA,NA,NA,NA,NA,NA,NA,NA,NA,NA,NA,NA,NA,NA,NA,NA,NA,NA,NA,NA,NA,NA,NA,NA,NA,NA,NA,NA,NA,NA,NA,NA,NA
"1041","CAN","Canada",2022,80.2752,79.8121,42.1792,99.6,99.5,31163900,99.7,22412,0.136871,0.0577313,713973,1.83913,16374500,15638100,40.2824,NA,1066910,4720470,76210,95.46,2430810,30984100,179805,NA,8080110,2460580,4424540,8753000,95.5029,NA,91.4,"Canada",94,95,94,"Canada",NA,NA,NA,NA,43911300000,10593500000,NA,24.1247,33.7,48.2,11,77.6,9.10001,60.3,12.8,80.1,16.1,68.6
"1042","GRL","Greenland",2022,3.14342,NA,31.9843,100,100,1760,100,NA,NA,NA,NA,NA,17908,NA,NA,NA,NA,NA,NA,NA,NA,NA,NA,NA,NA,NA,NA,NA,NA,NA,NA,NA,NA,NA,NA,NA,NA,NA,NA,NA,NA,NA,NA,NA,NA,NA,NA,NA,NA,NA,NA,NA,NA,NA
"1043","USA","United States",2022,173.686,NA,37.4888,99.6,99.5,593197000,99.6,808000,0.631068,0.23658,3893000,1.13986,128037000,123336000,36.1124,2039000,4833000,26343000,7000,96.3842,14705000,NA,NA,474446000,80110000,12201000,14144000,96991000,96.3284,NA,97,"United States",NA,NA,92.2016,"United States",7.31619,NA,665400,NA,6.68418e+11,1.07255e+11,1004540,16.0461,NA,NA,NA,NA,NA,NA,NA,NA,NA,NA
"1044","AUS","Australia",2022,126.285,109.469,36.3933,99.5,99.5,33088000,99.5,NA,NA,NA,NA,NA,9535410,8730410,33.3209,102250,816682,2245070,NA,97.3398,4333240,28682000,4406000,33088000,2038170,2060630,4863560,1806220,91.5578,NA,80,"Australia",NA,NA,97.0424,"Australia",11.9722,NA,76733,21551,3.024e+10,6072840000,394094,20.0821,NA,NA,NA,NA,NA,NA,NA,NA,NA,NA
"1045","NZL","New Zealand",2022,97.4524,NA,36.3045,98.54,97.54,5001000,98.54,NA,NA,NA,NA,NA,1863050,NA,NA,11894,315374,1258780,NA,96.1474,241000,NA,NA,NA,36000,NA,NA,NA,NA,NA,13.91,"New Zealand",NA,NA,96.1942,"New Zealand",15.8311,NA,12000,4440,3329070000,944250000,277422,28.3638,NA,NA,NA,NA,NA,NA,NA,NA,NA,NA
"1046","FJI","Fiji",2022,81.3608,NA,2.53377,96,80,748049,98,NA,NA,NA,NA,NA,23296,NA,NA,NA,NA,NA,NA,81.6018,NA,NA,NA,NA,NA,NA,NA,NA,NA,NA,0,"Fiji",NA,NA,78.2433,NA,NA,NA,NA,NA,NA,NA,NA,NA,NA,NA,NA,NA,NA,NA,NA,NA,NA,NA
"1047","NCL","New Caledonia",2022,NA,NA,19.3729,97.4,79.5,NA,97.4,NA,NA,NA,NA,NA,55624,NA,NA,NA,NA,NA,NA,NA,NA,NA,NA,NA,NA,NA,NA,NA,NA,NA,NA,NA,NA,NA,NA,NA,NA,NA,NA,NA,NA,NA,NA,NA,NA,NA,NA,NA,NA,NA,NA,NA,NA,NA
"1048","PNG","Papua New Guinea",2022,19.6018,NA,0.214639,64.97,55.91,2e+06,89,NA,NA,NA,NA,NA,21900,NA,NA,NA,NA,NA,NA,40.5264,NA,NA,NA,NA,NA,NA,NA,NA,NA,NA,0,"Papua New Guinea",NA,NA,23.7315,NA,NA,NA,NA,NA,NA,NA,NA,NA,NA,NA,NA,NA,NA,NA,NA,NA,NA,NA
"1049","SLB","Solomon Islands",2022,16.768,NA,0.107033,45,29.54,130969,95,NA,NA,NA,NA,NA,836,NA,NA,NA,NA,NA,NA,50.2997,NA,NA,NA,NA,NA,NA,NA,NA,NA,NA,NA,"Solomon Islands",NA,NA,42.094,NA,NA,NA,NA,NA,NA,NA,NA,NA,NA,NA,NA,NA,NA,NA,NA,NA,NA,NA
"1050","VUT","Vanuatu",2022,339.006,162.141,1.12635,70,70,1061250,90,1014,28.7578,0.323914,1212,0.387164,3526,1300,0.415274,360,1298,1614,175,63.7395,79,507577,553668,1061250,NA,NA,NA,NA,36.869,NA,0,"Vanuatu",NA,NA,45.6747,"Vanuatu",NA,NA,NA,NA,43681600,NA,NA,NA,NA,NA,NA,NA,NA,NA,NA,NA,NA,NA
"1051","GUM","Guam",2022,NA,NA,1.83921,92.67,82.79,NA,92.67,NA,NA,NA,NA,NA,3038,NA,NA,NA,NA,NA,NA,NA,NA,NA,NA,NA,NA,NA,NA,NA,NA,NA,NA,NA,NA,NA,NA,NA,NA,NA,NA,NA,NA,NA,NA,NA,NA,NA,NA,NA,NA,NA,NA,NA,NA,NA
"1052","KIR","Kiribati",2022,48.7074,48.2482,0.0689819,73,64,63548,74,24,26.6667,0.0183952,61,0.0467544,90,5,0.00383233,0,0,0,90,57.7181,0,62949,599,18376,0,5,0,0,5.55556,NA,0,NA,NA,NA,NA,NA,NA,NA,NA,NA,NA,NA,NA,NA,NA,NA,NA,NA,NA,NA,NA,NA,NA,NA
"1053","MHL","Marshall Islands",2022,NA,NA,2.35048,NA,NA,NA,65,NA,NA,NA,NA,NA,942,NA,NA,NA,NA,NA,NA,67.4889,NA,NA,NA,NA,NA,NA,NA,NA,NA,NA,NA,"Marshall Islands",NA,NA,64.8023,NA,NA,NA,NA,NA,NA,NA,NA,NA,NA,NA,NA,NA,NA,NA,NA,NA,NA,NA
"1054","FSM","Micronesia",2022,NA,NA,5.81819,50,30,NA,80,NA,NA,NA,NA,NA,6523,NA,NA,NA,NA,NA,NA,NA,NA,NA,NA,NA,NA,NA,NA,NA,NA,NA,NA,NA,NA,NA,NA,NA,NA,NA,NA,NA,NA,NA,NA,NA,NA,NA,NA,NA,NA,NA,NA,NA,NA,NA
"1055","NRU","Nauru",2022,33.7768,NA,9.95678,98,90,3986,98,NA,NA,NA,NA,NA,1175,NA,NA,NA,NA,NA,NA,NA,NA,NA,NA,NA,NA,NA,NA,NA,NA,NA,NA,NA,NA,NA,NA,NA,NA,NA,NA,NA,NA,NA,NA,NA,NA,NA,NA,NA,NA,NA,NA,NA,NA,NA
"1056","PLW","Palau",2022,NA,NA,6.99364,89,NA,NA,98,5,0.402576,0.0281547,NA,NA,1242,NA,NA,NA,NA,NA,NA,NA,NA,NA,NA,NA,NA,NA,NA,NA,NA,NA,NA,NA,NA,NA,NA,NA,NA,NA,NA,NA,NA,NA,NA,NA,NA,NA,NA,NA,NA,NA,NA,NA,NA,NA
"1057","COK","Cook Islands",2022,NA,NA,21.0487,55,55,NA,100,NA,NA,NA,NA,NA,3099,NA,NA,NA,NA,NA,NA,NA,NA,NA,NA,NA,NA,NA,NA,NA,NA,NA,NA,NA,NA,NA,NA,NA,NA,NA,NA,NA,NA,NA,NA,NA,NA,NA,NA,NA,NA,NA,NA,NA,NA,NA
"1058","PYF","French Polynesia",2022,97.8019,NA,27.9145,90,90,274215,98,3048,3.89441,1.0871,43142,15.3871,78266,32076,11.4403,NA,NA,NA,NA,NA,NA,NA,NA,NA,NA,NA,NA,NA,40.9833,NA,NA,NA,NA,NA,NA,NA,NA,NA,NA,NA,NA,NA,NA,NA,NA,NA,NA,NA,NA,NA,NA,NA,NA,NA
"1059","WSM","Samoa",2022,34.7587,NA,0.877539,99,99,74822,99,NA,NA,NA,NA,NA,1889,NA,NA,NA,NA,NA,NA,90.4926,NA,NA,NA,NA,NA,NA,NA,NA,NA,NA,NA,"Samoa",NA,NA,57.3288,NA,NA,NA,NA,NA,NA,NA,NA,NA,NA,NA,NA,NA,NA,NA,NA,NA,NA,NA
"1060","TON","Tonga",2022,63.5831,NA,8.17387,99,96,66789,99,NA,NA,NA,NA,NA,8586,NA,NA,NA,NA,NA,NA,33.8996,NA,NA,NA,NA,NA,NA,NA,NA,NA,NA,NA,"Tonga",NA,NA,57.7181,NA,NA,NA,NA,NA,NA,NA,NA,NA,NA,NA,NA,NA,NA,NA,NA,NA,NA,NA
"1061","TUV","Tuvalu",2022,NA,NA,4.52362,59.28,27,NA,59.28,NA,NA,NA,NA,NA,452,NA,NA,NA,NA,NA,NA,54.8381,NA,NA,NA,NA,NA,NA,NA,NA,NA,NA,NA,"Tuvalu",NA,NA,73.5846,NA,NA,NA,NA,NA,NA,NA,NA,NA,NA,NA,NA,NA,NA,NA,NA,NA,NA,NA
"1062","WLF","Wallis and Futuna",2022,96.8636,90.7388,14.0965,85,85,11118,85,1520,93.9431,13.2427,85,0.740547,1618,13,0.11326,0,0,98,0,NA,1520,10415,703,11118,0,4,7,2,0.803461,NA,0,NA,NA,NA,NA,NA,NA,NA,NA,NA,NA,NA,NA,NA,NA,NA,NA,NA,NA,NA,NA,NA,NA,NA
"1063","CYP","Cyprus",2022,82.0744,77.2222,36.7657,100,100,778968,100,474,0.135839,0.0499421,2419,0.254873,348943,346050,36.4609,12,NA,122631,NA,93.9969,147670,732916,46052,NA,78630,106327,48592,191131,99.1709,NA,100,"Cyprus",90.8158,88.3125,89.601,"Cyprus",10.31,NA,3066,978,583176000,181730000,190208,31.162,NA,NA,NA,NA,NA,NA,NA,NA,NA,NA
"1064","RUS","Russian Federation",2022,110.233,109.848,24.6346,96.6,92.6,160477000,99.2,413503,1.15301,0.284039,2623440,1.80206,35863000,32826000,22.5485,77449,245749,31028500,1502020,86.5709,2695650,159916000,560997,33594800,313618,NA,NA,19138200,91.5318,NA,NA,"Russian Federation",89.9765,90.9217,90.418,"Russian Federation",12.601,NA,277064,120014,26369500000,4965470000,95174.8,18.8303,NA,NA,NA,NA,NA,NA,NA,NA,NA,NA
"1065","SRB","Serbia",2022,109.538,98.8311,29.3458,99.49,98.69,7274670,99.75,2526,0.129611,0.0380353,32715,0.492607,1948910,1913670,28.8152,0,91209,515209,10623,83.2354,526534,6563570,711099,5835630,805286,563601,437589,912481,98.1918,NA,0,"Serbia",81.2256,85.9362,83.5383,"Serbia",5.60784,NA,14240,6314,2175930000,763729000,152804,35.099,NA,NA,NA,NA,NA,NA,NA,NA,NA,NA
"1066","PLW","Palau",2021,NA,NA,NA,88,NA,NA,98,NA,NA,NA,NA,NA,NA,NA,NA,NA,NA,NA,NA,NA,NA,NA,NA,NA,NA,NA,NA,NA,NA,NA,0,NA,NA,NA,NA,NA,NA,NA,NA,NA,NA,NA,NA,NA,NA,NA,NA,NA,NA,NA,NA,NA,NA,NA
"1067","TCA","Turks & Caicos Is.",2021,NA,NA,NA,95,95,NA,98,NA,NA,NA,NA,NA,NA,NA,NA,NA,NA,NA,NA,NA,NA,NA,NA,NA,NA,NA,NA,NA,NA,NA,0,NA,NA,NA,NA,NA,NA,NA,NA,NA,NA,NA,NA,NA,NA,NA,NA,NA,NA,NA,NA,NA,NA,NA
"1068","MNP","Northern Marianas",2021,NA,NA,NA,34.78,10,NA,NA,NA,NA,NA,NA,NA,NA,NA,NA,NA,NA,NA,NA,NA,NA,NA,NA,NA,NA,NA,NA,NA,NA,NA,NA,NA,NA,NA,NA,NA,NA,NA,NA,NA,NA,NA,NA,NA,NA,NA,NA,NA,NA,NA,NA,NA,NA,NA
"1069","MYT","Mayotte",2021,NA,NA,NA,66.39,NA,NA,NA,NA,NA,NA,NA,NA,NA,NA,NA,NA,NA,NA,NA,NA,NA,NA,NA,NA,NA,NA,NA,NA,NA,NA,0,NA,NA,NA,NA,NA,NA,NA,NA,NA,NA,NA,NA,NA,NA,NA,NA,NA,NA,NA,NA,NA,NA,NA
"1070","VIR","Virgin Islands (US)",2021,NA,NA,NA,80.13,71.01,NA,NA,NA,NA,NA,NA,NA,NA,NA,NA,NA,NA,NA,NA,NA,NA,NA,NA,NA,NA,NA,NA,NA,NA,NA,6.43,NA,NA,NA,NA,NA,NA,NA,NA,NA,NA,NA,NA,NA,NA,NA,NA,NA,NA,NA,NA,NA,NA,NA
"1071","ASM","American Samoa",2021,NA,NA,NA,92.67,NA,NA,NA,NA,NA,NA,NA,NA,NA,NA,NA,NA,NA,NA,NA,NA,NA,NA,NA,NA,NA,NA,NA,NA,NA,NA,0,NA,NA,NA,NA,NA,NA,NA,NA,NA,NA,NA,NA,NA,NA,NA,NA,NA,NA,NA,NA,NA,NA,NA
"1072","AAA","Guernsey",2021,NA,NA,NA,99,74.15,NA,NA,NA,NA,NA,NA,NA,NA,NA,NA,NA,NA,NA,NA,NA,NA,NA,NA,NA,NA,NA,NA,NA,NA,NA,0,NA,NA,NA,NA,NA,NA,NA,NA,NA,NA,NA,NA,NA,NA,NA,NA,NA,NA,NA,NA,NA,NA,NA
"1073","GBJ","Jersey",2021,NA,NA,NA,99,94.16,NA,NA,NA,NA,NA,NA,NA,NA,NA,NA,NA,NA,NA,NA,NA,NA,NA,NA,NA,NA,NA,NA,NA,NA,NA,0,NA,NA,NA,NA,NA,NA,NA,NA,NA,NA,NA,NA,NA,NA,NA,NA,NA,NA,NA,NA,NA,NA,NA
"1074","WLF","Wallis and Futuna",2021,NA,NA,NA,NA,10,NA,NA,NA,NA,NA,NA,NA,NA,NA,NA,NA,NA,NA,NA,NA,NA,NA,NA,NA,NA,NA,NA,NA,NA,NA,0,NA,NA,NA,NA,NA,NA,NA,NA,NA,NA,NA,NA,NA,NA,NA,NA,NA,NA,NA,NA,NA,NA,NA
"1075","CCK","Cocos Keeling Islands",2021,NA,NA,NA,NA,NA,NA,NA,NA,NA,NA,NA,NA,NA,NA,NA,NA,NA,NA,NA,NA,NA,NA,NA,NA,NA,NA,NA,NA,NA,NA,0,NA,NA,NA,NA,NA,NA,NA,NA,NA,NA,NA,NA,NA,NA,NA,NA,NA,NA,NA,NA,NA,NA,NA
"1076","NIU","Niue",2021,NA,NA,NA,60,60,NA,NA,NA,NA,NA,NA,NA,NA,NA,NA,NA,NA,NA,NA,NA,NA,NA,NA,NA,NA,NA,NA,NA,NA,NA,0,NA,NA,NA,NA,NA,NA,NA,NA,NA,NA,NA,NA,NA,NA,NA,NA,NA,NA,NA,NA,NA,NA,NA
"1077","NFK","Norfolk Islands",2021,NA,NA,NA,NA,NA,NA,NA,NA,NA,NA,NA,NA,NA,NA,NA,NA,NA,NA,NA,NA,NA,NA,NA,NA,NA,NA,NA,NA,NA,NA,0,NA,NA,NA,NA,NA,NA,NA,NA,NA,NA,NA,NA,NA,NA,NA,NA,NA,NA,NA,NA,NA,NA,NA
"1078","SPM","St. Pierre & Miquelon",2021,NA,NA,NA,NA,NA,NA,NA,NA,NA,NA,NA,NA,NA,NA,NA,NA,NA,NA,NA,NA,NA,NA,NA,NA,NA,NA,NA,NA,NA,NA,0,NA,NA,NA,NA,NA,NA,NA,NA,NA,NA,NA,NA,NA,NA,NA,NA,NA,NA,NA,NA,NA,NA,NA
"1079","TKL","Tokelau",2021,NA,NA,NA,NA,NA,NA,NA,NA,NA,NA,NA,NA,NA,NA,NA,NA,NA,NA,NA,NA,NA,NA,NA,NA,NA,NA,NA,NA,NA,NA,0,NA,NA,NA,NA,NA,NA,NA,NA,NA,NA,NA,NA,NA,NA,NA,NA,NA,NA,NA,NA,NA,NA,NA
"1080","VAT","Vatican",2021,NA,NA,NA,NA,NA,NA,NA,NA,NA,NA,NA,NA,NA,NA,NA,NA,NA,NA,NA,81.4796,NA,NA,NA,NA,NA,NA,NA,NA,NA,NA,0,"Vatican",NA,NA,81.67,NA,NA,NA,NA,NA,NA,NA,NA,NA,NA,NA,NA,NA,NA,NA,NA,NA,NA,NA
"1081","PSE","State of Palestine",2022,21.652,21.614,7.93673,58.3,0,1148700,98,30,0.00712479,0.000565475,124782,2.35204,421065,296253,5.58413,NA,11284,51746,68,92.3019,357967,1146680,2016,0,0,188974,55801,51478,70.358,NA,0,"State of Palestine",88.1969,89.0841,88.6469,"State of Palestine",5.26757,803088,2411,711,NA,NA,NA,11.3683,NA,NA,NA,NA,NA,NA,NA,NA,NA,NA
"1082","MAR","Morocco",2022,88.9495,88.0735,6.4715,99.5,99.4,33204000,99.8,942,0.0389941,0.0025235,1007220,2.69821,2415750,1407590,3.77077,5374,202673,611000,40541,87.4,1556000,32877000,327000,28205600,0,793116,66552,547926,58.2673,NA,0,"Morocco",NA,NA,89.9,"Morocco",3.45506,NA,9139,2618,3421530000,791976000,374388,23.1468,NA,NA,NA,NA,NA,NA,NA,NA,NA,NA
"1083","OMN","Oman",2022,115.911,97.857,10.8833,100,99,5718900,100,1606,0.299087,0.0325506,246349,4.99304,536967,289012,5.85774,667,231983,231618,557,96.7704,72363,4828120,890775,NA,NA,NA,270743,18269,53.823,NA,88,"Oman",NA,NA,95.2453,"Oman",9.31555,NA,4174,1198,1975920000,589396000,473388,29.8289,NA,NA,NA,NA,NA,NA,NA,NA,NA,NA
"1084","UKR","Ukraine",2022,77.4324,NA,17.5398,91,91,31745500,99.9,75797,1.05407,0.184881,NA,NA,7190920,7115120,17.3549,5244,59647,6220750,276576,79.9026,311113,NA,NA,NA,317588,726526,4301850,2086740,98.9459,NA,NA,"Ukraine",NA,NA,82.6753,"Ukraine",26.78,NA,46579,16239,2572890000,388210000,55237.1,15.0885,NA,NA,NA,NA,NA,NA,NA,NA,NA,NA
"1085","ZAF","South Africa",2023,130.833,76.1658,3.40566,99.78,98.95,82702500,99.88,6374,0.29608,0.0100835,86544,0.13691,2152800,2059880,3.25867,6749,245343,1635190,127749,78.5948,125259,48146200,34556300,28200300,12512,703352,685421,671109,95.6839,NA,41.76,"South Africa",NA,NA,75.6592,"South Africa",20.2428,8708750000,27391,12225,8889750000,1844530000,324550,20.7489,NA,NA,NA,NA,NA,NA,NA,NA,NA,NA
"1086","ARM","Armenia",2023,103.177,100.51,18.5458,100,100,3036890,100,416,0.0762078,0.0141333,71706,2.43617,545876,473754,16.0955,0,22583,454613,17824,91.7435,50856,2958400,78489,2307370,0,146807,256694,70253,86.7878,NA,11.1,"Armenia",81.8635,77.8794,79.9966,"Armenia",17.3252,0,5735,2476,341289000,93860100,59509.9,27.5016,NA,NA,NA,NA,NA,NA,NA,NA,NA,NA
"1087","AZE","Azerbaijan",2023,85.3588,83.5079,20.8825,100,100,8807500,100,237017,11,2.29708,409393,3.96768,2154700,1508290,14.6178,66,38258,1527770,6230,88.5686,507981,8616520,190985,6368060,74400,304933,1124410,78950,70,NA,0,"Azerbaijan",85.3964,92.6833,89,"Azerbaijan",19.9358,13800000,32600,10010,1895860000,229529000,58155.1,12.1069,NA,NA,37.469,42.631,36.49,52.51,36.579,52.421,36.045,36.401
"1088","BRA","Brazil",2023,97.4755,NA,22.4192,93.39,93.19,205811000,93.44,168254,0.355445,0.0796881,1121940,0.531372,47336100,46045900,21.8082,373941,1463040,35490600,0,84.1061,1305820,NA,NA,177109000,8702710,2186230,4481000,39378700,97.2744,NA,62.7,"Brazil",85.6558,82.5526,84.1506,"Brazil",NA,NA,NA,NA,26846100000,5109480000,NA,19.0325,20.5159,27.3447,14.1169,52.7344,20.2324,33.2988,16.0135,62.396,14.858,45.2482
"1089","BEL","Belgium",2023,97.3459,93.9066,43.7026,100,100,11402000,100,4995,0.0975806,0.0426453,21699,0.185257,5118840,5092150,43.4747,3849,91160,394255,12612,94.4834,1950730,10999200,402844,9874470,2666240,87671,1251100,3753380,99.4785,NA,87,"Belgium",94.6981,94.554,94.6263,"Belgium",5.47841,NA,15156,4877.7,7131080000,2719650000,470512,38.138,20.6549,66.3839,15.8437,71.1182,12.927,61.2087,14.3692,73.6854,16.4196,71.1182
"1090","BGD","Bangladesh",2023,62.0031,60.7631,7.89246,98.93,98.93,106315000,99.64,0,0,0,1759290,1.02602,13533000,11773700,6.86644,NA,NA,12179700,1082640,43.5913,0,104189000,2126300,102054000,0,6357790,4709470,706421,87,NA,0,"Bangladesh",37.3212,51.6665,44.5027,"Bangladesh",2307.73,7.7691e+12,683843,273537,3113620000,NA,4553.12,NA,NA,NA,NA,NA,NA,NA,NA,NA,NA,NA
"1091","BLR","Belarus",2023,103.728,95.1775,35.0932,99.9,98.4,9455520,99.9,2614,0.0817135,0.0286759,633352,6.94794,3198980,2563020,28.1166,NA,NA,2031920,482619,92.5273,620503,8676080,488621,6688090,63941,478275,469620,1615120,80.1197,NA,0,"Belarus",92.1169,90.6503,91.5125,"Belarus",NA,NA,NA,NA,1428010000,242922000,NA,17.0112,9.13957,35.8131,17.5059,65.1973,17.9463,24.2618,12.0662,74.9592,14.9995,54.6985
"1092","BGR","Bulgaria",2023,117.952,100.443,37.0236,99.99,99.86,8015760,99.99,117,0.00465015,0.00172165,23132,0.340387,2516050,2492800,36.6815,987,468413,1511490,173376,88.4966,97115,6825900,1189660,5250630,264669,161837,887542,1443420,99.076,NA,86.3,"Bulgaria",79.7595,81.0422,80.3896,"Bulgaria",27.1083,NA,16789.9,7190.11,1697610000,371846000,101109,21.904,34.7436,16.0043,16.2824,53.6352,19.1127,24.512,19.4273,57.1535,21.4989,25.2516
"1093","CHL","Chile",2023,109.479,104.727,22.9954,98,96,21522200,99,9117,0.201675,0.0463761,34592,0.175962,4520630,4476920,22.7731,NA,111270,3139190,17593,94.3466,35670,20588200,934075,17110100,1216910,69721,58321,4348880,99.0331,NA,86,"Chile",94.4025,94.5157,94.4574,"Chile",15.175,NA,30011,20507,NA,1381380000,NA,NA,NA,NA,20.5533,45.9343,19.7405,47.0166,11.8609,71.3537,11.6454,50.4105
"1094","COL","Colombia",2023,85.9153,84.8207,17.037,100,99.8,44951900,100,40452,0.453806,0.0773148,724786,1.38526,8913950,8148710,15.5744,24119,146378,3271080,16254,63.9357,397657,44379200,572677,40356300,4837950,824787,1109080,6214840,91.4153,NA,0,"Colombia",78.2038,76.4192,77.3369,"Colombia",NA,NA,NA,NA,5930410000,NA,NA,NA,NA,NA,NA,NA,NA,NA,NA,NA,NA,NA
"1095","CIV","Côte d'Ivoire",2023,93.6018,90.0538,1.36337,98.1,91.5,29171600,98.7,NA,NA,NA,NA,NA,424902,NA,NA,702,471,260951,162542,74.441,236,28065800,1105760,NA,0,NA,NA,NA,NA,NA,0,"Côte d'Ivoire",35.3225,46.4065,40.6528,"Côte d'Ivoire",12.0178,NA,2937,1005,2010260000,402976000,684459,20.046,NA,NA,NA,NA,NA,NA,NA,NA,NA,NA
"1096","CRI","Costa Rica",2023,101.526,98.87,22.5231,95,95,5183450,95,8830,0.767877,0.17295,100640,1.9712,1149920,1040450,20.379,18,6737,545837,0,81.7396,69743,5047830,135620,NA,527589,303921,418254,318279,90.4802,NA,0,"Costa Rica",85.8248,84.9168,85.3951,"Costa Rica",15.5202,27482200000,9811,3196,1650260000,248826000,168205,15.078,NA,NA,NA,NA,NA,NA,NA,NA,NA,NA
"1097","CYP","Cyprus",2023,84.1709,79.1508,36.9006,100,100,813428,100,326,0.0914172,0.0337334,1707,0.176635,356607,354574,36.6902,NA,NA,183455,NA,92.3049,97297,764913,48515,NA,75855,71636,31133,251805,99.4299,NA,100,"Cyprus",91.7818,90.624,91.2211,"Cyprus",10.1846,NA,2749,890,604937000,122958000,220057,20.3257,NA,NA,NA,NA,NA,NA,NA,NA,NA,NA
"1098","DEU","Germany",2023,96.8228,93.1989,45.3805,99.96,99.96,81862000,99.96,170893,0.4454,0.202125,1118970,1.32347,38368400,37078600,43.8549,30214,8781,4294610,961137,91.6618,24470200,78798000,3064000,61798000,8603460,5553130,12223500,19302000,96.6382,NA,95.9,"Germany",91.4829,93.4711,92.4764,"Germany",3.42119,NA,132400,NA,49273400000,16110900000,372155,32.6969,NA,NA,NA,NA,NA,NA,NA,NA,NA,NA
"1099","DNK","Denmark",2023,146.564,125.885,44.0352,100,100,8717830,100,8728,0.333222,0.146735,27461,0.461674,2619270,2529040,42.5181,553,14176,1449650,23968,96.0907,294823,7487840,1229990,2167990,836103,165462,197907,2165670,96.5548,NA,100,"Denmark",98.6854,98.8653,98.7756,"Denmark",16.1373,NA,11918,NA,4934800000,1530320000,414063,31.0107,NA,NA,NA,NA,NA,NA,NA,NA,NA,NA
"1100","ESP","Spain",2023,112.577,110.777,37.2148,99.7,99.7,53937200,99.8,3392,0.0190239,0.00707971,80916,0.168886,17830200,17745900,37.0389,13667,533936,15299400,504,96.4472,488113,53075000,862231,46425000,1494630,830243,96464,16819200,99.5272,NA,85.4,"Spain",95.6202,95.2676,95.4456,"Spain",2.29092,NA,42143,NA,1.8246e+10,5218730000,432955,28.602,17.1895,62.9351,9.24099,78.9878,21.5458,52.283,4.77368,90.1057,21.7998,65.6417
"1101","ECU","Ecuador",2023,63.126,56.5778,16.0679,96.27,95.05,11350100,96.72,159979,5.53748,0.889757,320097,1.78029,2889020,2408940,13.3978,NA,97140,2311760,NA,62.2189,92722,10172700,1177370,11296900,387398,NA,NA,NA,83.3827,NA,0,"Ecuador",72.9855,72.3919,72.6943,"Ecuador",9.70901,NA,13927,4993,NA,NA,NA,NA,NA,NA,NA,NA,NA,NA,NA,NA,NA,NA
"1102","FRA","France",2023,109.255,103.006,48.6688,99,99,72588000,99,NA,NA,NA,390000,0.587006,32335000,31283000,47.0854,NA,NA,21468000,663000,88.136,7439000,68436000,4152000,72588000,2765000,7043000,2082000,22158000,96.7466,NA,93,"France",86.2977,87.4247,86.8364,"France",2.53035,NA,94334,NA,35436400000,14907400000,375648,42.0682,21.7825,44.8921,14.5199,61.6124,19.7017,46.0175,12.8292,71.1882,26.168,55.4216
"1103","HRV","Croatia",2023,132.268,117.13,28.471,99.79,99.72,5153180,100,NA,NA,NA,142730,3.66348,1109240,966496,24.8072,1730,36326,260718,7687,89.5555,629162,4563390,589787,4414470,172749,257742,262404,446339,87.1318,NA,97.49,"Croatia",79.8164,86.7736,83.2412,"Croatia",6.79731,NA,8179,3259,1863600000,521195000,227852,27.9671,NA,NA,5.14001,75.82,41.8298,39.72,3.67999,77.64,20.8103,46.1156
"1104","ITA","Italy",2023,98.4459,88.6013,31.8411,100,100,58574800,100,14452,0.0762829,0.0242893,402824,0.677021,18945300,18528000,31.1398,28781,2107960,4608330,4006,83.6821,12196200,52717300,5857480,NA,0,2285750,2334980,13907300,97.7975,NA,80,"Italy",86.109,87.9577,87.0278,"Italy",2.97278,NA,59773,NA,24037200000,7050900000,402141,29.3333,24.2422,34.8941,14.6746,60.8246,17.6857,42.5967,4.19099,79.8937,23.6914,50.0683
"1105","IDN","Indonesia",2023,118.472,118.472,4.81664,98.97,98.96,333132000,99.35,106145,0.78371,0.0377485,1555790,0.553286,13543900,9202270,3.27262,3296,150870,13389700,NA,87.0883,NA,333132000,NA,333132000,NA,NA,NA,NA,67.944,NA,3.73,"Indonesia",66.3477,72.0652,69.2084,"Indonesia",7.34968,NA,67324,18325,18526600000,NA,275185,NA,NA,NA,NA,NA,NA,NA,NA,NA,NA,NA
"1106","ISR","Israel",2023,153.337,NA,29.4357,99,97,14193300,99,NA,NA,NA,NA,NA,2724660,2724660,29.4357,NA,NA,2513530,NA,79.2751,932446,NA,NA,NA,484808,NA,NA,NA,100,NA,NA,"Israel",86.2151,87.9025,87.0384,NA,NA,NA,NA,NA,NA,NA,NA,NA,NA,NA,NA,NA,NA,NA,NA,NA,NA,NA
"1107","JAM","Jamaica",2023,70.4537,68.818,15.7852,99,99,2000730,100,1035,0.23089,0.0364464,8986,0.316432,448266,438245,15.4323,3920,5980,224862,NA,86.4926,32347,1954280,46451,741355,181157,NA,NA,NA,97.7645,NA,0,"Jamaica",92.2942,86.5903,89.473,"Jamaica",3.96754,NA,1820,935,702665000,NA,386080,NA,NA,NA,44.3096,21.2966,9.03635,10.2875,20.7405,60.7658,28.702,23.432
"1108","JOR","Jordan",2023,67.5457,57.1317,7.03749,99.5,99.5,7726690,99.5,487,0.0604943,0.00425729,172844,1.51098,805034,631703,5.52226,NA,163368,516910,43,91.1993,101586,6535420,1191280,0,NA,61176,76559,493968,78.4691,NA,32.5,"Jordan",90.8907,93.9829,92.5344,"Jordan",8.97474,NA,4426,1346,1232390000,430986000,278444,34.9714,7.1276,4.56599,19.6509,26.3387,14.8959,19.7155,18.1906,65.3733,17.1914,15.582
"1109","KOR","Korea (Rep. of)",2023,121.796,116.395,46.5676,99.9,99.9,63028000,99.9,7,2.90479e-05,1.35269e-05,9762,0.0188642,24098200,24088400,46.5488,0,NA,21582500,NA,99.9659,355364,60232800,2795170,48948700,2160340,65509,844383,23178500,99.9595,NA,94,"Korea (Rep. of)",96.7274,98.0887,97.416,"Korea (Rep. of)",6.75853,NA,149735,NA,52676700000,5873190000,351800,11.1495,32.6842,25.054,6.68559,90.1016,16.4949,79.3656,14.0433,81.9686,7.83233,82.1565
"1110","LTU","Lithuania",2023,137.439,106.437,27.9638,99.99,99.99,3922660,100,NA,NA,NA,NA,NA,798115,NA,NA,690,29605,637321,2980,88.5903,110967,3037820,884840,3012650,16552,89544,138347,570224,NA,NA,98.9,"Lithuania",90.6902,86.1234,88.5029,"Lithuania",23.8702,1846710000,5335,NA,796934000,121046000,149378,15.189,NA,NA,7.85309,78.4973,18.749,39.5887,16.6744,63.843,18.107,60.3608
"1111","LUX","Luxembourg",2023,116.524,NA,38.3793,100,100,775000,100,0,0,0,0,0,255260,255260,38.3793,NA,NA,166116,2798,99.0586,62809,NA,NA,NA,23537,NA,15029,205398,100,NA,99,"Luxembourg",99.3147,99.3798,99.3479,"Luxembourg",NA,NA,NA,NA,613147,112993000,NA,18428.3,NA,NA,NA,NA,NA,NA,NA,NA,NA,NA
"1112","LVA","Latvia",2023,120.758,98.2465,25.9948,99,95,2273150,99,0,0,0,53550,2.84478,489326,435776,23.1501,643,7092,379569,80244,93.0654,11721,1849390,423757,1632920,10057,36192,47325,352259,89.0564,NA,70,"Latvia",92.2988,92.0644,92.1879,"Latvia",20.5786,NA,4513,1930,522390000,109418000,115752,20.9457,NA,NA,15.9028,67.8686,27.3233,3.59741,18.7012,65.3352,18.4913,68.2555
"1113","MEX","Mexico",2023,97.2753,96.0495,20.7529,97.01,96.94,126205000,98.05,2874,0.0106742,0.0022152,1208390,0.931392,26924800,20410500,15.7319,162508,54384,17390300,1390510,71.6535,2268390,124614000,1590320,89476100,5658720,1525940,13164700,5719920,75.8057,NA,37.13,"Mexico",81.3647,80.9827,81.1832,"Mexico",9.30831,13415600000,267966,81890,33977700000,3135590000,126798,9.22839,NA,NA,18.5619,53.1123,4.50433,28.2736,9.53667,67.7941,15.7442,28.5605
"1114","MYS","Malaysia",2023,129.059,128.24,13.0287,97.1,97.1,45333800,98.6,14000,0.305911,0.0398562,14900,0.0424184,4576500,4547600,12.9464,6300,19100,4515000,4400,96.417,31700,45045900,287900,37057300,NA,22200,484100,4041300,99.3685,NA,80.2,"Malaysia",97.1838,98.153,97.6927,"Malaysia",3.91583,28861900000,32900,13700,7788860000,1081540000,236744,13.8858,NA,NA,NA,NA,15.4983,66.5157,4.56881,92.8122,7.73033,80.5614
"1115","MWI","Malawi",2023,40.1533,37.8589,0.0795566,88.69,74.91,8474160,89.13,5977,35.5986,0.028321,8649,0.0409818,16790,2164,0.0102537,NA,NA,1626,NA,18.3888,NA,7989930,484228,2321190,NA,NA,NA,NA,12.8886,NA,0,"Malawi",16.123,18.8351,17.9881,"Malawi",163.062,NA,784,424,340342000,23695100,434110,6.96215,0.451442,0.858115,3.37882,1.46589,1.15992,1.53701,12.0066,4.11375,1.3931,1.95989
"1116","POL","Poland",2023,215.458,192.94,24.5262,100,100,83517600,100,23039,0.242336,0.0594358,442309,1.14106,9507040,7983000,20.5945,30991,598994,4573160,369667,93.3038,1106650,74789100,8728510,NA,2827580,588129,1125820,6269060,83.9694,NA,69,"Poland",86.7038,86.1088,86.4147,"Poland",NA,NA,NA,NA,10123600000,2643160000,NA,26.1088,NA,NA,9.7044,72.7487,14.4489,26.0882,22.7752,48.341,11.5559,63.3337
"1117","PRT","Portugal",2023,100.245,93.2695,44.1107,100,100,10456300,100,2371,0.0515314,0.0227309,11384,0.109139,4601080,4587320,43.9789,4283,241390,3048050,7650,89.0062,127713,9728690,727577,8968280,1171990,142201,284092,4161030,99.701,NA,98.1,"Portugal",85.021,86.6303,85.7901,"Portugal",1.43213,NA,7879,NA,4226960000,822435000,536484,19.4569,NA,NA,9.73971,70.0828,11.5668,42.4858,19.4713,60.3893,18.5968,51.0024
"1118","PRY","Paraguay",2023,74.9571,71.8679,12.8836,99.61,96.9,5130170,99.83,79,0.00895926,0.00115427,19145,0.279728,881769,862545,12.6027,51,31654,483986,NA,55.7853,12578,4918740,211429,4689930,353500,40502,95742,726301,97.8198,NA,0,"Paraguay",79.2152,76.9155,78.0948,"Paraguay",25.1422,NA,5167,NA,862811000,148484000,166985,17.2094,NA,NA,NA,NA,NA,NA,NA,NA,NA,NA
"1119","PER","Peru",2023,88.6721,84.961,10.4364,86.88,81.12,30011600,88.73,47107,1.33362,0.139182,28530,0.0842945,3532270,3456640,10.213,26609,121296,2018970,2145,55.2702,42352,28755600,1256060,27429800,1320900,126935,585844,2743860,97.8587,NA,9.89,"Peru",77.3836,81.5861,79.4848,"Peru",9.30407,NA,13997,5265,4595070000,1047670000,328290,22.7999,NA,NA,NA,NA,NA,NA,NA,NA,NA,NA
"1120","ROU","Romania",2023,97.1497,94.494,34.6706,99.86,98.93,18573600,99.98,5669,0.0855247,0.0296519,53039,0.277423,6628500,6569790,34.3635,1713,323610,5489930,66799,92.0002,116331,18065800,507745,17083800,630112,282625,139872,6147290,99.1143,NA,16.37,"Romania",88.4753,89.965,89.2034,"Romania",22.551,NA,44200,NA,2951280000,561836000,66771,19.037,NA,NA,17.6919,52.5146,27.7722,5.04164,22.6991,61.5962,23.3896,14.163
"1121","RUS","Russian Federation",2023,118.88,118.105,25.8239,97,93.1,172900000,99.4,344768,0.917953,0.237051,2381560,1.63748,37558400,34832000,23.9493,89062,196682,33455000,1151630,87.9216,2358320,171773000,1127140,36054800,307659,NA,NA,21839900,92.7411,NA,NA,"Russian Federation",92.0739,92.4398,92.245,"Russian Federation",NA,NA,NA,112704,23058900000,4440160000,NA,19.2557,9.54229,7.7961,29.1861,36.8428,19.198,31.5249,9.69664,79.6296,22.204,51.0311
"1122","CHE","Switzerland",2023,109.28,98.5836,46.8365,100,100,9693780,100,0,0,0,26809,0.302224,4154660,4120490,46.4513,2169,NA,1327750,5191,97.8548,1789240,8744920,948868,NA,1030310,100156,453629,3566700,99.1776,NA,100,"Switzerland",96.4868,98.2155,97.3444,"Switzerland",7.8469,NA,22554,NA,14741200000,3043590000,653598,20.6467,20.5252,65.5109,8.48176,83.3114,24.6218,57.3354,5.59112,90.5197,23.716,66.1385
"1123","CZE","Czech Republic",2023,106.176,103.242,37.91,99.8,99.8,11477300,99.8,2464,0.0601275,0.0227943,96644,0.894048,4097960,3998850,36.9931,6410,1576830,884184,9369,87.4918,1016090,11160200,317155,8328880,605080,796777,1403550,1798530,97.5815,NA,85.4,"Czech Republic",84.8476,87.2329,85.994,"Czech Republic",16.3788,NA,19674.9,NA,3718930000,878075000,189019,23.6109,NA,NA,5.96999,77.7005,16.6663,42.6085,21.171,51.1126,8.24179,71.6975
"1124","THA","Thailand",2023,108.317,105.702,14.5089,99,99,77666100,99,34250,0.329224,0.0477669,324034,0.451915,10403300,10045000,14.0093,NA,NA,10317200,NA,91.6404,86068,75790600,1875560,NA,NA,329614,230108,9485260,96.556,NA,89,"Thailand",88.6092,90.5384,89.5353,"Thailand",NA,NA,NA,NA,11394200000,NA,NA,NA,NA,NA,NA,NA,NA,NA,NA,NA,NA,NA
"1125","USA","United States",2023,184.683,NA,38.0939,99,99,634343000,99,585000,0.447097,0.170317,3066000,0.892635,130844000,127193000,37.031,2127000,7797000,30104000,0,94.772,11847000,NA,NA,447727000,78969000,11061000,12257000,103875000,97.2097,NA,96,"United States",NA,NA,93.1444,"United States",7.45845,NA,632700,NA,NA,NA,NA,NA,NA,NA,NA,NA,NA,NA,NA,NA,NA,NA
"1126","VNM","Viet Nam",2023,99.7708,93.6754,22.6807,99.85,99.85,100122000,99.9,3446,0.0151402,0.00343391,36084,0.0359574,22760500,22721000,22.6413,84,26,21972200,24916,87.7,43395,94005400,6116870,95823300,719970,32862,12515900,10172300,99.8263,NA,0,"Viet Nam",75.8894,80.32,78.08,"Viet Nam",34.5468,3.48e+08,80020,23989,5736170000,871334000,71684.3,15.1901,NA,NA,NA,NA,NA,NA,47.32,20.18,NA,NA
"1127","SRB","Serbia",2023,112.031,99.583,31.2695,99.53,98.77,7440220,99.77,2309,0.111188,0.0347678,17706,0.266609,2076670,2056660,30.9682,NA,88292,642123,11640,85.5589,529895,6613500,826721,5675450,804692,549332,480215,1027110,99.0362,NA,0,"Serbia",84.5566,86.1911,85.3575,"Serbia",5.9674,NA,14827,6702,2495520000,844406000,168309,33.8369,NA,NA,NA,NA,NA,NA,NA,NA,NA,NA
"1128","MDA","Moldova",2023,94.3869,90.9527,27.3086,99.9,99.3,2894910,99.99,3783,0.451661,0.123342,4746,0.154741,837575,829046,27.0306,NA,3294,764424,NA,70.5726,63726,2789580,105328,2302210,6131,91297,305558,432191,98.9817,NA,NA,"Moldova",NA,NA,80.2126,"Moldova",5.8,NA,4915,1873,278723000,80589800,56708.7,28.9139,NA,NA,NA,NA,NA,NA,NA,NA,NA,NA
"1129","BIH","Bosnia and Herzegovina",2023,65.3667,64.8514,28.4401,98,98,2081980,100,21951,2.42328,0.689184,126894,3.98402,905839,756994,23.7669,7,65331,114251,16,81.5518,455365,2065560,16413,1686710,270869,238363,306922,211709,83.5683,NA,NA,"Bosnia and Herzegovina",83.0098,83.7166,83.3772,"Bosnia and Herzegovina",17.4338,0,10695,2988,736090000,131489000,68825.7,17.8632,NA,NA,NA,NA,NA,NA,NA,NA,NA,NA
"1130","GEO","Georgia",2023,113.42,112.893,29.3086,99.9,99.72,4318450,99.9,3432,0.307548,0.0901381,96279,2.52867,1115920,1016210,26.6898,237,103939,997187,NA,88.9878,14560,4298380,20069,3756270,NA,327076,657982,31155,91.0647,NA,0,"Georgia",82.0899,81.6423,81.8843,"Georgia",26.773,NA,7442,3015,514848000,94369800,69181.4,18.3296,NA,NA,19.7584,40.4344,21.0073,21.6123,5.28085,76.3655,17.367,30.3994
"1131","KAZ","Kazakhstan",2023,109.187,98.2681,14.3457,95,89.2,22197800,98.2,4070,0.139551,0.0200196,627320,3.08567,2916500,2285110,11.24,1900,140500,1678500,203400,96.809,977700,19978000,2219800,25532000,56800,498755,30525,1755830,78.3511,NA,38.2,"Kazakhstan",91.7601,94.0687,92.8785,"Kazakhstan",56.5611,48047600000,151974,64304,2705030000,960982000,17799.3,35.5257,NA,NA,NA,NA,NA,NA,NA,NA,NA,NA
"1132","VAT","Vatican",2022,NA,NA,NA,NA,NA,NA,NA,NA,NA,NA,NA,NA,NA,NA,NA,NA,NA,NA,NA,83.0764,NA,NA,NA,NA,NA,NA,NA,NA,NA,NA,NA,"Vatican",NA,NA,85.0607,NA,NA,NA,NA,NA,NA,NA,NA,NA,NA,NA,NA,NA,NA,NA,NA,NA,NA,NA
"1133","GUF","French Guiana",2021,NA,NA,NA,85.28,NA,NA,NA,NA,NA,NA,NA,NA,NA,NA,NA,NA,NA,NA,NA,NA,NA,NA,NA,NA,NA,NA,NA,NA,NA,NA,NA,NA,NA,NA,NA,NA,NA,NA,NA,NA,NA,NA,NA,NA,NA,NA,NA,NA,NA,NA,NA,NA,NA,NA
"1134","KSO","Kosovo",2021,NA,NA,NA,95,NA,NA,NA,NA,NA,NA,NA,NA,NA,NA,NA,NA,NA,NA,NA,NA,NA,NA,NA,NA,NA,NA,NA,NA,NA,NA,NA,NA,NA,NA,NA,NA,NA,NA,NA,NA,NA,NA,NA,NA,NA,NA,NA,NA,NA,NA,NA,NA,NA,NA
"1135","ASC","Ascension",2021,NA,NA,NA,100,100,NA,NA,NA,NA,NA,NA,NA,NA,NA,NA,NA,NA,NA,NA,NA,NA,NA,NA,NA,NA,NA,NA,NA,NA,NA,NA,NA,NA,NA,NA,NA,NA,NA,NA,NA,NA,NA,NA,NA,NA,NA,NA,NA,NA,NA,NA,NA,NA,NA
"1136","STP","Sao Tome and Principe",2023,41.9719,41.2733,2.5014,96,81,96901,97,0,0,0,4418,1.91362,5775,1357,0.587774,0,2263,3499,0,56.9597,13,95288,1613,NA,0,0,0,0,23.4978,NA,0,"Sao Tome and Principe",NA,NA,61.4607,"Sao Tome and Principe",54.6755,NA,107,32,14641200,3045290,136834,20.7995,NA,NA,NA,NA,NA,NA,NA,NA,NA,NA
"1137","SXM","St. Maarten",2021,NA,NA,NA,NA,74,NA,NA,NA,NA,NA,NA,NA,NA,NA,NA,NA,NA,NA,NA,NA,NA,NA,NA,NA,NA,NA,NA,NA,NA,NA,NA,NA,NA,NA,NA,NA,NA,NA,NA,NA,NA,NA,NA,NA,NA,NA,NA,NA,NA,NA,NA,NA,NA,NA
"1138","KWT","Kuwait",2023,135.827,93.4368,1.01366,100,100,6572370,100,1605,3.27224,0.0331695,12042,0.248864,49049,35402,0.73163,0,3438,29576,6000,100,9213,4521200,2051170,4887120,1013,10445,16515,8442,72.1768,NA,99.9,"Kuwait",100,99.5887,99.7473,"Kuwait",12.3799,0,7089,2968,3163660000,194827000,446278,6.15828,NA,NA,NA,NA,NA,NA,NA,NA,NA,NA
"1139","TUR","Türkiye",2023,84.4677,83.7009,22.4592,99.75,99.72,73715400,99.85,10512,0.053632,0.0120453,496883,0.56936,19600200,19092800,21.8778,15859,NA,6753380,550281,95.5385,10816300,73046200,669193,69562500,1464420,11877900,6672780,542120,97.4113,NA,NA,"Türkiye",82.1321,89.7969,85.9607,"Türkiye",2.89183,NA,28703,7649,9459590000,2207800000,329568,23.3392,12.8728,3.56172,11.6366,61.9226,18.2172,27.784,10.4564,73.5644,16.7133,53.2342
"1140","ASM","American Samoa",2022,NA,NA,NA,92.67,NA,NA,92.67,NA,NA,NA,NA,NA,NA,NA,NA,NA,NA,NA,NA,NA,NA,NA,NA,NA,NA,NA,NA,NA,NA,NA,NA,NA,NA,NA,NA,NA,NA,NA,NA,NA,NA,NA,NA,NA,NA,NA,NA,NA,NA,NA,NA,NA,NA,NA
"1141","ASC","Ascension",2022,NA,NA,NA,100,100,NA,100,NA,NA,NA,NA,NA,NA,NA,NA,NA,NA,NA,NA,NA,NA,NA,NA,NA,NA,NA,NA,NA,NA,NA,NA,NA,NA,NA,NA,NA,NA,NA,NA,NA,NA,NA,NA,NA,NA,NA,NA,NA,NA,NA,NA,NA,NA,NA
"1142","GUF","French Guiana",2022,NA,NA,NA,85.28,NA,NA,85.28,NA,NA,NA,NA,NA,NA,NA,NA,NA,NA,NA,NA,NA,NA,NA,NA,NA,NA,NA,NA,NA,NA,NA,NA,NA,NA,NA,NA,NA,NA,NA,NA,NA,NA,NA,NA,NA,NA,NA,NA,NA,NA,NA,NA,NA,NA,NA
"1143","AAA","Guernsey",2022,NA,NA,NA,99,74.15,NA,99,NA,NA,NA,NA,NA,NA,NA,NA,NA,NA,NA,NA,NA,NA,NA,NA,NA,NA,NA,NA,NA,NA,NA,NA,NA,NA,NA,NA,NA,NA,NA,NA,NA,NA,NA,NA,NA,NA,NA,NA,NA,NA,NA,NA,NA,NA,NA
"1144","GBJ","Jersey",2022,NA,NA,NA,99,94.16,NA,99,NA,NA,NA,NA,NA,NA,NA,NA,NA,NA,NA,NA,NA,NA,NA,NA,NA,NA,NA,NA,NA,NA,NA,NA,NA,NA,NA,NA,NA,NA,NA,NA,NA,NA,NA,NA,NA,NA,NA,NA,NA,NA,NA,NA,NA,NA,NA
"1145","KSO","Kosovo",2022,NA,NA,NA,95,84.4,NA,95,NA,NA,NA,NA,NA,NA,NA,NA,NA,NA,NA,NA,NA,NA,NA,NA,NA,NA,NA,NA,NA,NA,NA,NA,NA,NA,NA,NA,NA,NA,NA,NA,NA,NA,NA,NA,NA,NA,NA,NA,NA,NA,NA,NA,NA,NA,NA
"1146","MYT","Mayotte",2022,NA,NA,NA,66.39,NA,NA,66.39,NA,NA,NA,NA,NA,NA,NA,NA,NA,NA,NA,NA,NA,NA,NA,NA,NA,NA,NA,NA,NA,NA,NA,NA,NA,NA,NA,NA,NA,NA,NA,NA,NA,NA,NA,NA,NA,NA,NA,NA,NA,NA,NA,NA,NA,NA,NA
"1147","NIU","Niue",2022,NA,NA,NA,70,70,NA,NA,NA,NA,NA,NA,NA,NA,NA,NA,NA,NA,NA,NA,NA,NA,NA,NA,NA,NA,NA,NA,NA,NA,NA,NA,NA,NA,NA,NA,NA,NA,NA,NA,NA,NA,NA,NA,NA,NA,NA,NA,NA,NA,NA,NA,NA,NA,NA
"1148","MNP","Northern Marianas",2022,NA,NA,NA,34.78,10,NA,34.78,NA,NA,NA,NA,NA,NA,NA,NA,NA,NA,NA,NA,NA,NA,NA,NA,NA,NA,NA,NA,NA,NA,NA,NA,NA,NA,NA,NA,NA,NA,NA,NA,NA,NA,NA,NA,NA,NA,NA,NA,NA,NA,NA,NA,NA,NA,NA
"1149","SXM","St. Maarten",2022,NA,NA,NA,91.01,73.63,NA,91.01,NA,NA,NA,NA,NA,NA,NA,NA,NA,NA,NA,NA,NA,NA,NA,NA,NA,NA,NA,NA,NA,NA,NA,NA,NA,NA,NA,NA,NA,NA,NA,NA,NA,NA,NA,NA,NA,NA,NA,NA,NA,NA,NA,NA,NA,NA,NA
"1150","TCA","Turks & Caicos Is.",2022,NA,NA,NA,95,95,NA,98,NA,NA,NA,NA,NA,NA,NA,NA,NA,NA,NA,NA,NA,NA,NA,NA,NA,NA,NA,NA,NA,NA,NA,NA,NA,NA,NA,NA,NA,NA,NA,NA,NA,NA,NA,NA,NA,NA,NA,NA,NA,NA,NA,NA,NA,NA,NA
"1151","ASC","Ascension",2020,NA,NA,NA,100,NA,NA,NA,NA,NA,NA,NA,NA,NA,NA,NA,NA,NA,NA,NA,NA,NA,NA,NA,NA,NA,NA,NA,NA,NA,NA,NA,NA,NA,NA,NA,NA,NA,NA,NA,NA,NA,NA,NA,NA,NA,NA,NA,NA,NA,NA,NA,NA,NA,NA
"1152","ASC","Ascension",2019,NA,NA,NA,100,NA,NA,NA,NA,NA,NA,NA,NA,NA,NA,NA,NA,NA,NA,NA,NA,NA,NA,NA,NA,NA,NA,NA,NA,NA,NA,NA,NA,NA,NA,NA,NA,NA,NA,NA,NA,NA,NA,NA,NA,NA,NA,NA,NA,NA,NA,NA,NA,NA,NA
"1153","ASC","Ascension",2018,NA,NA,NA,100,NA,NA,NA,NA,NA,NA,NA,NA,NA,NA,NA,NA,NA,NA,NA,NA,NA,NA,NA,NA,NA,NA,NA,NA,NA,NA,NA,NA,NA,NA,NA,NA,NA,NA,NA,NA,NA,NA,NA,NA,NA,NA,NA,NA,NA,NA,NA,NA,NA,NA
"1154","BMU","Bermuda",2018,NA,NA,NA,99.7,NA,NA,NA,NA,NA,NA,NA,NA,NA,NA,NA,NA,NA,NA,NA,NA,NA,NA,NA,NA,NA,NA,NA,NA,NA,NA,NA,NA,NA,NA,NA,NA,NA,NA,NA,NA,NA,NA,NA,NA,NA,NA,NA,NA,NA,NA,NA,NA,NA,NA
"1155","NIU","Niue",2019,NA,NA,NA,20,20,NA,NA,NA,NA,NA,NA,NA,NA,NA,NA,NA,NA,NA,NA,NA,NA,NA,NA,NA,NA,NA,NA,NA,NA,NA,NA,NA,NA,NA,NA,NA,NA,NA,NA,NA,NA,NA,NA,NA,NA,NA,NA,NA,NA,NA,NA,NA,NA,NA
"1156","NIU","Niue",2020,NA,NA,NA,40,40,NA,NA,NA,NA,NA,NA,NA,NA,NA,NA,NA,NA,NA,NA,NA,NA,NA,NA,NA,NA,NA,NA,NA,NA,NA,NA,NA,NA,NA,NA,NA,NA,NA,NA,NA,NA,NA,NA,NA,NA,NA,NA,NA,NA,NA,NA,NA,NA,NA
"1157","AFG","Afghanistan",2023,55.5475,NA,0.0800873,67,34,23027100,92.3,NA,NA,NA,NA,NA,33200,NA,NA,NA,NA,NA,NA,27.7,NA,NA,NA,NA,NA,NA,NA,NA,NA,NA,NA,"Afghanistan",NA,NA,17.7089,NA,NA,NA,NA,NA,NA,NA,NA,NA,NA,NA,NA,NA,NA,NA,NA,NA,NA,NA
"1158","AGO","Angola",2023,30.3109,25.5772,0.373669,83.9,76.78,11139200,88,26283,19.1395,0.0715186,78014,0.212284,137323,33026,0.0898669,1173,9946,110764,NA,48.3915,5093,9399590,1739650,6694780,10347,25761,6605,660,24.0499,NA,15.4,"Angola",NA,NA,44.7581,"Angola",90.2059,1.30023e+11,7813,1672,851518000,413926000,108987,48.6103,NA,NA,NA,NA,NA,NA,NA,NA,NA,NA
"1159","KIR","Kiribati",2023,51.6328,51.2541,0.0399909,75,65,68429,76,18,33.9623,0.0135818,33,0.0249,53,2,0.00150909,0,0,0,40,58.5334,0,67927,502,30000,0,1,1,0,3.77358,NA,0,"Kiribati",NA,NA,88,"Kiribati",5235.29,1825300,89,44,1199580,1212670,13478.5,101.091,NA,NA,NA,NA,NA,NA,NA,NA,NA,NA
"1160","LIE","Liechtenstein",2023,125.153,120.37,49.4065,99,98.33,49558,100,0,0,0,15,0.0378807,19564,19549,49.3687,0,0,18384,0,93.3997,0,47664,1894,49558,1084,330,878,18341,99.9233,NA,90,"Liechtenstein",NA,NA,97.3444,"Liechtenstein",16.6342,NA,171,NA,84052400,21420900,491534,25.4852,NA,NA,NA,NA,NA,NA,NA,NA,NA,NA
"1161","LSO","Lesotho",2023,61.0463,12.7283,0.383738,95.8,85.1,1411070,95.8,0,0,0,0,0,8870,8870,0.383738,NA,NA,4717,3871,NA,282,294210,19799,847938,NA,4012,4142,716,100,NA,0,"Lesotho",NA,NA,47.991,"Lesotho",86.2163,NA,633,274,95507500,7591500,150881,7.94859,NA,NA,NA,NA,NA,NA,NA,NA,NA,NA
"1162","MAC","Macao, China",2023,192.478,NA,29.6759,99.8,99.8,1374130,99.9,13,0.00613613,0.00182095,872,0.122144,211860,210975,29.552,NA,NA,211749,111,95.3541,0,NA,NA,678800,NA,13844,3273,193858,99.5823,NA,95.8,"Macao, China",NA,NA,89.1806,"Macao, China",16.8892,NA,1470,NA,387594000,39741300,263669,10.2533,NA,NA,NA,NA,NA,NA,NA,NA,NA,NA
"1163","MUS","Mauritius",2023,134.321,101.744,26.9082,99,99,1710700,99,61600,17.9749,4.83673,400,0.0314073,342700,280700,22.0401,NA,NA,280600,NA,76.5,NA,1295800,414900,1313550,NA,48300,178400,54000,81.9084,NA,50,"Mauritius",NA,NA,79.5,"Mauritius",5.00431,NA,2321,970,254483000,NA,109644,NA,NA,NA,NA,NA,NA,NA,NA,NA,NA,NA
"1164","MCO","Monaco",2023,101.314,92.6712,55.8836,100,100,39468,100,7,0.0321543,0.017969,18,0.046206,21770,21745,55.8194,0,0,9768,0,98.2311,220,36101,3367,37874,6856,152,1399,20194,99.8852,NA,100,"Monaco",NA,NA,99.1497,"Monaco",5.96518,NA,258,51,91246200,NA,353667,NA,NA,NA,NA,NA,NA,NA,NA,NA,NA,NA
"1165","MDG","Madagascar",2023,26.0508,NA,0.124487,68.16,33.64,8126780,88.54,736,1.8952,0.00235928,7122,0.0228299,38835,30977,0.0992982,26,59,31025,6969,24.3662,0,NA,6202270,983423,0,4304,3926,22747,79.7657,NA,6.12,"Madagascar",NA,NA,20.3671,"Madagascar",743.041,NA,2536,897,389986000,144717000,153780,37.1082,NA,NA,NA,NA,NA,NA,NA,NA,NA,NA
"1166","MDV","Maldives",2023,52.496,47.5334,18.6293,100,100,276126,100,NA,NA,NA,NA,NA,97989,NA,NA,336,62,89422,803,92.1279,279,250023,26103,NA,7087,NA,NA,NA,NA,NA,53,"Maldives",NA,NA,84.6851,"Maldives",75.3499,NA,969,275,NA,NA,NA,NA,NA,NA,NA,NA,NA,NA,NA,NA,NA,NA
"1167","MLT","Malta",2023,129.387,125.06,44.2825,100,100,689577,100,0,0,0,217,0.0407163,236006,235789,44.2417,NA,18952,74340,NA,93.5399,32046,666513,23064,NA,110668,1312,60224,174253,99.9081,NA,100,"Malta",94.0165,90.3384,92.0727,"Malta",5.36342,NA,1395,NA,270668000,NA,194027,NA,24.2373,54.726,6.78719,80.7162,0,50.1207,2.67565,88.0808,22.7243,63.5662
"1168","MNG","Mongolia",2023,120.118,109.305,14.5529,100,99,4122370,100,9480,1.8981,0.276229,56438,1.6445,499446,433528,12.6322,557,12728,479557,NA,81.7849,6604,3751280,371083,3447290,NA,172028,257895,3605,86.8018,NA,NA,"Mongolia",NA,NA,83.0162,"Mongolia",25.3935,NA,12232,5637,605385000,97544800,49491.9,16.1128,NA,NA,NA,NA,NA,NA,NA,NA,NA,NA
"1169","ALB","Albania",2023,74.0676,73.239,22.5049,99.6,99.6,2082530,99.87,346,0.0546812,0.0123059,36510,1.29852,632759,595903,21.194,190,30968,417554,2814,96.713,73191,2059230,23296,1908640,108042,159989,256377,179537,94.1753,NA,0,"Albania",81.7239,84.59,83.1356,"Albania",19.0083,NA,3291,1194,293281000,45601700,89116,15.5488,NA,NA,NA,NA,NA,NA,NA,NA,NA,NA
"1170","DZA","Algeria",2023,104.172,101.055,12.0087,98.18,90.42,48090200,98.53,4591,0.0828145,0.00994493,7996,0.0173208,5543720,5531130,11.9814,2358,1719310,1080950,14127,92.576,2726990,46651500,1438780,43060900,0,5416660,46612,67854,99.773,NA,0,"Algeria",NA,NA,76.9081,"Algeria",5.93955,0,37564,13264,3832400000,754583000,102023,19.6896,NA,NA,NA,NA,NA,NA,NA,NA,NA,NA
"1171","AND","Andorra",2023,107.131,53.5656,51.7401,99.5,97,86622,99.5,2600,6.21489,3.21559,0,0,41835,39235,48.5245,NA,NA,41835,NA,96.4472,NA,43311,NA,NA,NA,NA,NA,39235,93.7851,NA,92,"Andorra",NA,NA,95.4456,"Andorra",4.9526,NA,256,90,NA,NA,NA,NA,NA,NA,NA,NA,NA,NA,NA,NA,NA,NA
"1172","ARG","Argentina",2023,79.6078,NA,25.3581,98.5,97.68,NA,98.89,103438,0.895748,0.227145,1110960,2.4396,11547700,10057200,22.085,2992,585760,3908180,191804,93.38,836390,NA,NA,NA,6022530,1661960,2688390,5706800,87.0925,NA,NA,"Argentina",89.03,89.44,89.229,"Argentina",NA,NA,NA,NA,10178300000,NA,NA,NA,NA,NA,NA,NA,NA,NA,NA,NA,NA,NA
"1173","SAU","Saudi Arabia",2023,169.245,149.746,43.5732,100,100,56298200,100,52297,0.36081,0.157217,210069,0.631515,14494300,14232000,42.7845,NA,NA,NA,NA,100,NA,49812100,6486080,NA,NA,268310,2332700,11630900,98.1899,NA,NA,"Saudi Arabia",100,100,100,"Saudi Arabia",NA,NA,NA,NA,20943600000,4089030000,NA,19.524,NA,NA,NA,NA,NA,NA,NA,NA,NA,NA
"1174","AUS","Australia",2023,128.501,112.513,36.6274,99.6,85,33990000,99.6,NA,NA,NA,NA,NA,9688370,8768370,33.1493,89077,927366,2530000,NA,97.3703,4112160,29761000,4229000,33990000,2029760,2305590,4699950,1762820,90.5041,NA,85,"Australia",NA,NA,97.0631,"Australia",11.6651,NA,75508,18373,2.968e+10,6472940000,393071,21.8091,NA,NA,NA,NA,NA,NA,NA,NA,NA,NA
"1175","AUT","Austria",2023,125.353,99.7061,29.3725,98,98,11445300,99,NA,NA,NA,207308,2.27052,2681840,2474530,27.102,3427,14221,300879,2232,94.9832,1377550,9103590,2341720,NA,983532,383026,963443,1128060,92.2699,NA,96,"Austria",94.1659,96.5136,95.3347,"Austria",3.22771,NA,11633,NA,4452560000,853829000,382753,19.1761,25.7326,51.9359,12.5564,74.9405,22.9956,53.2072,4.52339,89.7793,23.6975,64.4678
"1176","BHS","Bahamas",2023,100.048,NA,23.8163,98,95,399630,99,NA,NA,NA,NA,NA,95132,95132,23.8163,NA,NA,25713,NA,87.3652,9786,NA,NA,NA,59615,NA,NA,NA,100,NA,0,"Bahamas",NA,NA,94.8186,"Bahamas",11.6511,NA,1127,593,356654000,74183000,316463,20.7997,NA,NA,NA,NA,NA,NA,NA,NA,NA,NA
"1177","BDI","Burundi",2023,10.2739,0,0.0203441,53.2,32.18,1406430,96.8,1081,38.8151,0.00789659,1198,0.00875126,2785,394,0.00287813,43,0,123,0,NA,19,0,1406430,685717,0,219,42,25,14.1472,NA,0,"Burundi",NA,NA,11.0784,"Burundi",75.1236,0,1079,228,105693000,2533030,97954.4,2.39659,NA,NA,NA,NA,NA,NA,NA,NA,NA,NA
"1178","BEN","Benin",2023,50.0964,49.5354,0.17088,85,80,7069110,98,2598,10.7743,0.0184111,9865,0.0699098,24113,11650,0.0825595,NA,6291,14984,2516,36.8437,170,6989960,79155,4615010,NA,9116,2221,313,48.3142,NA,0,"Benin",NA,NA,32.2083,"Benin",803.083,NA,1146,361,589605000,230626000,514489,39.1154,NA,NA,NA,NA,NA,NA,NA,NA,NA,NA
"1179","KGZ","Kyrgyzstan",2023,92.6723,92.0745,6.44653,99.5,99.33,6555190,99.6,5571,1.22172,0.0787586,74710,1.05619,455996,375715,5.31157,36,3906,371943,700,80.6371,26,6512910,42284,6419880,79385,177078,198589,48,82.3944,NA,0,"Kyrgyzstan",NA,NA,88.4701,"Kyrgyzstan",33.2897,0,6174,1839,378839000,78419300,61360.4,20.6999,NA,NA,NA,NA,NA,NA,NA,NA,NA,NA
"1180","SVK","Slovakia",2023,94.6145,86.2326,33.1726,99,99,5220880,100,10475,0.572254,0.189831,101470,1.83887,1830480,1718540,31.1439,676,428455,859950,1487,90.6001,366829,4758360,462520,3394250,173085,332097,515056,871384,93.8844,NA,62.6,"Slovakia",87.0761,87.353,87.2131,"Slovakia",14.961,NA,7562,2614,1919080000,378091000,253780,19.7017,29.9134,33.9937,11.816,69.3172,24.3634,39.5822,12.0953,72.7462,33.8058,37.753
"1181","MKD","North Macedonia",2023,85.2554,84.8182,29.1772,99.93,99.85,1561710,99.93,3655,0.683858,0.19953,13086,0.714379,534468,517727,28.2633,NA,93724,168998,35890,83.7752,107475,1553700,8009,NA,128381,210348,250222,57157,96.8677,NA,66.23,"North Macedonia",NA,NA,87.1819,"North Macedonia",NA,NA,NA,NA,345410000,63502800,NA,18.3848,NA,NA,NA,NA,NA,NA,NA,NA,NA,NA
"1182","TWN","Taiwan, Province of China",2023,122.166,119.748,29.3383,100,99.96,28485500,100,22253,0.325296,0.0954362,327937,1.40642,6840850,6490330,27.835,327,0,4250970,1213,92.4,320811,27921800,563708,28485500,2267530,810025,1185630,4494680,94.8761,NA,97.29,"Taiwan, Province of China",92.92,93.42,93.1448,"Taiwan, Province of China",3.37918,25020300000,40690,15155,9399670000,1884670000,231007,20.0504,NA,NA,27.0324,18.0444,23.0757,5.33177,56.4499,28.8476,28.1397,21.0989
"1183","TLS","Timor-Leste",2023,28.9572,NA,0.00577915,96.5,45,400850,96.5,NA,NA,NA,NA,NA,80,NA,NA,NA,NA,NA,NA,NA,NA,NA,NA,NA,NA,NA,NA,NA,NA,NA,NA,"Timor-Leste",NA,NA,34.0207,"Timor-Leste",NA,NA,NA,NA,101147000,NA,NA,NA,NA,NA,NA,NA,NA,NA,NA,NA,NA,NA
"1184","PSE","State of Palestine",2023,21.7664,NA,8.37057,58,0,1177390,98,31,0.00684658,0.000573097,91378,1.68931,452781,368646,6.81516,0,6125,145484,256,93.4545,274844,NA,NA,0,0,181112,48576,138958,81.4182,NA,NA,"State of Palestine",86.2802,86.9849,86.6377,"State of Palestine",6.3156,2800000,2423,629,NA,NA,NA,22.1899,8.98967,13.5274,17.9086,39.5767,18.0458,28.1229,20.6272,55.5931,14.0658,9.65084
"1185","MNE","Montenegro",2023,111.81,104.001,32.0155,97.97,97.97,708376,98.46,183,0.0902211,0.0288848,16585,2.61778,202835,186067,29.3689,65,1825,98759,390,82.2828,47632,658902,49474,608898,54164,29320,25388,131359,91.7332,NA,85.37,"Montenegro",NA,NA,89.8052,"Montenegro",8.91018,76107000,1696,779,277483000,82513500,163610,29.7364,NA,NA,NA,NA,NA,NA,NA,NA,NA,NA
"1186","SSD","South Sudan",2023,6.62216,1.04499,0.00174165,18,15,760447,65.25,70,35,0.000609577,60,0.000522495,200,40,0.00034833,150,20,0,0,NA,0,120000,98000,NA,0,20,20,0,20,NA,0,NA,NA,NA,NA,NA,NA,NA,NA,NA,NA,NA,NA,NA,NA,NA,NA,NA,NA,NA,NA,NA,NA,NA
"1187","BHR","Bahrain",2023,141.898,132.789,17.1582,100,100,2227330,100,76,0.0282185,0.00484179,2733,0.174113,269327,266518,16.9793,NA,89841,170272,NA,100,8459,2084340,142987,2227330,NA,28318,25538,212662,98.957,NA,100,"Bahrain",100,100,100,"Bahrain",12.5236,NA,3277,984,1441870000,212946000,439996,14.7688,NA,NA,NA,NA,NA,NA,NA,NA,NA,NA
"1188","BWA","Botswana",2023,111.872,109.612,6.16496,98,91,2774710,99,305,0.199469,0.0122972,129673,5.22824,152906,14414,0.581152,360,134462,1927,NA,75.2579,16157,2718640,56070,NA,NA,8369,410,40,9.42671,NA,23,"Botswana",NA,NA,81.36,NA,NA,NA,NA,NA,NA,NA,NA,NA,NA,NA,NA,NA,NA,NA,NA,NA,NA,NA
"1189","MMR","Myanmar",2023,108.751,108.006,2.7983,95.44,94.44,58870900,96.38,88906,5.86906,0.164234,639774,1.18184,1514830,786145,1.45223,463,318700,1190850,4083,54.8976,727,58467900,403056,31994600,0,520267,209568,56310,51.8968,NA,0,"Myanmar",NA,NA,58.5357,"Myanmar",29.4363,NA,17300,7888,NA,NA,NA,NA,NA,NA,NA,NA,NA,NA,NA,NA,NA,NA
"1190","BRN","Brunei Darussalam",2023,118.816,117.917,20.212,99.07,99.04,545307,99.07,223,0.240398,0.0485893,223,0.0485893,92763,92540,20.1635,NA,NA,91928,521,95.1162,314,541178,4129,511446,NA,597,99,91844,99.7596,NA,95.44,"Brunei Darussalam",NA,NA,99.0336,"Brunei Darussalam",9.73576,NA,1186,503,NA,69129700,NA,NA,NA,NA,NA,NA,NA,NA,NA,NA,NA,NA
"1191","BTN","Bhutan",2023,96.8124,49.352,1.31882,97,97,761318,98,4002,38.5884,0.508911,5679,0.722165,10371,690,0.0877433,NA,NA,479,NA,99.6,NA,388097,NA,593916,0,133,33,27,6.65317,NA,40,"Bhutan",NA,NA,88.426,"Bhutan",53.5035,NA,985,269,104.702,37286900,0.106297,35612200,NA,NA,NA,NA,NA,NA,NA,NA,NA,NA
"1192","CAN","Canada",2023,83.4201,82.9777,42.5242,99.7,99.5,32783400,99.7,24514,0.146688,0.062378,462780,1.17758,16711600,16224300,41.2842,NA,1182620,5344730,97151,95.6403,2139090,32609500,173878,NA,7948030,2167770,4232750,9823810,97.0841,NA,93.3,"Canada",NA,NA,93.9564,"Canada",NA,NA,NA,NA,41135300000,9877700000,NA,24.0127,NA,NA,NA,NA,NA,NA,NA,NA,NA,NA
"1193","CHN","China",2023,128.247,128.224,44.7289,100,100,1824420000,100,113657,0.017862,0.00798947,6229060,0.437869,636306000,629964000,44.283,42,NA,614050000,19271600,83.5435,2984580,1824100000,326435,1241660000,NA,2116040,26483500,601364000,99.0032,NA,94,"China",77.3218,77.6366,90.6,"China",6.27212,NA,1125310,432325,2.38174e+11,59131300000,211653,24.8269,NA,NA,NA,NA,NA,NA,NA,NA,NA,NA
"1194","LKA","Sri Lanka",2023,68.5218,62.4011,8.76545,97,97,15740600,99.5,1847,0.0917278,0.00804036,1101430,4.79475,2013570,910287,3.96266,NA,1325990,443241,NA,72.7692,244332,14334500,1406030,12744400,NA,249870,NA,660417,45.2077,NA,0,"Sri Lanka",NA,NA,51.2,"Sri Lanka",5.78154,896400000,9867,2449,731143000,254128000,74099.8,34.7576,NA,NA,NA,NA,NA,NA,NA,NA,NA,NA
"1195","CMR","Cameroon",2023,24.4502,24.4502,NA,75,75,6937170,87.8,NA,NA,NA,NA,NA,NA,NA,NA,NA,NA,NA,NA,50.4963,NA,6937170,NA,6937170,NA,NA,NA,NA,NA,NA,NA,"Cameroon",NA,NA,41.9088,"Cameroon",NA,NA,3306,1142,1286410000,223664000,389115,17.3867,NA,NA,NA,NA,NA,NA,NA,NA,NA,NA
"1196","COG","Congo (Rep. of the)",2023,57.5177,NA,1.26798,83.4,77.5,3556250,89.3,NA,NA,NA,1641,0.026541,78398,76757,1.24144,NA,NA,NA,NA,44.4213,NA,NA,NA,NA,NA,NA,NA,NA,97.9068,NA,0,"Congo (Rep. of the)",NA,NA,38.3791,NA,NA,NA,NA,NA,NA,NA,NA,NA,NA,NA,NA,NA,NA,NA,NA,NA,NA,NA
"1197","COM","Comoros",2023,82.1735,NA,0.387941,94,94,698793,94,449,13.6102,0.0527995,643,0.0756126,3299,2207,0.259529,44,NA,NA,NA,45.9179,425,NA,NA,NA,2057,NA,NA,NA,66.8991,NA,NA,"Comoros",NA,NA,35.6678,"Comoros",13.8275,NA,122,NA,66231600,1846190,542882,2.78747,NA,NA,NA,NA,NA,NA,NA,NA,NA,NA
"1198","CPV","Cabo Verde",2023,100.815,95.5913,7.23009,94.16,84.7,526589,99.34,NA,NA,NA,NA,NA,37765,37765,7.23009,NA,5895,10363,NA,75.3972,21507,499303,27286,298267,NA,NA,NA,NA,100,NA,NA,"Cabo Verde",NA,NA,73.539,"Cabo Verde",9.95429,0,601,198,76571200,16646500,127406,21.7399,NA,NA,NA,NA,NA,NA,NA,NA,NA,NA
"1199","CUB","Cuba",2023,48.5714,NA,2.97118,74.57,50.04,5352540,87.53,224846,68.6716,2.04036,98404,0.892964,327422,4172,0.0378587,NA,39974,NA,NA,33.3821,327422,NA,NA,4390670,NA,2746,990,436,1.2742,NA,0,"Cuba",NA,NA,71.275,"Cuba",11.7419,NA,18657,8230,NA,NA,NA,NA,NA,NA,NA,NA,NA,NA,NA,NA,NA,NA
"1200","DJI","Djibouti",2023,34.9353,33.9153,1.47206,90,76,402784,90,10311,60.753,0.894319,4873,0.422657,16972,1788,0.155081,NA,NA,610,540,70.0693,16362,391024,NA,NA,NA,1028,636,124,10.535,NA,0,"Djibouti",NA,NA,65.0248,"Djibouti",85.6555,0,2456,717,202597000,28756200,82490.8,14.1938,NA,NA,NA,NA,NA,NA,NA,NA,NA,NA
"1201","DOM","Dominican Rep.",2023,72.8392,0,11.1346,98.7,97.6,8253610,99.5,47615,3.77392,0.420209,380619,3.35902,1261690,833451,7.35532,47363,135474,628298,2535,49.9703,244433,0,0,5974650,203583,293929,331380,208143,66.0585,NA,54.9,"Dominican Rep.",NA,NA,84.6161,"Dominican Rep.",7.21631,NA,8257,3026,3737990000,295087000,452706,7.89426,NA,NA,NA,NA,NA,NA,NA,NA,NA,NA
"1202","EGY","Egypt",2023,69.1035,66.9473,10.8642,99.8,98,79148300,99.87,7,5.62545e-05,6.11163e-06,17,1.48425e-05,12443500,12443400,10.8642,684,3123,1922600,23049,75.538,10494200,76678700,2469610,46570300,NA,NA,12443700,NA,99.9998,NA,0,"Egypt",NA,NA,72.6899,"Egypt",4.83531,NA,60319,17968,5302070000,1548660000,87900.6,29.2086,NA,NA,NA,NA,NA,NA,NA,NA,NA,NA
"1203","EST","Estonia",2023,189.118,135.948,35.254,100,99,2585610,100,NA,NA,NA,20303,1.48501,481991,461688,33.769,NA,35023,245453,2859,93.2001,81230,1858670,726941,1532450,77162,108319,168073,185296,95.7877,NA,87,"Estonia",94.4063,91.8913,93.1834,"Estonia",15.3656,NA,3664,NA,478871000,128243000,130696,26.7802,NA,NA,7.30423,76.5159,0,49.7328,6.988,76.8781,21.1233,62.287
"1204","FIN","Finland",2023,159.252,121.76,35.3318,99.99,99.99,8920000,99.99,NA,NA,NA,16000,0.285654,1979000,1963000,35.0462,NA,NA,1301000,54000,96.7849,86000,6820000,2100000,NA,538000,605000,318000,1040000,99.1915,NA,99.5,"Finland",92.6385,94.4155,93.5139,"Finland",NA,NA,NA,NA,3102160000,769863000,NA,24.817,NA,NA,13.6318,75.2702,20.5061,39.6726,21.9623,61.407,15.334,76.0356
"1205","GBR","United Kingdom",2023,129.799,122.782,41.4368,99.9,99.9,89150000,99.9,0,0,0,309000,0.449893,28460000,28151000,40.9869,NA,NA,5650000,485000,96.4098,16792000,84330000,4820000,NA,5533000,2218000,15846000,10087000,98.9143,NA,85,"United Kingdom",NA,NA,96.2988,"United Kingdom",NA,NA,NA,NA,40522500000,1.233e+10,NA,30.4276,NA,NA,NA,NA,NA,NA,NA,NA,NA,NA
"1206","GHA","Ghana",2023,56.49,56.4857,0.555477,99.5,99.3,19086800,99.55,0,0,0,0,0,187684,0,0,40,207,187437,NA,61.7483,NA,19085400,1431,12069600,NA,0,0,0,0,NA,0,"Ghana",NA,NA,69.9445,"Ghana",5.70872,NA,1818,NA,NA,NA,NA,NA,NA,NA,NA,NA,NA,NA,NA,NA,NA,NA
"1207","GNB","Guinea-Bissau",2023,73.5175,72.6886,0.310448,53,32,1583080,100,2675,40.015,0.124226,3988,0.185201,6685,22,0.00102167,NA,6685,NA,NA,26.2519,NA,1565230,17851,682335,NA,NA,NA,NA,0.329095,NA,0,"Guinea-Bissau",NA,NA,32.4661,"Guinea-Bissau",NA,NA,242,58,121832,29643.2,503.439,24.3312,NA,NA,NA,NA,NA,NA,NA,NA,NA,NA
"1208","GRC","Greece",2023,93.8429,89.5921,43.854,99.8,99.8,9612240,99.9,213,0.00474185,0.00207949,6255,0.0610666,4491920,4485450,43.7908,590,3601,372845,120,86.9014,4114770,9176840,435405,7367110,0,1652390,1388110,1444960,99.856,NA,99,"Greece",84.7865,85.2407,85.0102,"Greece",1.88189,NA,9177,NA,5393270000,1092930000,587694,20.2648,NA,NA,9.09815,73.1794,17.3424,44.0567,8.22767,71.9273,10.9092,60.2173
"1209","GTM","Guatemala",2023,16.991,NA,5.08083,95,92,NA,100,9112,0.989475,0.0502736,115921,0.63957,920892,795859,4.39099,NA,NA,NA,NA,33.0778,NA,NA,NA,NA,NA,247090,391703,157066,86.4226,NA,40,"Guatemala",NA,NA,56.0535,NA,NA,NA,NA,NA,NA,NA,NA,NA,NA,NA,NA,NA,NA,NA,NA,NA,NA,NA
"1210","HKG","Hong Kong, China",2023,174.452,165.649,39.884,99,99,12984000,100,0,0,0,12443,0.167183,2968460,2956020,39.7168,NA,59193,2553010,452,96.6257,261728,12328800,655203,12187100,94071,246544,47579,2661890,99.5808,NA,90,"Hong Kong, China",95.1066,96.9476,95.9778,"Hong Kong, China",5.396,NA,18814,7207,NA,NA,NA,NA,6.15264,21.2139,NA,NA,16.3516,47.7132,NA,NA,8.95094,46.0481
"1211","HND","Honduras",2023,49.4359,49.4359,4.36213,93,91,5262380,93,28316,6.09809,0.266007,96175,0.903488,464342,339851,3.19263,16503,10246,74551,19456,51.4379,13498,5262380,NA,3835980,330088,107553,213960,18338,73.1898,NA,0,"Honduras",NA,NA,58.2789,"Honduras",66.9096,NA,29696,12834,1018790000,241469000,34307.2,23.7016,NA,NA,NA,NA,NA,NA,NA,NA,NA,NA
"1212","HUN","Hungary",2023,85.3493,79.1745,36.7902,99.2,99.2,8267330,99.2,3980,0.111683,0.0410883,38580,0.398288,3563670,3521110,36.3508,1851,202046,1527300,8259,92.7347,332910,7669210,598126,5224490,1490710,121711,368960,3030440,98.8057,NA,83.7,"Hungary",91.7685,91.1146,91.4501,"Hungary",NA,NA,NA,NA,3257610000,NA,NA,NA,NA,NA,NA,NA,NA,NA,NA,NA,NA,NA
"1213","NLD","Netherlands",2023,122.803,117.353,43.2644,99,99,22218300,99,0,0,0,0,0,7827630,7827630,43.2644,NA,NA,2647870,NA,96.8965,1855100,21232100,986109,NA,3324660,86104,1346350,6395170,100,NA,99,"Netherlands",95.944,98.09,97.0068,"Netherlands",NA,NA,NA,NA,10614800000,4334800000,NA,40.8373,NA,NA,NA,NA,NA,NA,NA,NA,NA,NA
"1214","IRL","Ireland",2023,118.159,110.798,31.8908,99.9,99.8,6140280,99.9,NA,NA,NA,53667,1.03273,1657250,1603580,30.8581,7729,92730,670354,NA,94.4406,538182,5757780,382500,5112610,348251,80639,447421,1075520,96.7617,NA,85,"Ireland",NA,NA,96.4974,"Ireland",NA,NA,NA,NA,3970350000,1089630000,NA,27.4441,NA,NA,NA,NA,NA,NA,NA,NA,NA,NA
"1215","IRN","Iran (Islamic Republic of)",2023,120.326,120.326,12.0206,92,92,109025000,98,499642,4.58736,0.551428,4574820,5.04899,10891700,5817240,6.42018,0,2136800,303734,386102,83.4504,8065070,109025000,0,101804000,0,3779240,2010880,27121,53.4098,NA,3,"Iran (Islamic Republic of)",NA,NA,79.6309,"Iran (Islamic Republic of)",2.20538,0,64000,19200,28891600000,9157980000,451432,31.6977,NA,NA,NA,NA,NA,NA,NA,NA,NA,NA
"1216","IRQ","Iraq",2023,52.8309,NA,17.2313,98.2,98.2,23813000,100,4660100,60,10.3388,2330050,5.16938,7766830,776682,1.72312,NA,NA,4358620,NA,87.5139,NA,NA,NA,NA,NA,NA,NA,NA,9.99999,NA,0,"Iraq",NA,NA,81.7291,NA,NA,NA,NA,NA,NA,NA,NA,NA,NA,NA,NA,NA,NA,NA,NA,NA,NA,NA
"1217","ISL","Iceland",2023,124.752,106.559,37.4246,99.4,99,483485,99.4,32,0.0220626,0.00825683,47,0.0121272,145042,144963,37.4042,NA,228,128584,NA,98.3637,16230,412977,70508,293114,0,1314,12108,131541,99.9455,NA,95,"Iceland",NA,NA,99.8301,"Iceland",12.3892,NA,1022,NA,212565000,89689900,207989,42.1941,NA,NA,NA,NA,NA,NA,NA,NA,NA,NA
"1218","JPN","Japan",2023,249.098,NA,38.6312,99.9,96.6,309805000,99.9,82589,0.171896,0.0664054,1456830,1.17136,48046000,45157300,36.3086,NA,1243,40346100,1346550,90.966,228001,NA,NA,206673000,6124140,518495,1279840,43359000,93.9876,NA,96.6,"Japan",NA,NA,86.9815,NA,NA,NA,NA,NA,NA,NA,NA,NA,NA,NA,NA,NA,NA,NA,NA,NA,NA,NA
"1219","KEN","Kenya",2023,65.991,17.4982,2.38883,98,97,36518700,98,12877,0.97409,0.0232693,625984,1.13118,1321950,683091,1.23438,2902,284819,834911,781,NA,188,9683340,26835400,26835400,198351,424812,248011,10268,51.6729,NA,1.2,NA,NA,NA,NA,"Kenya",167.143,NA,11339,4843,2908080000,551184000,256467,18.9535,NA,NA,NA,NA,NA,NA,NA,NA,NA,NA
"1220","NIC","Nicaragua",2023,70.6969,NA,5.43031,79.37,78.5,4824080,79.37,NA,NA,NA,NA,NA,370543,NA,NA,0,41425,74238,55542,51.3959,25577,NA,NA,3334050,173761,NA,NA,NA,NA,NA,0,"Nicaragua",NA,NA,58.2314,"Nicaragua",NA,152450000,NA,NA,NA,3448500,NA,NA,NA,NA,NA,NA,NA,NA,NA,NA,NA,NA
"1221","NGA","Nigeria",2023,41.5815,40.8912,0.0512838,89.42,84.19,94757200,94.14,355,0.303764,0.000155782,77480,0.0339999,116867,39032,0.0171281,28085,23244,42052,23486,40.1154,NA,93184000,1573230,70364700,NA,NA,NA,NA,33.3986,NA,11.8,"Nigeria",NA,NA,39.2136,"Nigeria",159.702,134755000,17882,4866,NA,NA,NA,18.6896,NA,NA,NA,NA,NA,NA,NA,NA,NA,NA
"1222","NAM","Namibia",2023,58.5499,57.9002,3.52007,89,85,1734890,100,580,0.556072,0.0195741,60705,2.0487,104303,43018,1.45179,1353,NA,26679,5434,78.0417,70837,1715640,19250,1734890,NA,NA,NA,NA,41.2433,NA,0,"Namibia",NA,NA,64.4061,"Namibia",10.5407,NA,855,322,170301000,54307600,199182,31.8892,NA,NA,NA,NA,NA,NA,NA,NA,NA,NA
"1223","NZL","New Zealand",2023,109.379,NA,37.8531,98.63,97.7,5658000,98.63,NA,NA,NA,NA,NA,1958080,NA,NA,36534,370098,1345030,NA,96.2583,167000,NA,NA,NA,32000,NA,NA,NA,NA,NA,26.77,"New Zealand",NA,NA,96.1638,"New Zealand",18.0995,NA,12000,4440,3455280000,975781000,287940,28.2403,NA,NA,NA,NA,NA,NA,NA,NA,NA,NA
"1224","OMN","Oman",2023,107.226,88.1533,10.8793,100,99,5538870,100,791,0.140752,0.0153128,230379,4.45987,561983,330813,6.40415,667,240859,279852,899,97.9751,39706,4553650,985221,NA,NA,NA,314795,16018,58.8653,NA,89,"Oman",NA,NA,95.2517,"Oman",7.20608,NA,4176,1190,2291740000,623885000,548789,27.2232,62.6043,21.072,16.4337,71.8809,14.3741,76,NA,NA,17.2714,70.2055
"1225","PAK","Pakistan",2023,51.5872,NA,1.35622,81,81,127681000,91,36050,1.07397,0.0145654,1549240,0.625946,3356720,1771420,0.715713,NA,164717,1366350,698450,36.7329,1291920,NA,NA,117289000,17977,1679460,77165,14797,52.7725,NA,0,"Pakistan",NA,NA,27.3759,"Pakistan",15.1568,14584500000,39005,2800,3115960000,723585000,79886.2,23.2219,NA,NA,NA,NA,NA,NA,NA,NA,NA,NA
"1226","PHL","Philippines",2023,73.7219,NA,6.53931,98.45,95.54,84700000,99,NA,NA,NA,NA,NA,7513090,NA,NA,NA,NA,NA,NA,80.7703,NA,NA,NA,NA,NA,NA,NA,NA,NA,NA,68.98,"Philippines",NA,NA,83.7661,"Philippines",5.72993,NA,26513,9359,7635.04,NA,0.287973,NA,NA,NA,NA,NA,NA,NA,NA,NA,NA,NA
"1227","PLW","Palau",2023,NA,NA,7.33345,95,NA,NA,NA,10,0.769231,0.0564111,NA,NA,1300,NA,NA,NA,NA,NA,NA,NA,NA,NA,NA,NA,NA,NA,NA,NA,NA,NA,NA,NA,NA,NA,NA,NA,NA,NA,NA,NA,NA,NA,NA,NA,NA,NA,NA,NA,NA,NA,NA,NA,NA,NA
"1228","PAN","Panama",2023,106.269,NA,18.1341,95,85,4738270,96,8086,1.00005,0.181351,32342,0.725359,808557,768129,17.2274,NA,NA,159285,103515,85.7653,2036,NA,NA,3915160,543721,69849,186058,512222,95,NA,0,"Panama",NA,NA,68.5485,"Panama",8.46834,NA,6555,2698,1107720000,311660000,168988,28.1353,NA,NA,NA,NA,NA,NA,NA,NA,NA,NA
"1229","PRI","Puerto Rico",2023,104.464,NA,23.1596,100,90,3386740,100,NA,NA,NA,NA,NA,750838,NA,NA,NA,NA,NA,NA,NA,NA,NA,NA,NA,NA,NA,NA,NA,NA,NA,NA,NA,NA,NA,NA,"Puerto Rico",9.70911,NA,7360,NA,NA,NA,NA,NA,NA,NA,NA,NA,NA,NA,NA,NA,NA,NA
"1230","QAT","Qatar",2023,155.001,151.045,11.6411,100,99.9,4617600,100,99,0.0285469,0.00332317,234,0.00785477,346798,346465,11.6299,NA,47284,299181,NA,98.717,333,4499770,117833,3591810,NA,13768,45839,286858,99.904,NA,98.9,"Qatar",NA,NA,99.6528,"Qatar",3.60186,NA,1893,423,3019510000,336538000,1595090,11.1455,NA,NA,NA,NA,NA,NA,NA,NA,NA,NA
"1231","RWA","Rwanda",2023,66.485,NA,0.445556,99.07,98.76,9277630,99.07,1425,2.29192,0.0102118,5201,0.0372712,62175,55549,0.398073,3480,5058,53630,NA,37.9115,7,NA,NA,2165210,NA,18763,29083,7703,89.343,NA,0,"Rwanda",NA,NA,34.2005,"Rwanda",259.06,NA,2166,815,308638000,56380500,142492,18.2675,NA,NA,NA,NA,NA,NA,NA,NA,NA,NA
"1232","SWE","Sweden",2023,132.412,118.925,40.734,100,100,13971400,100,3881,0.0902968,0.0367815,40056,0.379624,4298050,4254110,40.3176,1579,8288,3556940,6546,92.2335,52910,12548400,1423030,13422000,671787,113439,88207,4052460,98.9777,NA,90.3,"Sweden",95.6015,95.803,95.7033,"Sweden",21.5668,NA,18803,6084,4794500000,1273420000,254986,26.56,3.32969,91.7967,7.4065,83.2,11.92,66.999,11.9897,80.391,6.02614,87.4024
"1233","KNA","Saint Kitts and Nevis",2023,137.303,NA,NA,NA,NA,NA,NA,NA,NA,NA,NA,NA,NA,NA,NA,NA,NA,NA,NA,74.7273,NA,NA,NA,NA,NA,NA,NA,NA,NA,NA,NA,"Saint Kitts and Nevis",NA,NA,76.4208,NA,NA,NA,NA,NA,NA,NA,NA,NA,NA,NA,NA,NA,NA,NA,NA,NA,NA,NA
"1234","SEN","Senegal",2023,107.85,NA,1.97393,99.5,97.5,19496700,99.5,NA,NA,NA,NA,NA,356839,NA,NA,NA,NA,NA,NA,60.8027,NA,NA,NA,12650600,NA,NA,NA,NA,NA,NA,NA,"Senegal",NA,NA,60.6122,"Senegal",9.0492,NA,3611,NA,1087890000,235407000,301270,21.6389,NA,NA,NA,NA,NA,NA,NA,NA,NA,NA
"1235","SYC","Seychelles",2023,80.319,80.319,30.7719,99,99,102769,99,5052,12.8311,3.94839,14372,11.2324,39373,19949,15.5911,NA,13851,23222,NA,71.8352,1979,102769,NA,NA,306,NA,NA,NA,50.6667,NA,NA,"Seychelles",NA,NA,87.4009,"Seychelles",25.6452,NA,473,206,105407000,29674800,222847,28.1527,NA,NA,NA,NA,NA,NA,NA,NA,NA,NA
"1236","SGP","Singapore",2023,173.2,173.2,27.4344,100,100,10026700,100,NA,NA,NA,NA,NA,1588200,1588200,27.4344,NA,NA,1583000,4900,98.4603,300,10026700,NA,8010600,NA,NA,NA,1588200,100,NA,95,"Singapore",93.97,94.593,94.2852,NA,NA,NA,NA,NA,NA,NA,NA,NA,NA,NA,NA,NA,NA,NA,NA,NA,NA,NA
"1237","SUR","Suriname",2023,138.112,96.1605,17.5374,92,82.59,868565,100,3,0.0027201,0.000477034,19991,3.1788,110290,90296,14.3581,NA,562,48005,NA,84.359,58715,604740,6133,45246,NA,88510,1685,101,81.8714,NA,16.29,"Suriname",NA,NA,78.3958,"Suriname",7.76523,NA,1001,424,72338500,4094020,72266.3,5.65953,NA,NA,NA,NA,NA,NA,NA,NA,NA,NA
"1238","SVN","Slovenia",2023,98.7978,89.684,31.8815,99.8,99.8,2092930,99.9,346,0.0512307,0.0163331,19440,0.917675,675376,655590,30.9475,610,4821,382191,893,93.7179,113575,1899860,193066,1488860,173242,73926,115638,466026,97.0704,NA,70.7,"Slovenia",89.829,90.8981,90.3779,"Slovenia",9.49239,NA,6141,NA,871849000,334405000,141972,38.3558,27.3633,28.9793,10.4928,75.335,21.3681,40.5774,10.9196,76.5054,28.0845,51.6161
"1239","SWZ","Eswatini",2023,106.214,105.001,2.76366,99.1,87,1306970,99.1,3066,9.01579,0.249166,14184,1.1527,34007,16757,1.3618,NA,NA,NA,NA,63.9642,NA,1292040,14930,1224600,NA,NA,NA,NA,49.2751,NA,0,"Eswatini",NA,NA,57.62,"Eswatini",26.3001,0,1103,420,137229000,12612700,124415,9.19093,NA,NA,NA,NA,NA,NA,NA,NA,NA,NA
"1240","SYR","Syrian Arab Republic",2023,31.1511,NA,6.86125,98.9,76.3,7349990,99,962078,59.4284,4.07753,653067,2.76786,1618890,3740,0.0158511,NA,NA,NA,NA,NA,1618890,NA,NA,7349990,NA,3740,NA,NA,0.231023,NA,NA,NA,NA,NA,NA,NA,NA,NA,NA,NA,NA,NA,NA,NA,NA,NA,NA,NA,NA,NA,NA,NA,NA,NA
"1241","TGO","Togo",2023,43.0101,NA,1.22816,99.7,99.7,4001810,99.7,38,0.033254,0.000408412,625,0.0067173,114272,113609,1.22103,NA,1976,107367,331,46.4087,2284,NA,4001810,1921050,NA,5748,90292,17569,99.4198,NA,NA,"Togo",NA,NA,37.0223,"Togo",19.1955,NA,1340,365,388506000,96148500,289930,24.7483,NA,NA,NA,NA,NA,NA,NA,NA,NA,NA
"1242","TTO","Trinidad and Tobago",2023,52.6561,52.6561,26.8942,100,94,791385,100,5673,1.40351,0.377462,35038,2.33131,404202,363491,24.1855,354,64887,181820,NA,85.7042,6369,791385,NA,791385,150772,38520,40231,284740,89.9281,NA,NA,"Trinidad and Tobago",NA,NA,84.6994,"Trinidad and Tobago",8.40701,NA,2612,1162,776329000,76427700,297216,9.84476,NA,NA,NA,NA,NA,NA,NA,NA,NA,NA
"1243","TUN","Tunisia",2023,95.1386,90.7215,14.083,99,96,11607300,99,3892,0.226518,0.0319005,193516,1.58614,1718190,1520780,12.4649,148,511246,295169,216,65.1645,911406,11068400,538903,10100000,0,1300270,216422,4083,88.5107,NA,0,"Tunisia",NA,NA,72.3542,"Tunisia",5.23042,1.95e+08,9745,4306,1227820000,199603000,125995,16.2567,NA,NA,NA,NA,NA,NA,NA,NA,NA,NA
"1244","TZA","Tanzania",2023,32.3208,32.3208,0.105017,86,79,21531400,98,NA,NA,NA,NA,NA,69960,NA,NA,34352,262985,666879,666008,NA,NA,21531400,NA,NA,34942,NA,NA,NA,NA,NA,0,"Tanzania",NA,NA,29.0638,"Tanzania",45.8591,NA,3473,1112,NA,NA,NA,24.7385,NA,NA,NA,NA,NA,NA,NA,NA,NA,NA
"1245","ARE","United Arab Emirates",2023,211.699,180.661,37.0968,100,100,22529200,100,18000,0.455942,0.16914,41329,0.388354,3947870,3888550,36.5393,447,90,3922220,NA,100,25120,19226100,3303050,14164600,NA,505761,446139,2936650,98.4972,NA,98.92,"United Arab Emirates",100,100,100,"United Arab Emirates",2.44099,382825000,5513,1500,8384310000,1426280000,1520830,17.0113,NA,NA,NA,NA,NA,NA,NA,NA,NA,NA
"1246","UGA","Uganda",2023,32.7747,32.1968,0.091297,86,40,15947000,98,NA,NA,NA,14522,0.0298459,44422,29900,0.0614511,NA,NA,NA,NA,50.8648,NA,15665800,281195,NA,NA,0,0,0,67.309,NA,NA,"Uganda",NA,NA,15.2524,"Uganda",13.2146,NA,1733,586,1504940000,606526000,868399,40.3024,NA,NA,NA,NA,NA,NA,NA,NA,NA,NA
"1247","UKR","Ukraine",2023,88.6431,NA,21.3774,91,91,33447500,NA,80610,0.999342,0.213634,NA,NA,8066310,7985700,21.1638,2803,66815,7096710,474265,84.1866,216616,NA,NA,NA,209093,644651,4245680,3095360,99.0007,NA,NA,"Ukraine",NA,NA,82.3755,"Ukraine",29.5001,NA,42311,14580,2661920000,517152000,62913.1,19.4278,NA,NA,NA,NA,NA,NA,NA,NA,NA,NA
"1248","URY","Uruguay",2023,110.226,NA,32.4032,93.9,93.9,3734550,93.9,415,0.0378013,0.0122488,11948,0.352648,1097850,1085480,32.0383,NA,68294,1023070,NA,90.9256,6480,NA,NA,NA,NA,1085480,NA,NA,98.8739,NA,NA,"Uruguay",NA,NA,89.896,"Uruguay",5.73085,NA,6905,3181,1250540000,NA,181107,NA,NA,NA,NA,NA,NA,NA,NA,NA,NA,NA
"1249","UZB","Uzbekistan",2023,106.52,82.6469,30.2699,96,92,37976700,99.5,2158,0.0199964,0.0060529,2223140,6.2356,10791900,8566630,24.0283,0,1366,9285150,0,96.15,1367790,29465500,8511150,19722900,0,3349550,3580850,1636230,79.38,NA,18,"Uzbekistan",87.1292,90.9056,89.0136,"Uzbekistan",5.36333,4.53964e+12,32969,10283,1503400000,567146000,45600.5,37.7242,NA,NA,NA,NA,NA,NA,NA,NA,NA,NA
"1250","VCT","Saint Vincent and the Grenadines",2023,62.2544,NA,30.4936,100,90,63078,100,NA,NA,NA,NA,NA,30897,NA,NA,NA,4917,NA,NA,78.8923,325,NA,NA,NA,25655,NA,NA,NA,NA,NA,0,"Saint Vincent and the Grenadines",NA,NA,75.9927,"Saint Vincent and the Grenadines",NA,NA,NA,NA,45407400,NA,NA,NA,NA,NA,NA,NA,NA,NA,NA,NA,NA,NA
"1251","YEM","Yemen",2023,34.3488,NA,NA,74.6,56.7,13530300,87.48,NA,NA,NA,NA,NA,NA,NA,NA,NA,NA,NA,NA,31.6938,NA,NA,NA,NA,NA,NA,NA,NA,NA,NA,0,NA,NA,NA,NA,NA,NA,NA,NA,NA,NA,NA,NA,NA,NA,NA,NA,NA,NA,NA,NA,NA,NA,NA
"1252","ZMB","Zambia",2023,60.0406,42.0284,0.68139,95.5,91.2,12442800,97.1,26519,18.7797,0.127963,107207,0.517309,141211,7485,0.0361176,6158,673,12093,122211,56.6128,76,8709950,3732840,NA,NA,3392,461,3632,5.30058,NA,0,NA,NA,NA,NA,"Zambia",28.4628,NA,2313,583,657817000,185492000,284400,28.198,NA,NA,NA,NA,NA,NA,NA,NA,NA,NA
"1253","ZWE","Zimbabwe",2023,67.1434,56.5332,1.57458,86.8,44.7,10971800,93.75,116097,45.1214,0.710472,106274,0.650359,257299,34928,0.213747,5073,82115,62608,3040,58.5707,104463,9238000,1733780,3795380,NA,20957,10478,3493,13.5749,NA,2.65,"Zimbabwe",NA,NA,38.4266,"Zimbabwe",20.5687,NA,6369,2229,NA,NA,NA,9.61065,NA,NA,NA,NA,NA,NA,NA,NA,NA,NA
"1254","AGO","Angola",2024,33.3845,25.1469,0.362845,85.66,77.4,12648000,89.6,8801,6.40226,0.0232303,31629,0.083485,137467,97037,0.25613,1818,4383,110753,NA,NA,6416,9527110,3120890,7163880,14097,78672,13645,4720,70.5893,NA,16.05,NA,NA,NA,NA,"Angola",103.891,76536400000,8339,2613,607980000,163135000,72908.1,26.8323,NA,NA,NA,NA,NA,NA,NA,NA,NA,NA
"1255","ALB","Albania",2024,74.9084,74.3165,24.8816,99.6,99.6,2091270,100,152,0.021882,0.00544458,18428,0.660084,694635,676055,24.216,210,51770,481449,5442,NA,45749,2074740,16525,1919970,110015,93250,287718,295087,97.3252,NA,24,NA,NA,NA,NA,"Albania",19.9661,NA,3302,1034,352340000,56367600,106705,15.998,NA,NA,NA,NA,NA,NA,NA,NA,NA,NA
"1256","AND","Andorra",2024,108.397,99.4972,52.3554,99.5,98.5,88818,99.5,2364,5.51062,2.88511,NA,NA,42899,40535,49.4703,NA,NA,42899,NA,NA,NA,81526,7292,NA,NA,NA,NA,40535,94.4894,NA,94,NA,NA,NA,NA,"Andorra",4.86705,NA,259,91,NA,NA,NA,NA,NA,NA,NA,NA,NA,NA,NA,NA,NA,NA
"1257","ARE","United Arab Emirates",2024,205.16,161.852,40.8401,100,100,22623300,100,18716,0.415589,0.169727,88655,0.803972,4503490,4396120,39.8664,184,76,4482180,NA,100,21055,17847600,4775670,16996100,NA,385306,461965,3548850,97.6158,NA,99.46,"United Arab Emirates",100,100,100,"United Arab Emirates",2.24043,0,5138,1470,9497990000,1491350000,1848580,15.7017,NA,NA,NA,NA,NA,NA,NA,NA,NA,NA
"1258","ARG","Argentina",2024,NA,NA,26.0976,98.5,97.68,NA,98.89,59641,0.500108,0.130516,789281,1.72724,11925600,10833100,23.7068,92757,599299,4875160,211376,93.6925,521297,NA,NA,NA,5625730,1209020,1920830,7703260,90.8389,NA,NA,"Argentina",89.1403,90.222,89.6672,"Argentina",NA,NA,NA,NA,10811700000,NA,NA,NA,NA,NA,NA,NA,NA,NA,NA,NA,NA,NA
"1259","ARM","Armenia",2024,102.959,100.85,20.3091,100,100,3061840,100,241,0.0399033,0.008104,52619,1.7694,603960,551100,18.5316,0,21380,519265,18358,NA,44957,2999130,62714,2380520,0,119337,241098,190665,91.2478,NA,17.63,NA,NA,NA,NA,"Armenia",19.803,5890950000,5888,2553,341069000,121464000,57926.2,35.6127,NA,NA,NA,NA,NA,NA,NA,NA,NA,NA
"1260","ATG","Antigua and Barbuda",2023,51.4381,NA,NA,NA,NA,NA,NA,NA,NA,NA,NA,NA,NA,NA,NA,NA,NA,NA,NA,84.4424,NA,NA,NA,NA,NA,NA,NA,NA,NA,NA,NA,"Antigua and Barbuda",NA,NA,77.5756,NA,NA,NA,NA,NA,NA,NA,NA,NA,NA,NA,NA,NA,NA,NA,NA,NA,NA,NA
"1261","AUS","Australia",2024,128.225,112.581,36.4788,99.7,89,34253000,99.7,NA,NA,NA,NA,NA,9744660,8799260,32.9397,84822,963675,2758460,NA,NA,3912280,30074000,4179000,NA,2025430,2299920,4040810,2458530,90.2983,NA,89,NA,NA,NA,NA,"Australia",12.2162,NA,72723,23910,NA,NA,NA,NA,NA,NA,NA,NA,NA,NA,NA,NA,NA,NA
"1262","AUT","Austria",2024,132.083,101.71,30.1278,98,98,12047000,99,7600,0.276575,0.0833259,155300,1.7027,2747900,2585000,28.3418,8800,15600,372500,6900,94.9618,1307300,9276800,2770200,NA,1036700,304700,866800,1413500,94.0718,NA,98,"Austria",94.4392,95.4042,94.9197,"Austria",3.21737,NA,11200,NA,4625360000,883247000,412979,19.0957,NA,NA,NA,NA,NA,NA,NA,NA,NA,NA
"1263","AZE","Azerbaijan",2024,89.4462,87.3401,21.7534,100,100,9245680,100,17068,0.759064,0.165122,214778,2.07784,2248560,2016710,19.5104,6,27866,1997200,0,NA,223468,9027970,217702,8268350,0,57355,810658,1148700,89.6891,NA,0,NA,NA,NA,NA,"Azerbaijan",25.9475,17100000,34392,10318,2144910000,370824000,62366.6,17.2885,NA,NA,NA,NA,NA,NA,NA,NA,NA,NA
"1264","BEL","Belgium",2024,98.6767,94.2756,44.2322,100,100,11583400,100,NA,NA,NA,NA,NA,5192310,NA,NA,8423,87964,558857,20196,94.6193,1825110,11066800,516634,10634600,2691760,NA,960610,4135200,NA,NA,99.8,"Belgium",95.1235,96.4296,95.7758,"Belgium",5.98334,NA,14877,4881.8,7.17e+09,2854160000,481952,39.8069,NA,NA,NA,NA,NA,NA,NA,NA,NA,NA
"1265","BEN","Benin",2024,57.3302,56.7566,0.277382,85,85,8291510,98,5480,13.66,0.0378905,10080,0.0696964,40117,24557,0.169795,NA,7359,28228,4366,NA,164,8208550,82959,4152830,NA,20128,3941,488,61.2135,NA,5,NA,NA,NA,NA,"Benin",961.481,NA,1298,384,601662000,153488000,463530,25.5106,NA,NA,NA,NA,NA,NA,NA,NA,NA,NA
"1266","BFA","Burkina Faso",2023,85.4438,NA,NA,NA,NA,NA,NA,NA,NA,NA,NA,NA,NA,NA,NA,NA,NA,NA,NA,20.8015,NA,NA,NA,NA,NA,NA,NA,NA,NA,NA,0,"Burkina Faso",NA,NA,17.0226,NA,NA,NA,NA,NA,NA,NA,NA,NA,NA,NA,NA,NA,NA,NA,NA,NA,NA,NA
"1267","BGD","Bangladesh",2024,56.4651,55.3358,8.08931,99.72,99.64,98002100,99.72,0,0,0,2015100,1.16102,14040000,12024900,6.92829,NA,NA,12916800,1123200,NA,0,96042000,1960040,96849100,0,7517100,3618240,889560,85.6474,NA,0,NA,NA,NA,NA,"Bangladesh",2494.3,7.77309e+12,710248,284100,2816980000,NA,3966.19,NA,NA,NA,NA,NA,NA,NA,NA,NA,NA,NA
"1268","BGR","Bulgaria",2024,119.957,102.367,39.1054,99.99,99.75,8106320,99.99,123,0.00465448,0.00182015,16857,0.249449,2642620,2625640,38.8541,1534,578123,1486670,257051,92.1159,77870,6917670,1188510,4103300,241370,166680,730006,1728950,99.3575,NA,90.18,"Bulgaria",81.648,83.2561,82.439,"Bulgaria",29.0908,NA,16056.5,6646.64,1817620000,374133000,113201,20.5837,NA,NA,15.2128,54.5346,NA,NA,18.9221,58.9787,23.0089,20.8325
"1269","BHR","Bahrain",2024,145.74,139.626,16.9916,100,100,2342110,100,51,0.018677,0.00317352,1533,0.0953922,273063,271479,16.893,NA,91456,174040,NA,100,7567,2243860,98251,2342110,NA,14159,12769,244551,99.4199,NA,100,"Bahrain",100,100,100,"Bahrain",14.1376,NA,3620,974,1486570000,232152000,410655,15.6166,NA,NA,NA,NA,NA,NA,NA,NA,NA,NA
"1270","BHS","Bahamas",2024,96.6799,NA,25.268,98,95,387960,99,NA,NA,NA,NA,NA,101396,101396,25.268,7364,NA,36733,682,NA,9052,NA,NA,NA,47565,NA,NA,NA,100,NA,0,NA,NA,NA,NA,"Bahamas",12.2363,NA,1139,620,411169000,77414000,360991,18.8278,NA,NA,NA,NA,NA,NA,NA,NA,NA,NA
"1271","BIH","Bosnia and Herzegovina",2024,69.4374,68.8351,29.3909,98,98,2197180,100,20509,2.20526,0.648147,101898,3.22029,930003,807596,25.5225,7,69175,134312,16,84.1933,451776,2178120,19058,1924320,274717,198745,380929,227922,86.838,NA,NA,"Bosnia and Herzegovina",84.716,87.3019,86.1009,"Bosnia and Herzegovina",18.707,0,10907,4638,729138000,143640000,66850.4,19.6999,9.45864,6.89933,9.01895,68.1107,NA,NA,13.4099,71.5411,NA,NA
"1272","BLR","Belarus",2024,107.55,96.4935,36.2627,99.9,99,9740490,99.9,2043,0.0622069,0.0225579,566477,6.25479,3284200,2715680,29.9854,NA,NA,2158120,502216,94.0647,563007,8739120,521887,7104170,60858,451799,495726,1768160,82.6893,NA,0,"Belarus",94.6534,93.6995,94.2618,"Belarus",NA,NA,NA,NA,1414590000,287902000,NA,20.3524,14.1404,36.1751,13.0083,74.0169,27.8612,25.6072,3.34548,88.5255,16.0145,58.2033
"1273","BLZ","Belize",2023,43.8087,NA,NA,NA,NA,NA,NA,NA,NA,NA,NA,NA,NA,NA,NA,NA,NA,NA,NA,68.8154,NA,NA,NA,NA,NA,NA,NA,NA,NA,NA,NA,"Belize",NA,NA,72.3595,NA,NA,NA,NA,NA,NA,NA,NA,NA,NA,NA,NA,NA,NA,NA,NA,NA,NA,NA
"1274","BMU","Bermuda",2023,75.3655,NA,NA,NA,NA,NA,NA,NA,NA,NA,NA,NA,NA,NA,NA,NA,NA,NA,NA,NA,NA,NA,NA,NA,NA,NA,NA,NA,NA,NA,NA,NA,NA,NA,NA,NA,NA,NA,NA,NA,NA,NA,NA,NA,NA,NA,NA,NA,NA,NA,NA,NA,NA,NA
"1275","BMU","Bermuda",2024,79.086,75.7983,51.3027,99.85,99.85,51118,99.85,1,0.00301568,0.00154713,1506,2.32997,33160,30760,47.5896,0,743,12751,NA,NA,380,48993,2125,21936,19285,1206,4321,26244,92.7624,NA,99.7,NA,NA,NA,NA,"Bermuda",10.8954,0,307,90,214667000,24049100,699241,11.203,NA,NA,NA,NA,NA,NA,NA,NA,NA,NA
"1276","BOL","Bolivia (Plurinational State of)",2023,91.8462,NA,11.1529,NA,NA,NA,99,NA,NA,NA,NA,NA,1365580,NA,NA,2481,16699,1255930,2875,56.7948,42931,NA,NA,NA,44672,NA,NA,NA,NA,NA,NA,"Bolivia (Plurinational State of)",NA,NA,70.2368,NA,NA,NA,NA,NA,NA,NA,NA,NA,NA,NA,NA,NA,NA,NA,NA,NA,NA,NA
"1277","BOL","Bolivia (Plurinational State of)",2024,90.6582,8.93844,12.0711,95,86,11253700,99,NA,NA,NA,NA,NA,1498430,NA,NA,1936,10810,1404890,453,NA,47572,1109560,20467,1138070,32769,NA,NA,NA,NA,NA,NA,NA,NA,NA,NA,"Bolivia (Plurinational State of)",17.841,514310000,6582,NA,1401250000,212480000,212892,15.1636,NA,NA,NA,NA,NA,NA,NA,NA,NA,NA
"1278","BRA","Brazil",2024,98.9238,NA,24.0792,92.65,91.16,209717000,92.73,138581,0.271474,0.0653688,866676,0.408812,51047600,50042300,23.605,538490,1542980,39749100,0,83.4368,760428,NA,NA,162913000,8456570,1612710,4293850,44135700,98.0307,NA,62.98,"Brazil",83.7948,85.1736,84.4635,"Brazil",NA,NA,NA,NA,18895800000,3256890000,NA,17.2361,19.7648,26.3218,14.0642,53.1967,19.0232,34.2573,16.2679,62.3794,14.8699,43.9384
"1279","BRB","Barbados",2023,62.2662,NA,NA,NA,NA,NA,NA,NA,NA,NA,NA,NA,NA,NA,NA,NA,NA,NA,NA,82.0723,NA,NA,NA,NA,NA,NA,NA,NA,NA,NA,NA,"Barbados",NA,NA,79.9923,NA,NA,NA,NA,NA,NA,NA,NA,NA,NA,NA,NA,NA,NA,NA,NA,NA,NA,NA
"1280","BRN","Brunei Darussalam",2024,119.07,118.13,21.1771,99.07,99.04,550961,99.07,1,0.0010205,0.000216113,146,0.0315525,97991,97844,21.1454,NA,NA,97449,478,NA,64,546612,4349,379575,NA,396,83,97365,99.85,NA,95.44,NA,NA,NA,NA,"Brunei Darussalam",9.35483,NA,1200,567,NA,68205100,NA,NA,NA,NA,NA,NA,NA,NA,NA,NA,NA,NA
"1281","BTN","Bhutan",2024,NA,NA,2.92069,97,97,NA,98,2540,10.9871,0.3209,19938,2.51894,23118,350,0.0442185,NA,0,2790,69,NA,NA,NA,NA,NA,0,215,40,35,1.51397,NA,60,NA,NA,NA,NA,"Bhutan",NA,0,1053,292,109.306,36.9618,0.103805,33.8149,NA,NA,NA,NA,NA,NA,NA,NA,NA,NA
"1282","BWA","Botswana",2024,135.088,75.0086,7.44096,98,93,3405750,99,NA,NA,NA,160797,6.37795,187597,18178,0.721023,921,173387,1356,173,NA,11760,1891070,1514680,3405750,NA,7905,655,62,9.68992,NA,47,NA,NA,NA,NA,"Botswana",21.5071,0,1789,NA,289031000,46530200,161560,16.0987,NA,NA,NA,NA,NA,NA,NA,NA,NA,NA
"1283","CAF","Central African Rep.",2023,5.3043,NA,NA,59.5959,0.3,NA,59.5959,NA,NA,NA,NA,NA,NA,NA,NA,NA,NA,NA,NA,NA,NA,NA,NA,NA,NA,NA,NA,NA,NA,NA,NA,NA,NA,NA,NA,NA,NA,NA,NA,NA,NA,NA,NA,NA,NA,NA,NA,NA,NA,NA,NA,NA,NA,NA
"1284","CAN","Canada",2024,86.9096,86.5574,42.5238,99.7,99.5,34540000,99.7,NA,NA,NA,4e+05,1.00648,16900000,16500000,41.5173,NA,1200000,5500000,1e+05,NA,2e+06,34400000,140000,NA,8e+06,2e+06,3850000,10650000,97.6331,NA,94.3,NA,NA,NA,NA,"Canada",NA,NA,NA,NA,41282100000,10223800000,NA,24.7656,NA,NA,NA,NA,NA,NA,NA,NA,NA,NA
"1285","CHE","Switzerland",2024,114.602,NA,47.0198,100,100,10224800,100,0,0,0,0,0,4195100,4195100,47.0198,NA,NA,NA,NA,NA,NA,NA,NA,NA,NA,NA,NA,NA,100,NA,100,NA,NA,NA,NA,NA,NA,NA,NA,NA,NA,NA,NA,NA,NA,NA,NA,NA,NA,NA,NA,NA,NA,NA
"1286","CHL","Chile",2024,108.782,103.302,23.7314,98,96,21500400,99,4242,0.0904389,0.0214624,15560,0.0787259,4690460,4670660,23.6312,NA,122840,3398010,5593,NA,14167,20417400,1083070,15692900,1149850,47049,98022,4525590,99.5778,NA,87,NA,NA,NA,NA,"Chile",14.949,NA,25959,NA,NA,1041530000,NA,NA,NA,NA,NA,NA,NA,NA,NA,NA,NA,NA
"1287","CHN","China",2024,131.754,131.739,47.1934,100,100,1870010000,100,104339,0.015577,0.00735133,8865960,0.624662,669826000,660856000,46.5614,48,NA,645919000,20772700,NA,3134400,1869800000,206700,1215690000,NA,2222090,22940200,635693000,98.6608,NA,96,"China",NA,NA,92,"China",6.03876,NA,1005490,431614,2.41957e+11,53601900000,240635,22.1535,NA,NA,NA,NA,NA,NA,NA,NA,NA,NA
"1288","CIV","Côte d'Ivoire",2024,108.045,104.619,1.60153,98.3,93.7,34503300,98.9,NA,NA,NA,NA,NA,511437,NA,NA,762,118,344874,165487,NA,196,33409400,1093920,NA,NA,NA,NA,NA,NA,NA,0,NA,NA,NA,NA,"Côte d'Ivoire",12.1168,NA,2965,1002,2035350000,420922000,686457,20.6806,NA,NA,NA,NA,NA,NA,NA,NA,NA,NA
"1289","CMR","Cameroon",2024,17.4355,17.4355,NA,NA,NA,5077860,NA,NA,NA,NA,NA,NA,NA,NA,NA,NA,NA,NA,NA,NA,NA,5077860,NA,5077860,NA,NA,NA,NA,NA,NA,NA,NA,NA,NA,NA,"Cameroon",45.9804,NA,3104,1064,1282150000,241148000,413062,18.8082,NA,NA,NA,NA,NA,NA,NA,NA,NA,NA
"1290","COD","Dem. Rep. of the Congo",2023,28.3431,28.3179,0.0219936,55,45,29984100,75,23267,100,0.0219936,NA,NA,23267,NA,NA,NA,NA,NA,NA,38.4939,NA,29957400,26663,NA,NA,NA,NA,NA,NA,NA,NA,"Dem. Rep. of the Congo",NA,NA,30.548,"Dem. Rep. of the Congo",NA,NA,1550,341,2616970000,458213000,1688370,17.5093,NA,NA,NA,NA,NA,NA,NA,NA,NA,NA
"1291","COG","Congo (Rep. of the)",2024,59.3245,NA,NA,NA,NA,3757000,NA,NA,NA,NA,NA,NA,NA,NA,NA,NA,NA,NA,NA,NA,NA,NA,NA,NA,NA,NA,NA,NA,NA,NA,NA,NA,NA,NA,NA,NA,NA,NA,NA,NA,NA,NA,NA,NA,NA,NA,NA,NA,NA,NA,NA,NA,NA,NA
"1292","COL","Colombia",2024,92.9547,92.1281,17.2244,100,100,49160300,100,13814,0.151646,0.0261202,335374,0.634141,9109370,8760180,16.5642,88294,206564,4567720,19741,NA,134700,48723200,437157,41540900,4092350,606288,724024,7429870,96.1667,NA,2.28,NA,NA,NA,NA,"Colombia",NA,NA,NA,NA,6495990000,NA,NA,NA,NA,NA,NA,NA,NA,NA,NA,NA,NA,NA
"1293","CPV","Cabo Verde",2024,95.1307,90.1143,8.30537,95.26,88.48,499319,99.34,NA,NA,NA,NA,NA,43593,43593,8.30537,NA,7366,13603,NA,NA,22624,472989,26330,331701,NA,NA,NA,NA,100,NA,NA,NA,NA,NA,NA,"Cabo Verde",11.0941,0,680,213,82863900,19593300,121859,23.6451,NA,NA,NA,NA,NA,NA,NA,NA,NA,NA
"1294","CRI","Costa Rica",2024,103.62,100.911,23.2877,95,95,5315600,95,4271,0.357514,0.0832568,35812,0.698102,1194640,1154560,22.5063,20172,7956,650295,4348,NA,34693,5176660,138935,NA,477174,243647,335632,575276,96.6448,NA,0,NA,NA,NA,NA,"Costa Rica",16.3025,25262300000,9952,3707,1819670000,253205000,182845,13.9149,NA,NA,NA,NA,NA,NA,NA,NA,NA,NA
"1295","CUB","Cuba",2024,52.4469,NA,3.08298,74.67,50.19,5758560,87.54,212901,62.8947,1.93903,121152,1.10341,338504,4451,0.0405381,NA,NA,NA,NA,NA,NA,NA,NA,5015760,NA,2984,982,485,1.3149,NA,0,NA,NA,NA,NA,"Cuba",11.5216,NA,18328,8044,NA,NA,NA,NA,NA,NA,NA,NA,NA,NA,NA,NA,NA,NA
"1296","CUW","Curacao",2023,53.7139,NA,31.5127,99,99,NA,100,0,0,0,193,0.104084,58433,58240,31.4086,0,3271,9919,0,NA,5650,NA,NA,NA,37474,5618,23411,29211,99.6697,NA,0,NA,NA,NA,NA,"Curacao",7.67825,NA,353,NA,NA,NA,NA,NA,NA,NA,NA,NA,NA,NA,NA,NA,NA,NA
"1297","CZE","Czech Republic",2024,107.816,105.065,38.8656,99.8,99.8,11575000,99.9,1497,0.0358773,0.0139439,72544,0.675717,4172560,4098520,38.176,8225,1603670,954822,9898,89.0639,993247,11279600,295358,6906920,602695,654653,1229970,2213900,98.2255,NA,98.6,"Czech Republic",87.3604,88.0524,87.6878,"Czech Republic",17.9067,NA,20740.9,NA,3662300000,1007760000,176573,27.5171,NA,NA,NA,NA,NA,NA,NA,NA,NA,NA
"1298","DEU","Germany",2024,97.4995,93.7988,45.6069,99.97,99.97,82438000,99.97,139928,0.362868,0.165493,672000,0.794775,38561700,37749700,44.6467,83076,7081,5294600,1075870,92.649,23606800,79309000,3129000,49813000,8494290,5092620,11176700,21480400,97.8945,NA,98,"Germany",92.9785,94.0199,93.5,"Germany",3.32552,NA,127700,NA,50233300000,16560400000,393369,32.967,NA,NA,NA,NA,NA,NA,NA,NA,NA,NA
"1299","DMA","Dominica",2023,83.1454,NA,NA,NA,NA,NA,NA,NA,NA,NA,NA,NA,NA,NA,NA,NA,NA,NA,NA,78.7715,NA,NA,NA,NA,NA,NA,NA,NA,NA,NA,NA,"Dominica",NA,NA,83.8255,NA,NA,NA,NA,NA,NA,NA,NA,NA,NA,NA,NA,NA,NA,NA,NA,NA,NA,NA
"1300","DNK","Denmark",2024,146.944,125.747,43.3933,100,100,8783430,100,0,0,0,0,0,2593800,2543220,42.5472,909,13560,1511040,23948,96.9151,253975,7516440,1266990,1601420,790369,170779,176166,2196280,98.05,NA,100,"Denmark",99.8625,99.6764,99.7692,NA,NA,NA,NA,NA,NA,NA,NA,NA,NA,NA,NA,NA,NA,NA,NA,NA,NA,NA
"1301","DOM","Dominican Rep.",2024,76.069,0,11.2046,98.7,97.6,8692830,99.5,39441,3.08035,0.345139,312935,2.73842,1280410,927702,8.11811,49562,113943,729411,3569,58.3192,199247,0,0,6004770,184676,363563,428843,135296,72.4536,NA,61.9,"Dominican Rep.",91.2981,90.6907,91.0022,"Dominican Rep.",7.74528,NA,8902,3018,4758170000,306026000,534506,6.43159,NA,NA,NA,NA,NA,NA,NA,NA,NA,NA
"1302","DZA","Algeria",2024,109.626,105.572,13.3173,NA,NA,51320800,NA,5852,0.0938662,0.0125005,9183,0.0196158,6234410,6219370,13.2852,2689,1879780,1700730,19545,NA,2631680,49422700,1898110,47298500,0,5633210,277529,308634,99.7588,NA,0,NA,NA,NA,NA,"Algeria",5.36404,0,37182,13381,3682510000,692665000,99040.2,18.8096,NA,NA,NA,NA,NA,NA,NA,NA,NA,NA
"1303","ECU","Ecuador",2024,64.7081,58.2344,17.2464,96.73,95.93,11735100,97.04,99635,3.18555,0.549393,178750,0.985637,3127720,2849330,15.7114,NA,85805,2760800,NA,65.9755,50084,10561100,1174040,NA,231026,NA,NA,NA,91.0994,NA,10.49,"Ecuador",78.153,76.1506,77.1727,"Ecuador",17.4407,NA,21249,6055,2244730000,NA,105639,NA,NA,NA,NA,NA,NA,NA,NA,NA,NA,NA
"1304","EGY","Egypt",2024,75.0178,72.2815,11.6871,99.8,98,87424500,99.87,7.27,5.33775e-05,6.23829e-06,18.55,1.59175e-05,13620000,13619900,11.6871,802,3123,1990000,0,NA,11626000,84235600,3188820,65810600,0,NA,13619900,NA,99.9998,NA,0,NA,NA,NA,NA,"Egypt",4.445,NA,58897,15537,5136360000,1121940000,87209.3,21.8431,NA,NA,NA,NA,NA,NA,NA,NA,NA,NA
"1305","ERI","Eritrea",2023,31.5008,NA,NA,NA,NA,NA,NA,NA,NA,NA,NA,NA,NA,NA,NA,NA,NA,NA,NA,NA,NA,NA,NA,NA,NA,NA,NA,NA,NA,NA,NA,"Eritrea",NA,NA,20.0104,NA,NA,NA,NA,NA,NA,NA,NA,NA,NA,NA,NA,NA,NA,NA,NA,NA,NA,NA
"1306","ESP","Spain",2024,115.824,114.327,39.2338,NA,NA,55491800,NA,843,0.00448473,0.00175953,7656,0.0159798,18797100,18788600,39.216,15356,612341,16783400,5,96.8311,89010,54774600,717247,49081600,1296990,569575,54829,18164200,99.9548,NA,NA,"Spain",96.1585,95.3514,95.7575,"Spain",2.30569,NA,42029,NA,17816300000,6075430000,423905,34.1004,NA,NA,NA,NA,NA,NA,NA,NA,NA,NA
"1307","EST","Estonia",2024,195.273,139.833,35.3527,100,99,2656780,100,NA,NA,NA,17547,1.2897,480990,463443,34.063,NA,3838,253130,2802,92.8946,73503,1902490,754287,1411900,72515,79519,170920,213004,96.3519,NA,95,"Estonia",92.9141,91.563,92.238,"Estonia",18.3097,NA,4164,NA,470406000,NA,112970,NA,NA,NA,NA,NA,NA,NA,NA,NA,NA,NA
"1308","ETH","Ethiopia",2023,31.6411,30.218,0.534823,98.35,35,40719500,99.19,1469,0.213433,0.00114149,652576,0.507085,688273,34228,0.0265969,38,18364,122197,NA,NA,547674,38888100,1831410,18991500,NA,24811,6934,2483,4.97303,NA,0.01,NA,NA,NA,NA,"Ethiopia",48.9796,86768900000,40854,5544,1375410000,1812080000,33666.5,131.748,NA,NA,NA,NA,NA,NA,NA,NA,NA,NA
"1309","ETH","Ethiopia",2024,38.6054,37.1985,0.593917,98.8,44,50982200,99.23,1314,0.167532,0.000995004,747276,0.565862,784326,35736,0.0270605,28,22016,204044,NA,NA,558237,49124200,1857980,31264100,NA,24065,8352,3319,4.55627,NA,0.02,NA,NA,NA,NA,"Ethiopia",53.0175,54221800000,40592,5442,NA,NA,NA,49.3618,NA,NA,NA,NA,NA,NA,NA,NA,NA,NA
"1310","FIN","Finland",2024,157.371,120.52,36.4765,99.99,99.99,8840000,99.99,NA,NA,NA,10000,0.178021,2049000,2039000,36.2985,NA,NA,1672000,61000,NA,52000,6770000,2070000,NA,264000,599000,340000,1100000,99.512,NA,99.99,NA,NA,NA,NA,NA,NA,NA,NA,NA,NA,NA,NA,NA,NA,NA,NA,NA,NA,NA,NA,NA,NA,NA
"1311","FJI","Fiji",2023,144.679,NA,1.82947,NA,NA,NA,94,1227,7.25735,0.132771,5220,0.564846,16907,10460,1.13186,NA,NA,NA,NA,80.0369,NA,NA,NA,NA,NA,NA,NA,NA,61.8679,NA,0,"Fiji",NA,NA,79.3485,NA,NA,NA,NA,NA,NA,NA,NA,NA,NA,NA,NA,NA,NA,NA,NA,NA,NA,NA
"1312","FJI","Fiji",2024,143.935,NA,1.8001,93,85,1336850,94,1220,7.29709,0.131355,5814,0.62598,16719,9685,1.04276,NA,NA,NA,NA,NA,NA,NA,NA,NA,NA,NA,NA,NA,57.9281,NA,0,NA,NA,NA,NA,NA,NA,NA,NA,NA,NA,NA,NA,NA,NA,NA,NA,NA,NA,NA,NA,NA,NA,NA
"1313","FRA","France",2024,112.214,NA,48.9252,NA,NA,74677000,NA,NA,NA,NA,NA,NA,32559000,NA,NA,NA,NA,NA,NA,89.15,NA,NA,NA,NA,NA,NA,NA,NA,NA,NA,NA,"France",88.0992,89.2591,88.6538,"France",NA,NA,NA,NA,36095200000,NA,NA,NA,NA,NA,NA,NA,NA,NA,NA,NA,NA,NA
"1314","FRO","Faroe Islands",2023,102.168,NA,NA,NA,NA,NA,NA,NA,NA,NA,NA,NA,NA,NA,NA,NA,NA,NA,NA,NA,NA,NA,NA,NA,NA,NA,NA,NA,NA,NA,NA,NA,NA,NA,NA,NA,NA,NA,NA,NA,NA,NA,NA,NA,NA,NA,NA,NA,NA,NA,NA,NA,NA,NA
"1315","GAB","Gabon",2023,89.3374,89.3374,3.97293,98,98,2219850,99,20,0.0202595,0.000804897,660,0.0265616,98719,98039,3.94557,NA,NA,98018,NA,77.9148,660,2219850,0,NA,NA,98039,NA,NA,99.3112,NA,NA,"Gabon",NA,NA,71.9256,"Gabon",12.9406,NA,706,264,397888000,NA,563580,NA,NA,NA,NA,NA,NA,NA,NA,NA,NA,NA
"1316","GAB","Gabon",2024,85.6989,85.6989,4.6941,98,98,2175850,99,40,0.0335624,0.00157545,54,0.00212686,119181,119087,4.6904,NA,NA,119090,NA,NA,54,2175850,NA,2175850,NA,NA,119087,NA,99.9211,NA,NA,NA,NA,NA,NA,"Gabon",11.5467,NA,775,303,555132000,NA,716299,NA,NA,NA,NA,NA,NA,NA,NA,NA,NA,NA
"1317","GBR","United Kingdom",2024,128.566,121.643,42.1648,99.9,99.9,88888000,99.9,0,0,0,299000,0.432467,29152000,28853000,41.7324,NA,NA,8795000,705000,NA,14382000,84102000,4786000,NA,5269000,1636000,14086000,13131000,98.9743,NA,NA,NA,NA,NA,NA,"United Kingdom",NA,NA,NA,NA,43406700000,NA,NA,NA,NA,NA,NA,NA,NA,NA,NA,NA,NA,NA
"1318","GEO","Georgia",2024,120.824,120.265,30.4158,99.9,99.72,4600600,99.9,2723,0.23512,0.0715136,97411,2.55828,1158130,1058000,27.786,2372,100752,1042640,NA,NA,12369,4579280,21318,4089200,NA,216294,811062,30642,91.3538,NA,0,NA,NA,NA,NA,"Georgia",27.6587,NA,7137,2806,537011000,125010000,75243.2,23.279,NA,NA,NA,NA,NA,NA,NA,NA,NA,NA
"1319","GHA","Ghana",2024,65.3731,65.3689,0.664729,99.5,99.3,22506300,99.55,0,0,0,0,0,228849,0,0,7696,NA,221153,NA,NA,NA,22504800,1454,16219000,NA,0,0,0,0,NA,NA,NA,NA,NA,NA,NA,NA,NA,NA,NA,NA,NA,NA,NA,NA,NA,NA,NA,NA,NA,NA,NA,NA,NA
"1320","GIB","Gibraltar",2023,102.675,NA,NA,NA,NA,NA,NA,NA,NA,NA,NA,NA,NA,NA,NA,NA,NA,NA,NA,NA,NA,NA,NA,NA,NA,NA,NA,NA,NA,NA,NA,NA,NA,NA,NA,NA,NA,NA,NA,NA,NA,NA,NA,NA,NA,NA,NA,NA,NA,NA,NA,NA,NA,NA
"1321","GIN","Guinea",2023,23.0836,NA,NA,77,77,NA,NA,NA,NA,NA,NA,NA,NA,NA,NA,NA,NA,NA,NA,37.4387,NA,NA,NA,NA,NA,NA,NA,NA,NA,NA,NA,"Guinea",NA,NA,26.5014,NA,NA,NA,NA,NA,NA,NA,NA,NA,NA,NA,NA,NA,NA,NA,NA,NA,NA,NA
"1322","GMB","Gambia",2023,84.5076,NA,0.502142,NA,NA,NA,94.97,NA,NA,NA,NA,NA,13547,NA,NA,NA,NA,NA,NA,45.3195,NA,NA,NA,992675,NA,NA,NA,NA,NA,NA,NA,"Gambia",NA,NA,45.9137,"Gambia",55.8833,NA,2444,757,0,NA,0,NA,NA,NA,NA,NA,NA,NA,NA,NA,NA,NA
"1323","GMB","Gambia",2024,90.5683,NA,0.518553,92.8,69.9,2499670,98.5,NA,NA,NA,NA,NA,14312,NA,NA,NA,NA,NA,NA,NA,NA,NA,NA,1314280,NA,NA,NA,NA,NA,NA,NA,NA,NA,NA,NA,NA,NA,NA,NA,NA,NA,NA,NA,NA,NA,NA,NA,NA,NA,NA,NA,NA,NA,NA
"1324","GNB","Guinea-Bissau",2024,80.3204,79.2427,0.386081,NA,NA,1768140,NA,3568,41.9814,0.162082,4899,0.222545,8499,32,0.00145365,NA,8499,NA,NA,NA,NA,1744410,23724,793535,NA,NA,NA,NA,0.376515,NA,NA,NA,NA,NA,NA,"Guinea-Bissau",NA,NA,245,53,131395,30998.9,536.306,23.5922,NA,NA,NA,NA,NA,NA,NA,NA,NA,NA
"1325","GNQ","Equatorial Guinea",2023,1.00674,NA,NA,NA,NA,NA,NA,NA,NA,NA,NA,NA,NA,NA,NA,NA,NA,NA,NA,59.5193,NA,NA,NA,NA,NA,NA,NA,NA,NA,NA,NA,"Equatorial Guinea",NA,NA,60.3661,NA,NA,NA,NA,NA,NA,NA,NA,NA,NA,NA,NA,NA,NA,NA,NA,NA,NA,NA
"1326","GRC","Greece",2024,97.2934,92.5739,44.676,99.9,99.9,9775860,99.9,117,0.00260639,0.00116443,1385,0.0137841,4488960,4487460,44.661,19708,4388,639612,113,84.576,3825140,9301650,474209,7426440,0,1586540,1221310,1679610,99.9665,NA,99.6,"Greece",84.694,87.9279,86.2697,"Greece",1.94532,NA,9126,NA,2748870000,576884000,301213,20.9862,NA,NA,NA,NA,NA,NA,NA,NA,NA,NA
"1327","GRD","Grenada",2023,56.6275,NA,NA,NA,NA,NA,NA,NA,NA,NA,NA,NA,NA,NA,NA,NA,NA,NA,NA,83.7724,NA,NA,NA,NA,NA,NA,NA,NA,NA,NA,NA,"Grenada",NA,NA,74.1201,NA,NA,NA,NA,NA,NA,NA,NA,NA,NA,NA,NA,NA,NA,NA,NA,NA,NA,NA
"1328","GRL","Greenland",2023,3.21877,NA,NA,NA,NA,NA,NA,NA,NA,NA,NA,NA,NA,NA,NA,NA,NA,NA,NA,NA,NA,NA,NA,NA,NA,NA,NA,NA,NA,NA,NA,NA,NA,NA,NA,NA,NA,NA,NA,NA,NA,NA,NA,NA,NA,NA,NA,NA,NA,NA,NA,NA,NA,NA
"1329","GTM","Guatemala",2024,NA,NA,5.33792,NA,NA,NA,NA,7087,0.721311,0.038503,81310,0.44175,982517,894120,4.85767,NA,NA,NA,NA,NA,NA,NA,NA,NA,NA,243108,452230,198782,91.003,NA,NA,NA,NA,NA,NA,NA,NA,NA,NA,NA,NA,NA,NA,NA,NA,NA,NA,NA,NA,NA,NA,NA,NA,NA
"1330","GUY","Guyana",2023,31.6693,NA,NA,NA,NA,NA,NA,NA,NA,NA,NA,NA,NA,NA,NA,NA,NA,NA,NA,58.3387,NA,NA,NA,NA,NA,NA,NA,NA,NA,NA,NA,"Guyana",NA,NA,81.7221,NA,NA,NA,NA,NA,NA,NA,NA,NA,NA,NA,NA,NA,NA,NA,NA,NA,NA,NA
"1331","HKG","Hong Kong, China",2024,176.746,167.406,40.2724,99,99,13105600,100,0,0,0,11829,0.15953,2986160,2974330,40.1129,NA,77450,2635360,469,NA,192451,12413000,692590,12380700,80339,204815,40584,2728930,99.6039,NA,99,NA,NA,NA,NA,"Hong Kong, China",5.5655,NA,18395,7098,NA,NA,NA,NA,NA,NA,NA,NA,NA,NA,NA,NA,NA,NA
"1332","HND","Honduras",2024,49.4347,49.4347,4.57915,93,91,5351660,93,24066,4.85471,0.222304,91869,0.848619,495725,379790,3.50822,8543,8454,120548,17365,NA,14191,5351660,NA,3977160,326659,54827,139057,185906,76.613,NA,0,NA,NA,NA,NA,"Honduras",57.6138,NA,26492,12451,1054610000,219599000,39808.7,20.8227,NA,NA,NA,NA,NA,NA,NA,NA,NA,NA
"1333","HRV","Croatia",2024,137.835,121.75,29.5997,99.79,99.74,5341550,100,NA,NA,NA,80360,2.07363,1147090,1066720,27.5259,3805,48597,351621,8308,88.3747,570020,4718210,623342,4292740,164605,282135,243559,541026,92.9939,NA,97.99,"Croatia",81.0761,86.2788,83.6324,"Croatia",7.63058,NA,8416,3267,NA,NA,NA,22.3136,NA,NA,8.26823,71.3399,NA,NA,20.9721,52.5034,20.1679,47.912
"1334","HTI","Haiti",2023,29.2531,NA,NA,NA,NA,NA,NA,NA,NA,NA,NA,NA,NA,NA,NA,NA,NA,NA,NA,NA,NA,NA,NA,NA,NA,NA,NA,NA,NA,NA,NA,NA,NA,NA,NA,NA,NA,NA,NA,NA,NA,NA,NA,NA,NA,NA,NA,NA,NA,NA,NA,NA,NA,NA
"1335","HUN","Hungary",2024,88.1545,81.5671,37.5423,NA,NA,8529950,NA,2881,0.0793087,0.0297743,25713,0.265736,3632640,3604050,37.2468,1940,220568,1633380,6693,94.7833,294318,7892540,637407,4542450,1473810,90720,287653,3225670,99.2129,NA,NA,"Hungary",93.8126,93.7436,93.779,"Hungary",NA,NA,NA,NA,3594110000,NA,NA,NA,NA,NA,NA,NA,NA,NA,NA,NA,NA,NA
"1336","IDN","Indonesia",2024,117.554,117.554,4.92197,99.15,99.15,333251000,99.58,56021,0.401493,0.0197613,1137540,0.401264,13953200,12759600,4.50094,25992,154831,15533400,NA,89.7576,NA,333251000,NA,308750000,NA,6706150,3002900,646984,91.446,NA,8.92,"Indonesia",69.9034,75.6503,72.7808,"Indonesia",NA,NA,86491,24952,18759200000,NA,216892,NA,NA,NA,19.1878,50.5936,5.97388,0.185632,49.0764,8.37808,18.9093,6.99788
"1337","IND","India",2023,60.1702,NA,2.74535,98.9,98.8,865290000,99.2,188391,0.477181,0.0131003,847250,0.0589158,39480000,38444400,2.67333,60,2530000,33710000,3080000,NA,930000,NA,NA,849520000,680000,NA,NA,NA,97.3768,NA,82,NA,NA,NA,NA,"India",NA,2.318e+10,NA,NA,32489500000,NA,NA,NA,NA,NA,NA,NA,NA,NA,NA,NA,NA,NA
"1338","IND","India",2024,61.9303,NA,3.15046,99.06,99.06,898570000,99.28,NA,NA,NA,NA,NA,45711200,NA,NA,17,4504720,37744400,2572850,NA,642611,NA,NA,643067000,246620,NA,NA,NA,NA,NA,82.15,NA,NA,NA,NA,"India",NA,6.027e+10,NA,NA,34604300000,1.68684e+11,NA,487.464,NA,NA,NA,NA,NA,NA,NA,NA,NA,NA
"1339","IRL","Ireland",2024,120.084,112.639,32.3024,99.9,99.8,6310450,99.9,NA,NA,NA,39342,0.748656,1697500,1658150,31.5537,14307,80265,867052,NA,NA,417407,5919190,391262,4364600,318464,59778,353865,1244510,97.6823,NA,86,NA,NA,NA,NA,"Ireland",NA,NA,NA,NA,3996580000,NA,NA,NA,NA,NA,NA,NA,NA,NA,NA,NA,NA,NA
"1340","IRN","Iran (Islamic Republic of)",2024,126.948,126.948,12.0604,96.83,94.17,116243000,98.97,415349,3.76105,0.453598,3638010,3.97303,11043400,6990060,7.63376,NA,2417410,479962,387982,NA,7758090,116243000,0,110628000,0,4449640,2241510,298907,63.2961,NA,8.2,NA,NA,NA,NA,"Iran (Islamic Republic of)",2.26742,0,64000,19200,NA,NA,NA,31.6977,NA,NA,NA,NA,NA,NA,NA,NA,NA,NA
"1341","IRQ","Iraq",2024,41.8827,NA,17.6333,99.22,98.46,19283600,100,0,0,0,1217810,2.645,8118740,6900930,14.9883,NA,NA,4626310,NA,NA,NA,NA,NA,NA,NA,1035140,4830650,1035140,85,NA,0,NA,NA,NA,NA,NA,NA,NA,NA,NA,NA,NA,NA,NA,NA,NA,NA,NA,NA,NA,NA,NA,NA,NA
"1342","ISL","Iceland",2024,126.233,107.22,37.5243,99.5,99.2,496594,99.5,21,0.0142258,0.00533813,30,0.0076259,147619,147568,37.5113,NA,204,137522,NA,NA,9893,421798,74796,268328,NA,869,7581,139118,99.9655,NA,95,NA,NA,NA,NA,"Iceland",12.7704,NA,875,NA,223588000,73811100,255529,33.0121,NA,NA,NA,NA,NA,NA,NA,NA,NA,NA
"1343","ISR","Israel",2024,177.393,NA,29.1837,99,99,16651900,99,NA,NA,NA,2739480,29.1837,2739480,NA,NA,NA,NA,2800000,NA,86.5651,569679,NA,NA,NA,462622,NA,NA,NA,NA,NA,NA,"Israel",NA,NA,88.1824,"Israel",NA,NA,NA,NA,5459870000,NA,NA,NA,NA,NA,NA,NA,NA,NA,NA,NA,NA,NA
"1344","ITA","Italy",2024,99.6341,90.4732,31.7808,100,100,59125800,100,11257,0.0596884,0.0189694,214489,0.36144,18859600,18633900,31.4004,63456,2366650,5859970,5681,86.211,10563900,53689400,5436390,NA,0,1289410,2387530,14956900,98.803,NA,90,"Italy",88.3231,90.1325,89.2207,NA,NA,NA,NA,NA,NA,NA,NA,NA,NA,NA,NA,NA,NA,NA,NA,NA,NA,NA
"1345","JAM","Jamaica",2024,63.2165,62.5527,15.9816,99,99,1794830,100,1163,0.256311,0.0409626,3934,0.138561,453746,448649,15.8021,10210,1165,260133,NA,NA,6464,1775980,18845,1676080,175774,41494,48916,358239,98.8767,NA,0,NA,NA,NA,NA,"Jamaica",4.04951,NA,1838,895,740643000,NA,402961,NA,NA,NA,NA,NA,NA,NA,NA,NA,NA,NA
"1346","JOR","Jordan",2024,69.6426,58.3044,7.01801,99.9,99.9,8045730,99.9,287,0.0353979,0.00248423,154641,1.33855,810782,655854,5.67698,NA,145223,591284,253,NA,74022,6735840,1309890,0,NA,42382,49830,563642,80.8915,NA,38.3,NA,NA,NA,NA,"Jordan",9.19478,NA,4468,1405,NA,NA,NA,NA,NA,NA,NA,NA,NA,NA,NA,NA,NA,NA
"1347","KAZ","Kazakhstan",2024,119.041,105.822,15.3162,92.2,91.6,24513700,98.2,5046,0.159987,0.024504,533140,2.58899,3154000,2615810,12.7027,4800,152700,1917000,288300,97.0572,899800,21791500,2722200,26601900,49000,418530,261581,1935700,82.9364,NA,45.8,"Kazakhstan",92.6203,94.2114,93.3917,"Kazakhstan",77.1432,5.2364e+10,188484,79114,2904850000,653377000,15411.6,22.4927,NA,NA,NA,NA,NA,NA,NA,NA,NA,NA
"1348","KEN","Kenya",2024,79.3308,13.4725,3.04383,98,97.3,44768700,98,16578,0.965116,0.0293765,611049,1.08279,1717720,1072250,1.90005,19403,442668,1066970,958,47.4679,137,7602950,37165700,34782100,188541,682389,211265,178599,62.423,NA,14,"Kenya",32.1852,37.8239,34.9762,NA,NA,NA,NA,NA,NA,NA,NA,NA,NA,NA,NA,NA,NA,NA,NA,NA,NA,NA
"1349","KGZ","Kyrgyzstan",2024,92.2904,91.75,7.79696,99.6,99.4,6632000,99.6,6540,1.16725,0.0910102,8948,0.12452,560290,544802,7.58143,28,3905,450478,522,NA,3,6593160,38832,6156980,105354,178086,360762,5954,97.2357,NA,NA,NA,NA,NA,NA,"Kyrgyzstan",39.6559,0,6214,1816,422899000,188968000,68055.9,44.6838,NA,NA,NA,NA,NA,NA,NA,NA,NA,NA
"1350","KHM","Cambodia",2023,109.213,101.382,3.64182,93.1,93.1,19029100,99.7,33132,5.22137,0.190153,394066,2.26164,634546,207348,1.19002,NA,57517,575575,NA,73.6094,1034,17664700,1364400,18056100,420,198688,NA,8660,32.6766,NA,NA,"Cambodia",NA,NA,60.7171,"Cambodia",207.988,NA,6806,2101,1068770000,170120000,157034,15.9174,NA,NA,NA,NA,NA,NA,NA,NA,NA,NA
"1351","KHM","Cambodia",2024,104.051,97.4646,4.14566,93.2,93.2,18353400,99.5,39251,5.36769,0.222526,30292,0.171735,731245,661702,3.7514,NA,44755,685776,NA,NA,714,17191600,1161800,18025800,0,633915,NA,27787,90.4898,NA,NA,NA,NA,NA,NA,"Cambodia",239.443,NA,6963,2164,1133620000,153355000,162807,13.5278,NA,NA,NA,NA,NA,NA,NA,NA,NA,NA
"1352","KIR","Kiribati",2024,51.7626,51.5708,0.0349396,76,62,69630,77,7,14.8936,0.00520376,34,0.0252754,47,6,0.00446037,36,0,0,0,NA,0,69372,258,34259,0,3,1,48,12.766,NA,0,NA,NA,NA,NA,"Kiribati",10642.9,0,149,99,1178350,39594.6,7908.39,3.36017,NA,NA,NA,NA,NA,NA,NA,NA,NA,NA
"1353","KOR","Korea (Rep. of)",2024,125.397,120.091,47.8015,99.9,99.9,64852100,99.9,7,2.83151e-05,1.3535e-05,6627,0.0128138,24721800,24715100,47.7887,0,NA,22381100,NA,99.9708,313046,62108000,2744160,20708100,2027590,127825,737469,23849900,99.9732,NA,NA,"Korea (Rep. of)",98.1798,97.6215,97.8956,"Korea (Rep. of)",NA,NA,NA,NA,NA,4851860000,NA,NA,35.173,24.9908,7.816,87.4546,33.5222,62.7629,15.898,81.7238,6.36644,89.2479
"1354","LAO","Lao P.D.R.",2023,64.7588,NA,2.72021,85,76,4963760,97,69502,33.3337,0.906746,69501,0.906733,208504,69501,0.906733,31,NA,121008,NA,76.4948,22,NA,NA,2338410,3,23167,23167,23167,33.3332,NA,17,"Lao P.D.R.",NA,NA,63.6255,"Lao P.D.R.",1.2182,NA,1503,433,141499000,NA,94144.4,NA,NA,NA,NA,NA,NA,NA,NA,NA,NA,NA
"1355","LBN","Lebanon",2023,95.8952,NA,NA,NA,NA,NA,NA,NA,NA,NA,NA,NA,NA,NA,NA,NA,NA,NA,NA,79.0624,NA,NA,NA,NA,NA,NA,NA,NA,NA,NA,NA,"Lebanon",NA,NA,83.4933,NA,NA,NA,NA,NA,NA,NA,NA,NA,NA,NA,NA,NA,NA,NA,NA,NA,NA,NA
"1356","LBR","Liberia",2023,41.4505,NA,NA,85.4,80,NA,85.4,NA,NA,NA,NA,NA,NA,NA,NA,NA,NA,NA,NA,46.1558,NA,NA,NA,NA,NA,NA,NA,NA,NA,NA,NA,"Liberia",NA,NA,23.4979,NA,NA,NA,NA,NA,NA,NA,NA,NA,NA,NA,NA,NA,NA,NA,NA,NA,NA,NA
"1357","LBY","Libya",2023,123.073,NA,NA,NA,NA,NA,NA,NA,NA,NA,NA,NA,NA,NA,NA,NA,NA,NA,NA,83.9073,NA,NA,NA,NA,NA,NA,NA,NA,NA,NA,NA,"Libya",NA,NA,88.4989,NA,NA,NA,NA,NA,NA,NA,NA,NA,NA,NA,NA,NA,NA,NA,NA,NA,NA,NA
"1358","LCA","Saint Lucia",2023,65.0634,NA,NA,NA,NA,NA,NA,NA,NA,NA,NA,NA,NA,NA,NA,NA,NA,NA,NA,76.7683,NA,NA,NA,NA,NA,NA,NA,NA,NA,NA,NA,"Saint Lucia",NA,NA,70.0834,NA,NA,NA,NA,NA,NA,NA,NA,NA,NA,NA,NA,NA,NA,NA,NA,NA,NA,NA
"1359","LIE","Liechtenstein",2024,127.254,122.393,50.005,99,98.33,50736,100,0,0,0,15,0.0376223,19937,19922,49.9674,0,0,18795,0,NA,0,48798,1938,50736,1044,239,128,19555,99.9248,NA,90,NA,NA,NA,NA,"Liechtenstein",15.6692,NA,155,NA,89303500,19247200,576151,21.5526,NA,NA,NA,NA,NA,NA,NA,NA,NA,NA
"1360","LKA","Sri Lanka",2024,73.5331,71.451,8.46827,97.4,97.4,16988800,99.52,0,0,0,1110900,4.80835,1956470,845572,3.65992,NA,1278190,470188,NA,NA,208091,16507700,481057,9997120,NA,221565,NA,624007,43.2192,NA,NA,NA,NA,NA,NA,"Sri Lanka",5.8143,0,9196,2407,NA,NA,NA,34.0207,NA,NA,NA,NA,NA,NA,NA,NA,NA,NA
"1361","LSO","Lesotho",2024,62.0053,14.5888,0.379435,95.8,85.1,1449330,95.8,0,0,0,0,0,8869,8869,0.379435,NA,NA,5417,3301,NA,151,341002,14690,1064170,NA,4482,3587,800,100,NA,44.9,NA,NA,NA,NA,"Lesotho",80.7018,NA,644,273,NA,NA,NA,NA,NA,NA,NA,NA,NA,NA,NA,NA,NA,NA
"1362","LTU","Lithuania",2024,141.497,109.254,27.846,99.99,99.99,4045540,100,NA,NA,NA,NA,NA,796148,NA,NA,1463,27676,642588,2914,NA,106050,3123690,921849,3062300,15457,79539,116471,600138,NA,NA,99.7,NA,NA,NA,NA,"Lithuania",30.5566,2258970000,6156,NA,841535000,108652000,136702,12.9111,NA,NA,NA,NA,NA,NA,NA,NA,NA,NA
"1363","LUX","Luxembourg",2024,NA,NA,40.3175,NA,NA,NA,NA,0,0,0,0,0,271351,271351,40.3175,NA,5900,182705,820,98.8552,54591,NA,NA,NA,27358,NA,12073,226798,100,NA,NA,"Luxembourg",98.3126,99.1923,98.7606,"Luxembourg",NA,NA,NA,NA,648606,151750000,NA,23396.3,NA,NA,NA,NA,NA,NA,NA,NA,NA,NA
"1364","LVA","Latvia",2024,121.833,99.1926,25.7543,99,95,2280550,99,0,0,0,19246,1.02817,482087,462841,24.7261,1615,6793,380680,68641,93.4383,15901,1856760,423792,1371000,8457,24413,77824,360604,96.0078,NA,NA,"Latvia",93.7447,92.4302,92.7076,"Latvia",21.9774,NA,4500,1937,540093000,113017000,120021,20.9255,NA,NA,NA,NA,NA,NA,NA,NA,NA,NA
"1365","MAC","Macao, China",2024,201.137,NA,29.8554,99.7,99.7,1448710,99.9,9,0.00418533,0.00124955,64,0.00888566,215037,214964,29.8453,NA,NA,214928,109,NA,0,NA,NA,424449,NA,436,246,214282,99.9661,NA,92.7,NA,NA,NA,NA,"Macao, China",17.5732,NA,1428,NA,411451000,46199800,288131,11.2285,NA,NA,NA,NA,NA,NA,NA,NA,NA,NA
"1366","MAR","Morocco",2023,94.6238,93.8071,7.02184,99.7,99.7,35685000,99.85,0,0,0,822677,2.18144,2648110,1825440,4.8404,5476,169194,844876,41401,88.7,1588130,35377000,308000,31639400,0,1196260,193890,435286,68.9335,NA,0,"Morocco",NA,NA,91,"Morocco",3.13918,NA,9022,2651,3530400000,825155000,391310,23.3728,NA,NA,NA,NA,NA,NA,NA,NA,NA,NA
"1367","MAR","Morocco",2024,98.3216,97.3683,7.30282,NA,NA,37442000,NA,NA,NA,NA,NA,NA,2781000,NA,NA,NA,NA,1060000,NA,NA,1590000,37079000,362000,NA,NA,NA,NA,NA,NA,NA,NA,NA,NA,NA,NA,NA,NA,NA,NA,NA,NA,NA,NA,NA,NA,NA,NA,NA,NA,NA,NA,NA,NA,NA
"1368","MCO","Monaco",2024,105.162,95.6615,55.6781,100,100,40625,100,0,0,0,0,0,21509,21509,55.6781,0,0,16988,0,NA,52,36955,3670,NA,4469,0,52,21457,100,NA,100,NA,NA,NA,NA,"Monaco",6.75089,NA,249,53,100219000,NA,402485,NA,NA,NA,NA,NA,NA,NA,NA,NA,NA,NA
"1369","MDA","Moldova",2024,96.5602,93.4814,29.6324,99.9,99.4,2930560,99.99,2652,0.294885,0.0873817,4023,0.132555,899333,892658,29.4125,NA,4086,848898,NA,74.065,40086,2837120,93441,2434840,6263,84394,259547,548717,99.2578,NA,NA,NA,NA,NA,NA,"Moldova",6.73929,NA,4948,1857,306127000,81065600,61868.9,26.481,NA,NA,NA,NA,NA,NA,NA,NA,NA,NA
"1370","MDV","Maldives",2024,58.2388,54.0768,19.649,100,100,307384,100,NA,NA,NA,NA,NA,103707,NA,NA,569,4,101853,795,NA,79,285417,21967,NA,407,NA,NA,NA,NA,NA,69,NA,NA,NA,NA,"Maldives",94.5158,NA,1134,273,NA,NA,NA,NA,NA,NA,NA,NA,NA,NA,NA,NA,NA,NA
"1371","MEX","Mexico",2024,103.757,98.2509,21.7367,97.4,97.4,135777000,98.42,5607,0.0197118,0.0042847,745280,0.56952,28444900,27038300,20.6618,219308,NA,19774800,862581,NA,1804840,128572000,3133370,88068900,5704360,936914,17422300,8679100,95.055,NA,45.76,NA,NA,NA,NA,"Mexico",6.91045,5498030000,203991,19280,2.5125e+10,NA,123167,NA,NA,NA,NA,NA,NA,NA,NA,NA,NA,NA
"1372","MKD","North Macedonia",2024,88.1642,87.6659,29.8922,99.87,99.74,1607240,99.94,4107,0.753665,0.225287,12918,0.708609,544937,527912,28.9583,NA,96308,189406,28029,NA,103623,1598160,9083,NA,127571,197711,330201,69622,96.8758,NA,97.01,NA,NA,NA,NA,"North Macedonia",NA,NA,NA,NA,350106000,48515200,NA,13.8573,NA,NA,NA,NA,NA,NA,NA,NA,NA,NA
"1373","MLI","Mali",2023,59.0907,NA,NA,81,81,NA,100,NA,NA,NA,NA,NA,NA,NA,NA,NA,NA,NA,NA,46.7176,NA,NA,NA,NA,NA,NA,NA,NA,NA,NA,NA,"Mali",NA,NA,35.0921,NA,NA,NA,NA,NA,NA,NA,NA,NA,NA,NA,NA,NA,NA,NA,NA,NA,NA,NA
"1374","MLT","Malta",2024,149.822,145.158,44.5068,100,100,808450,100,0,0,0,196,0.0363227,240162,239966,44.4705,NA,17591,105189,NA,NA,7939,783284,25166,NA,109443,639,32582,206745,99.9184,NA,100,NA,NA,NA,NA,"Malta",5.18591,NA,1325,NA,286056000,NA,215891,NA,NA,NA,NA,NA,NA,NA,NA,NA,NA,NA
"1375","MMR","Myanmar",2024,103.152,101.703,2.86966,95.44,94.54,56217800,96.73,106073,6.78231,0.194629,413973,0.759582,1563970,1043920,1.91545,237,318700,1231540,13044,NA,441,55428000,789706,36889500,0,691577,261002,91341,66.7483,NA,0,NA,NA,NA,NA,"Myanmar",30.4168,NA,16993,7823,NA,NA,NA,NA,NA,NA,NA,NA,NA,NA,NA,NA,NA,NA
"1376","MNE","Montenegro",2024,115.823,102.989,32.3054,98.1,98.1,739506,98.56,139,0.0673897,0.0217705,8742,1.36919,206263,197382,30.9144,65,1998,104240,173,84.5039,45811,657562,81944,651425,53976,25781,27218,144383,95.6943,NA,91.23,"Montenegro",89.3549,88.4688,88.8826,"Montenegro",8.90683,79631500,1712,792,305041000,87487300,178178,28.6805,NA,NA,NA,NA,NA,NA,NA,NA,NA,NA
"1377","MNG","Mongolia",2024,119.042,108.382,15.7837,100,99,4137350,100,6088,1.10979,0.175167,20633,0.593663,548570,521849,15.0149,2357,14431,527220,NA,NA,4562,3766870,370485,4037900,NA,213390,300751,7708,95.129,NA,NA,NA,NA,NA,NA,"Mongolia",23.4991,NA,12200,5709,710448000,103826000,58233.4,14.6142,NA,NA,NA,NA,NA,NA,NA,NA,NA,NA
"1378","MOZ","Mozambique",2023,27.7828,27.6938,0.149002,NA,NA,NA,88,5694,11.3614,0.0169287,14910,0.0443286,50117,29513,0.0877445,9194,NA,5716,NA,10.8,5694,9314870,29932,NA,29513,5716,14603,9194,58.8882,NA,10,"Mozambique",NA,NA,19.8434,"Mozambique",169.416,13571800000,5125,1183,743638000,224720000,145100,30.219,NA,NA,NA,NA,NA,NA,NA,NA,NA,NA
"1379","MOZ","Mozambique",2024,29.95,29.8541,0.142,86,84,10372200,88,4317,8.77849,0.0124654,15313,0.0442166,49177,29547,0.0853176,10250,NA,5063,NA,NA,4317,10339000,33223,NA,29547,5063,14234,10250,60.083,NA,10,NA,NA,NA,NA,"Mozambique",145.681,NA,4127,949,NA,NA,NA,NA,NA,NA,NA,NA,NA,NA,NA,NA,NA,NA
"1380","MRT","Mauritania",2023,59.7498,NA,0.59041,NA,NA,3000900,97,NA,NA,NA,NA,NA,29653,NA,NA,NA,NA,NA,NA,53.2302,NA,NA,NA,1740030,NA,NA,NA,NA,NA,NA,NA,"Mauritania",NA,NA,37.3809,"Mauritania",28.1998,NA,852,270,327988000,106881000,384962,32.5869,NA,NA,NA,NA,NA,NA,NA,NA,NA,NA
"1381","MRT","Mauritania",2024,70.0219,NA,0.946513,NA,NA,3619710,NA,1199,2.45049,0.0231942,5715,0.110555,48929,1143,0.0221109,NA,7786,38660,1157,NA,1179,NA,NA,2536460,147,5669,34482,721,2.33604,NA,NA,NA,NA,NA,NA,"Mauritania",55.6979,NA,891,270,NA,NA,NA,25.6985,NA,NA,NA,NA,NA,NA,NA,NA,NA,NA
"1382","MUS","Mauritius",2024,145.716,108.286,27.9743,99,99,1852300,99,1900,0.534308,0.149469,300,0.0236003,355600,353400,27.8012,NA,NA,284000,NA,NA,NA,1376500,475800,1141160,NA,41700,249100,62600,99.3813,NA,65,NA,NA,NA,NA,"Mauritius",5.90657,NA,2769,1292,256889000,NA,92773.2,NA,NA,NA,NA,NA,NA,NA,NA,NA,NA,NA
"1383","MWI","Malawi",2024,44.0012,40.9967,0.0863854,89.39,88.89,9528580,90,NA,NA,NA,NA,NA,18707,NA,NA,NA,NA,2515,NA,NA,NA,8877950,650635,3039890,NA,NA,NA,NA,NA,NA,0,NA,NA,NA,NA,"Malawi",201.684,NA,982,265,NA,NA,NA,8.96521,NA,NA,NA,NA,NA,NA,NA,NA,NA,NA
"1384","MYS","Malaysia",2024,125.944,124.976,13.5464,98.6,98.6,44782900,98.6,9900,0.205531,0.0278421,9400,0.0264359,4816800,4797500,13.4922,14200,31200,4748700,4300,96.8051,18400,44438700,344200,26584700,NA,11100,374300,4412100,99.5993,NA,82.4,"Malaysia",97.6373,98.3628,98.0206,"Malaysia",3.74741,28861900000,30800,12700,7994610000,1156720000,259565,14.4687,20.9635,53.1028,14.9622,80.0668,15.6237,68.2064,4.42954,94.0046,9.41552,81.0148
"1385","NAM","Namibia",2024,51.6765,51.2261,2.83463,89,88,1565870,100,144,0.16765,0.00475227,39461,1.30229,85893,46288,1.52759,3373,NA,36464,4961,NA,41095,1552220,13648,1565870,NA,NA,NA,NA,53.8903,NA,0,NA,NA,NA,NA,"Namibia",10.3114,NA,798,315,202069000,64054200,253219,31.6992,NA,NA,NA,NA,NA,NA,NA,NA,NA,NA
"1386","NER","Niger",2023,32.4436,NA,0.107619,NA,NA,8487210,NA,NA,NA,NA,NA,NA,28153,NA,NA,NA,NA,NA,NA,50.4894,NA,NA,NA,NA,NA,NA,NA,NA,NA,NA,NA,"Niger",NA,NA,23.1879,NA,NA,NA,NA,NA,NA,NA,NA,NA,NA,NA,NA,NA,NA,NA,NA,NA,NA,NA
"1387","NGA","Nigeria",2024,41.3965,40.3325,0.0787379,89.42,84.6,96321200,95.31,685,0.373894,0.000294396,51954,0.0223286,183207,130568,0.056115,64567,NA,61017,57623,NA,NA,93845500,2475700,77754800,NA,NA,NA,NA,71.268,NA,13.28,NA,NA,NA,NA,"Nigeria",170.366,456590000,17499,3256,NA,NA,NA,36.4006,NA,NA,NA,NA,NA,NA,NA,NA,NA,NA
"1388","NIC","Nicaragua",2024,70.317,NA,5.77624,87.7,79,4863220,87.7,1358,0.339931,0.0196352,47271,0.683488,399493,350864,5.07312,0,36150,110718,379,NA,16011,NA,NA,3783000,236417,35921,95931,219012,87.8273,NA,0,NA,NA,NA,NA,"Nicaragua",NA,99648600,NA,NA,554160000,4069790,NA,0.734407,NA,NA,NA,NA,NA,NA,NA,NA,NA,NA
"1389","NLD","Netherlands",2024,130.31,124.726,42.9782,99,99,23753900,99,0,0,0,0,0,7834390,7834390,42.9782,NA,NA,3093440,NA,NA,1527720,22736000,1017930,NA,3213240,43761,986964,6803670,100,NA,99,NA,NA,NA,NA,"Netherlands",NA,NA,NA,NA,11845600000,3961510000,NA,33.443,NA,NA,NA,NA,NA,NA,NA,NA,NA,NA
"1390","NOR","Norway",2023,114.987,NA,45.4377,NA,NA,6346320,NA,NA,NA,NA,NA,NA,2507780,NA,NA,4313,225752,1812130,NA,99,14932,NA,NA,NA,449246,NA,NA,NA,NA,NA,83.4,"Norway",99,99,99,NA,NA,NA,NA,NA,NA,NA,NA,NA,NA,NA,NA,NA,NA,NA,NA,NA,NA,NA
"1391","NPL","Nepal (Republic of)",2023,115.716,NA,10.6751,NA,NA,NA,100,NA,NA,NA,NA,NA,3169940,NA,NA,NA,NA,NA,NA,62.8193,NA,NA,NA,NA,NA,NA,NA,NA,NA,NA,NA,"Nepal (Republic of)",NA,NA,55.7716,NA,NA,NA,NA,NA,NA,NA,NA,NA,NA,NA,NA,NA,NA,NA,NA,NA,NA,NA
"1392","NPL","Nepal (Republic of)",2024,99.6448,NA,10.0656,90,86,29545700,100,NA,NA,NA,NA,NA,2984560,NA,NA,NA,NA,NA,NA,NA,NA,NA,NA,NA,NA,NA,NA,NA,NA,NA,NA,NA,NA,NA,NA,NA,NA,NA,NA,NA,NA,NA,NA,NA,NA,NA,NA,NA,NA,NA,NA,NA,NA,NA
"1393","NRU","Nauru",2023,33.6842,NA,NA,NA,NA,NA,NA,NA,NA,NA,NA,NA,NA,NA,NA,NA,NA,NA,NA,NA,NA,NA,NA,NA,NA,NA,NA,NA,NA,NA,NA,NA,NA,NA,NA,NA,NA,NA,NA,NA,NA,NA,NA,NA,NA,NA,NA,NA,NA,NA,NA,NA,NA,NA
"1394","NZL","New Zealand",2024,108.593,NA,38.0483,98.63,98.5,5662000,98.63,NA,NA,NA,NA,NA,1983820,NA,NA,58336,390273,1395210,NA,NA,111000,NA,NA,NA,29000,NA,NA,NA,NA,NA,40.44,NA,NA,NA,NA,"New Zealand",19.5035,NA,11000,4180,3441230000,975851000,312839,28.3576,NA,NA,NA,NA,NA,NA,NA,NA,NA,NA
"1395","PAK","Pakistan",2024,55.1186,NA,1.46559,81,81,138496000,92,29866,0.811006,0.0118861,1308060,0.520582,3682590,2344660,0.933126,NA,72945,1893110,661245,NA,1128230,NA,NA,133242000,18848,2232480,98514,13665,63.6688,NA,NA,NA,NA,NA,NA,"Pakistan",15.9479,13170200000,40567,2764,3612380000,819478000,89047.3,22.6853,NA,NA,NA,NA,NA,NA,NA,NA,NA,NA
"1396","PER","Peru",2024,92.3404,84.4397,11.6789,94.27,93.28,31596900,95.8,30141,0.754231,0.0880856,39035,0.114078,3996260,3927080,11.4767,34145,79918,2933710,3015,55.5446,28975,28893500,2703460,28081800,916609,102319,213480,3611280,98.269,NA,27.54,"Peru",80.225,83.6948,81.9571,"Peru",10.4008,NA,14528,5458,NA,NA,NA,22.5832,NA,NA,NA,NA,NA,NA,NA,NA,NA,NA
"1397","PHL","Philippines",2024,79.3794,NA,7.13893,98.69,98.69,91956000,99,NA,NA,NA,NA,NA,8270000,NA,NA,NA,NA,NA,NA,NA,NA,NA,NA,NA,NA,NA,NA,NA,NA,NA,72.41,NA,NA,NA,NA,"Philippines",5.84415,NA,25845,9356,7779.61,NA,0.30101,NA,NA,NA,NA,NA,NA,NA,NA,NA,NA,NA
"1398","PNG","Papua New Guinea",2023,24.9999,NA,NA,70,70,NA,NA,NA,NA,NA,NA,NA,NA,NA,NA,NA,NA,NA,NA,40.6482,NA,NA,NA,NA,NA,NA,NA,NA,NA,NA,0,"Papua New Guinea",NA,NA,24.0667,NA,NA,NA,NA,NA,NA,NA,NA,NA,NA,NA,NA,NA,NA,NA,NA,NA,NA,NA
"1399","PNG","Papua New Guinea",2024,20.9366,NA,NA,76,76,2214370,84,NA,NA,NA,NA,NA,NA,NA,NA,NA,NA,NA,NA,NA,NA,NA,NA,NA,NA,NA,NA,NA,NA,NA,0,NA,NA,NA,NA,NA,NA,NA,NA,NA,NA,NA,NA,NA,NA,NA,NA,NA,NA,NA,NA,NA,NA,NA
"1400","POL","Poland",2024,219.306,196.421,25.3613,100,100,84518900,100,18500,0.189277,0.0480031,360453,0.935289,9774020,8313310,21.5711,31392,532956,5451000,343564,95.8866,914474,75699000,8819900,NA,2500630,496324,944675,6872320,85.0552,NA,91,"Poland",88.4958,88.6795,88.585,"Poland",NA,NA,NA,NA,11041500000,2364490000,NA,21.4145,NA,NA,10.0381,74.5315,NA,NA,NA,NA,NA,NA
"1401","PRI","Puerto Rico",2024,104.498,NA,27.9891,100,NA,3388050,100,NA,NA,NA,NA,NA,907465,NA,NA,NA,NA,NA,NA,NA,NA,NA,NA,NA,NA,NA,NA,NA,NA,NA,NA,NA,NA,NA,NA,"Puerto Rico",9.00492,NA,6961,NA,NA,NA,NA,NA,NA,NA,NA,NA,NA,NA,NA,NA,NA,NA
"1402","PRK","Dem. People's Rep. of Korea",2023,21.2766,NA,NA,NA,NA,NA,NA,NA,NA,NA,NA,NA,NA,NA,NA,NA,NA,NA,NA,NA,NA,NA,NA,NA,NA,NA,NA,NA,NA,NA,NA,NA,NA,NA,NA,NA,NA,NA,NA,NA,NA,NA,NA,NA,NA,NA,NA,NA,NA,NA,NA,NA,NA,NA
"1403","PRT","Portugal",2024,102.538,96.4861,45.2439,100,100,10689800,100,2175,0.0461117,0.0208627,10171,0.0975608,4716810,4704470,45.1255,7727,232295,2239020,9399,90.5983,90649,10059000,630882,6727810,1127720,98638,249745,4356080,99.7383,NA,98.7,"Portugal",88.5941,88.3722,88.487,"Portugal",NA,NA,NA,NA,4427220000,740495000,NA,16.726,NA,NA,NA,NA,NA,NA,NA,NA,NA,NA
"1404","PYF","French Polynesia",2023,102.458,NA,35.5534,90,90,288028,98,2288,2.28921,0.813893,38024,13.526,99947,29056,10.3359,NA,NA,NA,NA,NA,NA,NA,NA,141692,NA,14489,2293,13797,29.0714,NA,NA,NA,NA,NA,NA,NA,NA,NA,NA,NA,NA,NA,NA,NA,NA,NA,NA,NA,NA,NA,NA,NA,NA,NA
"1405","QAT","Qatar",2024,150.503,147.01,11.8175,100,100,4587980,100,73,0.0202638,0.00239468,182,0.0059703,360248,359993,11.8092,NA,45056,314937,NA,NA,255,4481490,106486,2743890,NA,8123,31333,320537,99.9292,NA,98.95,NA,NA,NA,NA,"Qatar",2.91627,NA,1530,404,3122530000,289835000,2040870,9.28207,NA,NA,NA,NA,NA,NA,NA,NA,NA,NA
"1406","ROU","Romania",2024,101.181,98.2694,35.7996,99.64,99.06,19239700,99.77,2883,0.0423515,0.0151616,25665,0.134972,6807320,6778780,35.6495,2567,293126,5801780,46096,94.5805,50780,18686000,553722,18592700,598867,230387,96004,6452380,99.5806,NA,39.8,"Romania",90.9136,91.6748,91.2905,"Romania",24.7707,NA,42680,NA,NA,NA,NA,NA,NA,NA,NA,NA,NA,NA,NA,NA,NA,NA
"1407","RUS","Russian Federation",2024,127.495,126.944,27.1334,97,93,184639000,99.4,312186,0.794475,0.215568,2068590,1.42838,39294600,36913900,25.4894,92071,193939,35810100,957257,90.4256,1974800,183841000,797637,55695100,266468,NA,NA,26344600,93.9412,NA,NA,"Russian Federation",94.214,94.5366,94.365,NA,NA,NA,NA,NA,NA,NA,NA,NA,NA,NA,NA,NA,NA,NA,NA,NA,NA,NA
"1408","RWA","Rwanda",2024,71.6043,NA,0.595648,99.83,98.76,10208300,99.84,993,1.16935,0.00696521,9700,0.0680388,84919,74226,0.520644,5577,8142,71193,NA,NA,7,NA,NA,4891840,NA,10746,49284,14196,87.408,NA,0,NA,NA,NA,NA,"Rwanda",224.959,NA,2082,797,290824000,61981100,139685,21.3122,NA,NA,NA,NA,NA,NA,NA,NA,NA,NA
"1409","SAU","Saudi Arabia",2024,181.247,162.595,44.0706,100,100,61556400,100,54005,0.360813,0.159012,187095,0.550883,14967600,14726500,43.3607,NA,NA,NA,NA,100,NA,55221800,6334580,NA,NA,228056,1993400,12505000,98.3892,NA,84,"Saudi Arabia",100,100,100,NA,NA,NA,NA,NA,NA,NA,NA,NA,NA,NA,NA,NA,NA,NA,NA,NA,NA,NA
"1410","SDN","Sudan",2023,51.8902,NA,NA,NA,NA,NA,NA,NA,NA,NA,NA,NA,NA,NA,NA,NA,NA,NA,NA,NA,NA,NA,NA,NA,NA,NA,NA,NA,NA,NA,NA,NA,NA,NA,NA,NA,NA,NA,NA,NA,NA,NA,NA,NA,NA,NA,NA,NA,NA,NA,NA,NA,NA,NA
"1411","SGP","Singapore",2024,170.783,170.783,27.8137,100,100,9960700,100,NA,NA,NA,NA,NA,1622200,1622200,27.8137,NA,NA,1617600,4500,98.5241,100,9960700,NA,7766700,NA,NA,NA,1622200,100,NA,95,"Singapore",93.8107,94.959,94.3776,NA,NA,NA,NA,NA,NA,NA,NA,NA,NA,NA,NA,NA,NA,NA,NA,NA,NA,NA
"1412","SLB","Solomon Islands",2023,16.7499,NA,NA,NA,NA,NA,NA,NA,NA,NA,NA,NA,NA,NA,NA,NA,NA,NA,NA,50.654,NA,NA,NA,NA,NA,NA,NA,NA,NA,NA,NA,"Solomon Islands",NA,NA,42.4597,NA,NA,NA,NA,NA,NA,NA,NA,NA,NA,NA,NA,NA,NA,NA,NA,NA,NA,NA
"1413","SLE","Sierra Leone",2023,27.3446,NA,NA,96,75,NA,96,NA,NA,NA,NA,NA,NA,NA,NA,NA,NA,NA,NA,NA,NA,NA,NA,NA,NA,NA,NA,NA,NA,NA,NA,"Sierra Leone",NA,NA,20.635,NA,NA,NA,NA,NA,NA,NA,NA,NA,NA,NA,NA,NA,NA,NA,NA,NA,NA,NA
"1414","SLV","El Salvador",2023,72.8813,NA,11.6272,92,76,4598530,98,5962,0.81267,0.0944906,132044,2.09274,733631,510364,8.08866,NA,NA,17921,15,34.2224,464532,NA,NA,NA,250557,NA,85248,13,69.5669,NA,NA,"El Salvador",NA,NA,67.6558,NA,NA,NA,NA,NA,NA,NA,NA,NA,NA,NA,NA,NA,NA,NA,NA,NA,NA,NA
"1415","SLV","El Salvador",2024,73.935,NA,12.4641,97,80,4686150,98,6121,0.774813,0.0965733,75598,1.19274,789997,481895,7.60303,NA,NA,23094,328,NA,505664,NA,NA,NA,260270,NA,226341,42,60.9996,NA,NA,NA,NA,NA,NA,NA,NA,NA,NA,NA,NA,NA,NA,NA,NA,NA,NA,NA,NA,NA,NA,NA,NA,NA
"1416","SMR","San Marino",2023,139.329,NA,NA,NA,NA,NA,NA,NA,NA,NA,NA,NA,NA,NA,NA,NA,NA,NA,NA,91.3698,NA,NA,NA,NA,NA,NA,NA,NA,NA,NA,NA,"San Marino",NA,NA,87.0278,NA,NA,NA,NA,NA,NA,NA,NA,NA,NA,NA,NA,NA,NA,NA,NA,NA,NA,NA
"1417","SOM","Somalia",2023,8.96942,NA,0.722963,80,50,1646660,90,NA,NA,NA,NA,NA,132726,132726,0.722963,NA,NA,NA,NA,NA,NA,NA,NA,NA,NA,NA,NA,NA,100,NA,10,NA,NA,NA,NA,NA,NA,NA,NA,NA,NA,NA,NA,NA,NA,NA,NA,NA,NA,NA,NA,NA,NA,NA
"1418","STP","Sao Tome and Principe",2024,44.645,44.0994,2.99402,96,96,105155,97,0,0,0,5705,2.42214,7052,1347,0.571887,NA,2061,4991,NA,NA,0,103870,1285,NA,NA,NA,NA,NA,19.101,NA,NA,NA,NA,NA,NA,NA,NA,NA,NA,NA,NA,NA,NA,NA,NA,NA,NA,NA,NA,NA,NA,NA,NA,NA
"1419","SUR","Suriname",2024,109.191,108.261,18.7524,100,82.59,692741,100,4,0.00336216,0.000630486,18070,2.84822,118971,100897,15.9035,NA,585,54677,NA,NA,47723,686839,5902,45612,NA,96954,3531,412,84.8081,NA,16.29,NA,NA,NA,NA,"Suriname",7.68152,1871250000,953,406,132280000,18135700,138804,13.71,NA,NA,NA,NA,NA,NA,NA,NA,NA,NA
"1420","SVK","Slovakia",2024,99.1342,89.4055,33.8136,99,99,5459080,100,10558,0.567014,0.191728,76440,1.38811,1862030,1775040,32.2338,639,400658,964884,1217,90.5384,325244,4923350,535736,2670280,169392,273274,542961,958801,95.3278,NA,83,"Slovakia",88.8341,90.8342,89.8251,NA,NA,NA,NA,NA,NA,NA,NA,NA,NA,NA,NA,NA,NA,NA,NA,NA,NA,NA
"1421","SVN","Slovenia",2024,102.091,93.1252,34.2333,99.9,99.9,2163000,99.9,261,0.0359852,0.0123189,14241,0.672158,725299,710797,33.5488,936,54095,413180,876,94.1337,91518,1973040,189964,1328750,164694,70518,108802,531477,98.0005,NA,96.7,"Slovenia",90.9991,90.5411,90.7636,"Slovenia",9.94497,NA,6041,NA,883778000,325794000,146297,36.8638,NA,NA,NA,NA,NA,NA,NA,NA,NA,NA
"1422","SWE","Sweden",2024,133.89,119.865,40.6157,100,100,14201800,100,3745,0.0869292,0.0353069,31150,0.293674,4308100,4273210,40.2867,3964,9733,3600100,6711,NA,24128,12714000,1487710,13475600,663462,112809,63879,4096520,99.19,NA,98.2,"Sweden",94.5407,96.5139,95.5293,"Sweden",22.8024,NA,18167,5802,4926350000,1398310000,271170,28.3844,NA,NA,NA,NA,NA,NA,NA,NA,NA,NA
"1423","SWZ","Eswatini",2024,116.309,113.915,2.50655,99.1,87,1445520,99.1,2262,7.26117,0.182005,12785,1.02871,31152,16105,1.29584,1348,24702,2433,0,NA,2669,1415760,29754,785784,0,14501,226,1388,51.6981,NA,5,NA,NA,NA,NA,"Eswatini",26.8511,0,957,353,122913000,13059500,128436,10.625,NA,NA,NA,NA,NA,NA,NA,NA,NA,NA
"1424","SYC","Seychelles",2024,82.3537,82.3537,31.5969,99,99,107404,99,28,0.067948,0.0214694,9310,7.13859,41208,31870,24.4368,NA,15424,23813,NA,NA,1971,107404,NA,NA,0,NA,NA,NA,77.3394,NA,NA,NA,NA,NA,NA,"Seychelles",29.7538,NA,481,215,NA,NA,NA,NA,NA,NA,NA,NA,NA,NA,NA,NA,NA,NA
"1425","TCD","Chad",2023,5.82961,5.82961,0,75.4,44.3,1126230,86.9,0,NA,0,0,0,0,0,0,NA,NA,NA,NA,NA,NA,1126230,NA,1126230,0,0,0,0,NA,NA,0,"Chad",NA,NA,13.1832,"Chad",NA,0,773,159,331691000,58973500,429096,17.7796,NA,NA,NA,NA,NA,NA,NA,NA,NA,NA
"1426","TCD","Chad",2024,17.2605,17.236,0,84.5,60,3503740,86.9,0,NA,0,0,0,0,0,0,0,0,NA,NA,NA,NA,3498760,4979,3503740,0,0,0,0,NA,NA,0,NA,NA,NA,NA,"Chad",NA,0,780,131,365819000,255371000,468999,69.8079,NA,NA,NA,NA,NA,NA,NA,NA,NA,NA
"1427","TGO","Togo",2024,45.2988,NA,1.41538,99.7,99.7,4310290,99.7,40,0.0297007,0.000420378,522,0.00548594,134677,134115,1.40948,NA,1764,128462,350,NA,1951,NA,4310290,2635270,NA,5098,113753,15264,99.5827,NA,NA,NA,NA,NA,NA,"Togo",16.2645,NA,1278,345,432490000,76293400,338412,17.6405,NA,NA,NA,NA,NA,NA,NA,NA,NA,NA
"1428","THA","Thailand",2024,108.721,104.814,14.887,99,99,77918300,99,29411,0.275661,0.0410378,292065,0.407525,10669300,10347800,14.4385,NA,NA,10585700,NA,92.643,83503,75118200,2800090,NA,NA,106108,199817,10041900,96.9869,NA,95,"Thailand",89.9092,91.9062,90.8672,NA,NA,NA,NA,NA,NA,NA,NA,NA,NA,NA,NA,NA,NA,NA,NA,NA,NA,NA
"1429","TJK","Tajikistan",2023,40.8132,NA,0.983936,NA,NA,NA,NA,NA,NA,NA,NA,NA,102229,NA,NA,NA,NA,NA,NA,44.3369,NA,NA,NA,NA,NA,NA,NA,NA,NA,NA,NA,"Tajikistan",NA,NA,56.791,NA,NA,NA,NA,NA,NA,NA,NA,NA,NA,NA,NA,NA,NA,NA,NA,NA,NA,NA
"1430","TKM","Turkmenistan",2023,49.1945,NA,NA,NA,NA,NA,NA,NA,NA,NA,NA,NA,NA,NA,NA,NA,NA,NA,NA,NA,NA,NA,NA,NA,NA,NA,NA,NA,NA,NA,NA,NA,NA,NA,NA,NA,NA,NA,NA,NA,NA,NA,NA,NA,NA,NA,NA,NA,NA,NA,NA,NA,NA,NA
"1431","TLS","Timor-Leste",2024,28.6191,NA,0.00599727,96.5,45,400850,96.5,NA,NA,NA,NA,NA,84,NA,NA,NA,NA,NA,NA,NA,NA,NA,NA,NA,NA,NA,NA,NA,NA,NA,NA,NA,NA,NA,NA,"Timor-Leste",NA,NA,NA,NA,115339000,NA,NA,NA,NA,NA,NA,NA,NA,NA,NA,NA,NA,NA
"1432","TON","Tonga",2023,66.2543,NA,NA,NA,NA,NA,NA,NA,NA,NA,NA,NA,NA,NA,NA,NA,NA,NA,NA,34.3784,NA,NA,NA,NA,NA,NA,NA,NA,NA,NA,NA,"Tonga",NA,NA,58.5334,NA,NA,NA,NA,NA,NA,NA,NA,NA,NA,NA,NA,NA,NA,NA,NA,NA,NA,NA
"1433","TTO","Trinidad and Tobago",2024,60.05,60.05,27.0294,100,94,905423,100,5515,1.35322,0.365769,34702,2.30153,407545,367328,24.3621,1013,67807,191812,NA,NA,6052,905423,NA,NA,140861,41510,36792,289026,90.1319,NA,NA,NA,NA,NA,NA,"Trinidad and Tobago",8.65202,NA,2576,1245,766938000,57607900,297725,7.51141,NA,NA,NA,NA,NA,NA,NA,NA,NA,NA
"1434","TUN","Tunisia",2024,86.173,81.676,14.9742,99,96,10579600,99,4520,0.245867,0.0368165,138458,1.12777,1838390,1695420,13.8096,143,589396,562503,187,NA,686164,10027500,552107,9200000,0,1381960,308090,5368,92.2227,NA,0,NA,NA,NA,NA,"Tunisia",4.85653,2.15e+08,9522,4287,1283730000,244574000,134817,19.0518,NA,NA,NA,NA,NA,NA,NA,NA,NA,NA
"1435","TUR","Türkiye",2024,86.754,85.9464,23.4317,99.8,99.7,75887000,99.9,18795,0.091698,0.0214864,396574,0.453363,20496600,20081300,22.9569,15959,NA,6845640,812565,96.4482,10124300,75180600,706492,71903900,1471220,9668000,9085370,1327900,97.9735,NA,NA,"Türkiye",83.9343,90.6883,87.3079,"Türkiye",3.16387,NA,28558,7769,12420300000,2867820000,434916,23.0898,NA,NA,14.3008,60.8568,NA,NA,10.5555,75.2488,26.6883,41.6216
"1436","TWN","Taiwan, Province of China",2024,121.414,119.273,30.4367,100,100,28185100,100,21397,0.302835,0.092173,295209,1.27169,7065560,6748700,29.0717,255,0,4464300,1194,89.5,231967,27688000,497131,28185100,2367850,646363,984685,5117660,95.5154,NA,98.17,"Taiwan, Province of China",97,96.4,96.7066,"Taiwan, Province of China",4.12719,23125500000,41158,15477,9398210000,NA,228345,NA,NA,NA,25.4902,23.6528,NA,NA,48.2932,45.1127,21.1,40.7
"1437","TZA","Tanzania",2024,37.3376,37.3376,0.246433,91,88,25598700,98.2,742,0.43917,0.00108226,8457,0.0123352,168955,159756,0.233016,1080,79039,83201,5635,NA,NA,25598700,NA,25598700,0,156235,0,3521,94.5554,NA,20,NA,NA,NA,NA,"Tanzania",48.9789,22546300000,3835,1167,NA,NA,NA,16.2336,NA,NA,NA,NA,NA,NA,NA,NA,NA,NA
"1438","UGA","Uganda",2024,39.8478,39.0482,0.207613,97.8,82,19929900,98,NA,NA,NA,0,0,103838,83070,0.16609,NA,NA,NA,NA,NA,NA,19530000,399955,NA,NA,0,20768,0,79.9996,NA,14.9,"Uganda",7.58792,10.5867,8.94983,"Uganda",10.139,NA,1987,654,1723330000,622794000,867301,36.139,NA,NA,NA,NA,NA,NA,NA,NA,NA,NA
"1439","URY","Uruguay",2024,113.458,NA,33.044,95.4,92.7,3842350,95.4,NA,NA,NA,7869,0.232358,1119070,1111200,32.8117,3655,63818,1049560,NA,94.2305,2028,NA,NA,2733870,NA,59144,17680,1034370,99.2968,NA,18.8,"Uruguay",92.4471,91.4919,91.9911,"Uruguay",5.73146,NA,6914,3178,1277950000,NA,184835,NA,26.5931,53.0331,9.38579,83.0324,17.498,56.2916,6.8343,83.0324,19.5313,59.2206
"1440","USA","United States",2024,196.707,NA,38.8572,99,99,679479000,99,455000,0.338988,0.131721,2269000,0.656869,134223000,131499000,38.0686,2732000,9758000,35485000,0,NA,8951000,NA,NA,406271000,77296000,9905000,9882000,111712000,97.9705,NA,96,NA,NA,NA,NA,"United States",7.62732,NA,622000,NA,NA,NA,NA,NA,NA,NA,NA,NA,NA,NA,NA,NA,NA,NA
"1441","UZB","Uzbekistan",2024,109.364,85.5151,34.7381,97,97,39766900,99.5,1263,0.00999886,0.00347342,2526290,6.94763,12631400,10103900,27.787,0,0,11740300,0,NA,891142,31094900,8672010,22344700,0,3586880,3970830,2546180,79.99,NA,18,NA,NA,NA,NA,"Uzbekistan",5.10926,9.71321e+12,32304,10056,1620980000,1032140000,50178.9,63.6738,NA,NA,NA,NA,NA,NA,NA,NA,NA,NA
"1442","VCT","Saint Vincent and the Grenadines",2024,69.8149,NA,29.4605,100,90,70245,100,NA,NA,NA,NA,NA,29642,NA,NA,NA,5082,NA,NA,NA,119,NA,NA,NA,24441,NA,NA,NA,NA,NA,0,NA,NA,NA,NA,"Saint Vincent and the Grenadines",NA,NA,NA,NA,46251100,NA,NA,NA,NA,NA,NA,NA,NA,NA,NA,NA,NA,NA
"1443","VEN","Venezuela",2023,56.8591,54.0828,10.6381,85,70,16091600,94,523971,17.4039,1.85143,1350450,4.77175,3010660,1136240,4.01487,719,39158,1085420,1445,NA,1814000,15305900,785732,618328,69937,300241,288370,547632,37.7407,NA,0,NA,NA,NA,NA,"Venezuela",10.1914,0,24357,7564,NA,NA,NA,8.41508,NA,NA,NA,NA,NA,NA,NA,NA,NA,NA
"1444","VEN","Venezuela",2024,72.8373,70.361,11.8087,85,70,20689800,94,517723,15.4344,1.82261,1355180,4.77083,3354340,1481430,5.2153,753,36661,1452820,1308,NA,1812480,19986400,703405,471720,50995,258004,445395,778034,44.1647,NA,0,NA,NA,NA,NA,"Venezuela",10.4656,NA,25284,10172,NA,NA,NA,NA,NA,NA,NA,NA,NA,NA,NA,NA,NA,NA
"1445","VGB","British Virgin Islands",2023,5.38669,NA,23.527,NA,NA,NA,NA,NA,NA,NA,NA,NA,9172,NA,NA,NA,NA,NA,NA,NA,NA,NA,NA,NA,NA,NA,NA,NA,NA,NA,NA,NA,NA,NA,NA,"British Virgin Islands",3.47734,NA,85,43,22581000,6724620,265659,29.78,NA,NA,NA,NA,NA,NA,NA,NA,NA,NA
"1446","VGB","British Virgin Islands",2024,NA,NA,24.912,NA,NA,NA,NA,NA,NA,NA,NA,NA,9833,NA,NA,NA,NA,NA,NA,NA,NA,NA,NA,NA,NA,NA,NA,NA,NA,NA,NA,NA,NA,NA,NA,"British Virgin Islands",3.60021,NA,88,43,22620000,4057740,257045,17.9387,NA,NA,NA,NA,NA,NA,NA,NA,NA,NA
"1447","VNM","Viet Nam",2024,100.27,95.4275,23.7113,99.85,99.85,101260000,99.9,5719,0.0238834,0.00566307,14945,0.0147988,23945500,23928500,23.6945,84,0,23521000,20644,92.45,7579,96370100,4889820,92236300,396169,27899,7277220,16623400,99.9292,NA,25.5,"Viet Nam",82.2272,86.08,84.15,"Viet Nam",31.0678,0,82144,25365,5834910000,888225000,71032.7,15.2226,NA,NA,NA,NA,NA,NA,NA,NA,NA,NA
"1448","VUT","Vanuatu",2023,421.388,178.856,1.23342,90,90,1350160,90,138,3.4919,0.04307,972,0.303362,3952,1577,0.492183,440,1367,1794,293,59.6,58,573072,777092,1350160,NA,NA,NA,NA,39.9038,NA,0,"Vanuatu",NA,NA,45.7313,"Vanuatu",NA,NA,NA,NA,48984700,NA,NA,NA,NA,NA,NA,NA,NA,NA,NA,NA,NA,NA
"1449","VUT","Vanuatu",2024,435.494,NA,1.15566,90,90,1427450,90,59,1.55755,0.018,1054,0.32156,3788,1601,0.488442,435,1291,1865,165,NA,33,NA,839807,1427450,NA,NA,NA,NA,42.265,NA,0,NA,NA,NA,NA,"Vanuatu",NA,NA,NA,NA,52228400,NA,NA,NA,NA,NA,NA,NA,NA,NA,NA,NA,NA,NA
"1450","WLF","Wallis and Futuna",2023,104.767,100.018,14.292,85,85,11912,85,1210,74.4615,10.642,359,3.15743,1625,56,0.492524,0,0,415,0,NA,1210,11372,540,11912,0,46,6,4,3.44615,NA,0,NA,NA,NA,NA,NA,NA,NA,NA,NA,NA,NA,NA,NA,NA,NA,NA,NA,NA,NA,NA,NA,NA,NA
"1451","WSM","Samoa",2023,92.2631,NA,NA,NA,NA,NA,NA,NA,NA,NA,NA,NA,NA,NA,NA,NA,NA,NA,NA,88.7572,NA,NA,NA,NA,NA,NA,NA,NA,NA,NA,NA,"Samoa",NA,NA,58.1386,NA,NA,NA,NA,NA,NA,NA,NA,NA,NA,NA,NA,NA,NA,NA,NA,NA,NA,NA
"1452","ZAF","South Africa",2024,130.329,72.2792,5.34791,99.85,99.41,83419700,99.9,13990,0.4087,0.0218569,175328,0.273919,3423050,3233730,5.05214,4572,237255,2967010,121232,NA,80389,46263900,37155800,27998300,12589,1229120,1054330,950286,94.4693,NA,50.5,NA,NA,NA,NA,"South Africa",30.8705,4155040000,31273,12011,9510270000,1228200000,304105,12.9144,NA,NA,NA,NA,NA,NA,NA,NA,NA,NA
"1453","ZMB","Zambia",2024,62.414,43.6898,0.789798,95.5,91.2,13303500,97.1,54588,32.4263,0.256102,94169,0.441798,168345,19588,0.0918979,16990,4122,11000,140311,NA,44,9312460,3991050,NA,NA,1967,7139,10482,11.6356,NA,5,NA,NA,NA,NA,"Zambia",36.0574,NA,2657,943,614185000,125999000,231157,20.5148,NA,NA,NA,NA,NA,NA,NA,NA,NA,NA
"1454","ZWE","Zimbabwe",2024,71.2892,60.5958,1.93865,87.9,51.6,11858500,93.85,104410,32.3769,0.627676,172127,1.03477,322483,45946,0.276211,23410,118919,79416,3071,NA,97667,10079700,1778780,4111720,0,24235,15503,6208,14.2476,NA,15.9,NA,NA,NA,NA,"Zimbabwe",16.021,NA,4775,1620,NA,NA,NA,10.8469,NA,NA,NA,NA,NA,NA,NA,NA,NA,NA
"1455","SRB","Serbia",2024,113.534,98.9549,33.3747,99.54,98.8,7499130,99.78,2257,0.102384,0.0341702,14132,0.213954,2204450,2188070,33.1266,0,90976,734886,11855,88.8465,519509,6536140,962991,6913410,847242,540353,444704,1203010,99.2566,NA,0,"Serbia",85.2017,90.278,87.6907,"Serbia",6.48195,NA,15708,7169,2815130000,1033090000,179216,36.6977,NA,NA,NA,NA,NA,NA,NA,NA,NA,NA
"1456","MHL","Marshall Islands",2023,NA,NA,NA,NA,NA,NA,NA,NA,NA,NA,NA,NA,NA,NA,NA,NA,NA,NA,NA,72.0721,NA,NA,NA,NA,NA,NA,NA,NA,NA,NA,NA,"Marshall Islands",NA,NA,65.7177,NA,NA,NA,NA,NA,NA,NA,NA,NA,NA,NA,NA,NA,NA,NA,NA,NA,NA,NA
"1457","TUV","Tuvalu",2023,NA,NA,NA,NA,NA,NA,NA,NA,NA,NA,NA,NA,NA,NA,NA,NA,NA,NA,NA,55.382,NA,NA,NA,NA,NA,NA,NA,NA,NA,NA,NA,"Tuvalu",NA,NA,74.3146,NA,NA,NA,NA,NA,NA,NA,NA,NA,NA,NA,NA,NA,NA,NA,NA,NA,NA,NA
"1458","VAT","Vatican",2023,NA,NA,NA,NA,NA,NA,NA,NA,NA,NA,NA,NA,NA,NA,NA,NA,NA,NA,NA,83.6821,NA,NA,NA,NA,NA,NA,NA,NA,NA,NA,NA,"Vatican",NA,NA,87.0278,NA,NA,NA,NA,NA,NA,NA,NA,NA,NA,NA,NA,NA,NA,NA,NA,NA,NA,NA
"1459","BLZ","Belize",2024,NA,NA,NA,NA,NA,NA,NA,NA,NA,NA,NA,NA,NA,NA,NA,NA,NA,NA,NA,77.3127,NA,NA,NA,NA,NA,NA,NA,NA,NA,NA,NA,NA,NA,NA,NA,NA,NA,NA,NA,NA,NA,NA,NA,NA,NA,NA,NA,NA,NA,NA,NA,NA,NA,NA
"1460","PRY","Paraguay",2024,NA,NA,NA,NA,NA,NA,NA,NA,NA,NA,NA,NA,NA,NA,NA,NA,NA,NA,NA,63.7916,NA,NA,NA,NA,NA,NA,NA,NA,NA,NA,NA,"Paraguay",82.1252,81.0022,81.5781,NA,NA,NA,NA,NA,NA,NA,NA,NA,NA,NA,NA,NA,NA,NA,NA,NA,NA,NA
"1461","NIU","Niue",2023,NA,NA,NA,NA,90,NA,NA,NA,NA,NA,NA,NA,NA,NA,NA,NA,NA,NA,NA,NA,NA,NA,NA,NA,NA,NA,NA,NA,NA,NA,NA,NA,NA,NA,NA,NA,NA,NA,NA,NA,NA,NA,NA,NA,NA,NA,NA,NA,NA,NA,NA,NA,NA,NA
"1462","CYP","Cyprus",2024,91.5926,85.5854,37.5627,100,100,885151,100,219,0.0603296,0.0226614,1158,0.119826,363006,361629,37.4202,NA,NA,230071,NA,NA,61667,827097,58054,NA,71268,46755,19002,295872,99.6207,NA,100,NA,NA,NA,NA,"Cyprus",10.1278,NA,2486,791,NA,NA,NA,NA,NA,NA,NA,NA,NA,NA,NA,NA,NA,NA
"1463","SYR","Syrian Arab Republic",2024,NA,NA,NA,99,74.98,NA,100,NA,NA,NA,NA,NA,NA,NA,NA,0,0,8991,69841,NA,1869680,NA,NA,5153960,0,NA,NA,NA,NA,NA,NA,NA,NA,NA,NA,"Syrian Arab Republic",6.67328,NA,18963,5386,NA,NA,NA,NA,NA,NA,NA,NA,NA,NA,NA,NA,NA,NA
"1464","UKR","Ukraine",2024,86.8118,NA,21.6539,NA,NA,32867100,NA,89433,1.09088,0.236219,NA,NA,8198230,NA,NA,8372,54755,7472380,348731,NA,114938,NA,NA,NA,199054,350927,3623070,4134800,NA,NA,NA,NA,NA,NA,NA,"Ukraine",NA,NA,45280,14720,2726870000,625173000,60222.4,22.9264,NA,NA,NA,NA,NA,NA,NA,NA,NA,NA
"1465","OMN","Oman",2024,101.455,81.6334,11.0648,100,99,5344730,100,848,0.145479,0.016097,180412,3.42463,582900,401640,7.62404,403,239804,327015,816,NA,14862,4300510,1044220,NA,NA,NA,344700,56940,68.9038,NA,89,"Oman",NA,NA,95.2517,"Oman",9.6213,NA,4191,1520,2392810000,651714000,570940,27.2363,NA,NA,NA,NA,NA,NA,NA,NA,NA,NA
"1466","IND","India",2025,NA,NA,NA,NA,NA,NA,NA,NA,NA,NA,NA,NA,NA,NA,NA,NA,NA,NA,NA,86.3,NA,NA,NA,NA,NA,NA,NA,NA,NA,NA,NA,"India",63.1,76.7,70,NA,NA,NA,NA,NA,NA,NA,NA,NA,NA,NA,NA,NA,NA,NA,NA,NA,NA,NA
"1467","LBY","Libya",2018,NA,NA,NA,78,NA,NA,NA,NA,NA,NA,NA,NA,NA,NA,NA,NA,NA,NA,NA,NA,NA,NA,NA,NA,NA,NA,NA,NA,NA,NA,NA,NA,NA,NA,NA,NA,NA,NA,NA,NA,NA,NA,NA,NA,NA,NA,NA,NA,NA,NA,NA,NA,NA,NA
"1468","KSO",NA,2018,NA,NA,NA,NA,NA,NA,NA,NA,NA,NA,NA,NA,NA,NA,NA,NA,NA,NA,NA,NA,NA,NA,NA,NA,NA,NA,NA,NA,NA,NA,NA,"Kosovo",89.0014,89.9376,89.443,NA,NA,NA,NA,NA,NA,NA,NA,NA,NA,NA,NA,NA,NA,NA,NA,NA,NA,NA
"1469","FSM",NA,2018,NA,NA,NA,NA,NA,NA,NA,NA,NA,NA,NA,NA,NA,NA,NA,NA,NA,NA,NA,NA,NA,NA,NA,NA,NA,NA,NA,NA,NA,NA,NA,"Micronesia",NA,NA,36.6,NA,NA,NA,NA,NA,NA,NA,NA,NA,NA,NA,NA,NA,NA,NA,NA,NA,NA,NA
"1470","FLK",NA,2025,NA,NA,NA,NA,NA,NA,NA,NA,NA,NA,NA,NA,NA,NA,NA,NA,NA,NA,NA,NA,NA,NA,NA,NA,NA,NA,NA,NA,NA,NA,NA,"Falkland (Malvinas) Is.",NA,NA,NA,NA,NA,NA,NA,NA,NA,NA,NA,NA,NA,NA,NA,NA,NA,NA,NA,NA,NA,NA
"1471","SHN",NA,2025,NA,NA,NA,NA,NA,NA,NA,NA,NA,NA,NA,NA,NA,NA,NA,NA,NA,NA,NA,NA,NA,NA,NA,NA,NA,NA,NA,NA,NA,NA,NA,"St. Helena",NA,NA,NA,NA,NA,NA,NA,NA,NA,NA,NA,NA,NA,NA,NA,NA,NA,NA,NA,NA,NA,NA
"1472","AFG",NA,2025,NA,NA,NA,NA,NA,NA,NA,NA,NA,NA,NA,NA,NA,NA,NA,NA,NA,NA,NA,NA,NA,NA,NA,NA,NA,NA,NA,NA,NA,NA,NA,"Afghanistan",NA,NA,NA,NA,NA,NA,NA,NA,NA,NA,NA,NA,NA,NA,NA,NA,NA,NA,NA,NA,NA,NA
"1473","AGO",NA,2025,NA,NA,NA,NA,NA,NA,NA,NA,NA,NA,NA,NA,NA,NA,NA,NA,NA,NA,NA,NA,NA,NA,NA,NA,NA,NA,NA,NA,NA,NA,NA,"Angola",NA,NA,NA,NA,NA,NA,NA,NA,NA,NA,NA,NA,NA,NA,NA,NA,NA,NA,NA,NA,NA,NA
"1474","AUS",NA,2025,NA,NA,NA,NA,NA,NA,NA,NA,NA,NA,NA,NA,NA,NA,NA,NA,NA,NA,NA,NA,NA,NA,NA,NA,NA,NA,NA,NA,NA,NA,NA,"Australia",NA,NA,NA,NA,NA,NA,NA,NA,NA,NA,NA,NA,NA,NA,NA,NA,NA,NA,NA,NA,NA,NA
"1475","AUT",NA,2025,NA,NA,NA,NA,NA,NA,NA,NA,NA,NA,NA,NA,NA,NA,NA,NA,NA,NA,NA,NA,NA,NA,NA,NA,NA,NA,NA,NA,NA,NA,NA,"Austria",NA,NA,NA,NA,NA,NA,NA,NA,NA,NA,NA,NA,NA,NA,NA,NA,NA,NA,NA,NA,NA,NA
"1476","AZE",NA,2025,NA,NA,NA,NA,NA,NA,NA,NA,NA,NA,NA,NA,NA,NA,NA,NA,NA,NA,NA,NA,NA,NA,NA,NA,NA,NA,NA,NA,NA,NA,NA,"Azerbaijan",NA,NA,NA,NA,NA,NA,NA,NA,NA,NA,NA,NA,NA,NA,NA,NA,NA,NA,NA,NA,NA,NA
"1477","BRB",NA,2025,NA,NA,NA,NA,NA,NA,NA,NA,NA,NA,NA,NA,NA,NA,NA,NA,NA,NA,NA,NA,NA,NA,NA,NA,NA,NA,NA,NA,NA,NA,NA,"Barbados",NA,NA,NA,NA,NA,NA,NA,NA,NA,NA,NA,NA,NA,NA,NA,NA,NA,NA,NA,NA,NA,NA
"1478","BLZ",NA,2025,NA,NA,NA,NA,NA,NA,NA,NA,NA,NA,NA,NA,NA,NA,NA,NA,NA,NA,NA,NA,NA,NA,NA,NA,NA,NA,NA,NA,NA,NA,NA,"Belize",NA,NA,NA,NA,NA,NA,NA,NA,NA,NA,NA,NA,NA,NA,NA,NA,NA,NA,NA,NA,NA,NA
"1479","BOL",NA,2025,NA,NA,NA,NA,NA,NA,NA,NA,NA,NA,NA,NA,NA,NA,NA,NA,NA,NA,NA,NA,NA,NA,NA,NA,NA,NA,NA,NA,NA,NA,NA,"Bolivia (Plurinational State of)",NA,NA,NA,NA,NA,NA,NA,NA,NA,NA,NA,NA,NA,NA,NA,NA,NA,NA,NA,NA,NA,NA
"1480","BIH",NA,2025,NA,NA,NA,NA,NA,NA,NA,NA,NA,NA,NA,NA,NA,NA,NA,NA,NA,NA,NA,NA,NA,NA,NA,NA,NA,NA,NA,NA,NA,NA,NA,"Bosnia and Herzegovina",NA,NA,NA,NA,NA,NA,NA,NA,NA,NA,NA,NA,NA,NA,NA,NA,NA,NA,NA,NA,NA,NA
"1481","BWA",NA,2025,NA,NA,NA,NA,NA,NA,NA,NA,NA,NA,NA,NA,NA,NA,NA,NA,NA,NA,NA,NA,NA,NA,NA,NA,NA,NA,NA,NA,NA,NA,NA,"Botswana",NA,NA,NA,NA,NA,NA,NA,NA,NA,NA,NA,NA,NA,NA,NA,NA,NA,NA,NA,NA,NA,NA
"1482","CMR",NA,2025,NA,NA,NA,NA,NA,NA,NA,NA,NA,NA,NA,NA,NA,NA,NA,NA,NA,NA,NA,NA,NA,NA,NA,NA,NA,NA,NA,NA,NA,NA,NA,"Cameroon",NA,NA,NA,NA,NA,NA,NA,NA,NA,NA,NA,NA,NA,NA,NA,NA,NA,NA,NA,NA,NA,NA
"1483","COM",NA,2025,NA,NA,NA,NA,NA,NA,NA,NA,NA,NA,NA,NA,NA,NA,NA,NA,NA,NA,NA,NA,NA,NA,NA,NA,NA,NA,NA,NA,NA,NA,NA,"Comoros",NA,NA,NA,NA,NA,NA,NA,NA,NA,NA,NA,NA,NA,NA,NA,NA,NA,NA,NA,NA,NA,NA
"1484","COG",NA,2025,NA,NA,NA,NA,NA,NA,NA,NA,NA,NA,NA,NA,NA,NA,NA,NA,NA,NA,NA,NA,NA,NA,NA,NA,NA,NA,NA,NA,NA,NA,NA,"Congo (Rep. of the)",NA,NA,NA,NA,NA,NA,NA,NA,NA,NA,NA,NA,NA,NA,NA,NA,NA,NA,NA,NA,NA,NA
"1485","HRV",NA,2025,NA,NA,NA,NA,NA,NA,NA,NA,NA,NA,NA,NA,NA,NA,NA,NA,NA,NA,NA,NA,NA,NA,NA,NA,NA,NA,NA,NA,NA,NA,NA,"Croatia",NA,NA,NA,NA,NA,NA,NA,NA,NA,NA,NA,NA,NA,NA,NA,NA,NA,NA,NA,NA,NA,NA
"1486","COD",NA,2025,NA,NA,NA,NA,NA,NA,NA,NA,NA,NA,NA,NA,NA,NA,NA,NA,NA,NA,NA,NA,NA,NA,NA,NA,NA,NA,NA,NA,NA,NA,NA,"Dem. Rep. of the Congo",NA,NA,NA,NA,NA,NA,NA,NA,NA,NA,NA,NA,NA,NA,NA,NA,NA,NA,NA,NA,NA,NA
"1487","DOM",NA,2025,NA,NA,NA,NA,NA,NA,NA,NA,NA,NA,NA,NA,NA,NA,NA,NA,NA,NA,NA,NA,NA,NA,NA,NA,NA,NA,NA,NA,NA,NA,NA,"Dominican Rep.",NA,NA,NA,NA,NA,NA,NA,NA,NA,NA,NA,NA,NA,NA,NA,NA,NA,NA,NA,NA,NA,NA
"1488","ECU",NA,2025,NA,NA,NA,NA,NA,NA,NA,NA,NA,NA,NA,NA,NA,NA,NA,NA,NA,NA,NA,NA,NA,NA,NA,NA,NA,NA,NA,NA,NA,NA,NA,"Ecuador",NA,NA,NA,NA,NA,NA,NA,NA,NA,NA,NA,NA,NA,NA,NA,NA,NA,NA,NA,NA,NA,NA
"1489","EGY",NA,2025,NA,NA,NA,NA,NA,NA,NA,NA,NA,NA,NA,NA,NA,NA,NA,NA,NA,NA,NA,NA,NA,NA,NA,NA,NA,NA,NA,NA,NA,NA,NA,"Egypt",NA,NA,NA,NA,NA,NA,NA,NA,NA,NA,NA,NA,NA,NA,NA,NA,NA,NA,NA,NA,NA,NA
"1490","SWZ",NA,2025,NA,NA,NA,NA,NA,NA,NA,NA,NA,NA,NA,NA,NA,NA,NA,NA,NA,NA,NA,NA,NA,NA,NA,NA,NA,NA,NA,NA,NA,NA,NA,"Eswatini",NA,NA,NA,NA,NA,NA,NA,NA,NA,NA,NA,NA,NA,NA,NA,NA,NA,NA,NA,NA,NA,NA
"1491","FRO",NA,2025,NA,NA,NA,NA,NA,NA,NA,NA,NA,NA,NA,NA,NA,NA,NA,NA,NA,NA,NA,NA,NA,NA,NA,NA,NA,NA,NA,NA,NA,NA,NA,"Faroe Islands",NA,NA,NA,NA,NA,NA,NA,NA,NA,NA,NA,NA,NA,NA,NA,NA,NA,NA,NA,NA,NA,NA
"1492","PYF",NA,2025,NA,NA,NA,NA,NA,NA,NA,NA,NA,NA,NA,NA,NA,NA,NA,NA,NA,NA,NA,NA,NA,NA,NA,NA,NA,NA,NA,NA,NA,NA,NA,"French Polynesia",NA,NA,NA,NA,NA,NA,NA,NA,NA,NA,NA,NA,NA,NA,NA,NA,NA,NA,NA,NA,NA,NA
"1493","GHA",NA,2025,NA,NA,NA,NA,NA,NA,NA,NA,NA,NA,NA,NA,NA,NA,NA,NA,NA,NA,NA,NA,NA,NA,NA,NA,NA,NA,NA,NA,NA,NA,NA,"Ghana",NA,NA,NA,NA,NA,NA,NA,NA,NA,NA,NA,NA,NA,NA,NA,NA,NA,NA,NA,NA,NA,NA
"1494","GIB",NA,2025,NA,NA,NA,NA,NA,NA,NA,NA,NA,NA,NA,NA,NA,NA,NA,NA,NA,NA,NA,NA,NA,NA,NA,NA,NA,NA,NA,NA,NA,NA,NA,"Gibraltar",NA,NA,NA,NA,NA,NA,NA,NA,NA,NA,NA,NA,NA,NA,NA,NA,NA,NA,NA,NA,NA,NA
"1495","HTI",NA,2025,NA,NA,NA,NA,NA,NA,NA,NA,NA,NA,NA,NA,NA,NA,NA,NA,NA,NA,NA,NA,NA,NA,NA,NA,NA,NA,NA,NA,NA,NA,NA,"Haiti",NA,NA,NA,NA,NA,NA,NA,NA,NA,NA,NA,NA,NA,NA,NA,NA,NA,NA,NA,NA,NA,NA
"1496","HUN",NA,2025,NA,NA,NA,NA,NA,NA,NA,NA,NA,NA,NA,NA,NA,NA,NA,NA,NA,NA,NA,NA,NA,NA,NA,NA,NA,NA,NA,NA,NA,NA,NA,"Hungary",NA,NA,NA,NA,NA,NA,NA,NA,NA,NA,NA,NA,NA,NA,NA,NA,NA,NA,NA,NA,NA,NA
"1497","JAM",NA,2025,NA,NA,NA,NA,NA,NA,NA,NA,NA,NA,NA,NA,NA,NA,NA,NA,NA,NA,NA,NA,NA,NA,NA,NA,NA,NA,NA,NA,NA,NA,NA,"Jamaica",NA,NA,NA,NA,NA,NA,NA,NA,NA,NA,NA,NA,NA,NA,NA,NA,NA,NA,NA,NA,NA,NA
"1498","JOR",NA,2025,NA,NA,NA,NA,NA,NA,NA,NA,NA,NA,NA,NA,NA,NA,NA,NA,NA,NA,NA,NA,NA,NA,NA,NA,NA,NA,NA,NA,NA,NA,NA,"Jordan",NA,NA,NA,NA,NA,NA,NA,NA,NA,NA,NA,NA,NA,NA,NA,NA,NA,NA,NA,NA,NA,NA
"1499","KEN",NA,2025,NA,NA,NA,NA,NA,NA,NA,NA,NA,NA,NA,NA,NA,NA,NA,NA,NA,NA,NA,NA,NA,NA,NA,NA,NA,NA,NA,NA,NA,NA,NA,"Kenya",NA,NA,NA,NA,NA,NA,NA,NA,NA,NA,NA,NA,NA,NA,NA,NA,NA,NA,NA,NA,NA,NA
"1500","LVA",NA,2025,NA,NA,NA,NA,NA,NA,NA,NA,NA,NA,NA,NA,NA,NA,NA,NA,NA,NA,NA,NA,NA,NA,NA,NA,NA,NA,NA,NA,NA,NA,NA,"Latvia",NA,NA,NA,NA,NA,NA,NA,NA,NA,NA,NA,NA,NA,NA,NA,NA,NA,NA,NA,NA,NA,NA
"1501","LTU",NA,2025,NA,NA,NA,NA,NA,NA,NA,NA,NA,NA,NA,NA,NA,NA,NA,NA,NA,NA,NA,NA,NA,NA,NA,NA,NA,NA,NA,NA,NA,NA,NA,"Lithuania",NA,NA,NA,NA,NA,NA,NA,NA,NA,NA,NA,NA,NA,NA,NA,NA,NA,NA,NA,NA,NA,NA
"1502","LUX",NA,2025,NA,NA,NA,NA,NA,NA,NA,NA,NA,NA,NA,NA,NA,NA,NA,NA,NA,NA,NA,NA,NA,NA,NA,NA,NA,NA,NA,NA,NA,NA,NA,"Luxembourg",NA,NA,NA,NA,NA,NA,NA,NA,NA,NA,NA,NA,NA,NA,NA,NA,NA,NA,NA,NA,NA,NA
"1503","MAC",NA,2025,NA,NA,NA,NA,NA,NA,NA,NA,NA,NA,NA,NA,NA,NA,NA,NA,NA,NA,NA,NA,NA,NA,NA,NA,NA,NA,NA,NA,NA,NA,NA,"Macao, China",NA,NA,NA,NA,NA,NA,NA,NA,NA,NA,NA,NA,NA,NA,NA,NA,NA,NA,NA,NA,NA,NA
"1504","MHL",NA,2025,NA,NA,NA,NA,NA,NA,NA,NA,NA,NA,NA,NA,NA,NA,NA,NA,NA,NA,NA,NA,NA,NA,NA,NA,NA,NA,NA,NA,NA,NA,NA,"Marshall Islands",NA,NA,NA,NA,NA,NA,NA,NA,NA,NA,NA,NA,NA,NA,NA,NA,NA,NA,NA,NA,NA,NA
"1505","MUS",NA,2025,NA,NA,NA,NA,NA,NA,NA,NA,NA,NA,NA,NA,NA,NA,NA,NA,NA,NA,NA,NA,NA,NA,NA,NA,NA,NA,NA,NA,NA,NA,NA,"Mauritius",NA,NA,NA,NA,NA,NA,NA,NA,NA,NA,NA,NA,NA,NA,NA,NA,NA,NA,NA,NA,NA,NA
"1506","MDA",NA,2025,NA,NA,NA,NA,NA,NA,NA,NA,NA,NA,NA,NA,NA,NA,NA,NA,NA,NA,NA,NA,NA,NA,NA,NA,NA,NA,NA,NA,NA,NA,NA,"Moldova",NA,NA,NA,NA,NA,NA,NA,NA,NA,NA,NA,NA,NA,NA,NA,NA,NA,NA,NA,NA,NA,NA
"1507","MAR",NA,2025,NA,NA,NA,NA,NA,NA,NA,NA,NA,NA,NA,NA,NA,NA,NA,NA,NA,NA,NA,NA,NA,NA,NA,NA,NA,NA,NA,NA,NA,NA,NA,"Morocco",NA,NA,NA,NA,NA,NA,NA,NA,NA,NA,NA,NA,NA,NA,NA,NA,NA,NA,NA,NA,NA,NA
"1508","NRU",NA,2025,NA,NA,NA,NA,NA,NA,NA,NA,NA,NA,NA,NA,NA,NA,NA,NA,NA,NA,NA,NA,NA,NA,NA,NA,NA,NA,NA,NA,NA,NA,NA,"Nauru",NA,NA,NA,NA,NA,NA,NA,NA,NA,NA,NA,NA,NA,NA,NA,NA,NA,NA,NA,NA,NA,NA
"1509","NLD",NA,2025,NA,NA,NA,NA,NA,NA,NA,NA,NA,NA,NA,NA,NA,NA,NA,NA,NA,NA,NA,NA,NA,NA,NA,NA,NA,NA,NA,NA,NA,NA,NA,"Netherlands",NA,NA,NA,NA,NA,NA,NA,NA,NA,NA,NA,NA,NA,NA,NA,NA,NA,NA,NA,NA,NA,NA
"1510","NZL",NA,2025,NA,NA,NA,NA,NA,NA,NA,NA,NA,NA,NA,NA,NA,NA,NA,NA,NA,NA,NA,NA,NA,NA,NA,NA,NA,NA,NA,NA,NA,NA,NA,"New Zealand",NA,NA,NA,NA,NA,NA,NA,NA,NA,NA,NA,NA,NA,NA,NA,NA,NA,NA,NA,NA,NA,NA
"1511","PSE",NA,2025,NA,NA,NA,NA,NA,NA,NA,NA,NA,NA,NA,NA,NA,NA,NA,NA,NA,NA,NA,NA,NA,NA,NA,NA,NA,NA,NA,NA,NA,NA,NA,"State of Palestine",NA,NA,NA,NA,NA,NA,NA,NA,NA,NA,NA,NA,NA,NA,NA,NA,NA,NA,NA,NA,NA,NA
"1512","PAN",NA,2025,NA,NA,NA,NA,NA,NA,NA,NA,NA,NA,NA,NA,NA,NA,NA,NA,NA,NA,NA,NA,NA,NA,NA,NA,NA,NA,NA,NA,NA,NA,NA,"Panama",NA,NA,NA,NA,NA,NA,NA,NA,NA,NA,NA,NA,NA,NA,NA,NA,NA,NA,NA,NA,NA,NA
"1513","PRY",NA,2025,NA,NA,NA,NA,NA,NA,NA,NA,NA,NA,NA,NA,NA,NA,NA,NA,NA,NA,NA,NA,NA,NA,NA,NA,NA,NA,NA,NA,NA,NA,NA,"Paraguay",NA,NA,NA,NA,NA,NA,NA,NA,NA,NA,NA,NA,NA,NA,NA,NA,NA,NA,NA,NA,NA,NA
"1514","POL",NA,2025,NA,NA,NA,NA,NA,NA,NA,NA,NA,NA,NA,NA,NA,NA,NA,NA,NA,NA,NA,NA,NA,NA,NA,NA,NA,NA,NA,NA,NA,NA,NA,"Poland",NA,NA,NA,NA,NA,NA,NA,NA,NA,NA,NA,NA,NA,NA,NA,NA,NA,NA,NA,NA,NA,NA
"1515","PRT",NA,2025,NA,NA,NA,NA,NA,NA,NA,NA,NA,NA,NA,NA,NA,NA,NA,NA,NA,NA,NA,NA,NA,NA,NA,NA,NA,NA,NA,NA,NA,NA,NA,"Portugal",NA,NA,NA,NA,NA,NA,NA,NA,NA,NA,NA,NA,NA,NA,NA,NA,NA,NA,NA,NA,NA,NA
"1516","SEN",NA,2025,NA,NA,NA,NA,NA,NA,NA,NA,NA,NA,NA,NA,NA,NA,NA,NA,NA,NA,NA,NA,NA,NA,NA,NA,NA,NA,NA,NA,NA,NA,NA,"Senegal",NA,NA,NA,NA,NA,NA,NA,NA,NA,NA,NA,NA,NA,NA,NA,NA,NA,NA,NA,NA,NA,NA
"1517","SRB",NA,2025,NA,NA,NA,NA,NA,NA,NA,NA,NA,NA,NA,NA,NA,NA,NA,NA,NA,NA,NA,NA,NA,NA,NA,NA,NA,NA,NA,NA,NA,NA,NA,"Serbia",NA,NA,NA,NA,NA,NA,NA,NA,NA,NA,NA,NA,NA,NA,NA,NA,NA,NA,NA,NA,NA,NA
"1518","SYC",NA,2025,NA,NA,NA,NA,NA,NA,NA,NA,NA,NA,NA,NA,NA,NA,NA,NA,NA,NA,NA,NA,NA,NA,NA,NA,NA,NA,NA,NA,NA,NA,NA,"Seychelles",NA,NA,NA,NA,NA,NA,NA,NA,NA,NA,NA,NA,NA,NA,NA,NA,NA,NA,NA,NA,NA,NA
"1519","ZAF",NA,2025,NA,NA,NA,NA,NA,NA,NA,NA,NA,NA,NA,NA,NA,NA,NA,NA,NA,NA,NA,NA,NA,NA,NA,NA,NA,NA,NA,NA,NA,NA,NA,"South Africa",NA,NA,NA,NA,NA,NA,NA,NA,NA,NA,NA,NA,NA,NA,NA,NA,NA,NA,NA,NA,NA,NA
"1520","ESP",NA,2025,NA,NA,NA,NA,NA,NA,NA,NA,NA,NA,NA,NA,NA,NA,NA,NA,NA,NA,NA,NA,NA,NA,NA,NA,NA,NA,NA,NA,NA,NA,NA,"Spain",NA,NA,NA,NA,NA,NA,NA,NA,NA,NA,NA,NA,NA,NA,NA,NA,NA,NA,NA,NA,NA,NA
"1521","SDN",NA,2025,NA,NA,NA,NA,NA,NA,NA,NA,NA,NA,NA,NA,NA,NA,NA,NA,NA,NA,NA,NA,NA,NA,NA,NA,NA,NA,NA,NA,NA,NA,NA,"Sudan",NA,NA,NA,NA,NA,NA,NA,NA,NA,NA,NA,NA,NA,NA,NA,NA,NA,NA,NA,NA,NA,NA
"1522","SYR",NA,2025,NA,NA,NA,NA,NA,NA,NA,NA,NA,NA,NA,NA,NA,NA,NA,NA,NA,NA,NA,NA,NA,NA,NA,NA,NA,NA,NA,NA,NA,NA,NA,"Syrian Arab Republic",NA,NA,NA,NA,NA,NA,NA,NA,NA,NA,NA,NA,NA,NA,NA,NA,NA,NA,NA,NA,NA,NA
"1523","TCA",NA,2025,NA,NA,NA,NA,NA,NA,NA,NA,NA,NA,NA,NA,NA,NA,NA,NA,NA,NA,NA,NA,NA,NA,NA,NA,NA,NA,NA,NA,NA,NA,NA,"Turks & Caicos Is.",NA,NA,NA,NA,NA,NA,NA,NA,NA,NA,NA,NA,NA,NA,NA,NA,NA,NA,NA,NA,NA,NA
"1524","UGA",NA,2025,NA,NA,NA,NA,NA,NA,NA,NA,NA,NA,NA,NA,NA,NA,NA,NA,NA,NA,NA,NA,NA,NA,NA,NA,NA,NA,NA,NA,NA,NA,NA,"Uganda",NA,NA,NA,NA,NA,NA,NA,NA,NA,NA,NA,NA,NA,NA,NA,NA,NA,NA,NA,NA,NA,NA
"1525","UKR",NA,2025,NA,NA,NA,NA,NA,NA,NA,NA,NA,NA,NA,NA,NA,NA,NA,NA,NA,NA,NA,NA,NA,NA,NA,NA,NA,NA,NA,NA,NA,NA,NA,"Ukraine",NA,NA,NA,NA,NA,NA,NA,NA,NA,NA,NA,NA,NA,NA,NA,NA,NA,NA,NA,NA,NA,NA
"1526","ARE",NA,2025,NA,NA,NA,NA,NA,NA,NA,NA,NA,NA,NA,NA,NA,NA,NA,NA,NA,NA,NA,NA,NA,NA,NA,NA,NA,NA,NA,NA,NA,NA,NA,"United Arab Emirates",NA,NA,NA,NA,NA,NA,NA,NA,NA,NA,NA,NA,NA,NA,NA,NA,NA,NA,NA,NA,NA,NA
"1527","URY",NA,2025,NA,NA,NA,NA,NA,NA,NA,NA,NA,NA,NA,NA,NA,NA,NA,NA,NA,NA,NA,NA,NA,NA,NA,NA,NA,NA,NA,NA,NA,NA,NA,"Uruguay",NA,NA,NA,NA,NA,NA,NA,NA,NA,NA,NA,NA,NA,NA,NA,NA,NA,NA,NA,NA,NA,NA
"1528","YEM",NA,2025,NA,NA,NA,NA,NA,NA,NA,NA,NA,NA,NA,NA,NA,NA,NA,NA,NA,NA,NA,NA,NA,NA,NA,NA,NA,NA,NA,NA,NA,NA,NA,"Yemen",NA,NA,NA,NA,NA,NA,NA,NA,NA,NA,NA,NA,NA,NA,NA,NA,NA,NA,NA,NA,NA,NA
"1529","ZMB",NA,2025,NA,NA,NA,NA,NA,NA,NA,NA,NA,NA,NA,NA,NA,NA,NA,NA,NA,NA,NA,NA,NA,NA,NA,NA,NA,NA,NA,NA,NA,NA,NA,"Zambia",NA,NA,NA,NA,NA,NA,NA,NA,NA,NA,NA,NA,NA,NA,NA,NA,NA,NA,NA,NA,NA,NA
"1530","ALB",NA,2025,NA,NA,NA,NA,NA,NA,NA,NA,NA,NA,NA,NA,NA,NA,NA,NA,NA,NA,NA,NA,NA,NA,NA,NA,NA,NA,NA,NA,NA,NA,NA,"Albania",NA,NA,NA,NA,NA,NA,NA,NA,NA,NA,NA,NA,NA,NA,NA,NA,NA,NA,NA,NA,NA,NA
"1531","ARM",NA,2025,NA,NA,NA,NA,NA,NA,NA,NA,NA,NA,NA,NA,NA,NA,NA,NA,NA,NA,NA,NA,NA,NA,NA,NA,NA,NA,NA,NA,NA,NA,NA,"Armenia",NA,NA,NA,NA,NA,NA,NA,NA,NA,NA,NA,NA,NA,NA,NA,NA,NA,NA,NA,NA,NA,NA
"1532","BHS",NA,2025,NA,NA,NA,NA,NA,NA,NA,NA,NA,NA,NA,NA,NA,NA,NA,NA,NA,NA,NA,NA,NA,NA,NA,NA,NA,NA,NA,NA,NA,NA,NA,"Bahamas",NA,NA,NA,NA,NA,NA,NA,NA,NA,NA,NA,NA,NA,NA,NA,NA,NA,NA,NA,NA,NA,NA
"1533","BHR",NA,2025,NA,NA,NA,NA,NA,NA,NA,NA,NA,NA,NA,NA,NA,NA,NA,NA,NA,NA,NA,NA,NA,NA,NA,NA,NA,NA,NA,NA,NA,NA,NA,"Bahrain",NA,NA,NA,NA,NA,NA,NA,NA,NA,NA,NA,NA,NA,NA,NA,NA,NA,NA,NA,NA,NA,NA
"1534","BLR",NA,2025,NA,NA,NA,NA,NA,NA,NA,NA,NA,NA,NA,NA,NA,NA,NA,NA,NA,NA,NA,NA,NA,NA,NA,NA,NA,NA,NA,NA,NA,NA,NA,"Belarus",NA,NA,NA,NA,NA,NA,NA,NA,NA,NA,NA,NA,NA,NA,NA,NA,NA,NA,NA,NA,NA,NA
"1535","BTN",NA,2025,NA,NA,NA,NA,NA,NA,NA,NA,NA,NA,NA,NA,NA,NA,NA,NA,NA,NA,NA,NA,NA,NA,NA,NA,NA,NA,NA,NA,NA,NA,NA,"Bhutan",NA,NA,NA,NA,NA,NA,NA,NA,NA,NA,NA,NA,NA,NA,NA,NA,NA,NA,NA,NA,NA,NA
"1536","TCD",NA,2025,NA,NA,NA,NA,NA,NA,NA,NA,NA,NA,NA,NA,NA,NA,NA,NA,NA,NA,NA,NA,NA,NA,NA,NA,NA,NA,NA,NA,NA,NA,NA,"Chad",NA,NA,NA,NA,NA,NA,NA,NA,NA,NA,NA,NA,NA,NA,NA,NA,NA,NA,NA,NA,NA,NA
"1537","COL",NA,2025,NA,NA,NA,NA,NA,NA,NA,NA,NA,NA,NA,NA,NA,NA,NA,NA,NA,NA,NA,NA,NA,NA,NA,NA,NA,NA,NA,NA,NA,NA,NA,"Colombia",NA,NA,NA,NA,NA,NA,NA,NA,NA,NA,NA,NA,NA,NA,NA,NA,NA,NA,NA,NA,NA,NA
"1538","CRI",NA,2025,NA,NA,NA,NA,NA,NA,NA,NA,NA,NA,NA,NA,NA,NA,NA,NA,NA,NA,NA,NA,NA,NA,NA,NA,NA,NA,NA,NA,NA,NA,NA,"Costa Rica",NA,NA,NA,NA,NA,NA,NA,NA,NA,NA,NA,NA,NA,NA,NA,NA,NA,NA,NA,NA,NA,NA
"1539","CUW",NA,2025,NA,NA,NA,NA,NA,NA,NA,NA,NA,NA,NA,NA,NA,NA,NA,NA,NA,NA,NA,NA,NA,NA,NA,NA,NA,NA,NA,NA,NA,NA,NA,"Curacao",NA,NA,NA,NA,NA,NA,NA,NA,NA,NA,NA,NA,NA,NA,NA,NA,NA,NA,NA,NA,NA,NA
"1540","DNK",NA,2025,NA,NA,NA,NA,NA,NA,NA,NA,NA,NA,NA,NA,NA,NA,NA,NA,NA,NA,NA,NA,NA,NA,NA,NA,NA,NA,NA,NA,NA,NA,NA,"Denmark",NA,NA,NA,NA,NA,NA,NA,NA,NA,NA,NA,NA,NA,NA,NA,NA,NA,NA,NA,NA,NA,NA
"1541","DJI",NA,2025,NA,NA,NA,NA,NA,NA,NA,NA,NA,NA,NA,NA,NA,NA,NA,NA,NA,NA,NA,NA,NA,NA,NA,NA,NA,NA,NA,NA,NA,NA,NA,"Djibouti",NA,NA,NA,NA,NA,NA,NA,NA,NA,NA,NA,NA,NA,NA,NA,NA,NA,NA,NA,NA,NA,NA
"1542","SLV",NA,2025,NA,NA,NA,NA,NA,NA,NA,NA,NA,NA,NA,NA,NA,NA,NA,NA,NA,NA,NA,NA,NA,NA,NA,NA,NA,NA,NA,NA,NA,NA,NA,"El Salvador",NA,NA,NA,NA,NA,NA,NA,NA,NA,NA,NA,NA,NA,NA,NA,NA,NA,NA,NA,NA,NA,NA
"1543","EST",NA,2025,NA,NA,NA,NA,NA,NA,NA,NA,NA,NA,NA,NA,NA,NA,NA,NA,NA,NA,NA,NA,NA,NA,NA,NA,NA,NA,NA,NA,NA,NA,NA,"Estonia",NA,NA,NA,NA,NA,NA,NA,NA,NA,NA,NA,NA,NA,NA,NA,NA,NA,NA,NA,NA,NA,NA
"1544","FRA",NA,2025,NA,NA,NA,NA,NA,NA,NA,NA,NA,NA,NA,NA,NA,NA,NA,NA,NA,NA,NA,NA,NA,NA,NA,NA,NA,NA,NA,NA,NA,NA,NA,"France",NA,NA,NA,NA,NA,NA,NA,NA,NA,NA,NA,NA,NA,NA,NA,NA,NA,NA,NA,NA,NA,NA
"1545","GAB",NA,2025,NA,NA,NA,NA,NA,NA,NA,NA,NA,NA,NA,NA,NA,NA,NA,NA,NA,NA,NA,NA,NA,NA,NA,NA,NA,NA,NA,NA,NA,NA,NA,"Gabon",NA,NA,NA,NA,NA,NA,NA,NA,NA,NA,NA,NA,NA,NA,NA,NA,NA,NA,NA,NA,NA,NA
"1546","GMB",NA,2025,NA,NA,NA,NA,NA,NA,NA,NA,NA,NA,NA,NA,NA,NA,NA,NA,NA,NA,NA,NA,NA,NA,NA,NA,NA,NA,NA,NA,NA,NA,NA,"Gambia",NA,NA,NA,NA,NA,NA,NA,NA,NA,NA,NA,NA,NA,NA,NA,NA,NA,NA,NA,NA,NA,NA
"1547","GEO",NA,2025,NA,NA,NA,NA,NA,NA,NA,NA,NA,NA,NA,NA,NA,NA,NA,NA,NA,NA,NA,NA,NA,NA,NA,NA,NA,NA,NA,NA,NA,NA,NA,"Georgia",NA,NA,NA,NA,NA,NA,NA,NA,NA,NA,NA,NA,NA,NA,NA,NA,NA,NA,NA,NA,NA,NA
"1548","DEU",NA,2025,NA,NA,NA,NA,NA,NA,NA,NA,NA,NA,NA,NA,NA,NA,NA,NA,NA,NA,NA,NA,NA,NA,NA,NA,NA,NA,NA,NA,NA,NA,NA,"Germany",NA,NA,NA,NA,NA,NA,NA,NA,NA,NA,NA,NA,NA,NA,NA,NA,NA,NA,NA,NA,NA,NA
"1549","GRD",NA,2025,NA,NA,NA,NA,NA,NA,NA,NA,NA,NA,NA,NA,NA,NA,NA,NA,NA,NA,NA,NA,NA,NA,NA,NA,NA,NA,NA,NA,NA,NA,NA,"Grenada",NA,NA,NA,NA,NA,NA,NA,NA,NA,NA,NA,NA,NA,NA,NA,NA,NA,NA,NA,NA,NA,NA
"1550","GUM",NA,2025,NA,NA,NA,NA,NA,NA,NA,NA,NA,NA,NA,NA,NA,NA,NA,NA,NA,NA,NA,NA,NA,NA,NA,NA,NA,NA,NA,NA,NA,NA,NA,"Guam",NA,NA,NA,NA,NA,NA,NA,NA,NA,NA,NA,NA,NA,NA,NA,NA,NA,NA,NA,NA,NA,NA
"1551","HKG",NA,2025,NA,NA,NA,NA,NA,NA,NA,NA,NA,NA,NA,NA,NA,NA,NA,NA,NA,NA,NA,NA,NA,NA,NA,NA,NA,NA,NA,NA,NA,NA,NA,"Hong Kong, China",NA,NA,NA,NA,NA,NA,NA,NA,NA,NA,NA,NA,NA,NA,NA,NA,NA,NA,NA,NA,NA,NA
"1552","IRQ",NA,2025,NA,NA,NA,NA,NA,NA,NA,NA,NA,NA,NA,NA,NA,NA,NA,NA,NA,NA,NA,NA,NA,NA,NA,NA,NA,NA,NA,NA,NA,NA,NA,"Iraq",NA,NA,NA,NA,NA,NA,NA,NA,NA,NA,NA,NA,NA,NA,NA,NA,NA,NA,NA,NA,NA,NA
"1553","ISR",NA,2025,NA,NA,NA,NA,NA,NA,NA,NA,NA,NA,NA,NA,NA,NA,NA,NA,NA,NA,NA,NA,NA,NA,NA,NA,NA,NA,NA,NA,NA,NA,NA,"Israel",NA,NA,NA,NA,NA,NA,NA,NA,NA,NA,NA,NA,NA,NA,NA,NA,NA,NA,NA,NA,NA,NA
"1554","KOR",NA,2025,NA,NA,NA,NA,NA,NA,NA,NA,NA,NA,NA,NA,NA,NA,NA,NA,NA,NA,NA,NA,NA,NA,NA,NA,NA,NA,NA,NA,NA,NA,NA,"Korea (Rep. of)",NA,NA,NA,NA,NA,NA,NA,NA,NA,NA,NA,NA,NA,NA,NA,NA,NA,NA,NA,NA,NA,NA
"1555","LSO",NA,2025,NA,NA,NA,NA,NA,NA,NA,NA,NA,NA,NA,NA,NA,NA,NA,NA,NA,NA,NA,NA,NA,NA,NA,NA,NA,NA,NA,NA,NA,NA,NA,"Lesotho",NA,NA,NA,NA,NA,NA,NA,NA,NA,NA,NA,NA,NA,NA,NA,NA,NA,NA,NA,NA,NA,NA
"1556","MDG",NA,2025,NA,NA,NA,NA,NA,NA,NA,NA,NA,NA,NA,NA,NA,NA,NA,NA,NA,NA,NA,NA,NA,NA,NA,NA,NA,NA,NA,NA,NA,NA,NA,"Madagascar",NA,NA,NA,NA,NA,NA,NA,NA,NA,NA,NA,NA,NA,NA,NA,NA,NA,NA,NA,NA,NA,NA
"1557","MLT",NA,2025,NA,NA,NA,NA,NA,NA,NA,NA,NA,NA,NA,NA,NA,NA,NA,NA,NA,NA,NA,NA,NA,NA,NA,NA,NA,NA,NA,NA,NA,NA,NA,"Malta",NA,NA,NA,NA,NA,NA,NA,NA,NA,NA,NA,NA,NA,NA,NA,NA,NA,NA,NA,NA,NA,NA
"1558","MRT",NA,2025,NA,NA,NA,NA,NA,NA,NA,NA,NA,NA,NA,NA,NA,NA,NA,NA,NA,NA,NA,NA,NA,NA,NA,NA,NA,NA,NA,NA,NA,NA,NA,"Mauritania",NA,NA,NA,NA,NA,NA,NA,NA,NA,NA,NA,NA,NA,NA,NA,NA,NA,NA,NA,NA,NA,NA
"1559","MOZ",NA,2025,NA,NA,NA,NA,NA,NA,NA,NA,NA,NA,NA,NA,NA,NA,NA,NA,NA,NA,NA,NA,NA,NA,NA,NA,NA,NA,NA,NA,NA,NA,NA,"Mozambique",NA,NA,NA,NA,NA,NA,NA,NA,NA,NA,NA,NA,NA,NA,NA,NA,NA,NA,NA,NA,NA,NA
"1560","MMR",NA,2025,NA,NA,NA,NA,NA,NA,NA,NA,NA,NA,NA,NA,NA,NA,NA,NA,NA,NA,NA,NA,NA,NA,NA,NA,NA,NA,NA,NA,NA,NA,NA,"Myanmar",NA,NA,NA,NA,NA,NA,NA,NA,NA,NA,NA,NA,NA,NA,NA,NA,NA,NA,NA,NA,NA,NA
"1561","NAM",NA,2025,NA,NA,NA,NA,NA,NA,NA,NA,NA,NA,NA,NA,NA,NA,NA,NA,NA,NA,NA,NA,NA,NA,NA,NA,NA,NA,NA,NA,NA,NA,NA,"Namibia",NA,NA,NA,NA,NA,NA,NA,NA,NA,NA,NA,NA,NA,NA,NA,NA,NA,NA,NA,NA,NA,NA
"1562","NPL",NA,2025,NA,NA,NA,NA,NA,NA,NA,NA,NA,NA,NA,NA,NA,NA,NA,NA,NA,NA,NA,NA,NA,NA,NA,NA,NA,NA,NA,NA,NA,NA,NA,"Nepal (Republic of)",NA,NA,NA,NA,NA,NA,NA,NA,NA,NA,NA,NA,NA,NA,NA,NA,NA,NA,NA,NA,NA,NA
"1563","OMN",NA,2025,NA,NA,NA,NA,NA,NA,NA,NA,NA,NA,NA,NA,NA,NA,NA,NA,NA,NA,NA,NA,NA,NA,NA,NA,NA,NA,NA,NA,NA,NA,NA,"Oman",NA,NA,NA,NA,NA,NA,NA,NA,NA,NA,NA,NA,NA,NA,NA,NA,NA,NA,NA,NA,NA,NA
"1564","PLW",NA,2025,NA,NA,NA,NA,NA,NA,NA,NA,NA,NA,NA,NA,NA,NA,NA,NA,NA,NA,NA,NA,NA,NA,NA,NA,NA,NA,NA,NA,NA,NA,NA,"Palau",NA,NA,NA,NA,NA,NA,NA,NA,NA,NA,NA,NA,NA,NA,NA,NA,NA,NA,NA,NA,NA,NA
"1565","QAT",NA,2025,NA,NA,NA,NA,NA,NA,NA,NA,NA,NA,NA,NA,NA,NA,NA,NA,NA,NA,NA,NA,NA,NA,NA,NA,NA,NA,NA,NA,NA,NA,NA,"Qatar",NA,NA,NA,NA,NA,NA,NA,NA,NA,NA,NA,NA,NA,NA,NA,NA,NA,NA,NA,NA,NA,NA
"1566","RWA",NA,2025,NA,NA,NA,NA,NA,NA,NA,NA,NA,NA,NA,NA,NA,NA,NA,NA,NA,NA,NA,NA,NA,NA,NA,NA,NA,NA,NA,NA,NA,NA,NA,"Rwanda",NA,NA,NA,NA,NA,NA,NA,NA,NA,NA,NA,NA,NA,NA,NA,NA,NA,NA,NA,NA,NA,NA
"1567","LCA",NA,2025,NA,NA,NA,NA,NA,NA,NA,NA,NA,NA,NA,NA,NA,NA,NA,NA,NA,NA,NA,NA,NA,NA,NA,NA,NA,NA,NA,NA,NA,NA,NA,"Saint Lucia",NA,NA,NA,NA,NA,NA,NA,NA,NA,NA,NA,NA,NA,NA,NA,NA,NA,NA,NA,NA,NA,NA
"1568","VCT",NA,2025,NA,NA,NA,NA,NA,NA,NA,NA,NA,NA,NA,NA,NA,NA,NA,NA,NA,NA,NA,NA,NA,NA,NA,NA,NA,NA,NA,NA,NA,NA,NA,"Saint Vincent and the Grenadines",NA,NA,NA,NA,NA,NA,NA,NA,NA,NA,NA,NA,NA,NA,NA,NA,NA,NA,NA,NA,NA,NA
"1569","WSM",NA,2025,NA,NA,NA,NA,NA,NA,NA,NA,NA,NA,NA,NA,NA,NA,NA,NA,NA,NA,NA,NA,NA,NA,NA,NA,NA,NA,NA,NA,NA,NA,NA,"Samoa",NA,NA,NA,NA,NA,NA,NA,NA,NA,NA,NA,NA,NA,NA,NA,NA,NA,NA,NA,NA,NA,NA
"1570","SVN",NA,2025,NA,NA,NA,NA,NA,NA,NA,NA,NA,NA,NA,NA,NA,NA,NA,NA,NA,NA,NA,NA,NA,NA,NA,NA,NA,NA,NA,NA,NA,NA,NA,"Slovenia",NA,NA,NA,NA,NA,NA,NA,NA,NA,NA,NA,NA,NA,NA,NA,NA,NA,NA,NA,NA,NA,NA
"1571","SSD",NA,2025,NA,NA,NA,NA,NA,NA,NA,NA,NA,NA,NA,NA,NA,NA,NA,NA,NA,NA,NA,NA,NA,NA,NA,NA,NA,NA,NA,NA,NA,NA,NA,"South Sudan",NA,NA,NA,NA,NA,NA,NA,NA,NA,NA,NA,NA,NA,NA,NA,NA,NA,NA,NA,NA,NA,NA
"1572","SWE",NA,2025,NA,NA,NA,NA,NA,NA,NA,NA,NA,NA,NA,NA,NA,NA,NA,NA,NA,NA,NA,NA,NA,NA,NA,NA,NA,NA,NA,NA,NA,NA,NA,"Sweden",NA,NA,NA,NA,NA,NA,NA,NA,NA,NA,NA,NA,NA,NA,NA,NA,NA,NA,NA,NA,NA,NA
"1573","CHE",NA,2025,NA,NA,NA,NA,NA,NA,NA,NA,NA,NA,NA,NA,NA,NA,NA,NA,NA,NA,NA,NA,NA,NA,NA,NA,NA,NA,NA,NA,NA,NA,NA,"Switzerland",NA,NA,NA,NA,NA,NA,NA,NA,NA,NA,NA,NA,NA,NA,NA,NA,NA,NA,NA,NA,NA,NA
"1574","TJK",NA,2025,NA,NA,NA,NA,NA,NA,NA,NA,NA,NA,NA,NA,NA,NA,NA,NA,NA,NA,NA,NA,NA,NA,NA,NA,NA,NA,NA,NA,NA,NA,NA,"Tajikistan",NA,NA,NA,NA,NA,NA,NA,NA,NA,NA,NA,NA,NA,NA,NA,NA,NA,NA,NA,NA,NA,NA
"1575","TGO",NA,2025,NA,NA,NA,NA,NA,NA,NA,NA,NA,NA,NA,NA,NA,NA,NA,NA,NA,NA,NA,NA,NA,NA,NA,NA,NA,NA,NA,NA,NA,NA,NA,"Togo",NA,NA,NA,NA,NA,NA,NA,NA,NA,NA,NA,NA,NA,NA,NA,NA,NA,NA,NA,NA,NA,NA
"1576","TUN",NA,2025,NA,NA,NA,NA,NA,NA,NA,NA,NA,NA,NA,NA,NA,NA,NA,NA,NA,NA,NA,NA,NA,NA,NA,NA,NA,NA,NA,NA,NA,NA,NA,"Tunisia",NA,NA,NA,NA,NA,NA,NA,NA,NA,NA,NA,NA,NA,NA,NA,NA,NA,NA,NA,NA,NA,NA
"1577","TUV",NA,2025,NA,NA,NA,NA,NA,NA,NA,NA,NA,NA,NA,NA,NA,NA,NA,NA,NA,NA,NA,NA,NA,NA,NA,NA,NA,NA,NA,NA,NA,NA,NA,"Tuvalu",NA,NA,NA,NA,NA,NA,NA,NA,NA,NA,NA,NA,NA,NA,NA,NA,NA,NA,NA,NA,NA,NA
"1578","USA",NA,2025,NA,NA,NA,NA,NA,NA,NA,NA,NA,NA,NA,NA,NA,NA,NA,NA,NA,NA,NA,NA,NA,NA,NA,NA,NA,NA,NA,NA,NA,NA,NA,"United States",NA,NA,NA,NA,NA,NA,NA,NA,NA,NA,NA,NA,NA,NA,NA,NA,NA,NA,NA,NA,NA,NA
"1579","VUT",NA,2025,NA,NA,NA,NA,NA,NA,NA,NA,NA,NA,NA,NA,NA,NA,NA,NA,NA,NA,NA,NA,NA,NA,NA,NA,NA,NA,NA,NA,NA,NA,NA,"Vanuatu",NA,NA,NA,NA,NA,NA,NA,NA,NA,NA,NA,NA,NA,NA,NA,NA,NA,NA,NA,NA,NA,NA
"1580","ZWE",NA,2025,NA,NA,NA,NA,NA,NA,NA,NA,NA,NA,NA,NA,NA,NA,NA,NA,NA,NA,NA,NA,NA,NA,NA,NA,NA,NA,NA,NA,NA,NA,NA,"Zimbabwe",NA,NA,NA,NA,NA,NA,NA,NA,NA,NA,NA,NA,NA,NA,NA,NA,NA,NA,NA,NA,NA,NA
"1581","GUF",NA,2025,NA,NA,NA,NA,NA,NA,NA,NA,NA,NA,NA,NA,NA,NA,NA,NA,NA,NA,NA,NA,NA,NA,NA,NA,NA,NA,NA,NA,NA,NA,NA,"French Guiana",NA,NA,NA,NA,NA,NA,NA,NA,NA,NA,NA,NA,NA,NA,NA,NA,NA,NA,NA,NA,NA,NA
"1582","AND",NA,2025,NA,NA,NA,NA,NA,NA,NA,NA,NA,NA,NA,NA,NA,NA,NA,NA,NA,NA,NA,NA,NA,NA,NA,NA,NA,NA,NA,NA,NA,NA,NA,"Andorra",NA,NA,NA,NA,NA,NA,NA,NA,NA,NA,NA,NA,NA,NA,NA,NA,NA,NA,NA,NA,NA,NA
"1583","ARG",NA,2025,NA,NA,NA,NA,NA,NA,NA,NA,NA,NA,NA,NA,NA,NA,NA,NA,NA,NA,NA,NA,NA,NA,NA,NA,NA,NA,NA,NA,NA,NA,NA,"Argentina",NA,NA,NA,NA,NA,NA,NA,NA,NA,NA,NA,NA,NA,NA,NA,NA,NA,NA,NA,NA,NA,NA
"1584","BEL",NA,2025,NA,NA,NA,NA,NA,NA,NA,NA,NA,NA,NA,NA,NA,NA,NA,NA,NA,NA,NA,NA,NA,NA,NA,NA,NA,NA,NA,NA,NA,NA,NA,"Belgium",NA,NA,NA,NA,NA,NA,NA,NA,NA,NA,NA,NA,NA,NA,NA,NA,NA,NA,NA,NA,NA,NA
"1585","BEN",NA,2025,NA,NA,NA,NA,NA,NA,NA,NA,NA,NA,NA,NA,NA,NA,NA,NA,NA,NA,NA,NA,NA,NA,NA,NA,NA,NA,NA,NA,NA,NA,NA,"Benin",NA,NA,NA,NA,NA,NA,NA,NA,NA,NA,NA,NA,NA,NA,NA,NA,NA,NA,NA,NA,NA,NA
"1586","BMU",NA,2025,NA,NA,NA,NA,NA,NA,NA,NA,NA,NA,NA,NA,NA,NA,NA,NA,NA,NA,NA,NA,NA,NA,NA,NA,NA,NA,NA,NA,NA,NA,NA,"Bermuda",NA,NA,NA,NA,NA,NA,NA,NA,NA,NA,NA,NA,NA,NA,NA,NA,NA,NA,NA,NA,NA,NA
"1587","VGB",NA,2025,NA,NA,NA,NA,NA,NA,NA,NA,NA,NA,NA,NA,NA,NA,NA,NA,NA,NA,NA,NA,NA,NA,NA,NA,NA,NA,NA,NA,NA,NA,NA,"British Virgin Islands",NA,NA,NA,NA,NA,NA,NA,NA,NA,NA,NA,NA,NA,NA,NA,NA,NA,NA,NA,NA,NA,NA
"1588","BFA",NA,2025,NA,NA,NA,NA,NA,NA,NA,NA,NA,NA,NA,NA,NA,NA,NA,NA,NA,NA,NA,NA,NA,NA,NA,NA,NA,NA,NA,NA,NA,NA,NA,"Burkina Faso",NA,NA,NA,NA,NA,NA,NA,NA,NA,NA,NA,NA,NA,NA,NA,NA,NA,NA,NA,NA,NA,NA
"1589","KHM",NA,2025,NA,NA,NA,NA,NA,NA,NA,NA,NA,NA,NA,NA,NA,NA,NA,NA,NA,NA,NA,NA,NA,NA,NA,NA,NA,NA,NA,NA,NA,NA,NA,"Cambodia",NA,NA,NA,NA,NA,NA,NA,NA,NA,NA,NA,NA,NA,NA,NA,NA,NA,NA,NA,NA,NA,NA
"1590","CAN",NA,2025,NA,NA,NA,NA,NA,NA,NA,NA,NA,NA,NA,NA,NA,NA,NA,NA,NA,NA,NA,NA,NA,NA,NA,NA,NA,NA,NA,NA,NA,NA,NA,"Canada",NA,NA,NA,NA,NA,NA,NA,NA,NA,NA,NA,NA,NA,NA,NA,NA,NA,NA,NA,NA,NA,NA
"1591","CYM",NA,2025,NA,NA,NA,NA,NA,NA,NA,NA,NA,NA,NA,NA,NA,NA,NA,NA,NA,NA,NA,NA,NA,NA,NA,NA,NA,NA,NA,NA,NA,NA,NA,"Cayman Islands",NA,NA,NA,NA,NA,NA,NA,NA,NA,NA,NA,NA,NA,NA,NA,NA,NA,NA,NA,NA,NA,NA
"1592","CAF",NA,2025,NA,NA,NA,NA,NA,NA,NA,NA,NA,NA,NA,NA,NA,NA,NA,NA,NA,NA,NA,NA,NA,NA,NA,NA,NA,NA,NA,NA,NA,NA,NA,"Central African Rep.",NA,NA,NA,NA,NA,NA,NA,NA,NA,NA,NA,NA,NA,NA,NA,NA,NA,NA,NA,NA,NA,NA
"1593","CHL",NA,2025,NA,NA,NA,NA,NA,NA,NA,NA,NA,NA,NA,NA,NA,NA,NA,NA,NA,NA,NA,NA,NA,NA,NA,NA,NA,NA,NA,NA,NA,NA,NA,"Chile",NA,NA,NA,NA,NA,NA,NA,NA,NA,NA,NA,NA,NA,NA,NA,NA,NA,NA,NA,NA,NA,NA
"1594","CHN",NA,2025,NA,NA,NA,NA,NA,NA,NA,NA,NA,NA,NA,NA,NA,NA,NA,NA,NA,NA,NA,NA,NA,NA,NA,NA,NA,NA,NA,NA,NA,NA,NA,"China",NA,NA,NA,NA,NA,NA,NA,NA,NA,NA,NA,NA,NA,NA,NA,NA,NA,NA,NA,NA,NA,NA
"1595","CUB",NA,2025,NA,NA,NA,NA,NA,NA,NA,NA,NA,NA,NA,NA,NA,NA,NA,NA,NA,NA,NA,NA,NA,NA,NA,NA,NA,NA,NA,NA,NA,NA,NA,"Cuba",NA,NA,NA,NA,NA,NA,NA,NA,NA,NA,NA,NA,NA,NA,NA,NA,NA,NA,NA,NA,NA,NA
"1596","CYP",NA,2025,NA,NA,NA,NA,NA,NA,NA,NA,NA,NA,NA,NA,NA,NA,NA,NA,NA,NA,NA,NA,NA,NA,NA,NA,NA,NA,NA,NA,NA,NA,NA,"Cyprus",NA,NA,NA,NA,NA,NA,NA,NA,NA,NA,NA,NA,NA,NA,NA,NA,NA,NA,NA,NA,NA,NA
"1597","FIN",NA,2025,NA,NA,NA,NA,NA,NA,NA,NA,NA,NA,NA,NA,NA,NA,NA,NA,NA,NA,NA,NA,NA,NA,NA,NA,NA,NA,NA,NA,NA,NA,NA,"Finland",NA,NA,NA,NA,NA,NA,NA,NA,NA,NA,NA,NA,NA,NA,NA,NA,NA,NA,NA,NA,NA,NA
"1598","GRL",NA,2025,NA,NA,NA,NA,NA,NA,NA,NA,NA,NA,NA,NA,NA,NA,NA,NA,NA,NA,NA,NA,NA,NA,NA,NA,NA,NA,NA,NA,NA,NA,NA,"Greenland",NA,NA,NA,NA,NA,NA,NA,NA,NA,NA,NA,NA,NA,NA,NA,NA,NA,NA,NA,NA,NA,NA
"1599","GTM",NA,2025,NA,NA,NA,NA,NA,NA,NA,NA,NA,NA,NA,NA,NA,NA,NA,NA,NA,NA,NA,NA,NA,NA,NA,NA,NA,NA,NA,NA,NA,NA,NA,"Guatemala",NA,NA,NA,NA,NA,NA,NA,NA,NA,NA,NA,NA,NA,NA,NA,NA,NA,NA,NA,NA,NA,NA
"1600","GIN",NA,2025,NA,NA,NA,NA,NA,NA,NA,NA,NA,NA,NA,NA,NA,NA,NA,NA,NA,NA,NA,NA,NA,NA,NA,NA,NA,NA,NA,NA,NA,NA,NA,"Guinea",NA,NA,NA,NA,NA,NA,NA,NA,NA,NA,NA,NA,NA,NA,NA,NA,NA,NA,NA,NA,NA,NA
"1601","IDN",NA,2025,NA,NA,NA,NA,NA,NA,NA,NA,NA,NA,NA,NA,NA,NA,NA,NA,NA,NA,NA,NA,NA,NA,NA,NA,NA,NA,NA,NA,NA,NA,NA,"Indonesia",NA,NA,NA,NA,NA,NA,NA,NA,NA,NA,NA,NA,NA,NA,NA,NA,NA,NA,NA,NA,NA,NA
"1602","IRN",NA,2025,NA,NA,NA,NA,NA,NA,NA,NA,NA,NA,NA,NA,NA,NA,NA,NA,NA,NA,NA,NA,NA,NA,NA,NA,NA,NA,NA,NA,NA,NA,NA,"Iran (Islamic Republic of)",NA,NA,NA,NA,NA,NA,NA,NA,NA,NA,NA,NA,NA,NA,NA,NA,NA,NA,NA,NA,NA,NA
"1603","IRL",NA,2025,NA,NA,NA,NA,NA,NA,NA,NA,NA,NA,NA,NA,NA,NA,NA,NA,NA,NA,NA,NA,NA,NA,NA,NA,NA,NA,NA,NA,NA,NA,NA,"Ireland",NA,NA,NA,NA,NA,NA,NA,NA,NA,NA,NA,NA,NA,NA,NA,NA,NA,NA,NA,NA,NA,NA
"1604","KWT",NA,2025,NA,NA,NA,NA,NA,NA,NA,NA,NA,NA,NA,NA,NA,NA,NA,NA,NA,NA,NA,NA,NA,NA,NA,NA,NA,NA,NA,NA,NA,NA,NA,"Kuwait",NA,NA,NA,NA,NA,NA,NA,NA,NA,NA,NA,NA,NA,NA,NA,NA,NA,NA,NA,NA,NA,NA
"1605","LAO",NA,2025,NA,NA,NA,NA,NA,NA,NA,NA,NA,NA,NA,NA,NA,NA,NA,NA,NA,NA,NA,NA,NA,NA,NA,NA,NA,NA,NA,NA,NA,NA,NA,"Lao P.D.R.",NA,NA,NA,NA,NA,NA,NA,NA,NA,NA,NA,NA,NA,NA,NA,NA,NA,NA,NA,NA,NA,NA
"1606","ETH",NA,2018,NA,NA,NA,NA,NA,NA,NA,NA,NA,NA,NA,NA,NA,NA,NA,NA,NA,NA,NA,NA,NA,NA,NA,NA,NA,NA,NA,NA,NA,NA,NA,"Ethiopia",NA,NA,15.9,NA,NA,NA,NA,NA,NA,NA,NA,NA,NA,NA,NA,NA,NA,NA,NA,NA,NA,NA
"1607","LBN",NA,2025,NA,NA,NA,NA,NA,NA,NA,NA,NA,NA,NA,NA,NA,NA,NA,NA,NA,NA,NA,NA,NA,NA,NA,NA,NA,NA,NA,NA,NA,NA,NA,"Lebanon",NA,NA,NA,NA,NA,NA,NA,NA,NA,NA,NA,NA,NA,NA,NA,NA,NA,NA,NA,NA,NA,NA
"1608","LBR",NA,2025,NA,NA,NA,NA,NA,NA,NA,NA,NA,NA,NA,NA,NA,NA,NA,NA,NA,NA,NA,NA,NA,NA,NA,NA,NA,NA,NA,NA,NA,NA,NA,"Liberia",NA,NA,NA,NA,NA,NA,NA,NA,NA,NA,NA,NA,NA,NA,NA,NA,NA,NA,NA,NA,NA,NA
"1609","KGZ",NA,2025,NA,NA,NA,NA,NA,NA,NA,NA,NA,NA,NA,NA,NA,NA,NA,NA,NA,NA,NA,NA,NA,NA,NA,NA,NA,NA,NA,NA,NA,NA,NA,"Kyrgyzstan",NA,NA,NA,NA,NA,NA,NA,NA,NA,NA,NA,NA,NA,NA,NA,NA,NA,NA,NA,NA,NA,NA
"1610","MYS",NA,2025,NA,NA,NA,NA,NA,NA,NA,NA,NA,NA,NA,NA,NA,NA,NA,NA,NA,NA,NA,NA,NA,NA,NA,NA,NA,NA,NA,NA,NA,NA,NA,"Malaysia",NA,NA,NA,NA,NA,NA,NA,NA,NA,NA,NA,NA,NA,NA,NA,NA,NA,NA,NA,NA,NA,NA
"1611","MDV",NA,2025,NA,NA,NA,NA,NA,NA,NA,NA,NA,NA,NA,NA,NA,NA,NA,NA,NA,NA,NA,NA,NA,NA,NA,NA,NA,NA,NA,NA,NA,NA,NA,"Maldives",NA,NA,NA,NA,NA,NA,NA,NA,NA,NA,NA,NA,NA,NA,NA,NA,NA,NA,NA,NA,NA,NA
"1612","MLI",NA,2025,NA,NA,NA,NA,NA,NA,NA,NA,NA,NA,NA,NA,NA,NA,NA,NA,NA,NA,NA,NA,NA,NA,NA,NA,NA,NA,NA,NA,NA,NA,NA,"Mali",NA,NA,NA,NA,NA,NA,NA,NA,NA,NA,NA,NA,NA,NA,NA,NA,NA,NA,NA,NA,NA,NA
"1613","MEX",NA,2025,NA,NA,NA,NA,NA,NA,NA,NA,NA,NA,NA,NA,NA,NA,NA,NA,NA,NA,NA,NA,NA,NA,NA,NA,NA,NA,NA,NA,NA,NA,NA,"Mexico",NA,NA,NA,NA,NA,NA,NA,NA,NA,NA,NA,NA,NA,NA,NA,NA,NA,NA,NA,NA,NA,NA
"1614","FSM",NA,2025,NA,NA,NA,NA,NA,NA,NA,NA,NA,NA,NA,NA,NA,NA,NA,NA,NA,NA,NA,NA,NA,NA,NA,NA,NA,NA,NA,NA,NA,NA,NA,"Micronesia",NA,NA,NA,NA,NA,NA,NA,NA,NA,NA,NA,NA,NA,NA,NA,NA,NA,NA,NA,NA,NA,NA
"1615","MNE",NA,2025,NA,NA,NA,NA,NA,NA,NA,NA,NA,NA,NA,NA,NA,NA,NA,NA,NA,NA,NA,NA,NA,NA,NA,NA,NA,NA,NA,NA,NA,NA,NA,"Montenegro",NA,NA,NA,NA,NA,NA,NA,NA,NA,NA,NA,NA,NA,NA,NA,NA,NA,NA,NA,NA,NA,NA
"1616","NCL",NA,2025,NA,NA,NA,NA,NA,NA,NA,NA,NA,NA,NA,NA,NA,NA,NA,NA,NA,NA,NA,NA,NA,NA,NA,NA,NA,NA,NA,NA,NA,NA,NA,"New Caledonia",NA,NA,NA,NA,NA,NA,NA,NA,NA,NA,NA,NA,NA,NA,NA,NA,NA,NA,NA,NA,NA,NA
"1617","NIC",NA,2025,NA,NA,NA,NA,NA,NA,NA,NA,NA,NA,NA,NA,NA,NA,NA,NA,NA,NA,NA,NA,NA,NA,NA,NA,NA,NA,NA,NA,NA,NA,NA,"Nicaragua",NA,NA,NA,NA,NA,NA,NA,NA,NA,NA,NA,NA,NA,NA,NA,NA,NA,NA,NA,NA,NA,NA
"1618","NER",NA,2025,NA,NA,NA,NA,NA,NA,NA,NA,NA,NA,NA,NA,NA,NA,NA,NA,NA,NA,NA,NA,NA,NA,NA,NA,NA,NA,NA,NA,NA,NA,NA,"Niger",NA,NA,NA,NA,NA,NA,NA,NA,NA,NA,NA,NA,NA,NA,NA,NA,NA,NA,NA,NA,NA,NA
"1619","NGA",NA,2025,NA,NA,NA,NA,NA,NA,NA,NA,NA,NA,NA,NA,NA,NA,NA,NA,NA,NA,NA,NA,NA,NA,NA,NA,NA,NA,NA,NA,NA,NA,NA,"Nigeria",NA,NA,NA,NA,NA,NA,NA,NA,NA,NA,NA,NA,NA,NA,NA,NA,NA,NA,NA,NA,NA,NA
"1620","MKD",NA,2025,NA,NA,NA,NA,NA,NA,NA,NA,NA,NA,NA,NA,NA,NA,NA,NA,NA,NA,NA,NA,NA,NA,NA,NA,NA,NA,NA,NA,NA,NA,NA,"North Macedonia",NA,NA,NA,NA,NA,NA,NA,NA,NA,NA,NA,NA,NA,NA,NA,NA,NA,NA,NA,NA,NA,NA
"1621","PAK",NA,2025,NA,NA,NA,NA,NA,NA,NA,NA,NA,NA,NA,NA,NA,NA,NA,NA,NA,NA,NA,NA,NA,NA,NA,NA,NA,NA,NA,NA,NA,NA,NA,"Pakistan",NA,NA,NA,NA,NA,NA,NA,NA,NA,NA,NA,NA,NA,NA,NA,NA,NA,NA,NA,NA,NA,NA
"1622","ROU",NA,2025,NA,NA,NA,NA,NA,NA,NA,NA,NA,NA,NA,NA,NA,NA,NA,NA,NA,NA,NA,NA,NA,NA,NA,NA,NA,NA,NA,NA,NA,NA,NA,"Romania",NA,NA,NA,NA,NA,NA,NA,NA,NA,NA,NA,NA,NA,NA,NA,NA,NA,NA,NA,NA,NA,NA
"1623","SLE",NA,2025,NA,NA,NA,NA,NA,NA,NA,NA,NA,NA,NA,NA,NA,NA,NA,NA,NA,NA,NA,NA,NA,NA,NA,NA,NA,NA,NA,NA,NA,NA,NA,"Sierra Leone",NA,NA,NA,NA,NA,NA,NA,NA,NA,NA,NA,NA,NA,NA,NA,NA,NA,NA,NA,NA,NA,NA
"1624","SGP",NA,2025,NA,NA,NA,NA,NA,NA,NA,NA,NA,NA,NA,NA,NA,NA,NA,NA,NA,NA,NA,NA,NA,NA,NA,NA,NA,NA,NA,NA,NA,NA,NA,"Singapore",NA,NA,NA,NA,NA,NA,NA,NA,NA,NA,NA,NA,NA,NA,NA,NA,NA,NA,NA,NA,NA,NA
"1625","SVK",NA,2025,NA,NA,NA,NA,NA,NA,NA,NA,NA,NA,NA,NA,NA,NA,NA,NA,NA,NA,NA,NA,NA,NA,NA,NA,NA,NA,NA,NA,NA,NA,NA,"Slovakia",NA,NA,NA,NA,NA,NA,NA,NA,NA,NA,NA,NA,NA,NA,NA,NA,NA,NA,NA,NA,NA,NA
"1626","SOM",NA,2025,NA,NA,NA,NA,NA,NA,NA,NA,NA,NA,NA,NA,NA,NA,NA,NA,NA,NA,NA,NA,NA,NA,NA,NA,NA,NA,NA,NA,NA,NA,NA,"Somalia",NA,NA,NA,NA,NA,NA,NA,NA,NA,NA,NA,NA,NA,NA,NA,NA,NA,NA,NA,NA,NA,NA
"1627","TWN",NA,2025,NA,NA,NA,NA,NA,NA,NA,NA,NA,NA,NA,NA,NA,NA,NA,NA,NA,NA,NA,NA,NA,NA,NA,NA,NA,NA,NA,NA,NA,NA,NA,"Taiwan, Province of China",NA,NA,NA,NA,NA,NA,NA,NA,NA,NA,NA,NA,NA,NA,NA,NA,NA,NA,NA,NA,NA,NA
"1628","TKL",NA,2025,NA,NA,NA,NA,NA,NA,NA,NA,NA,NA,NA,NA,NA,NA,NA,NA,NA,NA,NA,NA,NA,NA,NA,NA,NA,NA,NA,NA,NA,NA,NA,"Tokelau",NA,NA,NA,NA,NA,NA,NA,NA,NA,NA,NA,NA,NA,NA,NA,NA,NA,NA,NA,NA,NA,NA
"1629","TON",NA,2025,NA,NA,NA,NA,NA,NA,NA,NA,NA,NA,NA,NA,NA,NA,NA,NA,NA,NA,NA,NA,NA,NA,NA,NA,NA,NA,NA,NA,NA,NA,NA,"Tonga",NA,NA,NA,NA,NA,NA,NA,NA,NA,NA,NA,NA,NA,NA,NA,NA,NA,NA,NA,NA,NA,NA
"1630","VEN",NA,2025,NA,NA,NA,NA,NA,NA,NA,NA,NA,NA,NA,NA,NA,NA,NA,NA,NA,NA,NA,NA,NA,NA,NA,NA,NA,NA,NA,NA,NA,NA,NA,"Venezuela",NA,NA,NA,NA,NA,NA,NA,NA,NA,NA,NA,NA,NA,NA,NA,NA,NA,NA,NA,NA,NA,NA
"1631","VNM",NA,2025,NA,NA,NA,NA,NA,NA,NA,NA,NA,NA,NA,NA,NA,NA,NA,NA,NA,NA,NA,NA,NA,NA,NA,NA,NA,NA,NA,NA,NA,NA,NA,"Viet Nam",NA,NA,NA,NA,NA,NA,NA,NA,NA,NA,NA,NA,NA,NA,NA,NA,NA,NA,NA,NA,NA,NA
"1632","VIR",NA,2025,NA,NA,NA,NA,NA,NA,NA,NA,NA,NA,NA,NA,NA,NA,NA,NA,NA,NA,NA,NA,NA,NA,NA,NA,NA,NA,NA,NA,NA,NA,NA,"Virgin Islands (US)",NA,NA,NA,NA,NA,NA,NA,NA,NA,NA,NA,NA,NA,NA,NA,NA,NA,NA,NA,NA,NA,NA
"1633","DZA",NA,2025,NA,NA,NA,NA,NA,NA,NA,NA,NA,NA,NA,NA,NA,NA,NA,NA,NA,NA,NA,NA,NA,NA,NA,NA,NA,NA,NA,NA,NA,NA,NA,"Algeria",NA,NA,NA,NA,NA,NA,NA,NA,NA,NA,NA,NA,NA,NA,NA,NA,NA,NA,NA,NA,NA,NA
"1634","ASM",NA,2025,NA,NA,NA,NA,NA,NA,NA,NA,NA,NA,NA,NA,NA,NA,NA,NA,NA,NA,NA,NA,NA,NA,NA,NA,NA,NA,NA,NA,NA,NA,NA,"American Samoa",NA,NA,NA,NA,NA,NA,NA,NA,NA,NA,NA,NA,NA,NA,NA,NA,NA,NA,NA,NA,NA,NA
"1635","AIA",NA,2025,NA,NA,NA,NA,NA,NA,NA,NA,NA,NA,NA,NA,NA,NA,NA,NA,NA,NA,NA,NA,NA,NA,NA,NA,NA,NA,NA,NA,NA,NA,NA,"Anguilla",NA,NA,NA,NA,NA,NA,NA,NA,NA,NA,NA,NA,NA,NA,NA,NA,NA,NA,NA,NA,NA,NA
"1636","ATG",NA,2025,NA,NA,NA,NA,NA,NA,NA,NA,NA,NA,NA,NA,NA,NA,NA,NA,NA,NA,NA,NA,NA,NA,NA,NA,NA,NA,NA,NA,NA,NA,NA,"Antigua and Barbuda",NA,NA,NA,NA,NA,NA,NA,NA,NA,NA,NA,NA,NA,NA,NA,NA,NA,NA,NA,NA,NA,NA
"1637","ABW",NA,2025,NA,NA,NA,NA,NA,NA,NA,NA,NA,NA,NA,NA,NA,NA,NA,NA,NA,NA,NA,NA,NA,NA,NA,NA,NA,NA,NA,NA,NA,NA,NA,"Aruba",NA,NA,NA,NA,NA,NA,NA,NA,NA,NA,NA,NA,NA,NA,NA,NA,NA,NA,NA,NA,NA,NA
"1638","BGD",NA,2025,NA,NA,NA,NA,NA,NA,NA,NA,NA,NA,NA,NA,NA,NA,NA,NA,NA,NA,NA,NA,NA,NA,NA,NA,NA,NA,NA,NA,NA,NA,NA,"Bangladesh",NA,NA,NA,NA,NA,NA,NA,NA,NA,NA,NA,NA,NA,NA,NA,NA,NA,NA,NA,NA,NA,NA
"1639","BRA",NA,2025,NA,NA,NA,NA,NA,NA,NA,NA,NA,NA,NA,NA,NA,NA,NA,NA,NA,NA,NA,NA,NA,NA,NA,NA,NA,NA,NA,NA,NA,NA,NA,"Brazil",NA,NA,NA,NA,NA,NA,NA,NA,NA,NA,NA,NA,NA,NA,NA,NA,NA,NA,NA,NA,NA,NA
"1640","BRN",NA,2025,NA,NA,NA,NA,NA,NA,NA,NA,NA,NA,NA,NA,NA,NA,NA,NA,NA,NA,NA,NA,NA,NA,NA,NA,NA,NA,NA,NA,NA,NA,NA,"Brunei Darussalam",NA,NA,NA,NA,NA,NA,NA,NA,NA,NA,NA,NA,NA,NA,NA,NA,NA,NA,NA,NA,NA,NA
"1641","BGR",NA,2025,NA,NA,NA,NA,NA,NA,NA,NA,NA,NA,NA,NA,NA,NA,NA,NA,NA,NA,NA,NA,NA,NA,NA,NA,NA,NA,NA,NA,NA,NA,NA,"Bulgaria",NA,NA,NA,NA,NA,NA,NA,NA,NA,NA,NA,NA,NA,NA,NA,NA,NA,NA,NA,NA,NA,NA
"1642","BDI",NA,2025,NA,NA,NA,NA,NA,NA,NA,NA,NA,NA,NA,NA,NA,NA,NA,NA,NA,NA,NA,NA,NA,NA,NA,NA,NA,NA,NA,NA,NA,NA,NA,"Burundi",NA,NA,NA,NA,NA,NA,NA,NA,NA,NA,NA,NA,NA,NA,NA,NA,NA,NA,NA,NA,NA,NA
"1643","CPV",NA,2025,NA,NA,NA,NA,NA,NA,NA,NA,NA,NA,NA,NA,NA,NA,NA,NA,NA,NA,NA,NA,NA,NA,NA,NA,NA,NA,NA,NA,NA,NA,NA,"Cabo Verde",NA,NA,NA,NA,NA,NA,NA,NA,NA,NA,NA,NA,NA,NA,NA,NA,NA,NA,NA,NA,NA,NA
"1644","COK",NA,2025,NA,NA,NA,NA,NA,NA,NA,NA,NA,NA,NA,NA,NA,NA,NA,NA,NA,NA,NA,NA,NA,NA,NA,NA,NA,NA,NA,NA,NA,NA,NA,"Cook Islands",NA,NA,NA,NA,NA,NA,NA,NA,NA,NA,NA,NA,NA,NA,NA,NA,NA,NA,NA,NA,NA,NA
"1645","CIV",NA,2025,NA,NA,NA,NA,NA,NA,NA,NA,NA,NA,NA,NA,NA,NA,NA,NA,NA,NA,NA,NA,NA,NA,NA,NA,NA,NA,NA,NA,NA,NA,NA,"Côte d'Ivoire",NA,NA,NA,NA,NA,NA,NA,NA,NA,NA,NA,NA,NA,NA,NA,NA,NA,NA,NA,NA,NA,NA
"1646","CZE",NA,2025,NA,NA,NA,NA,NA,NA,NA,NA,NA,NA,NA,NA,NA,NA,NA,NA,NA,NA,NA,NA,NA,NA,NA,NA,NA,NA,NA,NA,NA,NA,NA,"Czech Republic",NA,NA,NA,NA,NA,NA,NA,NA,NA,NA,NA,NA,NA,NA,NA,NA,NA,NA,NA,NA,NA,NA
"1647","DMA",NA,2025,NA,NA,NA,NA,NA,NA,NA,NA,NA,NA,NA,NA,NA,NA,NA,NA,NA,NA,NA,NA,NA,NA,NA,NA,NA,NA,NA,NA,NA,NA,NA,"Dominica",NA,NA,NA,NA,NA,NA,NA,NA,NA,NA,NA,NA,NA,NA,NA,NA,NA,NA,NA,NA,NA,NA
"1648","ETH",NA,2025,NA,NA,NA,NA,NA,NA,NA,NA,NA,NA,NA,NA,NA,NA,NA,NA,NA,NA,NA,NA,NA,NA,NA,NA,NA,NA,NA,NA,NA,NA,NA,"Ethiopia",NA,NA,NA,NA,NA,NA,NA,NA,NA,NA,NA,NA,NA,NA,NA,NA,NA,NA,NA,NA,NA,NA
"1649","FJI",NA,2025,NA,NA,NA,NA,NA,NA,NA,NA,NA,NA,NA,NA,NA,NA,NA,NA,NA,NA,NA,NA,NA,NA,NA,NA,NA,NA,NA,NA,NA,NA,NA,"Fiji",NA,NA,NA,NA,NA,NA,NA,NA,NA,NA,NA,NA,NA,NA,NA,NA,NA,NA,NA,NA,NA,NA
"1650","GRC",NA,2025,NA,NA,NA,NA,NA,NA,NA,NA,NA,NA,NA,NA,NA,NA,NA,NA,NA,NA,NA,NA,NA,NA,NA,NA,NA,NA,NA,NA,NA,NA,NA,"Greece",NA,NA,NA,NA,NA,NA,NA,NA,NA,NA,NA,NA,NA,NA,NA,NA,NA,NA,NA,NA,NA,NA
"1651","GNB",NA,2025,NA,NA,NA,NA,NA,NA,NA,NA,NA,NA,NA,NA,NA,NA,NA,NA,NA,NA,NA,NA,NA,NA,NA,NA,NA,NA,NA,NA,NA,NA,NA,"Guinea-Bissau",NA,NA,NA,NA,NA,NA,NA,NA,NA,NA,NA,NA,NA,NA,NA,NA,NA,NA,NA,NA,NA,NA
"1652","GUY",NA,2025,NA,NA,NA,NA,NA,NA,NA,NA,NA,NA,NA,NA,NA,NA,NA,NA,NA,NA,NA,NA,NA,NA,NA,NA,NA,NA,NA,NA,NA,NA,NA,"Guyana",NA,NA,NA,NA,NA,NA,NA,NA,NA,NA,NA,NA,NA,NA,NA,NA,NA,NA,NA,NA,NA,NA
"1653","HND",NA,2025,NA,NA,NA,NA,NA,NA,NA,NA,NA,NA,NA,NA,NA,NA,NA,NA,NA,NA,NA,NA,NA,NA,NA,NA,NA,NA,NA,NA,NA,NA,NA,"Honduras",NA,NA,NA,NA,NA,NA,NA,NA,NA,NA,NA,NA,NA,NA,NA,NA,NA,NA,NA,NA,NA,NA
"1654","ISL",NA,2025,NA,NA,NA,NA,NA,NA,NA,NA,NA,NA,NA,NA,NA,NA,NA,NA,NA,NA,NA,NA,NA,NA,NA,NA,NA,NA,NA,NA,NA,NA,NA,"Iceland",NA,NA,NA,NA,NA,NA,NA,NA,NA,NA,NA,NA,NA,NA,NA,NA,NA,NA,NA,NA,NA,NA
"1655","ITA",NA,2025,NA,NA,NA,NA,NA,NA,NA,NA,NA,NA,NA,NA,NA,NA,NA,NA,NA,NA,NA,NA,NA,NA,NA,NA,NA,NA,NA,NA,NA,NA,NA,"Italy",NA,NA,NA,NA,NA,NA,NA,NA,NA,NA,NA,NA,NA,NA,NA,NA,NA,NA,NA,NA,NA,NA
"1656","JPN",NA,2025,NA,NA,NA,NA,NA,NA,NA,NA,NA,NA,NA,NA,NA,NA,NA,NA,NA,NA,NA,NA,NA,NA,NA,NA,NA,NA,NA,NA,NA,NA,NA,"Japan",NA,NA,NA,NA,NA,NA,NA,NA,NA,NA,NA,NA,NA,NA,NA,NA,NA,NA,NA,NA,NA,NA
"1657","KAZ",NA,2025,NA,NA,NA,NA,NA,NA,NA,NA,NA,NA,NA,NA,NA,NA,NA,NA,NA,NA,NA,NA,NA,NA,NA,NA,NA,NA,NA,NA,NA,NA,NA,"Kazakhstan",NA,NA,NA,NA,NA,NA,NA,NA,NA,NA,NA,NA,NA,NA,NA,NA,NA,NA,NA,NA,NA,NA
"1658","KIR",NA,2025,NA,NA,NA,NA,NA,NA,NA,NA,NA,NA,NA,NA,NA,NA,NA,NA,NA,NA,NA,NA,NA,NA,NA,NA,NA,NA,NA,NA,NA,NA,NA,"Kiribati",NA,NA,NA,NA,NA,NA,NA,NA,NA,NA,NA,NA,NA,NA,NA,NA,NA,NA,NA,NA,NA,NA
"1659","KSO",NA,2025,NA,NA,NA,NA,NA,NA,NA,NA,NA,NA,NA,NA,NA,NA,NA,NA,NA,NA,NA,NA,NA,NA,NA,NA,NA,NA,NA,NA,NA,NA,NA,"Kosovo",NA,NA,NA,NA,NA,NA,NA,NA,NA,NA,NA,NA,NA,NA,NA,NA,NA,NA,NA,NA,NA,NA
"1660","LBY",NA,2025,NA,NA,NA,NA,NA,NA,NA,NA,NA,NA,NA,NA,NA,NA,NA,NA,NA,NA,NA,NA,NA,NA,NA,NA,NA,NA,NA,NA,NA,NA,NA,"Libya",NA,NA,NA,NA,NA,NA,NA,NA,NA,NA,NA,NA,NA,NA,NA,NA,NA,NA,NA,NA,NA,NA
"1661","LIE",NA,2025,NA,NA,NA,NA,NA,NA,NA,NA,NA,NA,NA,NA,NA,NA,NA,NA,NA,NA,NA,NA,NA,NA,NA,NA,NA,NA,NA,NA,NA,NA,NA,"Liechtenstein",NA,NA,NA,NA,NA,NA,NA,NA,NA,NA,NA,NA,NA,NA,NA,NA,NA,NA,NA,NA,NA,NA
"1662","MWI",NA,2025,NA,NA,NA,NA,NA,NA,NA,NA,NA,NA,NA,NA,NA,NA,NA,NA,NA,NA,NA,NA,NA,NA,NA,NA,NA,NA,NA,NA,NA,NA,NA,"Malawi",NA,NA,NA,NA,NA,NA,NA,NA,NA,NA,NA,NA,NA,NA,NA,NA,NA,NA,NA,NA,NA,NA
"1663","MCO",NA,2025,NA,NA,NA,NA,NA,NA,NA,NA,NA,NA,NA,NA,NA,NA,NA,NA,NA,NA,NA,NA,NA,NA,NA,NA,NA,NA,NA,NA,NA,NA,NA,"Monaco",NA,NA,NA,NA,NA,NA,NA,NA,NA,NA,NA,NA,NA,NA,NA,NA,NA,NA,NA,NA,NA,NA
"1664","MNG",NA,2025,NA,NA,NA,NA,NA,NA,NA,NA,NA,NA,NA,NA,NA,NA,NA,NA,NA,NA,NA,NA,NA,NA,NA,NA,NA,NA,NA,NA,NA,NA,NA,"Mongolia",NA,NA,NA,NA,NA,NA,NA,NA,NA,NA,NA,NA,NA,NA,NA,NA,NA,NA,NA,NA,NA,NA
"1665","NIU",NA,2025,NA,NA,NA,NA,NA,NA,NA,NA,NA,NA,NA,NA,NA,NA,NA,NA,NA,NA,NA,NA,NA,NA,NA,NA,NA,NA,NA,NA,NA,NA,NA,"Niue",NA,NA,NA,NA,NA,NA,NA,NA,NA,NA,NA,NA,NA,NA,NA,NA,NA,NA,NA,NA,NA,NA
"1666","MNP",NA,2025,NA,NA,NA,NA,NA,NA,NA,NA,NA,NA,NA,NA,NA,NA,NA,NA,NA,NA,NA,NA,NA,NA,NA,NA,NA,NA,NA,NA,NA,NA,NA,"Northern Marianas",NA,NA,NA,NA,NA,NA,NA,NA,NA,NA,NA,NA,NA,NA,NA,NA,NA,NA,NA,NA,NA,NA
"1667","NOR",NA,2025,NA,NA,NA,NA,NA,NA,NA,NA,NA,NA,NA,NA,NA,NA,NA,NA,NA,NA,NA,NA,NA,NA,NA,NA,NA,NA,NA,NA,NA,NA,NA,"Norway",NA,NA,NA,NA,NA,NA,NA,NA,NA,NA,NA,NA,NA,NA,NA,NA,NA,NA,NA,NA,NA,NA
"1668","PNG",NA,2025,NA,NA,NA,NA,NA,NA,NA,NA,NA,NA,NA,NA,NA,NA,NA,NA,NA,NA,NA,NA,NA,NA,NA,NA,NA,NA,NA,NA,NA,NA,NA,"Papua New Guinea",NA,NA,NA,NA,NA,NA,NA,NA,NA,NA,NA,NA,NA,NA,NA,NA,NA,NA,NA,NA,NA,NA
"1669","PER",NA,2025,NA,NA,NA,NA,NA,NA,NA,NA,NA,NA,NA,NA,NA,NA,NA,NA,NA,NA,NA,NA,NA,NA,NA,NA,NA,NA,NA,NA,NA,NA,NA,"Peru",NA,NA,NA,NA,NA,NA,NA,NA,NA,NA,NA,NA,NA,NA,NA,NA,NA,NA,NA,NA,NA,NA
"1670","PHL",NA,2025,NA,NA,NA,NA,NA,NA,NA,NA,NA,NA,NA,NA,NA,NA,NA,NA,NA,NA,NA,NA,NA,NA,NA,NA,NA,NA,NA,NA,NA,NA,NA,"Philippines",NA,NA,NA,NA,NA,NA,NA,NA,NA,NA,NA,NA,NA,NA,NA,NA,NA,NA,NA,NA,NA,NA
"1671","PRI",NA,2025,NA,NA,NA,NA,NA,NA,NA,NA,NA,NA,NA,NA,NA,NA,NA,NA,NA,NA,NA,NA,NA,NA,NA,NA,NA,NA,NA,NA,NA,NA,NA,"Puerto Rico",NA,NA,NA,NA,NA,NA,NA,NA,NA,NA,NA,NA,NA,NA,NA,NA,NA,NA,NA,NA,NA,NA
"1672","RUS",NA,2025,NA,NA,NA,NA,NA,NA,NA,NA,NA,NA,NA,NA,NA,NA,NA,NA,NA,NA,NA,NA,NA,NA,NA,NA,NA,NA,NA,NA,NA,NA,NA,"Russian Federation",NA,NA,NA,NA,NA,NA,NA,NA,NA,NA,NA,NA,NA,NA,NA,NA,NA,NA,NA,NA,NA,NA
"1673","KNA",NA,2025,NA,NA,NA,NA,NA,NA,NA,NA,NA,NA,NA,NA,NA,NA,NA,NA,NA,NA,NA,NA,NA,NA,NA,NA,NA,NA,NA,NA,NA,NA,NA,"Saint Kitts and Nevis",NA,NA,NA,NA,NA,NA,NA,NA,NA,NA,NA,NA,NA,NA,NA,NA,NA,NA,NA,NA,NA,NA
"1674","SMR",NA,2025,NA,NA,NA,NA,NA,NA,NA,NA,NA,NA,NA,NA,NA,NA,NA,NA,NA,NA,NA,NA,NA,NA,NA,NA,NA,NA,NA,NA,NA,NA,NA,"San Marino",NA,NA,NA,NA,NA,NA,NA,NA,NA,NA,NA,NA,NA,NA,NA,NA,NA,NA,NA,NA,NA,NA
"1675","STP",NA,2025,NA,NA,NA,NA,NA,NA,NA,NA,NA,NA,NA,NA,NA,NA,NA,NA,NA,NA,NA,NA,NA,NA,NA,NA,NA,NA,NA,NA,NA,NA,NA,"Sao Tome and Principe",NA,NA,NA,NA,NA,NA,NA,NA,NA,NA,NA,NA,NA,NA,NA,NA,NA,NA,NA,NA,NA,NA
"1676","SAU",NA,2025,NA,NA,NA,NA,NA,NA,NA,NA,NA,NA,NA,NA,NA,NA,NA,NA,NA,NA,NA,NA,NA,NA,NA,NA,NA,NA,NA,NA,NA,NA,NA,"Saudi Arabia",NA,NA,NA,NA,NA,NA,NA,NA,NA,NA,NA,NA,NA,NA,NA,NA,NA,NA,NA,NA,NA,NA
"1677","SLB",NA,2025,NA,NA,NA,NA,NA,NA,NA,NA,NA,NA,NA,NA,NA,NA,NA,NA,NA,NA,NA,NA,NA,NA,NA,NA,NA,NA,NA,NA,NA,NA,NA,"Solomon Islands",NA,NA,NA,NA,NA,NA,NA,NA,NA,NA,NA,NA,NA,NA,NA,NA,NA,NA,NA,NA,NA,NA
"1678","LKA",NA,2025,NA,NA,NA,NA,NA,NA,NA,NA,NA,NA,NA,NA,NA,NA,NA,NA,NA,NA,NA,NA,NA,NA,NA,NA,NA,NA,NA,NA,NA,NA,NA,"Sri Lanka",NA,NA,NA,NA,NA,NA,NA,NA,NA,NA,NA,NA,NA,NA,NA,NA,NA,NA,NA,NA,NA,NA
"1679","SXM",NA,2025,NA,NA,NA,NA,NA,NA,NA,NA,NA,NA,NA,NA,NA,NA,NA,NA,NA,NA,NA,NA,NA,NA,NA,NA,NA,NA,NA,NA,NA,NA,NA,"St. Maarten",NA,NA,NA,NA,NA,NA,NA,NA,NA,NA,NA,NA,NA,NA,NA,NA,NA,NA,NA,NA,NA,NA
"1680","SUR",NA,2025,NA,NA,NA,NA,NA,NA,NA,NA,NA,NA,NA,NA,NA,NA,NA,NA,NA,NA,NA,NA,NA,NA,NA,NA,NA,NA,NA,NA,NA,NA,NA,"Suriname",NA,NA,NA,NA,NA,NA,NA,NA,NA,NA,NA,NA,NA,NA,NA,NA,NA,NA,NA,NA,NA,NA
"1681","TZA",NA,2025,NA,NA,NA,NA,NA,NA,NA,NA,NA,NA,NA,NA,NA,NA,NA,NA,NA,NA,NA,NA,NA,NA,NA,NA,NA,NA,NA,NA,NA,NA,NA,"Tanzania",NA,NA,NA,NA,NA,NA,NA,NA,NA,NA,NA,NA,NA,NA,NA,NA,NA,NA,NA,NA,NA,NA
"1682","THA",NA,2025,NA,NA,NA,NA,NA,NA,NA,NA,NA,NA,NA,NA,NA,NA,NA,NA,NA,NA,NA,NA,NA,NA,NA,NA,NA,NA,NA,NA,NA,NA,NA,"Thailand",NA,NA,NA,NA,NA,NA,NA,NA,NA,NA,NA,NA,NA,NA,NA,NA,NA,NA,NA,NA,NA,NA
"1683","TLS",NA,2025,NA,NA,NA,NA,NA,NA,NA,NA,NA,NA,NA,NA,NA,NA,NA,NA,NA,NA,NA,NA,NA,NA,NA,NA,NA,NA,NA,NA,NA,NA,NA,"Timor-Leste",NA,NA,NA,NA,NA,NA,NA,NA,NA,NA,NA,NA,NA,NA,NA,NA,NA,NA,NA,NA,NA,NA
"1684","TTO",NA,2025,NA,NA,NA,NA,NA,NA,NA,NA,NA,NA,NA,NA,NA,NA,NA,NA,NA,NA,NA,NA,NA,NA,NA,NA,NA,NA,NA,NA,NA,NA,NA,"Trinidad and Tobago",NA,NA,NA,NA,NA,NA,NA,NA,NA,NA,NA,NA,NA,NA,NA,NA,NA,NA,NA,NA,NA,NA
"1685","TUR",NA,2025,NA,NA,NA,NA,NA,NA,NA,NA,NA,NA,NA,NA,NA,NA,NA,NA,NA,NA,NA,NA,NA,NA,NA,NA,NA,NA,NA,NA,NA,NA,NA,"Türkiye",NA,NA,NA,NA,NA,NA,NA,NA,NA,NA,NA,NA,NA,NA,NA,NA,NA,NA,NA,NA,NA,NA
"1686","TKM",NA,2025,NA,NA,NA,NA,NA,NA,NA,NA,NA,NA,NA,NA,NA,NA,NA,NA,NA,NA,NA,NA,NA,NA,NA,NA,NA,NA,NA,NA,NA,NA,NA,"Turkmenistan",NA,NA,NA,NA,NA,NA,NA,NA,NA,NA,NA,NA,NA,NA,NA,NA,NA,NA,NA,NA,NA,NA
"1687","GBR",NA,2025,NA,NA,NA,NA,NA,NA,NA,NA,NA,NA,NA,NA,NA,NA,NA,NA,NA,NA,NA,NA,NA,NA,NA,NA,NA,NA,NA,NA,NA,NA,NA,"United Kingdom",NA,NA,NA,NA,NA,NA,NA,NA,NA,NA,NA,NA,NA,NA,NA,NA,NA,NA,NA,NA,NA,NA
"1688","UZB",NA,2025,NA,NA,NA,NA,NA,NA,NA,NA,NA,NA,NA,NA,NA,NA,NA,NA,NA,NA,NA,NA,NA,NA,NA,NA,NA,NA,NA,NA,NA,NA,NA,"Uzbekistan",NA,NA,NA,NA,NA,NA,NA,NA,NA,NA,NA,NA,NA,NA,NA,NA,NA,NA,NA,NA,NA,NA
"1689",NA,NA,2025,NA,NA,NA,NA,NA,NA,NA,NA,NA,NA,NA,NA,NA,NA,NA,NA,NA,NA,NA,NA,NA,NA,NA,NA,NA,NA,NA,NA,NA,NA,NA,NA,NA,NA,NA,"Austria",NA,NA,NA,NA,NA,NA,NA,NA,NA,NA,NA,NA,NA,NA,NA,NA,NA,NA
"1690",NA,NA,2025,NA,NA,NA,NA,NA,NA,NA,NA,NA,NA,NA,NA,NA,NA,NA,NA,NA,NA,NA,NA,NA,NA,NA,NA,NA,NA,NA,NA,NA,NA,NA,NA,NA,NA,NA,"Azerbaijan",NA,NA,NA,NA,NA,NA,NA,NA,NA,NA,NA,NA,NA,NA,NA,NA,NA,NA
"1691",NA,NA,2025,NA,NA,NA,NA,NA,NA,NA,NA,NA,NA,NA,NA,NA,NA,NA,NA,NA,NA,NA,NA,NA,NA,NA,NA,NA,NA,NA,NA,NA,NA,NA,NA,NA,NA,NA,"Belarus",NA,NA,NA,NA,NA,NA,NA,NA,NA,NA,NA,NA,NA,NA,NA,NA,NA,NA
"1692",NA,NA,2025,NA,NA,NA,NA,NA,NA,NA,NA,NA,NA,NA,NA,NA,NA,NA,NA,NA,NA,NA,NA,NA,NA,NA,NA,NA,NA,NA,NA,NA,NA,NA,NA,NA,NA,NA,"Belgium",NA,NA,NA,NA,NA,NA,NA,NA,NA,NA,NA,NA,NA,NA,NA,NA,NA,NA
"1693",NA,NA,2025,NA,NA,NA,NA,NA,NA,NA,NA,NA,NA,NA,NA,NA,NA,NA,NA,NA,NA,NA,NA,NA,NA,NA,NA,NA,NA,NA,NA,NA,NA,NA,NA,NA,NA,NA,"Bosnia and Herzegovina",NA,NA,NA,NA,NA,NA,NA,NA,NA,NA,NA,NA,NA,NA,NA,NA,NA,NA
"1694",NA,NA,2025,NA,NA,NA,NA,NA,NA,NA,NA,NA,NA,NA,NA,NA,NA,NA,NA,NA,NA,NA,NA,NA,NA,NA,NA,NA,NA,NA,NA,NA,NA,NA,NA,NA,NA,NA,"Brazil",NA,NA,NA,NA,NA,NA,NA,NA,NA,NA,NA,NA,NA,NA,NA,NA,NA,NA
"1695",NA,NA,2025,NA,NA,NA,NA,NA,NA,NA,NA,NA,NA,NA,NA,NA,NA,NA,NA,NA,NA,NA,NA,NA,NA,NA,NA,NA,NA,NA,NA,NA,NA,NA,NA,NA,NA,NA,"Brunei Darussalam",NA,NA,NA,NA,NA,NA,NA,NA,NA,NA,NA,NA,NA,NA,NA,NA,NA,NA
"1696",NA,NA,2025,NA,NA,NA,NA,NA,NA,NA,NA,NA,NA,NA,NA,NA,NA,NA,NA,NA,NA,NA,NA,NA,NA,NA,NA,NA,NA,NA,NA,NA,NA,NA,NA,NA,NA,NA,"Bulgaria",NA,NA,NA,NA,NA,NA,NA,NA,NA,NA,NA,NA,NA,NA,NA,NA,NA,NA
"1697",NA,NA,2025,NA,NA,NA,NA,NA,NA,NA,NA,NA,NA,NA,NA,NA,NA,NA,NA,NA,NA,NA,NA,NA,NA,NA,NA,NA,NA,NA,NA,NA,NA,NA,NA,NA,NA,NA,"Canada",NA,NA,NA,NA,NA,NA,NA,NA,NA,NA,NA,NA,NA,NA,NA,NA,NA,NA
"1698",NA,NA,2025,NA,NA,NA,NA,NA,NA,NA,NA,NA,NA,NA,NA,NA,NA,NA,NA,NA,NA,NA,NA,NA,NA,NA,NA,NA,NA,NA,NA,NA,NA,NA,NA,NA,NA,NA,"Chile",NA,NA,NA,NA,NA,NA,NA,NA,NA,NA,NA,NA,NA,NA,NA,NA,NA,NA
"1699",NA,NA,2025,NA,NA,NA,NA,NA,NA,NA,NA,NA,NA,NA,NA,NA,NA,NA,NA,NA,NA,NA,NA,NA,NA,NA,NA,NA,NA,NA,NA,NA,NA,NA,NA,NA,NA,NA,"Croatia",NA,NA,NA,NA,NA,NA,NA,NA,NA,NA,NA,NA,NA,NA,NA,NA,NA,NA
"1700",NA,NA,2025,NA,NA,NA,NA,NA,NA,NA,NA,NA,NA,NA,NA,NA,NA,NA,NA,NA,NA,NA,NA,NA,NA,NA,NA,NA,NA,NA,NA,NA,NA,NA,NA,NA,NA,NA,"Czech Republic",NA,NA,NA,NA,NA,NA,NA,NA,NA,NA,NA,NA,NA,NA,NA,NA,NA,NA
"1701",NA,NA,2025,NA,NA,NA,NA,NA,NA,NA,NA,NA,NA,NA,NA,NA,NA,NA,NA,NA,NA,NA,NA,NA,NA,NA,NA,NA,NA,NA,NA,NA,NA,NA,NA,NA,NA,NA,"Dominican Rep.",NA,NA,NA,NA,NA,NA,NA,NA,NA,NA,NA,NA,NA,NA,NA,NA,NA,NA
"1702",NA,NA,2025,NA,NA,NA,NA,NA,NA,NA,NA,NA,NA,NA,NA,NA,NA,NA,NA,NA,NA,NA,NA,NA,NA,NA,NA,NA,NA,NA,NA,NA,NA,NA,NA,NA,NA,NA,"Estonia",NA,NA,NA,NA,NA,NA,NA,NA,NA,NA,NA,NA,NA,NA,NA,NA,NA,NA
"1703",NA,NA,2024,NA,NA,NA,NA,NA,NA,NA,NA,NA,NA,NA,NA,NA,NA,NA,NA,NA,NA,NA,NA,NA,NA,NA,NA,NA,NA,NA,NA,NA,NA,NA,NA,NA,NA,NA,"Finland",NA,NA,NA,NA,NA,NA,NA,NA,NA,NA,NA,NA,NA,NA,NA,NA,NA,NA
"1704",NA,NA,2025,NA,NA,NA,NA,NA,NA,NA,NA,NA,NA,NA,NA,NA,NA,NA,NA,NA,NA,NA,NA,NA,NA,NA,NA,NA,NA,NA,NA,NA,NA,NA,NA,NA,NA,NA,"Finland",NA,NA,NA,NA,NA,NA,NA,NA,NA,NA,NA,NA,NA,NA,NA,NA,NA,NA
"1705",NA,NA,2025,NA,NA,NA,NA,NA,NA,NA,NA,NA,NA,NA,NA,NA,NA,NA,NA,NA,NA,NA,NA,NA,NA,NA,NA,NA,NA,NA,NA,NA,NA,NA,NA,NA,NA,NA,"France",NA,NA,NA,NA,NA,NA,NA,NA,NA,NA,NA,NA,NA,NA,NA,NA,NA,NA
"1706",NA,NA,2025,NA,NA,NA,NA,NA,NA,NA,NA,NA,NA,NA,NA,NA,NA,NA,NA,NA,NA,NA,NA,NA,NA,NA,NA,NA,NA,NA,NA,NA,NA,NA,NA,NA,NA,NA,"Georgia",NA,NA,NA,NA,NA,NA,NA,NA,NA,NA,NA,NA,NA,NA,NA,NA,NA,NA
"1707",NA,NA,2025,NA,NA,NA,NA,NA,NA,NA,NA,NA,NA,NA,NA,NA,NA,NA,NA,NA,NA,NA,NA,NA,NA,NA,NA,NA,NA,NA,NA,NA,NA,NA,NA,NA,NA,NA,"Greece",NA,NA,NA,NA,NA,NA,NA,NA,NA,NA,NA,NA,NA,NA,NA,NA,NA,NA
"1708",NA,NA,2025,NA,NA,NA,NA,NA,NA,NA,NA,NA,NA,NA,NA,NA,NA,NA,NA,NA,NA,NA,NA,NA,NA,NA,NA,NA,NA,NA,NA,NA,NA,NA,NA,NA,NA,NA,"Hong Kong, China",NA,NA,NA,NA,NA,NA,NA,NA,NA,NA,NA,NA,NA,NA,NA,NA,NA,NA
"1709",NA,NA,2025,NA,NA,NA,NA,NA,NA,NA,NA,NA,NA,NA,NA,NA,NA,NA,NA,NA,NA,NA,NA,NA,NA,NA,NA,NA,NA,NA,NA,NA,NA,NA,NA,NA,NA,NA,"Indonesia",NA,NA,NA,NA,NA,NA,NA,NA,NA,NA,NA,NA,NA,NA,NA,NA,NA,NA
"1710",NA,NA,2024,NA,NA,NA,NA,NA,NA,NA,NA,NA,NA,NA,NA,NA,NA,NA,NA,NA,NA,NA,NA,NA,NA,NA,NA,NA,NA,NA,NA,NA,NA,NA,NA,NA,NA,NA,"Italy",NA,NA,NA,NA,NA,NA,NA,NA,NA,NA,NA,NA,NA,NA,NA,NA,NA,NA
"1711",NA,NA,2025,NA,NA,NA,NA,NA,NA,NA,NA,NA,NA,NA,NA,NA,NA,NA,NA,NA,NA,NA,NA,NA,NA,NA,NA,NA,NA,NA,NA,NA,NA,NA,NA,NA,NA,NA,"Italy",NA,NA,NA,NA,NA,NA,NA,NA,NA,NA,NA,NA,NA,NA,NA,NA,NA,NA
"1712",NA,NA,2025,NA,NA,NA,NA,NA,NA,NA,NA,NA,NA,NA,NA,NA,NA,NA,NA,NA,NA,NA,NA,NA,NA,NA,NA,NA,NA,NA,NA,NA,NA,NA,NA,NA,NA,NA,"Jamaica",NA,NA,NA,NA,NA,NA,NA,NA,NA,NA,NA,NA,NA,NA,NA,NA,NA,NA
"1713",NA,NA,2023,NA,NA,NA,NA,NA,NA,NA,NA,NA,NA,NA,NA,NA,NA,NA,NA,NA,NA,NA,NA,NA,NA,NA,NA,NA,NA,NA,NA,NA,NA,NA,NA,NA,NA,NA,"Japan",NA,NA,NA,NA,NA,NA,NA,NA,NA,NA,NA,NA,NA,NA,NA,NA,NA,NA
"1714",NA,NA,2024,NA,NA,NA,NA,NA,NA,NA,NA,NA,NA,NA,NA,NA,NA,NA,NA,NA,NA,NA,NA,NA,NA,NA,NA,NA,NA,NA,NA,NA,NA,NA,NA,NA,NA,NA,"Japan",NA,NA,NA,NA,NA,NA,NA,NA,NA,NA,NA,NA,NA,NA,NA,NA,NA,NA
"1715",NA,NA,2025,NA,NA,NA,NA,NA,NA,NA,NA,NA,NA,NA,NA,NA,NA,NA,NA,NA,NA,NA,NA,NA,NA,NA,NA,NA,NA,NA,NA,NA,NA,NA,NA,NA,NA,NA,"Japan",NA,NA,NA,NA,NA,NA,NA,NA,NA,NA,NA,NA,NA,NA,NA,NA,NA,NA
"1716",NA,NA,2025,NA,NA,NA,NA,NA,NA,NA,NA,NA,NA,NA,NA,NA,NA,NA,NA,NA,NA,NA,NA,NA,NA,NA,NA,NA,NA,NA,NA,NA,NA,NA,NA,NA,NA,NA,"Jordan",NA,NA,NA,NA,NA,NA,NA,NA,NA,NA,NA,NA,NA,NA,NA,NA,NA,NA
"1717",NA,NA,2025,NA,NA,NA,NA,NA,NA,NA,NA,NA,NA,NA,NA,NA,NA,NA,NA,NA,NA,NA,NA,NA,NA,NA,NA,NA,NA,NA,NA,NA,NA,NA,NA,NA,NA,NA,"Korea (Rep. of)",NA,NA,NA,NA,NA,NA,NA,NA,NA,NA,NA,NA,NA,NA,NA,NA,NA,NA
"1718",NA,NA,2025,NA,NA,NA,NA,NA,NA,NA,NA,NA,NA,NA,NA,NA,NA,NA,NA,NA,NA,NA,NA,NA,NA,NA,NA,NA,NA,NA,NA,NA,NA,NA,NA,NA,NA,NA,"Latvia",NA,NA,NA,NA,NA,NA,NA,NA,NA,NA,NA,NA,NA,NA,NA,NA,NA,NA
"1719",NA,NA,2025,NA,NA,NA,NA,NA,NA,NA,NA,NA,NA,NA,NA,NA,NA,NA,NA,NA,NA,NA,NA,NA,NA,NA,NA,NA,NA,NA,NA,NA,NA,NA,NA,NA,NA,NA,"Lithuania",NA,NA,NA,NA,NA,NA,NA,NA,NA,NA,NA,NA,NA,NA,NA,NA,NA,NA
"1720",NA,NA,2025,NA,NA,NA,NA,NA,NA,NA,NA,NA,NA,NA,NA,NA,NA,NA,NA,NA,NA,NA,NA,NA,NA,NA,NA,NA,NA,NA,NA,NA,NA,NA,NA,NA,NA,NA,"Malawi",NA,NA,NA,NA,NA,NA,NA,NA,NA,NA,NA,NA,NA,NA,NA,NA,NA,NA
"1721",NA,NA,2025,NA,NA,NA,NA,NA,NA,NA,NA,NA,NA,NA,NA,NA,NA,NA,NA,NA,NA,NA,NA,NA,NA,NA,NA,NA,NA,NA,NA,NA,NA,NA,NA,NA,NA,NA,"Malaysia",NA,NA,NA,NA,NA,NA,NA,NA,NA,NA,NA,NA,NA,NA,NA,NA,NA,NA
"1722",NA,NA,2025,NA,NA,NA,NA,NA,NA,NA,NA,NA,NA,NA,NA,NA,NA,NA,NA,NA,NA,NA,NA,NA,NA,NA,NA,NA,NA,NA,NA,NA,NA,NA,NA,NA,NA,NA,"Malta",NA,NA,NA,NA,NA,NA,NA,NA,NA,NA,NA,NA,NA,NA,NA,NA,NA,NA
"1723",NA,NA,2025,NA,NA,NA,NA,NA,NA,NA,NA,NA,NA,NA,NA,NA,NA,NA,NA,NA,NA,NA,NA,NA,NA,NA,NA,NA,NA,NA,NA,NA,NA,NA,NA,NA,NA,NA,"Mexico",NA,NA,NA,NA,NA,NA,NA,NA,NA,NA,NA,NA,NA,NA,NA,NA,NA,NA
"1724",NA,NA,2025,NA,NA,NA,NA,NA,NA,NA,NA,NA,NA,NA,NA,NA,NA,NA,NA,NA,NA,NA,NA,NA,NA,NA,NA,NA,NA,NA,NA,NA,NA,NA,NA,NA,NA,NA,"Oman",NA,NA,NA,NA,NA,NA,NA,NA,NA,NA,NA,NA,NA,NA,NA,NA,NA,NA
"1725",NA,NA,2025,NA,NA,NA,NA,NA,NA,NA,NA,NA,NA,NA,NA,NA,NA,NA,NA,NA,NA,NA,NA,NA,NA,NA,NA,NA,NA,NA,NA,NA,NA,NA,NA,NA,NA,NA,"Poland",NA,NA,NA,NA,NA,NA,NA,NA,NA,NA,NA,NA,NA,NA,NA,NA,NA,NA
"1726",NA,NA,2025,NA,NA,NA,NA,NA,NA,NA,NA,NA,NA,NA,NA,NA,NA,NA,NA,NA,NA,NA,NA,NA,NA,NA,NA,NA,NA,NA,NA,NA,NA,NA,NA,NA,NA,NA,"Portugal",NA,NA,NA,NA,NA,NA,NA,NA,NA,NA,NA,NA,NA,NA,NA,NA,NA,NA
"1727",NA,NA,2025,NA,NA,NA,NA,NA,NA,NA,NA,NA,NA,NA,NA,NA,NA,NA,NA,NA,NA,NA,NA,NA,NA,NA,NA,NA,NA,NA,NA,NA,NA,NA,NA,NA,NA,NA,"Romania",NA,NA,NA,NA,NA,NA,NA,NA,NA,NA,NA,NA,NA,NA,NA,NA,NA,NA
"1728",NA,NA,2024,NA,NA,NA,NA,NA,NA,NA,NA,NA,NA,NA,NA,NA,NA,NA,NA,NA,NA,NA,NA,NA,NA,NA,NA,NA,NA,NA,NA,NA,NA,NA,NA,NA,NA,NA,"Russian Federation",NA,NA,NA,NA,NA,NA,NA,NA,10.8218,8.47072,23.4114,59.8852,19.6247,26.4269,9.25347,80.8927,27.6243,53.8087
"1729",NA,NA,2025,NA,NA,NA,NA,NA,NA,NA,NA,NA,NA,NA,NA,NA,NA,NA,NA,NA,NA,NA,NA,NA,NA,NA,NA,NA,NA,NA,NA,NA,NA,NA,NA,NA,NA,NA,"Russian Federation",NA,NA,NA,NA,NA,NA,NA,NA,NA,NA,NA,NA,NA,NA,NA,NA,NA,NA
"1730",NA,NA,2024,NA,NA,NA,NA,NA,NA,NA,NA,NA,NA,NA,NA,NA,NA,NA,NA,NA,NA,NA,NA,NA,NA,NA,NA,NA,NA,NA,NA,NA,NA,NA,NA,NA,NA,NA,"Saudi Arabia",NA,NA,NA,NA,NA,NA,NA,NA,15.451,75.45,7.9,85,12.29,79,4.73491,94.0461,7.65,87.62
"1731",NA,NA,2025,NA,NA,NA,NA,NA,NA,NA,NA,NA,NA,NA,NA,NA,NA,NA,NA,NA,NA,NA,NA,NA,NA,NA,NA,NA,NA,NA,NA,NA,NA,NA,NA,NA,NA,NA,"Saudi Arabia",NA,NA,NA,NA,NA,NA,NA,NA,NA,NA,NA,NA,NA,NA,NA,NA,NA,NA
"1732",NA,NA,2021,NA,NA,NA,NA,NA,NA,NA,NA,NA,NA,NA,NA,NA,NA,NA,NA,NA,NA,NA,NA,NA,NA,NA,NA,NA,NA,NA,NA,NA,NA,NA,NA,NA,NA,NA,"Singapore",NA,NA,NA,NA,NA,NA,NA,NA,NA,NA,NA,NA,NA,NA,NA,NA,NA,NA
"1733",NA,NA,2023,NA,NA,NA,NA,NA,NA,NA,NA,NA,NA,NA,NA,NA,NA,NA,NA,NA,NA,NA,NA,NA,NA,NA,NA,NA,NA,NA,NA,NA,NA,NA,NA,NA,NA,NA,"Singapore",NA,NA,NA,NA,NA,NA,NA,NA,NA,NA,NA,NA,NA,NA,NA,NA,NA,NA
"1734",NA,NA,2024,NA,NA,NA,NA,NA,NA,NA,NA,NA,NA,NA,NA,NA,NA,NA,NA,NA,NA,NA,NA,NA,NA,NA,NA,NA,NA,NA,NA,NA,NA,NA,NA,NA,NA,NA,"Singapore",NA,NA,NA,NA,NA,NA,NA,NA,12.3199,72.8644,3.63227,87.0956,12.3658,58.823,5.34042,88.5959,8.06236,80.8089
"1735",NA,NA,2025,NA,NA,NA,NA,NA,NA,NA,NA,NA,NA,NA,NA,NA,NA,NA,NA,NA,NA,NA,NA,NA,NA,NA,NA,NA,NA,NA,NA,NA,NA,NA,NA,NA,NA,NA,"Singapore",NA,NA,NA,NA,NA,NA,NA,NA,NA,NA,NA,NA,NA,NA,NA,NA,NA,NA
"1736",NA,NA,2024,NA,NA,NA,NA,NA,NA,NA,NA,NA,NA,NA,NA,NA,NA,NA,NA,NA,NA,NA,NA,NA,NA,NA,NA,NA,NA,NA,NA,NA,NA,NA,NA,NA,NA,NA,"Slovakia",NA,NA,NA,NA,NA,NA,NA,NA,NA,NA,NA,NA,NA,NA,NA,NA,NA,NA
"1737",NA,NA,2025,NA,NA,NA,NA,NA,NA,NA,NA,NA,NA,NA,NA,NA,NA,NA,NA,NA,NA,NA,NA,NA,NA,NA,NA,NA,NA,NA,NA,NA,NA,NA,NA,NA,NA,NA,"Slovakia",NA,NA,NA,NA,NA,NA,NA,NA,NA,NA,NA,NA,NA,NA,NA,NA,NA,NA
"1738",NA,NA,2025,NA,NA,NA,NA,NA,NA,NA,NA,NA,NA,NA,NA,NA,NA,NA,NA,NA,NA,NA,NA,NA,NA,NA,NA,NA,NA,NA,NA,NA,NA,NA,NA,NA,NA,NA,"Slovenia",NA,NA,NA,NA,NA,NA,NA,NA,NA,NA,NA,NA,NA,NA,NA,NA,NA,NA
"1739",NA,NA,2025,NA,NA,NA,NA,NA,NA,NA,NA,NA,NA,NA,NA,NA,NA,NA,NA,NA,NA,NA,NA,NA,NA,NA,NA,NA,NA,NA,NA,NA,NA,NA,NA,NA,NA,NA,"Spain",NA,NA,NA,NA,NA,NA,NA,NA,NA,NA,NA,NA,NA,NA,NA,NA,NA,NA
"1740",NA,NA,2024,NA,NA,NA,NA,NA,NA,NA,NA,NA,NA,NA,NA,NA,NA,NA,NA,NA,NA,NA,NA,NA,NA,NA,NA,NA,NA,NA,NA,NA,NA,NA,NA,NA,NA,NA,"State of Palestine",NA,NA,NA,NA,NA,NA,NA,NA,NA,NA,NA,NA,NA,NA,NA,NA,NA,NA
"1741",NA,NA,2025,NA,NA,NA,NA,NA,NA,NA,NA,NA,NA,NA,NA,NA,NA,NA,NA,NA,NA,NA,NA,NA,NA,NA,NA,NA,NA,NA,NA,NA,NA,NA,NA,NA,NA,NA,"State of Palestine",NA,NA,NA,NA,NA,NA,NA,NA,NA,NA,NA,NA,NA,NA,NA,NA,NA,NA
"1742",NA,NA,2025,NA,NA,NA,NA,NA,NA,NA,NA,NA,NA,NA,NA,NA,NA,NA,NA,NA,NA,NA,NA,NA,NA,NA,NA,NA,NA,NA,NA,NA,NA,NA,NA,NA,NA,NA,"Sweden",NA,NA,NA,NA,NA,NA,NA,NA,NA,NA,NA,NA,NA,NA,NA,NA,NA,NA
"1743",NA,NA,2024,NA,NA,NA,NA,NA,NA,NA,NA,NA,NA,NA,NA,NA,NA,NA,NA,NA,NA,NA,NA,NA,NA,NA,NA,NA,NA,NA,NA,NA,NA,NA,NA,NA,NA,NA,"Switzerland",NA,NA,NA,NA,NA,NA,NA,NA,NA,NA,NA,NA,NA,NA,NA,NA,NA,NA
"1744",NA,NA,2025,NA,NA,NA,NA,NA,NA,NA,NA,NA,NA,NA,NA,NA,NA,NA,NA,NA,NA,NA,NA,NA,NA,NA,NA,NA,NA,NA,NA,NA,NA,NA,NA,NA,NA,NA,"Switzerland",NA,NA,NA,NA,NA,NA,NA,NA,NA,NA,NA,NA,NA,NA,NA,NA,NA,NA
"1745",NA,NA,2025,NA,NA,NA,NA,NA,NA,NA,NA,NA,NA,NA,NA,NA,NA,NA,NA,NA,NA,NA,NA,NA,NA,NA,NA,NA,NA,NA,NA,NA,NA,NA,NA,NA,NA,NA,"Taiwan, Province of China",NA,NA,NA,NA,NA,NA,NA,NA,NA,NA,NA,NA,NA,NA,NA,NA,NA,NA
"1746",NA,NA,2025,NA,NA,NA,NA,NA,NA,NA,NA,NA,NA,NA,NA,NA,NA,NA,NA,NA,NA,NA,NA,NA,NA,NA,NA,NA,NA,NA,NA,NA,NA,NA,NA,NA,NA,NA,"Türkiye",NA,NA,NA,NA,NA,NA,NA,NA,NA,NA,NA,NA,NA,NA,NA,NA,NA,NA
"1747",NA,NA,2025,NA,NA,NA,NA,NA,NA,NA,NA,NA,NA,NA,NA,NA,NA,NA,NA,NA,NA,NA,NA,NA,NA,NA,NA,NA,NA,NA,NA,NA,NA,NA,NA,NA,NA,NA,"Uruguay",NA,NA,NA,NA,NA,NA,NA,NA,NA,NA,NA,NA,NA,NA,NA,NA,NA,NA
"1748",NA,NA,2025,NA,NA,NA,NA,NA,NA,NA,NA,NA,NA,NA,NA,NA,NA,NA,NA,NA,NA,NA,NA,NA,NA,NA,NA,NA,NA,NA,NA,NA,NA,NA,NA,NA,NA,NA,"Viet Nam",NA,NA,NA,NA,NA,NA,NA,NA,NA,NA,NA,NA,NA,NA,NA,NA,NA,NA
