"","Indicator","Value","entity"
"1","P1_institutions",NA,"Albania"
"2","Sub1_Security",NA,"Albania"
"3","I101_organized_crime",3.8,"Albania"
"4","I102_homicide",2.3,"Albania"
"5","I103_terrorism",99.9,"Albania"
"6","I104_police",4.4,"Albania"
"7","Sub2_Social_Capital",NA,"Albania"
"8","Sub2_Social_Capital",44.1,"Albania"
"9","Sub3_Checks_Balances",NA,"Albania"
"10","I106_transparency",50,"Albania"
"11","I107_judicial_independence",2.1,"Albania"
"12","I108_challenging_regulations",2.3,"Albania"
"13","I09_press_freedom",29.8,"Albania"
"14","Sub4_Public_Sector",NA,"Albania"
"15","I110_gov_burden",4.4,"Albania"
"16","I111_settling_disputes",2.5,"Albania"
"17","I112_e_participation",0.76,"Albania"
"18","Sub5_Transparency",NA,"Albania"
"19","I113_corruption",36,"Albania"
"20","I114_property_rights",NA,"Albania"
"21","I114_property_rights",3.3,"Albania"
"22","I115_intellectual_property_protection",3.1,"Albania"
"23","I116_land_administration",15.5,"Albania"
"24","Sub6_Corporate_Governance",NA,"Albania"
"25","I117_auditing_accounting_standards",4.5,"Albania"
"26","I118_interest_conflict_regulation",7.7,"Albania"
"27","I119_shareholder_governance",6.7,"Albania"
"28","Sub7_Government_Orientation",NA,"Albania"
"29","I120_policy_stability",3.3,"Albania"
"30","I121_response_to_change",3.6,"Albania"
"31","I122_digital_business_laws",3.7,"Albania"
"32","I123_gov_long_term_vision",3.7,"Albania"
"33","I124_energy_regulations",NA,"Albania"
"34","I125_renewable_energy",NA,"Albania"
"35","I126_environment_treaties",24,"Albania"
"36","P2_infrastructure",NA,"Albania"
"37","Sub8_Transport_Infrastructure",NA,"Albania"
"38","I201_road_connectivity",55.5,"Albania"
"39","I202_quality_of_roads",3.9,"Albania"
"40","I203_railroad_density",15.4,"Albania"
"41","I204_train_efficiency",1.2,"Albania"
"42","I205_airport_connectivity",8289.1,"Albania"
"43","I206_air_transport_efficiency",4.1,"Albania"
"44","I207_shipping_connectivity",3,"Albania"
"45","I208_seaport_efficiency",4.3,"Albania"
"46","Sub9_Utility_Infrastructure",NA,"Albania"
"47","I209_electricity_access",100,"Albania"
"48","I210_electricity_supply",18.3,"Albania"
"49","I211_unsafe_drinking_water",18.3,"Albania"
"50","I212_water_supply",4.1,"Albania"
"51","P3_ICT_adoption",NA,"Albania"
"52","I301_cellular_subscription",94.2,"Albania"
"53","I302_mobile_broadband",62.8,"Albania"
"54","I303_fixed_broadband",12.5,"Albania"
"55","I304_fibre_internet",1.7,"Albania"
"56","I305_internet_users",71.8,"Albania"
"57","P4_macro_stability",NA,"Albania"
"58","I401_inflation",2,"Albania"
"59","I402_debt_dynamic",40,"Albania"
"60","P5_health",NA,"Albania"
"61","I501_healthy_life_expectancy",67.5,"Albania"
"62","P6_skills",NA,"Albania"
"63","Sub10_Workforce",NA,"Albania"
"64","I601_years_of_schooling",10.2,"Albania"
"65","Sub11_Workforce_Skills",NA,"Albania"
"66","I602_staff_training",4.6,"Albania"
"67","I603_vocational_training",4.3,"Albania"
"68","I604_graduates_skillset",4.3,"Albania"
"69","I605_digital_skills",4,"Albania"
"70","I606_skilled_employees",3.9,"Albania"
"71","Sub12_Future_Workforce",NA,"Albania"
"72","I501_healthy_life_expectancy",15.2,"Albania"
"73","Sub13_Future_Workforce_Skills",NA,"Albania"
"74","I608_critical_thinking",4.6,"Albania"
"75","I609_pupil_teacher_ratio",17.9,"Albania"
"76","P7_product_market",NA,"Albania"
"77","Sub14_Domestic_Competition",NA,"Albania"
"78","I701_distortive_taxes",3.2,"Albania"
"79","I702_market_dominance",2.9,"Albania"
"80","I703_competition_services",4.6,"Albania"
"81","Sub15_Trade_Openess",NA,"Albania"
"82","I704_non_tariff_barriers",5.1,"Albania"
"83","I705_trade_tariffs",2.21,"Albania"
"84","I706_tariffs_complexity",5.6,"Albania"
"85","I707_border_clearance",2.3,"Albania"
"86","P8_labour_market",NA,"Albania"
"87","Sub16_Flexibility",NA,"Albania"
"88","I801_redundancy_costs",20.8,"Albania"
"89","I802_hiring_firing_practices",3.9,"Albania"
"90","I803_labour_employer_relations",5,"Albania"
"91","I804_wage_flexibility",4.3,"Albania"
"92","I805_labour_market_policies",2.9,"Albania"
"93","I806_workers_rights",79,"Albania"
"94","I807_foreign_labour_hiring",5.8,"Albania"
"95","I808_internal_labour_mobility",5,"Albania"
"96","Sub17_Meritocracy",NA,"Albania"
"97","I809_reliance_on_management",4.4,"Albania"
"98","I810_pay_productivity",4.5,"Albania"
"99","I811_gender_pay_gap",0.8,"Albania"
"100","I812_labour_tax",18.8,"Albania"
"101","P9_financial_system",NA,"Albania"
"102","Sub18_Depth",NA,"Albania"
"103","I901_credit_to_private_sector",36.2,"Albania"
"104","I902_financing_SME",3.9,"Albania"
"105","I903_venture_capital",3,"Albania"
"106","I904_market_capitalization",0,"Albania"
"107","I905_insurance_premium",0.9,"Albania"
"108","Sub19_Stability",NA,"Albania"
"109","I906_banks_soundness",5.4,"Albania"
"110","I907_non_performing_loans",13.2,"Albania"
"111","I908_credit_gap",-9.6,"Albania"
"112","I909_regulatory_capital",16.1,"Albania"
"113","P10_market_size",NA,"Albania"
"114","I1001_GDP_PPP",34,"Albania"
"115","I1002_imports",53.5,"Albania"
"116","P11_dynamism",NA,"Albania"
"117","Sub20_Administrative_Requirements",NA,"Albania"
"118","I1101_starting_business_cost",11.3,"Albania"
"119","I1102_starting_business_time",5,"Albania"
"120","I1103_insolvency_recovery_rate",44,"Albania"
"121","I1104_insolvency_regulations",14,"Albania"
"122","Sub21_Entrepreneurial_Culture",NA,"Albania"
"123","I1105_risk_attitudes",3.3,"Albania"
"124","I1106_delegating_authority",4.2,"Albania"
"125","I1107_innovating_companies",3.8,"Albania"
"126","I1108_disruptive_ideas",2.9,"Albania"
"127","P12_innovation",NA,"Albania"
"128","Sub22_Diversity",NA,"Albania"
"129","I1201_workforce_diversity",4,"Albania"
"130","I1202_cluster_development",2.8,"Albania"
"131","I1203_international_inventions",0.1,"Albania"
"132","I1204_stakeholder_collaboration",3.8,"Albania"
"133","Sub23_Research_Development",NA,"Albania"
"134","I1205_scientific_publications",57.3,"Albania"
"135","I1206_patents",0.22,"Albania"
"136","I1207_RnD_expenditures",0.2,"Albania"
"137","I1208_research_institutions",0,"Albania"
"138","Sub24_Commercialization",NA,"Albania"
"139","I1209_buyer_sophistication",3.1,"Albania"
"140","I1210_trademarks",379.36,"Albania"
"141","P1_institutions",NA,"Algeria"
"142","Sub1_Security",NA,"Algeria"
"143","I101_organized_crime",4.8,"Algeria"
"144","I102_homicide",1.4,"Algeria"
"145","I103_terrorism",98.2,"Algeria"
"146","I104_police",4.8,"Algeria"
"147","Sub2_Social_Capital",NA,"Algeria"
"148","Sub2_Social_Capital",45,"Algeria"
"149","Sub3_Checks_Balances",NA,"Algeria"
"150","I106_transparency",3,"Algeria"
"151","I107_judicial_independence",3.7,"Algeria"
"152","I108_challenging_regulations",3.4,"Algeria"
"153","I09_press_freedom",45.8,"Algeria"
"154","Sub4_Public_Sector",NA,"Algeria"
"155","I110_gov_burden",3.5,"Algeria"
"156","I111_settling_disputes",4.1,"Algeria"
"157","I112_e_participation",0.2,"Algeria"
"158","Sub5_Transparency",NA,"Algeria"
"159","I113_corruption",35,"Algeria"
"160","I114_property_rights",NA,"Algeria"
"161","I114_property_rights",4.1,"Algeria"
"162","I115_intellectual_property_protection",4,"Algeria"
"163","I116_land_administration",7.5,"Algeria"
"164","Sub6_Corporate_Governance",NA,"Algeria"
"165","I117_auditing_accounting_standards",3.8,"Algeria"
"166","I118_interest_conflict_regulation",3.3,"Algeria"
"167","I119_shareholder_governance",3.7,"Algeria"
"168","Sub7_Government_Orientation",NA,"Algeria"
"169","I120_policy_stability",3.6,"Algeria"
"170","I121_response_to_change",3.9,"Algeria"
"171","I122_digital_business_laws",3,"Algeria"
"172","I123_gov_long_term_vision",3.7,"Algeria"
"173","I124_energy_regulations",55.4,"Algeria"
"174","I125_renewable_energy",45.3,"Algeria"
"175","I126_environment_treaties",19,"Algeria"
"176","P2_infrastructure",NA,"Algeria"
"177","Sub8_Transport_Infrastructure",NA,"Algeria"
"178","I201_road_connectivity",87.2,"Algeria"
"179","I202_quality_of_roads",4,"Algeria"
"180","I203_railroad_density",1.7,"Algeria"
"181","I204_train_efficiency",3.8,"Algeria"
"182","I205_airport_connectivity",46594.5,"Algeria"
"183","I206_air_transport_efficiency",4,"Algeria"
"184","I207_shipping_connectivity",10.4,"Algeria"
"185","I208_seaport_efficiency",3.9,"Algeria"
"186","Sub9_Utility_Infrastructure",NA,"Algeria"
"187","I209_electricity_access",99.1,"Algeria"
"188","I210_electricity_supply",15.1,"Algeria"
"189","I211_unsafe_drinking_water",12.3,"Algeria"
"190","I212_water_supply",4.6,"Algeria"
"191","P3_ICT_adoption",NA,"Algeria"
"192","I301_cellular_subscription",121.9,"Algeria"
"193","I302_mobile_broadband",96.7,"Algeria"
"194","I303_fixed_broadband",7.3,"Algeria"
"195","I304_fibre_internet",0,"Algeria"
"196","I305_internet_users",59.6,"Algeria"
"197","P4_macro_stability",NA,"Algeria"
"198","I401_inflation",4.9,"Algeria"
"199","I402_debt_dynamic",45,"Algeria"
"200","P5_health",NA,"Algeria"
"201","I501_healthy_life_expectancy",66.5,"Algeria"
"202","P6_skills",NA,"Algeria"
"203","Sub10_Workforce",NA,"Algeria"
"204","I601_years_of_schooling",8.7,"Algeria"
"205","Sub11_Workforce_Skills",NA,"Algeria"
"206","I602_staff_training",3.8,"Algeria"
"207","I603_vocational_training",3.8,"Algeria"
"208","I604_graduates_skillset",3.7,"Algeria"
"209","I605_digital_skills",4,"Algeria"
"210","I606_skilled_employees",4.1,"Algeria"
"211","Sub12_Future_Workforce",NA,"Algeria"
"212","I501_healthy_life_expectancy",14.3,"Algeria"
"213","Sub13_Future_Workforce_Skills",NA,"Algeria"
"214","I608_critical_thinking",3.2,"Algeria"
"215","I609_pupil_teacher_ratio",24.2,"Algeria"
"216","P7_product_market",NA,"Algeria"
"217","Sub14_Domestic_Competition",NA,"Algeria"
"218","I701_distortive_taxes",3.5,"Algeria"
"219","I702_market_dominance",4.1,"Algeria"
"220","I703_competition_services",4.3,"Algeria"
"221","Sub15_Trade_Openess",NA,"Algeria"
"222","I704_non_tariff_barriers",3.7,"Algeria"
"223","I705_trade_tariffs",15.12,"Algeria"
"224","I706_tariffs_complexity",6.5,"Algeria"
"225","I707_border_clearance",2.1,"Algeria"
"226","P8_labour_market",NA,"Algeria"
"227","Sub16_Flexibility",NA,"Algeria"
"228","I801_redundancy_costs",17.3,"Algeria"
"229","I802_hiring_firing_practices",4,"Algeria"
"230","I803_labour_employer_relations",4.3,"Algeria"
"231","I804_wage_flexibility",4.9,"Algeria"
"232","I805_labour_market_policies",3.3,"Algeria"
"233","I806_workers_rights",57,"Algeria"
"234","I807_foreign_labour_hiring",3.4,"Algeria"
"235","I808_internal_labour_mobility",4.6,"Algeria"
"236","Sub17_Meritocracy",NA,"Algeria"
"237","I809_reliance_on_management",3.5,"Algeria"
"238","I810_pay_productivity",3.8,"Algeria"
"239","I811_gender_pay_gap",0.21,"Algeria"
"240","I812_labour_tax",31.1,"Algeria"
"241","P9_financial_system",NA,"Algeria"
"242","Sub18_Depth",NA,"Algeria"
"243","I901_credit_to_private_sector",23.1,"Algeria"
"244","I902_financing_SME",3.8,"Algeria"
"245","I903_venture_capital",3.5,"Algeria"
"246","I904_market_capitalization",0.2,"Algeria"
"247","I905_insurance_premium",0.7,"Algeria"
"248","Sub19_Stability",NA,"Algeria"
"249","I906_banks_soundness",4,"Algeria"
"250","I907_non_performing_loans",12.3,"Algeria"
"251","I908_credit_gap",2.6,"Algeria"
"252","I909_regulatory_capital",19,"Algeria"
"253","P10_market_size",NA,"Algeria"
"254","I1001_GDP_PPP",584,"Algeria"
"255","I1002_imports",31.8,"Algeria"
"256","P11_dynamism",NA,"Algeria"
"257","Sub20_Administrative_Requirements",NA,"Algeria"
"258","I1101_starting_business_cost",11.8,"Algeria"
"259","I1102_starting_business_time",17.5,"Algeria"
"260","I1103_insolvency_recovery_rate",50.8,"Algeria"
"261","I1104_insolvency_regulations",7,"Algeria"
"262","Sub21_Entrepreneurial_Culture",NA,"Algeria"
"263","I1105_risk_attitudes",3.6,"Algeria"
"264","I1106_delegating_authority",3.6,"Algeria"
"265","I1107_innovating_companies",3.8,"Algeria"
"266","I1108_disruptive_ideas",3.4,"Algeria"
"267","P12_innovation",NA,"Algeria"
"268","Sub22_Diversity",NA,"Algeria"
"269","I1201_workforce_diversity",4.2,"Algeria"
"270","I1202_cluster_development",3.9,"Algeria"
"271","I1203_international_inventions",0.02,"Algeria"
"272","I1204_stakeholder_collaboration",3.6,"Algeria"
"273","Sub23_Research_Development",NA,"Algeria"
"274","I1205_scientific_publications",139.7,"Algeria"
"275","I1206_patents",0.03,"Algeria"
"276","I1207_RnD_expenditures",0.5,"Algeria"
"277","I1208_research_institutions",0.04,"Algeria"
"278","Sub24_Commercialization",NA,"Algeria"
"279","I1209_buyer_sophistication",3.8,"Algeria"
"280","I1210_trademarks",113.23,"Algeria"
"281","P1_institutions",NA,"Angola"
"282","Sub1_Security",NA,"Angola"
"283","I101_organized_crime",4.1,"Angola"
"284","I102_homicide",4.8,"Angola"
"285","I103_terrorism",95.3,"Angola"
"286","I104_police",3.3,"Angola"
"287","Sub2_Social_Capital",NA,"Angola"
"288","Sub2_Social_Capital",41.2,"Angola"
"289","Sub3_Checks_Balances",NA,"Angola"
"290","I106_transparency",25,"Angola"
"291","I107_judicial_independence",2.3,"Angola"
"292","I108_challenging_regulations",2.2,"Angola"
"293","I09_press_freedom",35,"Angola"
"294","Sub4_Public_Sector",NA,"Angola"
"295","I110_gov_burden",2.8,"Angola"
"296","I111_settling_disputes",2.6,"Angola"
"297","I112_e_participation",0.43,"Angola"
"298","Sub5_Transparency",NA,"Angola"
"299","I113_corruption",19,"Angola"
"300","I114_property_rights",NA,"Angola"
"301","I114_property_rights",3.2,"Angola"
"302","I115_intellectual_property_protection",2.7,"Angola"
"303","I116_land_administration",7,"Angola"
"304","Sub6_Corporate_Governance",NA,"Angola"
"305","I117_auditing_accounting_standards",2.5,"Angola"
"306","I118_interest_conflict_regulation",5.3,"Angola"
"307","I119_shareholder_governance",5.7,"Angola"
"308","Sub7_Government_Orientation",NA,"Angola"
"309","I120_policy_stability",3.4,"Angola"
"310","I121_response_to_change",2.9,"Angola"
"311","I122_digital_business_laws",1.9,"Angola"
"312","I123_gov_long_term_vision",3.1,"Angola"
"313","I124_energy_regulations",10.6,"Angola"
"314","I125_renewable_energy",30,"Angola"
"315","I126_environment_treaties",18,"Angola"
"316","P2_infrastructure",NA,"Angola"
"317","Sub8_Transport_Infrastructure",NA,"Angola"
"318","I201_road_connectivity",77.7,"Angola"
"319","I202_quality_of_roads",2.2,"Angola"
"320","I203_railroad_density",NA,"Angola"
"321","I204_train_efficiency",NA,"Angola"
"322","I205_airport_connectivity",5973.8,"Angola"
"323","I206_air_transport_efficiency",3.3,"Angola"
"324","I207_shipping_connectivity",25.1,"Angola"
"325","I208_seaport_efficiency",2.8,"Angola"
"326","Sub9_Utility_Infrastructure",NA,"Angola"
"327","I209_electricity_access",43,"Angola"
"328","I210_electricity_supply",11.3,"Angola"
"329","I211_unsafe_drinking_water",77.1,"Angola"
"330","I212_water_supply",2.1,"Angola"
"331","P3_ICT_adoption",NA,"Angola"
"332","I301_cellular_subscription",43.1,"Angola"
"333","I302_mobile_broadband",18.9,"Angola"
"334","I303_fixed_broadband",0.4,"Angola"
"335","I304_fibre_internet",0.2,"Angola"
"336","I305_internet_users",14.3,"Angola"
"337","P4_macro_stability",NA,"Angola"
"338","I401_inflation",24.7,"Angola"
"339","I402_debt_dynamic",38.8,"Angola"
"340","P5_health",NA,"Angola"
"341","I501_healthy_life_expectancy",55,"Angola"
"342","P6_skills",NA,"Angola"
"343","Sub10_Workforce",NA,"Angola"
"344","I601_years_of_schooling",4,"Angola"
"345","Sub11_Workforce_Skills",NA,"Angola"
"346","I602_staff_training",3,"Angola"
"347","I603_vocational_training",2.5,"Angola"
"348","I604_graduates_skillset",2.5,"Angola"
"349","I605_digital_skills",2.4,"Angola"
"350","I606_skilled_employees",2.8,"Angola"
"351","Sub12_Future_Workforce",NA,"Angola"
"352","I501_healthy_life_expectancy",9.5,"Angola"
"353","Sub13_Future_Workforce_Skills",NA,"Angola"
"354","I608_critical_thinking",2.1,"Angola"
"355","I609_pupil_teacher_ratio",50,"Angola"
"356","P7_product_market",NA,"Angola"
"357","Sub14_Domestic_Competition",NA,"Angola"
"358","I701_distortive_taxes",2.9,"Angola"
"359","I702_market_dominance",2.2,"Angola"
"360","I703_competition_services",3.3,"Angola"
"361","Sub15_Trade_Openess",NA,"Angola"
"362","I704_non_tariff_barriers",3.8,"Angola"
"363","I705_trade_tariffs",6.83,"Angola"
"364","I706_tariffs_complexity",5,"Angola"
"365","I707_border_clearance",1.6,"Angola"
"366","P8_labour_market",NA,"Angola"
"367","Sub16_Flexibility",NA,"Angola"
"368","I801_redundancy_costs",17.9,"Angola"
"369","I802_hiring_firing_practices",3.7,"Angola"
"370","I803_labour_employer_relations",3.7,"Angola"
"371","I804_wage_flexibility",5.2,"Angola"
"372","I805_labour_market_policies",1.8,"Angola"
"373","I806_workers_rights",71,"Angola"
"374","I807_foreign_labour_hiring",3.8,"Angola"
"375","I808_internal_labour_mobility",3.3,"Angola"
"376","Sub17_Meritocracy",NA,"Angola"
"377","I809_reliance_on_management",2.6,"Angola"
"378","I810_pay_productivity",2.5,"Angola"
"379","I811_gender_pay_gap",0.4,"Angola"
"380","I812_labour_tax",9,"Angola"
"381","P9_financial_system",NA,"Angola"
"382","Sub18_Depth",NA,"Angola"
"383","I901_credit_to_private_sector",20.1,"Angola"
"384","I902_financing_SME",2.3,"Angola"
"385","I903_venture_capital",1.7,"Angola"
"386","I904_market_capitalization",0,"Angola"
"387","I905_insurance_premium",NA,"Angola"
"388","Sub19_Stability",NA,"Angola"
"389","I906_banks_soundness",2.7,"Angola"
"390","I907_non_performing_loans",28.8,"Angola"
"391","I908_credit_gap",-7.2,"Angola"
"392","I909_regulatory_capital",18,"Angola"
"393","P10_market_size",NA,"Angola"
"394","I1001_GDP_PPP",177,"Angola"
"395","I1002_imports",23.5,"Angola"
"396","P11_dynamism",NA,"Angola"
"397","Sub20_Administrative_Requirements",NA,"Angola"
"398","I1101_starting_business_cost",13.9,"Angola"
"399","I1102_starting_business_time",36,"Angola"
"400","I1103_insolvency_recovery_rate",0,"Angola"
"401","I1104_insolvency_regulations",0,"Angola"
"402","Sub21_Entrepreneurial_Culture",NA,"Angola"
"403","I1105_risk_attitudes",3.3,"Angola"
"404","I1106_delegating_authority",3.1,"Angola"
"405","I1107_innovating_companies",3.1,"Angola"
"406","I1108_disruptive_ideas",2.6,"Angola"
"407","P12_innovation",NA,"Angola"
"408","Sub22_Diversity",NA,"Angola"
"409","I1201_workforce_diversity",4.2,"Angola"
"410","I1202_cluster_development",2.5,"Angola"
"411","I1203_international_inventions",0,"Angola"
"412","I1204_stakeholder_collaboration",2.4,"Angola"
"413","Sub23_Research_Development",NA,"Angola"
"414","I1205_scientific_publications",42,"Angola"
"415","I1206_patents",0,"Angola"
"416","I1207_RnD_expenditures",0.1,"Angola"
"417","I1208_research_institutions",0,"Angola"
"418","Sub24_Commercialization",NA,"Angola"
"419","I1209_buyer_sophistication",2.8,"Angola"
"420","I1210_trademarks",0,"Angola"
"421","P1_institutions",NA,"Argentina"
"422","Sub1_Security",NA,"Argentina"
"423","I101_organized_crime",4.1,"Argentina"
"424","I102_homicide",5.1,"Argentina"
"425","I103_terrorism",99.8,"Argentina"
"426","I104_police",3.6,"Argentina"
"427","Sub2_Social_Capital",NA,"Argentina"
"428","Sub2_Social_Capital",49.5,"Argentina"
"429","Sub3_Checks_Balances",NA,"Argentina"
"430","I106_transparency",50,"Argentina"
"431","I107_judicial_independence",2.8,"Argentina"
"432","I108_challenging_regulations",2.8,"Argentina"
"433","I09_press_freedom",28.3,"Argentina"
"434","Sub4_Public_Sector",NA,"Argentina"
"435","I110_gov_burden",2.6,"Argentina"
"436","I111_settling_disputes",2.8,"Argentina"
"437","I112_e_participation",0.62,"Argentina"
"438","Sub5_Transparency",NA,"Argentina"
"439","I113_corruption",40,"Argentina"
"440","I114_property_rights",NA,"Argentina"
"441","I114_property_rights",3.8,"Argentina"
"442","I115_intellectual_property_protection",3.9,"Argentina"
"443","I116_land_administration",13.5,"Argentina"
"444","Sub6_Corporate_Governance",NA,"Argentina"
"445","I117_auditing_accounting_standards",4.2,"Argentina"
"446","I118_interest_conflict_regulation",5,"Argentina"
"447","I119_shareholder_governance",7.3,"Argentina"
"448","Sub7_Government_Orientation",NA,"Argentina"
"449","I120_policy_stability",3,"Argentina"
"450","I121_response_to_change",3.5,"Argentina"
"451","I122_digital_business_laws",3.5,"Argentina"
"452","I123_gov_long_term_vision",3.6,"Argentina"
"453","I124_energy_regulations",34.1,"Argentina"
"454","I125_renewable_energy",59,"Argentina"
"455","I126_environment_treaties",23,"Argentina"
"456","P2_infrastructure",NA,"Argentina"
"457","Sub8_Transport_Infrastructure",NA,"Argentina"
"458","I201_road_connectivity",94.5,"Argentina"
"459","I202_quality_of_roads",3.6,"Argentina"
"460","I203_railroad_density",6.4,"Argentina"
"461","I204_train_efficiency",2.7,"Argentina"
"462","I205_airport_connectivity",80596.6,"Argentina"
"463","I206_air_transport_efficiency",4.4,"Argentina"
"464","I207_shipping_connectivity",35.2,"Argentina"
"465","I208_seaport_efficiency",3.9,"Argentina"
"466","Sub9_Utility_Infrastructure",NA,"Argentina"
"467","I209_electricity_access",98.8,"Argentina"
"468","I210_electricity_supply",13,"Argentina"
"469","I211_unsafe_drinking_water",8.2,"Argentina"
"470","I212_water_supply",5.3,"Argentina"
"471","P3_ICT_adoption",NA,"Argentina"
"472","I301_cellular_subscription",132.1,"Argentina"
"473","I302_mobile_broadband",80.7,"Argentina"
"474","I303_fixed_broadband",19.1,"Argentina"
"475","I304_fibre_internet",0.5,"Argentina"
"476","I305_internet_users",74.3,"Argentina"
"477","P4_macro_stability",NA,"Argentina"
"478","I401_inflation",30,"Argentina"
"479","I402_debt_dynamic",40,"Argentina"
"480","P5_health",NA,"Argentina"
"481","I501_healthy_life_expectancy",66.8,"Argentina"
"482","P6_skills",NA,"Argentina"
"483","Sub10_Workforce",NA,"Argentina"
"484","I601_years_of_schooling",11.4,"Argentina"
"485","Sub11_Workforce_Skills",NA,"Argentina"
"486","I602_staff_training",3.8,"Argentina"
"487","I603_vocational_training",4.8,"Argentina"
"488","I604_graduates_skillset",4.2,"Argentina"
"489","I605_digital_skills",4,"Argentina"
"490","I606_skilled_employees",4.2,"Argentina"
"491","Sub12_Future_Workforce",NA,"Argentina"
"492","I501_healthy_life_expectancy",17.6,"Argentina"
"493","Sub13_Future_Workforce_Skills",NA,"Argentina"
"494","I608_critical_thinking",3.4,"Argentina"
"495","I609_pupil_teacher_ratio",17,"Argentina"
"496","P7_product_market",NA,"Argentina"
"497","Sub14_Domestic_Competition",NA,"Argentina"
"498","I701_distortive_taxes",2.6,"Argentina"
"499","I702_market_dominance",3.6,"Argentina"
"500","I703_competition_services",4.5,"Argentina"
"501","Sub15_Trade_Openess",NA,"Argentina"
"502","I704_non_tariff_barriers",4,"Argentina"
"503","I705_trade_tariffs",11.31,"Argentina"
"504","I706_tariffs_complexity",6.6,"Argentina"
"505","I707_border_clearance",2.4,"Argentina"
"506","P8_labour_market",NA,"Argentina"
"507","Sub16_Flexibility",NA,"Argentina"
"508","I801_redundancy_costs",30.3,"Argentina"
"509","I802_hiring_firing_practices",2.3,"Argentina"
"510","I803_labour_employer_relations",3.8,"Argentina"
"511","I804_wage_flexibility",2.9,"Argentina"
"512","I805_labour_market_policies",2.9,"Argentina"
"513","I806_workers_rights",73,"Argentina"
"514","I807_foreign_labour_hiring",5,"Argentina"
"515","I808_internal_labour_mobility",3.7,"Argentina"
"516","Sub17_Meritocracy",NA,"Argentina"
"517","I809_reliance_on_management",4.3,"Argentina"
"518","I810_pay_productivity",3.5,"Argentina"
"519","I811_gender_pay_gap",0.74,"Argentina"
"520","I812_labour_tax",29.3,"Argentina"
"521","P9_financial_system",NA,"Argentina"
"522","Sub18_Depth",NA,"Argentina"
"523","I901_credit_to_private_sector",14.8,"Argentina"
"524","I902_financing_SME",2.6,"Argentina"
"525","I903_venture_capital",2.3,"Argentina"
"526","I904_market_capitalization",12.7,"Argentina"
"527","I905_insurance_premium",2.5,"Argentina"
"528","Sub19_Stability",NA,"Argentina"
"529","I906_banks_soundness",4.8,"Argentina"
"530","I907_non_performing_loans",1.8,"Argentina"
"531","I908_credit_gap",2.1,"Argentina"
"532","I909_regulatory_capital",15.2,"Argentina"
"533","P10_market_size",NA,"Argentina"
"534","I1001_GDP_PPP",813,"Argentina"
"535","I1002_imports",17.2,"Argentina"
"536","P11_dynamism",NA,"Argentina"
"537","Sub20_Administrative_Requirements",NA,"Argentina"
"538","I1101_starting_business_cost",5.3,"Argentina"
"539","I1102_starting_business_time",11,"Argentina"
"540","I1103_insolvency_recovery_rate",21.5,"Argentina"
"541","I1104_insolvency_regulations",9.5,"Argentina"
"542","Sub21_Entrepreneurial_Culture",NA,"Argentina"
"543","I1105_risk_attitudes",4,"Argentina"
"544","I1106_delegating_authority",4.2,"Argentina"
"545","I1107_innovating_companies",3.9,"Argentina"
"546","I1108_disruptive_ideas",3.7,"Argentina"
"547","P12_innovation",NA,"Argentina"
"548","Sub22_Diversity",NA,"Argentina"
"549","I1201_workforce_diversity",4.9,"Argentina"
"550","I1202_cluster_development",3.4,"Argentina"
"551","I1203_international_inventions",0.28,"Argentina"
"552","I1204_stakeholder_collaboration",3.6,"Argentina"
"553","Sub23_Research_Development",NA,"Argentina"
"554","I1205_scientific_publications",364.7,"Argentina"
"555","I1206_patents",1.44,"Argentina"
"556","I1207_RnD_expenditures",0.5,"Argentina"
"557","I1208_research_institutions",0.07,"Argentina"
"558","Sub24_Commercialization",NA,"Argentina"
"559","I1209_buyer_sophistication",3.5,"Argentina"
"560","I1210_trademarks",1406.05,"Argentina"
"561","P1_institutions",NA,"Armenia"
"562","Sub1_Security",NA,"Armenia"
"563","I101_organized_crime",5.6,"Armenia"
"564","I102_homicide",2.4,"Armenia"
"565","I103_terrorism",99.9,"Armenia"
"566","I104_police",5,"Armenia"
"567","Sub2_Social_Capital",NA,"Armenia"
"568","Sub2_Social_Capital",43,"Armenia"
"569","Sub3_Checks_Balances",NA,"Armenia"
"570","I106_transparency",NA,"Armenia"
"571","I107_judicial_independence",4,"Armenia"
"572","I108_challenging_regulations",3.9,"Armenia"
"573","I09_press_freedom",29,"Armenia"
"574","Sub4_Public_Sector",NA,"Armenia"
"575","I110_gov_burden",4.1,"Armenia"
"576","I111_settling_disputes",4,"Armenia"
"577","I112_e_participation",0.57,"Armenia"
"578","Sub5_Transparency",NA,"Armenia"
"579","I113_corruption",35,"Armenia"
"580","I114_property_rights",NA,"Armenia"
"581","I114_property_rights",4.8,"Armenia"
"582","I115_intellectual_property_protection",4.2,"Armenia"
"583","I116_land_administration",20.5,"Armenia"
"584","Sub6_Corporate_Governance",NA,"Armenia"
"585","I117_auditing_accounting_standards",4.7,"Armenia"
"586","I118_interest_conflict_regulation",6.7,"Armenia"
"587","I119_shareholder_governance",6,"Armenia"
"588","Sub7_Government_Orientation",NA,"Armenia"
"589","I120_policy_stability",4.2,"Armenia"
"590","I121_response_to_change",4,"Armenia"
"591","I122_digital_business_laws",4,"Armenia"
"592","I123_gov_long_term_vision",4.1,"Armenia"
"593","I124_energy_regulations",44.3,"Armenia"
"594","I125_renewable_energy",65.7,"Armenia"
"595","I126_environment_treaties",19,"Armenia"
"596","P2_infrastructure",NA,"Armenia"
"597","Sub8_Transport_Infrastructure",NA,"Armenia"
"598","I201_road_connectivity",58.6,"Armenia"
"599","I202_quality_of_roads",3.6,"Armenia"
"600","I203_railroad_density",24.1,"Armenia"
"601","I204_train_efficiency",3.1,"Armenia"
"602","I205_airport_connectivity",11238.7,"Armenia"
"603","I206_air_transport_efficiency",4.6,"Armenia"
"604","I207_shipping_connectivity",NA,"Armenia"
"605","I208_seaport_efficiency",2.4,"Armenia"
"606","Sub9_Utility_Infrastructure",NA,"Armenia"
"607","I209_electricity_access",100,"Armenia"
"608","I210_electricity_supply",11.1,"Armenia"
"609","I211_unsafe_drinking_water",3.1,"Armenia"
"610","I212_water_supply",5.2,"Armenia"
"611","P3_ICT_adoption",NA,"Armenia"
"612","I301_cellular_subscription",121.3,"Armenia"
"613","I302_mobile_broadband",75.9,"Armenia"
"614","I303_fixed_broadband",11.8,"Armenia"
"615","I304_fibre_internet",5.5,"Armenia"
"616","I305_internet_users",64.7,"Armenia"
"617","P4_macro_stability",NA,"Armenia"
"618","I401_inflation",1.7,"Armenia"
"619","I402_debt_dynamic",50,"Armenia"
"620","P5_health",NA,"Armenia"
"621","I501_healthy_life_expectancy",65.8,"Armenia"
"622","P6_skills",NA,"Armenia"
"623","Sub10_Workforce",NA,"Armenia"
"624","I601_years_of_schooling",12.5,"Armenia"
"625","Sub11_Workforce_Skills",NA,"Armenia"
"626","I602_staff_training",3.7,"Armenia"
"627","I603_vocational_training",3.9,"Armenia"
"628","I604_graduates_skillset",3.7,"Armenia"
"629","I605_digital_skills",4.5,"Armenia"
"630","I606_skilled_employees",4,"Armenia"
"631","Sub12_Future_Workforce",NA,"Armenia"
"632","I501_healthy_life_expectancy",13,"Armenia"
"633","Sub13_Future_Workforce_Skills",NA,"Armenia"
"634","I608_critical_thinking",3.6,"Armenia"
"635","I609_pupil_teacher_ratio",17.6,"Armenia"
"636","P7_product_market",NA,"Armenia"
"637","Sub14_Domestic_Competition",NA,"Armenia"
"638","I701_distortive_taxes",4.3,"Armenia"
"639","I702_market_dominance",4.6,"Armenia"
"640","I703_competition_services",5.5,"Armenia"
"641","Sub15_Trade_Openess",NA,"Armenia"
"642","I704_non_tariff_barriers",4.4,"Armenia"
"643","I705_trade_tariffs",4.27,"Armenia"
"644","I706_tariffs_complexity",4.2,"Armenia"
"645","I707_border_clearance",2.6,"Armenia"
"646","P8_labour_market",NA,"Armenia"
"647","Sub16_Flexibility",NA,"Armenia"
"648","I801_redundancy_costs",13,"Armenia"
"649","I802_hiring_firing_practices",4.4,"Armenia"
"650","I803_labour_employer_relations",4.9,"Armenia"
"651","I804_wage_flexibility",5.3,"Armenia"
"652","I805_labour_market_policies",3.2,"Armenia"
"653","I806_workers_rights",NA,"Armenia"
"654","I807_foreign_labour_hiring",5.2,"Armenia"
"655","I808_internal_labour_mobility",3.9,"Armenia"
"656","Sub17_Meritocracy",NA,"Armenia"
"657","I809_reliance_on_management",4.3,"Armenia"
"658","I810_pay_productivity",4.2,"Armenia"
"659","I811_gender_pay_gap",0.78,"Armenia"
"660","I812_labour_tax",0,"Armenia"
"661","P9_financial_system",NA,"Armenia"
"662","Sub18_Depth",NA,"Armenia"
"663","I901_credit_to_private_sector",48.7,"Armenia"
"664","I902_financing_SME",4.1,"Armenia"
"665","I903_venture_capital",3.3,"Armenia"
"666","I904_market_capitalization",2.4,"Armenia"
"667","I905_insurance_premium",NA,"Armenia"
"668","Sub19_Stability",NA,"Armenia"
"669","I906_banks_soundness",5.2,"Armenia"
"670","I907_non_performing_loans",5.4,"Armenia"
"671","I908_credit_gap",-1.2,"Armenia"
"672","I909_regulatory_capital",18.2,"Armenia"
"673","P10_market_size",NA,"Armenia"
"674","I1001_GDP_PPP",27,"Armenia"
"675","I1002_imports",57.5,"Armenia"
"676","P11_dynamism",NA,"Armenia"
"677","Sub20_Administrative_Requirements",NA,"Armenia"
"678","I1101_starting_business_cost",0.8,"Armenia"
"679","I1102_starting_business_time",3.5,"Armenia"
"680","I1103_insolvency_recovery_rate",38.2,"Armenia"
"681","I1104_insolvency_regulations",7.5,"Armenia"
"682","Sub21_Entrepreneurial_Culture",NA,"Armenia"
"683","I1105_risk_attitudes",4.5,"Armenia"
"684","I1106_delegating_authority",4.1,"Armenia"
"685","I1107_innovating_companies",4.2,"Armenia"
"686","I1108_disruptive_ideas",4,"Armenia"
"687","P12_innovation",NA,"Armenia"
"688","Sub22_Diversity",NA,"Armenia"
"689","I1201_workforce_diversity",4.2,"Armenia"
"690","I1202_cluster_development",3.8,"Armenia"
"691","I1203_international_inventions",0.79,"Armenia"
"692","I1204_stakeholder_collaboration",3.7,"Armenia"
"693","Sub23_Research_Development",NA,"Armenia"
"694","I1205_scientific_publications",162.3,"Armenia"
"695","I1206_patents",2.68,"Armenia"
"696","I1207_RnD_expenditures",0.2,"Armenia"
"697","I1208_research_institutions",0,"Armenia"
"698","Sub24_Commercialization",NA,"Armenia"
"699","I1209_buyer_sophistication",4.1,"Armenia"
"700","I1210_trademarks",781.1,"Armenia"
"701","P1_institutions",NA,"Australia"
"702","Sub1_Security",NA,"Australia"
"703","I101_organized_crime",5.6,"Australia"
"704","I102_homicide",0.8,"Australia"
"705","I103_terrorism",99.2,"Australia"
"706","I104_police",6,"Australia"
"707","Sub2_Social_Capital",NA,"Australia"
"708","Sub2_Social_Capital",66.8,"Australia"
"709","Sub3_Checks_Balances",NA,"Australia"
"710","I106_transparency",74,"Australia"
"711","I107_judicial_independence",6,"Australia"
"712","I108_challenging_regulations",4,"Australia"
"713","I09_press_freedom",16.5,"Australia"
"714","Sub4_Public_Sector",NA,"Australia"
"715","I110_gov_burden",3.4,"Australia"
"716","I111_settling_disputes",4.6,"Australia"
"717","I112_e_participation",0.98,"Australia"
"718","Sub5_Transparency",NA,"Australia"
"719","I113_corruption",77,"Australia"
"720","I114_property_rights",NA,"Australia"
"721","I114_property_rights",6.1,"Australia"
"722","I115_intellectual_property_protection",5.7,"Australia"
"723","I116_land_administration",20,"Australia"
"724","Sub6_Corporate_Governance",NA,"Australia"
"725","I117_auditing_accounting_standards",5.9,"Australia"
"726","I118_interest_conflict_regulation",6,"Australia"
"727","I119_shareholder_governance",6,"Australia"
"728","Sub7_Government_Orientation",NA,"Australia"
"729","I120_policy_stability",4.7,"Australia"
"730","I121_response_to_change",4.2,"Australia"
"731","I122_digital_business_laws",4.4,"Australia"
"732","I123_gov_long_term_vision",3.6,"Australia"
"733","I124_energy_regulations",84.3,"Australia"
"734","I125_renewable_energy",76.9,"Australia"
"735","I126_environment_treaties",24,"Australia"
"736","P2_infrastructure",NA,"Australia"
"737","Sub8_Transport_Infrastructure",NA,"Australia"
"738","I201_road_connectivity",94.5,"Australia"
"739","I202_quality_of_roads",4.9,"Australia"
"740","I203_railroad_density",1.1,"Australia"
"741","I204_train_efficiency",4.4,"Australia"
"742","I205_airport_connectivity",628785.9,"Australia"
"743","I206_air_transport_efficiency",5.5,"Australia"
"744","I207_shipping_connectivity",31,"Australia"
"745","I208_seaport_efficiency",4.8,"Australia"
"746","Sub9_Utility_Infrastructure",NA,"Australia"
"747","I209_electricity_access",100,"Australia"
"748","I210_electricity_supply",5.3,"Australia"
"749","I211_unsafe_drinking_water",1.7,"Australia"
"750","I212_water_supply",6.5,"Australia"
"751","P3_ICT_adoption",NA,"Australia"
"752","I301_cellular_subscription",113.6,"Australia"
"753","I302_mobile_broadband",134.1,"Australia"
"754","I303_fixed_broadband",32.2,"Australia"
"755","I304_fibre_internet",6.5,"Australia"
"756","I305_internet_users",86.5,"Australia"
"757","P4_macro_stability",NA,"Australia"
"758","I401_inflation",2,"Australia"
"759","I402_debt_dynamic",100,"Australia"
"760","P5_health",NA,"Australia"
"761","I501_healthy_life_expectancy",70.4,"Australia"
"762","P6_skills",NA,"Australia"
"763","Sub10_Workforce",NA,"Australia"
"764","I601_years_of_schooling",12.4,"Australia"
"765","Sub11_Workforce_Skills",NA,"Australia"
"766","I602_staff_training",4.8,"Australia"
"767","I603_vocational_training",4.8,"Australia"
"768","I604_graduates_skillset",4.8,"Australia"
"769","I605_digital_skills",5,"Australia"
"770","I606_skilled_employees",4.6,"Australia"
"771","Sub12_Future_Workforce",NA,"Australia"
"772","I501_healthy_life_expectancy",22.1,"Australia"
"773","Sub13_Future_Workforce_Skills",NA,"Australia"
"774","I608_critical_thinking",4.9,"Australia"
"775","I609_pupil_teacher_ratio",15.2,"Australia"
"776","P7_product_market",NA,"Australia"
"777","Sub14_Domestic_Competition",NA,"Australia"
"778","I701_distortive_taxes",4.4,"Australia"
"779","I702_market_dominance",4.3,"Australia"
"780","I703_competition_services",5.2,"Australia"
"781","Sub15_Trade_Openess",NA,"Australia"
"782","I704_non_tariff_barriers",5.3,"Australia"
"783","I705_trade_tariffs",1.62,"Australia"
"784","I706_tariffs_complexity",6.9,"Australia"
"785","I707_border_clearance",3.9,"Australia"
"786","P8_labour_market",NA,"Australia"
"787","Sub16_Flexibility",NA,"Australia"
"788","I801_redundancy_costs",12,"Australia"
"789","I802_hiring_firing_practices",3.3,"Australia"
"790","I803_labour_employer_relations",4.6,"Australia"
"791","I804_wage_flexibility",4.7,"Australia"
"792","I805_labour_market_policies",4.9,"Australia"
"793","I806_workers_rights",82,"Australia"
"794","I807_foreign_labour_hiring",3,"Australia"
"795","I808_internal_labour_mobility",4.3,"Australia"
"796","Sub17_Meritocracy",NA,"Australia"
"797","I809_reliance_on_management",5.9,"Australia"
"798","I810_pay_productivity",4.5,"Australia"
"799","I811_gender_pay_gap",0.95,"Australia"
"800","I812_labour_tax",21.1,"Australia"
"801","P9_financial_system",NA,"Australia"
"802","Sub18_Depth",NA,"Australia"
"803","I901_credit_to_private_sector",139.6,"Australia"
"804","I902_financing_SME",4.5,"Australia"
"805","I903_venture_capital",3.5,"Australia"
"806","I904_market_capitalization",102.3,"Australia"
"807","I905_insurance_premium",5.7,"Australia"
"808","Sub19_Stability",NA,"Australia"
"809","I906_banks_soundness",6.2,"Australia"
"810","I907_non_performing_loans",0.9,"Australia"
"811","I908_credit_gap",3.1,"Australia"
"812","I909_regulatory_capital",14,"Australia"
"813","P10_market_size",NA,"Australia"
"814","I1001_GDP_PPP",1172,"Australia"
"815","I1002_imports",21.6,"Australia"
"816","P11_dynamism",NA,"Australia"
"817","Sub20_Administrative_Requirements",NA,"Australia"
"818","I1101_starting_business_cost",0.7,"Australia"
"819","I1102_starting_business_time",2.5,"Australia"
"820","I1103_insolvency_recovery_rate",82.7,"Australia"
"821","I1104_insolvency_regulations",11,"Australia"
"822","Sub21_Entrepreneurial_Culture",NA,"Australia"
"823","I1105_risk_attitudes",4.4,"Australia"
"824","I1106_delegating_authority",5.6,"Australia"
"825","I1107_innovating_companies",4.6,"Australia"
"826","I1108_disruptive_ideas",4.2,"Australia"
"827","P12_innovation",NA,"Australia"
"828","Sub22_Diversity",NA,"Australia"
"829","I1201_workforce_diversity",5.7,"Australia"
"830","I1202_cluster_development",4.2,"Australia"
"831","I1203_international_inventions",5.7,"Australia"
"832","I1204_stakeholder_collaboration",4.3,"Australia"
"833","Sub23_Research_Development",NA,"Australia"
"834","I1205_scientific_publications",852.3,"Australia"
"835","I1206_patents",63.33,"Australia"
"836","I1207_RnD_expenditures",1.9,"Australia"
"837","I1208_research_institutions",0.28,"Australia"
"838","Sub24_Commercialization",NA,"Australia"
"839","I1209_buyer_sophistication",4.1,"Australia"
"840","I1210_trademarks",4123.55,"Australia"
"841","P1_institutions",NA,"Austria"
"842","Sub1_Security",NA,"Austria"
"843","I101_organized_crime",5.8,"Austria"
"844","I102_homicide",0.7,"Austria"
"845","I103_terrorism",99.9,"Austria"
"846","I104_police",6.2,"Austria"
"847","Sub2_Social_Capital",NA,"Austria"
"848","Sub2_Social_Capital",61.6,"Austria"
"849","Sub3_Checks_Balances",NA,"Austria"
"850","I106_transparency",NA,"Austria"
"851","I107_judicial_independence",5.7,"Austria"
"852","I108_challenging_regulations",4.2,"Austria"
"853","I09_press_freedom",15.3,"Austria"
"854","Sub4_Public_Sector",NA,"Austria"
"855","I110_gov_burden",3.7,"Austria"
"856","I111_settling_disputes",5.2,"Austria"
"857","I112_e_participation",0.83,"Austria"
"858","Sub5_Transparency",NA,"Austria"
"859","I113_corruption",76,"Austria"
"860","I114_property_rights",NA,"Austria"
"861","I114_property_rights",6.2,"Austria"
"862","I115_intellectual_property_protection",5.9,"Austria"
"863","I116_land_administration",23,"Austria"
"864","Sub6_Corporate_Governance",NA,"Austria"
"865","I117_auditing_accounting_standards",6.2,"Austria"
"866","I118_interest_conflict_regulation",5.7,"Austria"
"867","I119_shareholder_governance",8,"Austria"
"868","Sub7_Government_Orientation",NA,"Austria"
"869","I120_policy_stability",5.9,"Austria"
"870","I121_response_to_change",4.5,"Austria"
"871","I122_digital_business_laws",4.3,"Austria"
"872","I123_gov_long_term_vision",4.3,"Austria"
"873","I124_energy_regulations",73,"Austria"
"874","I125_renewable_energy",65.6,"Austria"
"875","I126_environment_treaties",24,"Austria"
"876","P2_infrastructure",NA,"Austria"
"877","Sub8_Transport_Infrastructure",NA,"Austria"
"878","I201_road_connectivity",81.9,"Austria"
"879","I202_quality_of_roads",6,"Austria"
"880","I203_railroad_density",60,"Austria"
"881","I204_train_efficiency",5.3,"Austria"
"882","I205_airport_connectivity",118724.5,"Austria"
"883","I206_air_transport_efficiency",5.2,"Austria"
"884","I207_shipping_connectivity",NA,"Austria"
"885","I208_seaport_efficiency",3.7,"Austria"
"886","Sub9_Utility_Infrastructure",NA,"Austria"
"887","I209_electricity_access",100,"Austria"
"888","I210_electricity_supply",4.4,"Austria"
"889","I211_unsafe_drinking_water",0.2,"Austria"
"890","I212_water_supply",6.9,"Austria"
"891","P3_ICT_adoption",NA,"Austria"
"892","I301_cellular_subscription",123.5,"Austria"
"893","I302_mobile_broadband",88,"Austria"
"894","I303_fixed_broadband",28.4,"Austria"
"895","I304_fibre_internet",0.6,"Austria"
"896","I305_internet_users",87.7,"Austria"
"897","P4_macro_stability",NA,"Austria"
"898","I401_inflation",2.2,"Austria"
"899","I402_debt_dynamic",100,"Austria"
"900","P5_health",NA,"Austria"
"901","I501_healthy_life_expectancy",70.4,"Austria"
"902","P6_skills",NA,"Austria"
"903","Sub10_Workforce",NA,"Austria"
"904","I601_years_of_schooling",12.6,"Austria"
"905","Sub11_Workforce_Skills",NA,"Austria"
"906","I602_staff_training",5.1,"Austria"
"907","I603_vocational_training",5.7,"Austria"
"908","I604_graduates_skillset",5.3,"Austria"
"909","I605_digital_skills",4.8,"Austria"
"910","I606_skilled_employees",4.5,"Austria"
"911","Sub12_Future_Workforce",NA,"Austria"
"912","I501_healthy_life_expectancy",16.3,"Austria"
"913","Sub13_Future_Workforce_Skills",NA,"Austria"
"914","I608_critical_thinking",4.1,"Austria"
"915","I609_pupil_teacher_ratio",10,"Austria"
"916","P7_product_market",NA,"Austria"
"917","Sub14_Domestic_Competition",NA,"Austria"
"918","I701_distortive_taxes",4.5,"Austria"
"919","I702_market_dominance",5,"Austria"
"920","I703_competition_services",5.6,"Austria"
"921","Sub15_Trade_Openess",NA,"Austria"
"922","I704_non_tariff_barriers",5,"Austria"
"923","I705_trade_tariffs",1.12,"Austria"
"924","I706_tariffs_complexity",2.9,"Austria"
"925","I707_border_clearance",3.7,"Austria"
"926","P8_labour_market",NA,"Austria"
"927","Sub16_Flexibility",NA,"Austria"
"928","I801_redundancy_costs",2,"Austria"
"929","I802_hiring_firing_practices",3.9,"Austria"
"930","I803_labour_employer_relations",5.5,"Austria"
"931","I804_wage_flexibility",2.5,"Austria"
"932","I805_labour_market_policies",5.7,"Austria"
"933","I806_workers_rights",NA,"Austria"
"934","I807_foreign_labour_hiring",3.7,"Austria"
"935","I808_internal_labour_mobility",3.7,"Austria"
"936","Sub17_Meritocracy",NA,"Austria"
"937","I809_reliance_on_management",5.4,"Austria"
"938","I810_pay_productivity",4.6,"Austria"
"939","I811_gender_pay_gap",0.89,"Austria"
"940","I812_labour_tax",33.8,"Austria"
"941","P9_financial_system",NA,"Austria"
"942","Sub18_Depth",NA,"Austria"
"943","I901_credit_to_private_sector",84.7,"Austria"
"944","I902_financing_SME",4.7,"Austria"
"945","I903_venture_capital",3.7,"Austria"
"946","I904_market_capitalization",30.8,"Austria"
"947","I905_insurance_premium",4.2,"Austria"
"948","Sub19_Stability",NA,"Austria"
"949","I906_banks_soundness",5.9,"Austria"
"950","I907_non_performing_loans",2.4,"Austria"
"951","I908_credit_gap",-4.2,"Austria"
"952","I909_regulatory_capital",17.8,"Austria"
"953","P10_market_size",NA,"Austria"
"954","I1001_GDP_PPP",412,"Austria"
"955","I1002_imports",55.7,"Austria"
"956","P11_dynamism",NA,"Austria"
"957","Sub20_Administrative_Requirements",NA,"Austria"
"958","I1101_starting_business_cost",4.8,"Austria"
"959","I1102_starting_business_time",21,"Austria"
"960","I1103_insolvency_recovery_rate",80.1,"Austria"
"961","I1104_insolvency_regulations",11,"Austria"
"962","Sub21_Entrepreneurial_Culture",NA,"Austria"
"963","I1105_risk_attitudes",3.9,"Austria"
"964","I1106_delegating_authority",5.2,"Austria"
"965","I1107_innovating_companies",4.6,"Austria"
"966","I1108_disruptive_ideas",3.7,"Austria"
"967","P12_innovation",NA,"Austria"
"968","Sub22_Diversity",NA,"Austria"
"969","I1201_workforce_diversity",4.5,"Austria"
"970","I1202_cluster_development",4.9,"Austria"
"971","I1203_international_inventions",36.15,"Austria"
"972","I1204_stakeholder_collaboration",4.8,"Austria"
"973","Sub23_Research_Development",NA,"Austria"
"974","I1205_scientific_publications",579,"Austria"
"975","I1206_patents",234.27,"Austria"
"976","I1207_RnD_expenditures",3.1,"Austria"
"977","I1208_research_institutions",0.06,"Austria"
"978","Sub24_Commercialization",NA,"Austria"
"979","I1209_buyer_sophistication",3.9,"Austria"
"980","I1210_trademarks",11700.63,"Austria"
"981","P1_institutions",NA,"Azerbaijan"
"982","Sub1_Security",NA,"Azerbaijan"
"983","I101_organized_crime",5.8,"Azerbaijan"
"984","I102_homicide",2,"Azerbaijan"
"985","I103_terrorism",99.7,"Azerbaijan"
"986","I104_police",5.6,"Azerbaijan"
"987","Sub2_Social_Capital",NA,"Azerbaijan"
"988","Sub2_Social_Capital",41.7,"Azerbaijan"
"989","Sub3_Checks_Balances",NA,"Azerbaijan"
"990","I106_transparency",34,"Azerbaijan"
"991","I107_judicial_independence",4.6,"Azerbaijan"
"992","I108_challenging_regulations",4.7,"Azerbaijan"
"993","I09_press_freedom",59.1,"Azerbaijan"
"994","Sub4_Public_Sector",NA,"Azerbaijan"
"995","I110_gov_burden",5.3,"Azerbaijan"
"996","I111_settling_disputes",4.6,"Azerbaijan"
"997","I112_e_participation",0.68,"Azerbaijan"
"998","Sub5_Transparency",NA,"Azerbaijan"
"999","I113_corruption",25,"Azerbaijan"
"1000","I114_property_rights",NA,"Azerbaijan"
"1001","I114_property_rights",5.1,"Azerbaijan"
"1002","I115_intellectual_property_protection",5.2,"Azerbaijan"
"1003","I116_land_administration",17.5,"Azerbaijan"
"1004","Sub6_Corporate_Governance",NA,"Azerbaijan"
"1005","I117_auditing_accounting_standards",4.9,"Azerbaijan"
"1006","I118_interest_conflict_regulation",7.7,"Azerbaijan"
"1007","I119_shareholder_governance",8.7,"Azerbaijan"
"1008","Sub7_Government_Orientation",NA,"Azerbaijan"
"1009","I120_policy_stability",5.4,"Azerbaijan"
"1010","I121_response_to_change",5.5,"Azerbaijan"
"1011","I122_digital_business_laws",4.6,"Azerbaijan"
"1012","I123_gov_long_term_vision",5.3,"Azerbaijan"
"1013","I124_energy_regulations",27.5,"Azerbaijan"
"1014","I125_renewable_energy",31.3,"Azerbaijan"
"1015","I126_environment_treaties",18,"Azerbaijan"
"1016","P2_infrastructure",NA,"Azerbaijan"
"1017","Sub8_Transport_Infrastructure",NA,"Azerbaijan"
"1018","I201_road_connectivity",69.1,"Azerbaijan"
"1019","I202_quality_of_roads",5.2,"Azerbaijan"
"1020","I203_railroad_density",25.8,"Azerbaijan"
"1021","I204_train_efficiency",5.2,"Azerbaijan"
"1022","I205_airport_connectivity",23795.6,"Azerbaijan"
"1023","I206_air_transport_efficiency",5.8,"Azerbaijan"
"1024","I207_shipping_connectivity",NA,"Azerbaijan"
"1025","I208_seaport_efficiency",5.1,"Azerbaijan"
"1026","Sub9_Utility_Infrastructure",NA,"Azerbaijan"
"1027","I209_electricity_access",100,"Azerbaijan"
"1028","I210_electricity_supply",9.8,"Azerbaijan"
"1029","I211_unsafe_drinking_water",10.3,"Azerbaijan"
"1030","I212_water_supply",5.2,"Azerbaijan"
"1031","P3_ICT_adoption",NA,"Azerbaijan"
"1032","I301_cellular_subscription",103.9,"Azerbaijan"
"1033","I302_mobile_broadband",59.6,"Azerbaijan"
"1034","I303_fixed_broadband",18.2,"Azerbaijan"
"1035","I304_fibre_internet",1.4,"Azerbaijan"
"1036","I305_internet_users",79.8,"Azerbaijan"
"1037","P4_macro_stability",NA,"Azerbaijan"
"1038","I401_inflation",7.6,"Azerbaijan"
"1039","I402_debt_dynamic",50,"Azerbaijan"
"1040","P5_health",NA,"Azerbaijan"
"1041","I501_healthy_life_expectancy",62,"Azerbaijan"
"1042","P6_skills",NA,"Azerbaijan"
"1043","Sub10_Workforce",NA,"Azerbaijan"
"1044","I601_years_of_schooling",10.5,"Azerbaijan"
"1045","Sub11_Workforce_Skills",NA,"Azerbaijan"
"1046","I602_staff_training",4.6,"Azerbaijan"
"1047","I603_vocational_training",4.5,"Azerbaijan"
"1048","I604_graduates_skillset",4.4,"Azerbaijan"
"1049","I605_digital_skills",5.1,"Azerbaijan"
"1050","I606_skilled_employees",4.8,"Azerbaijan"
"1051","Sub12_Future_Workforce",NA,"Azerbaijan"
"1052","I501_healthy_life_expectancy",NA,"Azerbaijan"
"1053","Sub13_Future_Workforce_Skills",NA,"Azerbaijan"
"1054","I608_critical_thinking",4.5,"Azerbaijan"
"1055","I609_pupil_teacher_ratio",15.5,"Azerbaijan"
"1056","P7_product_market",NA,"Azerbaijan"
"1057","Sub14_Domestic_Competition",NA,"Azerbaijan"
"1058","I701_distortive_taxes",5.4,"Azerbaijan"
"1059","I702_market_dominance",4.7,"Azerbaijan"
"1060","I703_competition_services",5.3,"Azerbaijan"
"1061","Sub15_Trade_Openess",NA,"Azerbaijan"
"1062","I704_non_tariff_barriers",5,"Azerbaijan"
"1063","I705_trade_tariffs",7.78,"Azerbaijan"
"1064","I706_tariffs_complexity",6.1,"Azerbaijan"
"1065","I707_border_clearance",2.6,"Azerbaijan"
"1066","P8_labour_market",NA,"Azerbaijan"
"1067","Sub16_Flexibility",NA,"Azerbaijan"
"1068","I801_redundancy_costs",13.7,"Azerbaijan"
"1069","I802_hiring_firing_practices",5.3,"Azerbaijan"
"1070","I803_labour_employer_relations",5.3,"Azerbaijan"
"1071","I804_wage_flexibility",5.9,"Azerbaijan"
"1072","I805_labour_market_policies",4.4,"Azerbaijan"
"1073","I806_workers_rights",NA,"Azerbaijan"
"1074","I807_foreign_labour_hiring",5.5,"Azerbaijan"
"1075","I808_internal_labour_mobility",4.6,"Azerbaijan"
"1076","Sub17_Meritocracy",NA,"Azerbaijan"
"1077","I809_reliance_on_management",4.8,"Azerbaijan"
"1078","I810_pay_productivity",5,"Azerbaijan"
"1079","I811_gender_pay_gap",0.7,"Azerbaijan"
"1080","I812_labour_tax",24.8,"Azerbaijan"
"1081","P9_financial_system",NA,"Azerbaijan"
"1082","Sub18_Depth",NA,"Azerbaijan"
"1083","I901_credit_to_private_sector",31.2,"Azerbaijan"
"1084","I902_financing_SME",4.7,"Azerbaijan"
"1085","I903_venture_capital",4.1,"Azerbaijan"
"1086","I904_market_capitalization",4.5,"Azerbaijan"
"1087","I905_insurance_premium",0.6,"Azerbaijan"
"1088","Sub19_Stability",NA,"Azerbaijan"
"1089","I906_banks_soundness",4.9,"Azerbaijan"
"1090","I907_non_performing_loans",13.8,"Azerbaijan"
"1091","I908_credit_gap",-9.2,"Azerbaijan"
"1092","I909_regulatory_capital",18.6,"Azerbaijan"
"1093","P10_market_size",NA,"Azerbaijan"
"1094","I1001_GDP_PPP",160,"Azerbaijan"
"1095","I1002_imports",38.9,"Azerbaijan"
"1096","P11_dynamism",NA,"Azerbaijan"
"1097","Sub20_Administrative_Requirements",NA,"Azerbaijan"
"1098","I1101_starting_business_cost",1.3,"Azerbaijan"
"1099","I1102_starting_business_time",3.5,"Azerbaijan"
"1100","I1103_insolvency_recovery_rate",40.1,"Azerbaijan"
"1101","I1104_insolvency_regulations",13.5,"Azerbaijan"
"1102","Sub21_Entrepreneurial_Culture",NA,"Azerbaijan"
"1103","I1105_risk_attitudes",4.8,"Azerbaijan"
"1104","I1106_delegating_authority",4.9,"Azerbaijan"
"1105","I1107_innovating_companies",4.8,"Azerbaijan"
"1106","I1108_disruptive_ideas",4.4,"Azerbaijan"
"1107","P12_innovation",NA,"Azerbaijan"
"1108","Sub22_Diversity",NA,"Azerbaijan"
"1109","I1201_workforce_diversity",5.2,"Azerbaijan"
"1110","I1202_cluster_development",4.5,"Azerbaijan"
"1111","I1203_international_inventions",0.04,"Azerbaijan"
"1112","I1204_stakeholder_collaboration",4.7,"Azerbaijan"
"1113","Sub23_Research_Development",NA,"Azerbaijan"
"1114","I1205_scientific_publications",88.7,"Azerbaijan"
"1115","I1206_patents",0.28,"Azerbaijan"
"1116","I1207_RnD_expenditures",0.2,"Azerbaijan"
"1117","I1208_research_institutions",0.01,"Azerbaijan"
"1118","Sub24_Commercialization",NA,"Azerbaijan"
"1119","I1209_buyer_sophistication",4.5,"Azerbaijan"
"1120","I1210_trademarks",138.01,"Azerbaijan"
"1121","P1_institutions",NA,"Bahrain"
"1122","Sub1_Security",NA,"Bahrain"
"1123","I101_organized_crime",6.6,"Bahrain"
"1124","I102_homicide",0.5,"Bahrain"
"1125","I103_terrorism",98.1,"Bahrain"
"1126","I104_police",6.4,"Bahrain"
"1127","Sub2_Social_Capital",NA,"Bahrain"
"1128","Sub2_Social_Capital",60.3,"Bahrain"
"1129","Sub3_Checks_Balances",NA,"Bahrain"
"1130","I106_transparency",NA,"Bahrain"
"1131","I107_judicial_independence",5,"Bahrain"
"1132","I108_challenging_regulations",4.3,"Bahrain"
"1133","I09_press_freedom",61.3,"Bahrain"
"1134","Sub4_Public_Sector",NA,"Bahrain"
"1135","I110_gov_burden",4.6,"Bahrain"
"1136","I111_settling_disputes",4.6,"Bahrain"
"1137","I112_e_participation",0.8,"Bahrain"
"1138","Sub5_Transparency",NA,"Bahrain"
"1139","I113_corruption",36,"Bahrain"
"1140","I114_property_rights",NA,"Bahrain"
"1141","I114_property_rights",5.7,"Bahrain"
"1142","I115_intellectual_property_protection",5.2,"Bahrain"
"1143","I116_land_administration",17.5,"Bahrain"
"1144","Sub6_Corporate_Governance",NA,"Bahrain"
"1145","I117_auditing_accounting_standards",5.7,"Bahrain"
"1146","I118_interest_conflict_regulation",5.7,"Bahrain"
"1147","I119_shareholder_governance",7.7,"Bahrain"
"1148","Sub7_Government_Orientation",NA,"Bahrain"
"1149","I120_policy_stability",5.5,"Bahrain"
"1150","I121_response_to_change",5.2,"Bahrain"
"1151","I122_digital_business_laws",NA,"Bahrain"
"1152","I123_gov_long_term_vision",5.7,"Bahrain"
"1153","I124_energy_regulations",28.3,"Bahrain"
"1154","I125_renewable_energy",27.3,"Bahrain"
"1155","I126_environment_treaties",17,"Bahrain"
"1156","P2_infrastructure",NA,"Bahrain"
"1157","Sub8_Transport_Infrastructure",NA,"Bahrain"
"1158","I201_road_connectivity",NA,"Bahrain"
"1159","I202_quality_of_roads",5.2,"Bahrain"
"1160","I203_railroad_density",NA,"Bahrain"
"1161","I204_train_efficiency",NA,"Bahrain"
"1162","I205_airport_connectivity",54997,"Bahrain"
"1163","I206_air_transport_efficiency",5.4,"Bahrain"
"1164","I207_shipping_connectivity",38.1,"Bahrain"
"1165","I208_seaport_efficiency",5.1,"Bahrain"
"1166","Sub9_Utility_Infrastructure",NA,"Bahrain"
"1167","I209_electricity_access",100,"Bahrain"
"1168","I210_electricity_supply",2.4,"Bahrain"
"1169","I211_unsafe_drinking_water",13.5,"Bahrain"
"1170","I212_water_supply",6.4,"Bahrain"
"1171","P3_ICT_adoption",NA,"Bahrain"
"1172","I301_cellular_subscription",NA,"Bahrain"
"1173","I302_mobile_broadband",NA,"Bahrain"
"1174","I303_fixed_broadband",NA,"Bahrain"
"1175","I304_fibre_internet",NA,"Bahrain"
"1176","I305_internet_users",NA,"Bahrain"
"1177","P4_macro_stability",NA,"Bahrain"
"1178","I401_inflation",NA,"Bahrain"
"1179","I402_debt_dynamic",NA,"Bahrain"
"1180","P5_health",NA,"Bahrain"
"1181","I501_healthy_life_expectancy",NA,"Bahrain"
"1182","P6_skills",NA,"Bahrain"
"1183","Sub10_Workforce",NA,"Bahrain"
"1184","I601_years_of_schooling",NA,"Bahrain"
"1185","Sub11_Workforce_Skills",NA,"Bahrain"
"1186","I602_staff_training",NA,"Bahrain"
"1187","I603_vocational_training",NA,"Bahrain"
"1188","I604_graduates_skillset",NA,"Bahrain"
"1189","I605_digital_skills",NA,"Bahrain"
"1190","I606_skilled_employees",NA,"Bahrain"
"1191","Sub12_Future_Workforce",NA,"Bahrain"
"1192","I501_healthy_life_expectancy",NA,"Bahrain"
"1193","Sub13_Future_Workforce_Skills",NA,"Bahrain"
"1194","I608_critical_thinking",NA,"Bahrain"
"1195","I609_pupil_teacher_ratio",NA,"Bahrain"
"1196","P7_product_market",NA,"Bahrain"
"1197","Sub14_Domestic_Competition",NA,"Bahrain"
"1198","I701_distortive_taxes",NA,"Bahrain"
"1199","I702_market_dominance",NA,"Bahrain"
"1200","I703_competition_services",NA,"Bahrain"
"1201","Sub15_Trade_Openess",NA,"Bahrain"
"1202","I704_non_tariff_barriers",NA,"Bahrain"
"1203","I705_trade_tariffs",NA,"Bahrain"
"1204","I706_tariffs_complexity",NA,"Bahrain"
"1205","I707_border_clearance",NA,"Bahrain"
"1206","P8_labour_market",NA,"Bahrain"
"1207","Sub16_Flexibility",NA,"Bahrain"
"1208","I801_redundancy_costs",NA,"Bahrain"
"1209","I802_hiring_firing_practices",NA,"Bahrain"
"1210","I803_labour_employer_relations",NA,"Bahrain"
"1211","I804_wage_flexibility",NA,"Bahrain"
"1212","I805_labour_market_policies",NA,"Bahrain"
"1213","I806_workers_rights",NA,"Bahrain"
"1214","I807_foreign_labour_hiring",NA,"Bahrain"
"1215","I808_internal_labour_mobility",NA,"Bahrain"
"1216","Sub17_Meritocracy",NA,"Bahrain"
"1217","I809_reliance_on_management",NA,"Bahrain"
"1218","I810_pay_productivity",NA,"Bahrain"
"1219","I811_gender_pay_gap",NA,"Bahrain"
"1220","I812_labour_tax",NA,"Bahrain"
"1221","P9_financial_system",NA,"Bahrain"
"1222","Sub18_Depth",NA,"Bahrain"
"1223","I901_credit_to_private_sector",73.7,"Bahrain"
"1224","I902_financing_SME",4.5,"Bahrain"
"1225","I903_venture_capital",4.2,"Bahrain"
"1226","I904_market_capitalization",61.2,"Bahrain"
"1227","I905_insurance_premium",1.5,"Bahrain"
"1228","Sub19_Stability",NA,"Bahrain"
"1229","I906_banks_soundness",5.7,"Bahrain"
"1230","I907_non_performing_loans",5.7,"Bahrain"
"1231","I908_credit_gap",-1.1,"Bahrain"
"1232","I909_regulatory_capital",19.5,"Bahrain"
"1233","P10_market_size",NA,"Bahrain"
"1234","I1001_GDP_PPP",66,"Bahrain"
"1235","I1002_imports",54.9,"Bahrain"
"1236","P11_dynamism",NA,"Bahrain"
"1237","Sub20_Administrative_Requirements",NA,"Bahrain"
"1238","I1101_starting_business_cost",1.1,"Bahrain"
"1239","I1102_starting_business_time",8.5,"Bahrain"
"1240","I1103_insolvency_recovery_rate",42.2,"Bahrain"
"1241","I1104_insolvency_regulations",7,"Bahrain"
"1242","Sub21_Entrepreneurial_Culture",NA,"Bahrain"
"1243","I1105_risk_attitudes",4.6,"Bahrain"
"1244","I1106_delegating_authority",4.9,"Bahrain"
"1245","I1107_innovating_companies",4.4,"Bahrain"
"1246","I1108_disruptive_ideas",4.1,"Bahrain"
"1247","P12_innovation",NA,"Bahrain"
"1248","Sub22_Diversity",NA,"Bahrain"
"1249","I1201_workforce_diversity",5.1,"Bahrain"
"1250","I1202_cluster_development",4.3,"Bahrain"
"1251","I1203_international_inventions",0.31,"Bahrain"
"1252","I1204_stakeholder_collaboration",4,"Bahrain"
"1253","Sub23_Research_Development",NA,"Bahrain"
"1254","I1205_scientific_publications",69.3,"Bahrain"
"1255","I1206_patents",2.01,"Bahrain"
"1256","I1207_RnD_expenditures",0.1,"Bahrain"
"1257","I1208_research_institutions",0,"Bahrain"
"1258","Sub24_Commercialization",NA,"Bahrain"
"1259","I1209_buyer_sophistication",4,"Bahrain"
"1260","I1210_trademarks",613.99,"Bahrain"
"1261","P1_institutions",NA,"Bangladesh"
"1262","Sub1_Security",NA,"Bangladesh"
"1263","I101_organized_crime",4,"Bangladesh"
"1264","I102_homicide",2.2,"Bangladesh"
"1265","I103_terrorism",85.9,"Bangladesh"
"1266","I104_police",3.5,"Bangladesh"
"1267","Sub2_Social_Capital",NA,"Bangladesh"
"1268","Sub2_Social_Capital",47.2,"Bangladesh"
"1269","Sub3_Checks_Balances",NA,"Bangladesh"
"1270","I106_transparency",41,"Bangladesh"
"1271","I107_judicial_independence",3.1,"Bangladesh"
"1272","I108_challenging_regulations",3.1,"Bangladesh"
"1273","I09_press_freedom",50.7,"Bangladesh"
"1274","Sub4_Public_Sector",NA,"Bangladesh"
"1275","I110_gov_burden",3.3,"Bangladesh"
"1276","I111_settling_disputes",3.3,"Bangladesh"
"1277","I112_e_participation",0.8,"Bangladesh"
"1278","Sub5_Transparency",NA,"Bangladesh"
"1279","I113_corruption",26,"Bangladesh"
"1280","I114_property_rights",NA,"Bangladesh"
"1281","I114_property_rights",4,"Bangladesh"
"1282","I115_intellectual_property_protection",3.2,"Bangladesh"
"1283","I116_land_administration",6.5,"Bangladesh"
"1284","Sub6_Corporate_Governance",NA,"Bangladesh"
"1285","I117_auditing_accounting_standards",3.6,"Bangladesh"
"1286","I118_interest_conflict_regulation",6.7,"Bangladesh"
"1287","I119_shareholder_governance",4.3,"Bangladesh"
"1288","Sub7_Government_Orientation",NA,"Bangladesh"
"1289","I120_policy_stability",3.7,"Bangladesh"
"1290","I121_response_to_change",3.8,"Bangladesh"
"1291","I122_digital_business_laws",3.3,"Bangladesh"
"1292","I123_gov_long_term_vision",4.5,"Bangladesh"
"1293","I124_energy_regulations",28.9,"Bangladesh"
"1294","I125_renewable_energy",42.3,"Bangladesh"
"1295","I126_environment_treaties",20,"Bangladesh"
"1296","P2_infrastructure",NA,"Bangladesh"
"1297","Sub8_Transport_Infrastructure",NA,"Bangladesh"
"1298","I201_road_connectivity",57.5,"Bangladesh"
"1299","I202_quality_of_roads",3.2,"Bangladesh"
"1300","I203_railroad_density",21.8,"Bangladesh"
"1301","I204_train_efficiency",3.1,"Bangladesh"
"1302","I205_airport_connectivity",48504.1,"Bangladesh"
"1303","I206_air_transport_efficiency",3.8,"Bangladesh"
"1304","I207_shipping_connectivity",12.1,"Bangladesh"
"1305","I208_seaport_efficiency",3.5,"Bangladesh"
"1306","Sub9_Utility_Infrastructure",NA,"Bangladesh"
"1307","I209_electricity_access",80,"Bangladesh"
"1308","I210_electricity_supply",10.7,"Bangladesh"
"1309","I211_unsafe_drinking_water",77.3,"Bangladesh"
"1310","I212_water_supply",3.7,"Bangladesh"
"1311","P3_ICT_adoption",NA,"Bangladesh"
"1312","I301_cellular_subscription",97.3,"Bangladesh"
"1313","I302_mobile_broadband",37.6,"Bangladesh"
"1314","I303_fixed_broadband",6.3,"Bangladesh"
"1315","I304_fibre_internet",2.5,"Bangladesh"
"1316","I305_internet_users",15,"Bangladesh"
"1317","P4_macro_stability",NA,"Bangladesh"
"1318","I401_inflation",5.6,"Bangladesh"
"1319","I402_debt_dynamic",50,"Bangladesh"
"1320","P5_health",NA,"Bangladesh"
"1321","I501_healthy_life_expectancy",63.1,"Bangladesh"
"1322","P6_skills",NA,"Bangladesh"
"1323","Sub10_Workforce",NA,"Bangladesh"
"1324","I601_years_of_schooling",6.1,"Bangladesh"
"1325","Sub11_Workforce_Skills",NA,"Bangladesh"
"1326","I602_staff_training",3.3,"Bangladesh"
"1327","I603_vocational_training",3.4,"Bangladesh"
"1328","I604_graduates_skillset",3.4,"Bangladesh"
"1329","I605_digital_skills",3.5,"Bangladesh"
"1330","I606_skilled_employees",3.7,"Bangladesh"
"1331","Sub12_Future_Workforce",NA,"Bangladesh"
"1332","I501_healthy_life_expectancy",11.2,"Bangladesh"
"1333","Sub13_Future_Workforce_Skills",NA,"Bangladesh"
"1334","I608_critical_thinking",2.9,"Bangladesh"
"1335","I609_pupil_teacher_ratio",30.1,"Bangladesh"
"1336","P7_product_market",NA,"Bangladesh"
"1337","Sub14_Domestic_Competition",NA,"Bangladesh"
"1338","I701_distortive_taxes",3.5,"Bangladesh"
"1339","I702_market_dominance",3,"Bangladesh"
"1340","I703_competition_services",4.6,"Bangladesh"
"1341","Sub15_Trade_Openess",NA,"Bangladesh"
"1342","I704_non_tariff_barriers",4.4,"Bangladesh"
"1343","I705_trade_tariffs",12.73,"Bangladesh"
"1344","I706_tariffs_complexity",6.5,"Bangladesh"
"1345","I707_border_clearance",2.3,"Bangladesh"
"1346","P8_labour_market",NA,"Bangladesh"
"1347","Sub16_Flexibility",NA,"Bangladesh"
"1348","I801_redundancy_costs",31,"Bangladesh"
"1349","I802_hiring_firing_practices",3.8,"Bangladesh"
"1350","I803_labour_employer_relations",4.1,"Bangladesh"
"1351","I804_wage_flexibility",4.8,"Bangladesh"
"1352","I805_labour_market_policies",2.6,"Bangladesh"
"1353","I806_workers_rights",61,"Bangladesh"
"1354","I807_foreign_labour_hiring",4,"Bangladesh"
"1355","I808_internal_labour_mobility",4.2,"Bangladesh"
"1356","Sub17_Meritocracy",NA,"Bangladesh"
"1357","I809_reliance_on_management",4,"Bangladesh"
"1358","I810_pay_productivity",3.8,"Bangladesh"
"1359","I811_gender_pay_gap",0.32,"Bangladesh"
"1360","I812_labour_tax",0,"Bangladesh"
"1361","P9_financial_system",NA,"Bangladesh"
"1362","Sub18_Depth",NA,"Bangladesh"
"1363","I901_credit_to_private_sector",45.8,"Bangladesh"
"1364","I902_financing_SME",3.7,"Bangladesh"
"1365","I903_venture_capital",2.5,"Bangladesh"
"1366","I904_market_capitalization",33.2,"Bangladesh"
"1367","I905_insurance_premium",0.7,"Bangladesh"
"1368","Sub19_Stability",NA,"Bangladesh"
"1369","I906_banks_soundness",3.3,"Bangladesh"
"1370","I907_non_performing_loans",8.9,"Bangladesh"
"1371","I908_credit_gap",-0.7,"Bangladesh"
"1372","I909_regulatory_capital",10.8,"Bangladesh"
"1373","P10_market_size",NA,"Bangladesh"
"1374","I1001_GDP_PPP",677,"Bangladesh"
"1375","I1002_imports",25,"Bangladesh"
"1376","P11_dynamism",NA,"Bangladesh"
"1377","Sub20_Administrative_Requirements",NA,"Bangladesh"
"1378","I1101_starting_business_cost",21.2,"Bangladesh"
"1379","I1102_starting_business_time",19.5,"Bangladesh"
"1380","I1103_insolvency_recovery_rate",29.2,"Bangladesh"
"1381","I1104_insolvency_regulations",4,"Bangladesh"
"1382","Sub21_Entrepreneurial_Culture",NA,"Bangladesh"
"1383","I1105_risk_attitudes",3.8,"Bangladesh"
"1384","I1106_delegating_authority",3.6,"Bangladesh"
"1385","I1107_innovating_companies",3.8,"Bangladesh"
"1386","I1108_disruptive_ideas",3.2,"Bangladesh"
"1387","P12_innovation",NA,"Bangladesh"
"1388","Sub22_Diversity",NA,"Bangladesh"
"1389","I1201_workforce_diversity",4.2,"Bangladesh"
"1390","I1202_cluster_development",3.6,"Bangladesh"
"1391","I1203_international_inventions",0.02,"Bangladesh"
"1392","I1204_stakeholder_collaboration",3,"Bangladesh"
"1393","Sub23_Research_Development",NA,"Bangladesh"
"1394","I1205_scientific_publications",168,"Bangladesh"
"1395","I1206_patents",0.04,"Bangladesh"
"1396","I1207_RnD_expenditures",NA,"Bangladesh"
"1397","I1208_research_institutions",0.02,"Bangladesh"
"1398","Sub24_Commercialization",NA,"Bangladesh"
"1399","I1209_buyer_sophistication",3.3,"Bangladesh"
"1400","I1210_trademarks",57.39,"Bangladesh"
"1401","P1_institutions",NA,"Barbados"
"1402","Sub1_Security",NA,"Barbados"
"1403","I101_organized_crime",4.7,"Barbados"
"1404","I102_homicide",10.5,"Barbados"
"1405","I103_terrorism",100,"Barbados"
"1406","I104_police",4.8,"Barbados"
"1407","Sub2_Social_Capital",NA,"Barbados"
"1408","Sub2_Social_Capital",NA,"Barbados"
"1409","Sub3_Checks_Balances",NA,"Barbados"
"1410","I106_transparency",NA,"Barbados"
"1411","I107_judicial_independence",4.2,"Barbados"
"1412","I108_challenging_regulations",2.6,"Barbados"
"1413","I09_press_freedom",NA,"Barbados"
"1414","Sub4_Public_Sector",NA,"Barbados"
"1415","I110_gov_burden",3,"Barbados"
"1416","I111_settling_disputes",2.5,"Barbados"
"1417","I112_e_participation",0.62,"Barbados"
"1418","Sub5_Transparency",NA,"Barbados"
"1419","I113_corruption",68,"Barbados"
"1420","I114_property_rights",NA,"Barbados"
"1421","I114_property_rights",4.5,"Barbados"
"1422","I115_intellectual_property_protection",4.2,"Barbados"
"1423","I116_land_administration",11.5,"Barbados"
"1424","Sub6_Corporate_Governance",NA,"Barbados"
"1425","I117_auditing_accounting_standards",5.1,"Barbados"
"1426","I118_interest_conflict_regulation",3.7,"Barbados"
"1427","I119_shareholder_governance",3.3,"Barbados"
"1428","Sub7_Government_Orientation",NA,"Barbados"
"1429","I120_policy_stability",4.2,"Barbados"
"1430","I121_response_to_change",3.9,"Barbados"
"1431","I122_digital_business_laws",NA,"Barbados"
"1432","I123_gov_long_term_vision",5.2,"Barbados"
"1433","I124_energy_regulations",NA,"Barbados"
"1434","I125_renewable_energy",NA,"Barbados"
"1435","I126_environment_treaties",18,"Barbados"
"1436","P2_infrastructure",NA,"Barbados"
"1437","Sub8_Transport_Infrastructure",NA,"Barbados"
"1438","I201_road_connectivity",62.9,"Barbados"
"1439","I202_quality_of_roads",3.2,"Barbados"
"1440","I203_railroad_density",NA,"Barbados"
"1441","I204_train_efficiency",NA,"Barbados"
"1442","I205_airport_connectivity",5392.7,"Barbados"
"1443","I206_air_transport_efficiency",4.7,"Barbados"
"1444","I207_shipping_connectivity",5.4,"Barbados"
"1445","I208_seaport_efficiency",NA,"Barbados"
"1446","Sub9_Utility_Infrastructure",NA,"Barbados"
"1447","I209_electricity_access",100,"Barbados"
"1448","I210_electricity_supply",NA,"Barbados"
"1449","I211_unsafe_drinking_water",21.7,"Barbados"
"1450","I212_water_supply",4.9,"Barbados"
"1451","P3_ICT_adoption",NA,"Barbados"
"1452","I301_cellular_subscription",122.6,"Barbados"
"1453","I302_mobile_broadband",44.2,"Barbados"
"1454","I303_fixed_broadband",34.1,"Barbados"
"1455","I304_fibre_internet",28,"Barbados"
"1456","I305_internet_users",81.8,"Barbados"
"1457","P4_macro_stability",NA,"Barbados"
"1458","I401_inflation",4,"Barbados"
"1459","I402_debt_dynamic",40,"Barbados"
"1460","P5_health",NA,"Barbados"
"1461","I501_healthy_life_expectancy",67.9,"Barbados"
"1462","P6_skills",NA,"Barbados"
"1463","Sub10_Workforce",NA,"Barbados"
"1464","I601_years_of_schooling",9.3,"Barbados"
"1465","Sub11_Workforce_Skills",NA,"Barbados"
"1466","I602_staff_training",4.1,"Barbados"
"1467","I603_vocational_training",4.1,"Barbados"
"1468","I604_graduates_skillset",4.1,"Barbados"
"1469","I605_digital_skills",3.9,"Barbados"
"1470","I606_skilled_employees",4.6,"Barbados"
"1471","Sub12_Future_Workforce",NA,"Barbados"
"1472","I501_healthy_life_expectancy",15.3,"Barbados"
"1473","Sub13_Future_Workforce_Skills",NA,"Barbados"
"1474","I608_critical_thinking",2.8,"Barbados"
"1475","I609_pupil_teacher_ratio",14.1,"Barbados"
"1476","P7_product_market",NA,"Barbados"
"1477","Sub14_Domestic_Competition",NA,"Barbados"
"1478","I701_distortive_taxes",3.4,"Barbados"
"1479","I702_market_dominance",2.7,"Barbados"
"1480","I703_competition_services",4.6,"Barbados"
"1481","Sub15_Trade_Openess",NA,"Barbados"
"1482","I704_non_tariff_barriers",4.9,"Barbados"
"1483","I705_trade_tariffs",14.47,"Barbados"
"1484","I706_tariffs_complexity",4.9,"Barbados"
"1485","I707_border_clearance",NA,"Barbados"
"1486","P8_labour_market",NA,"Barbados"
"1487","Sub16_Flexibility",NA,"Barbados"
"1488","I801_redundancy_costs",16.2,"Barbados"
"1489","I802_hiring_firing_practices",2.8,"Barbados"
"1490","I803_labour_employer_relations",4.1,"Barbados"
"1491","I804_wage_flexibility",4.8,"Barbados"
"1492","I805_labour_market_policies",3.3,"Barbados"
"1493","I806_workers_rights",84,"Barbados"
"1494","I807_foreign_labour_hiring",3.1,"Barbados"
"1495","I808_internal_labour_mobility",3.2,"Barbados"
"1496","Sub17_Meritocracy",NA,"Barbados"
"1497","I809_reliance_on_management",4.3,"Barbados"
"1498","I810_pay_productivity",3.4,"Barbados"
"1499","I811_gender_pay_gap",1.02,"Barbados"
"1500","I812_labour_tax",12.3,"Barbados"
"1501","P9_financial_system",NA,"Barbados"
"1502","Sub18_Depth",NA,"Barbados"
"1503","I901_credit_to_private_sector",NA,"Barbados"
"1504","I902_financing_SME",2.9,"Barbados"
"1505","I903_venture_capital",2,"Barbados"
"1506","I904_market_capitalization",70,"Barbados"
"1507","I905_insurance_premium",8.5,"Barbados"
"1508","Sub19_Stability",NA,"Barbados"
"1509","I906_banks_soundness",5.4,"Barbados"
"1510","I907_non_performing_loans",7.9,"Barbados"
"1511","I908_credit_gap",NA,"Barbados"
"1512","I909_regulatory_capital",16.6,"Barbados"
"1513","P10_market_size",NA,"Barbados"
"1514","I1001_GDP_PPP",5,"Barbados"
"1515","I1002_imports",40.7,"Barbados"
"1516","P11_dynamism",NA,"Barbados"
"1517","Sub20_Administrative_Requirements",NA,"Barbados"
"1518","I1101_starting_business_cost",7.3,"Barbados"
"1519","I1102_starting_business_time",15,"Barbados"
"1520","I1103_insolvency_recovery_rate",65.8,"Barbados"
"1521","I1104_insolvency_regulations",11,"Barbados"
"1522","Sub21_Entrepreneurial_Culture",NA,"Barbados"
"1523","I1105_risk_attitudes",3.3,"Barbados"
"1524","I1106_delegating_authority",4.4,"Barbados"
"1525","I1107_innovating_companies",3.3,"Barbados"
"1526","I1108_disruptive_ideas",2.6,"Barbados"
"1527","P12_innovation",NA,"Barbados"
"1528","Sub22_Diversity",NA,"Barbados"
"1529","I1201_workforce_diversity",4.7,"Barbados"
"1530","I1202_cluster_development",3.1,"Barbados"
"1531","I1203_international_inventions",1.95,"Barbados"
"1532","I1204_stakeholder_collaboration",3,"Barbados"
"1533","Sub23_Research_Development",NA,"Barbados"
"1534","I1205_scientific_publications",76.3,"Barbados"
"1535","I1206_patents",1.95,"Barbados"
"1536","I1207_RnD_expenditures",NA,"Barbados"
"1537","I1208_research_institutions",0,"Barbados"
"1538","Sub24_Commercialization",NA,"Barbados"
"1539","I1209_buyer_sophistication",3.5,"Barbados"
"1540","I1210_trademarks",6481.87,"Barbados"
"1541","P1_institutions",NA,"Belgium"
"1542","Sub1_Security",NA,"Belgium"
"1543","I101_organized_crime",5.7,"Belgium"
"1544","I102_homicide",1.7,"Belgium"
"1545","I103_terrorism",98,"Belgium"
"1546","I104_police",5.6,"Belgium"
"1547","Sub2_Social_Capital",NA,"Belgium"
"1548","Sub2_Social_Capital",59.1,"Belgium"
"1549","Sub3_Checks_Balances",NA,"Belgium"
"1550","I106_transparency",NA,"Belgium"
"1551","I107_judicial_independence",5.7,"Belgium"
"1552","I108_challenging_regulations",4.2,"Belgium"
"1553","I09_press_freedom",12.1,"Belgium"
"1554","Sub4_Public_Sector",NA,"Belgium"
"1555","I110_gov_burden",3.1,"Belgium"
"1556","I111_settling_disputes",4.2,"Belgium"
"1557","I112_e_participation",0.76,"Belgium"
"1558","Sub5_Transparency",NA,"Belgium"
"1559","I113_corruption",75,"Belgium"
"1560","I114_property_rights",NA,"Belgium"
"1561","I114_property_rights",5.7,"Belgium"
"1562","I115_intellectual_property_protection",6,"Belgium"
"1563","I116_land_administration",22.5,"Belgium"
"1564","Sub6_Corporate_Governance",NA,"Belgium"
"1565","I117_auditing_accounting_standards",5.8,"Belgium"
"1566","I118_interest_conflict_regulation",7,"Belgium"
"1567","I119_shareholder_governance",5.3,"Belgium"
"1568","Sub7_Government_Orientation",NA,"Belgium"
"1569","I120_policy_stability",4.5,"Belgium"
"1570","I121_response_to_change",3.7,"Belgium"
"1571","I122_digital_business_laws",3.8,"Belgium"
"1572","I123_gov_long_term_vision",3.4,"Belgium"
"1573","I124_energy_regulations",72.8,"Belgium"
"1574","I125_renewable_energy",68.7,"Belgium"
"1575","I126_environment_treaties",26,"Belgium"
"1576","P2_infrastructure",NA,"Belgium"
"1577","Sub8_Transport_Infrastructure",NA,"Belgium"
"1578","I201_road_connectivity",90.9,"Belgium"
"1579","I202_quality_of_roads",4.4,"Belgium"
"1580","I203_railroad_density",119,"Belgium"
"1581","I204_train_efficiency",4.1,"Belgium"
"1582","I205_airport_connectivity",97023.4,"Belgium"
"1583","I206_air_transport_efficiency",5.6,"Belgium"
"1584","I207_shipping_connectivity",91.1,"Belgium"
"1585","I208_seaport_efficiency",5.6,"Belgium"
"1586","Sub9_Utility_Infrastructure",NA,"Belgium"
"1587","I209_electricity_access",100,"Belgium"
"1588","I210_electricity_supply",4.2,"Belgium"
"1589","I211_unsafe_drinking_water",0.3,"Belgium"
"1590","I212_water_supply",6.8,"Belgium"
"1591","P3_ICT_adoption",NA,"Belgium"
"1592","I301_cellular_subscription",103.4,"Belgium"
"1593","I302_mobile_broadband",75.7,"Belgium"
"1594","I303_fixed_broadband",39.2,"Belgium"
"1595","I304_fibre_internet",0.2,"Belgium"
"1596","I305_internet_users",88.7,"Belgium"
"1597","P4_macro_stability",NA,"Belgium"
"1598","I401_inflation",2.3,"Belgium"
"1599","I402_debt_dynamic",100,"Belgium"
"1600","P5_health",NA,"Belgium"
"1601","I501_healthy_life_expectancy",69.6,"Belgium"
"1602","P6_skills",NA,"Belgium"
"1603","Sub10_Workforce",NA,"Belgium"
"1604","I601_years_of_schooling",11.8,"Belgium"
"1605","Sub11_Workforce_Skills",NA,"Belgium"
"1606","I602_staff_training",5,"Belgium"
"1607","I603_vocational_training",5.1,"Belgium"
"1608","I604_graduates_skillset",5,"Belgium"
"1609","I605_digital_skills",4.8,"Belgium"
"1610","I606_skilled_employees",4.7,"Belgium"
"1611","Sub12_Future_Workforce",NA,"Belgium"
"1612","I501_healthy_life_expectancy",19.7,"Belgium"
"1613","Sub13_Future_Workforce_Skills",NA,"Belgium"
"1614","I608_critical_thinking",4,"Belgium"
"1615","I609_pupil_teacher_ratio",11.3,"Belgium"
"1616","P7_product_market",NA,"Belgium"
"1617","Sub14_Domestic_Competition",NA,"Belgium"
"1618","I701_distortive_taxes",4.1,"Belgium"
"1619","I702_market_dominance",4.9,"Belgium"
"1620","I703_competition_services",5.4,"Belgium"
"1621","Sub15_Trade_Openess",NA,"Belgium"
"1622","I704_non_tariff_barriers",4.4,"Belgium"
"1623","I705_trade_tariffs",1.12,"Belgium"
"1624","I706_tariffs_complexity",2.9,"Belgium"
"1625","I707_border_clearance",3.7,"Belgium"
"1626","P8_labour_market",NA,"Belgium"
"1627","Sub16_Flexibility",NA,"Belgium"
"1628","I801_redundancy_costs",19.7,"Belgium"
"1629","I802_hiring_firing_practices",3.2,"Belgium"
"1630","I803_labour_employer_relations",4.6,"Belgium"
"1631","I804_wage_flexibility",4.5,"Belgium"
"1632","I805_labour_market_policies",4.6,"Belgium"
"1633","I806_workers_rights",89,"Belgium"
"1634","I807_foreign_labour_hiring",4.7,"Belgium"
"1635","I808_internal_labour_mobility",4,"Belgium"
"1636","Sub17_Meritocracy",NA,"Belgium"
"1637","I809_reliance_on_management",5.7,"Belgium"
"1638","I810_pay_productivity",4.4,"Belgium"
"1639","I811_gender_pay_gap",0.89,"Belgium"
"1640","I812_labour_tax",46.2,"Belgium"
"1641","P9_financial_system",NA,"Belgium"
"1642","Sub18_Depth",NA,"Belgium"
"1643","I901_credit_to_private_sector",64.1,"Belgium"
"1644","I902_financing_SME",4.5,"Belgium"
"1645","I903_venture_capital",3.8,"Belgium"
"1646","I904_market_capitalization",86.9,"Belgium"
"1647","I905_insurance_premium",6.1,"Belgium"
"1648","Sub19_Stability",NA,"Belgium"
"1649","I906_banks_soundness",5.3,"Belgium"
"1650","I907_non_performing_loans",2.9,"Belgium"
"1651","I908_credit_gap",6.1,"Belgium"
"1652","I909_regulatory_capital",18.8,"Belgium"
"1653","P10_market_size",NA,"Belgium"
"1654","I1001_GDP_PPP",489,"Belgium"
"1655","I1002_imports",108.6,"Belgium"
"1656","P11_dynamism",NA,"Belgium"
"1657","Sub20_Administrative_Requirements",NA,"Belgium"
"1658","I1101_starting_business_cost",5.4,"Belgium"
"1659","I1102_starting_business_time",4,"Belgium"
"1660","I1103_insolvency_recovery_rate",89.1,"Belgium"
"1661","I1104_insolvency_regulations",11.5,"Belgium"
"1662","Sub21_Entrepreneurial_Culture",NA,"Belgium"
"1663","I1105_risk_attitudes",3.8,"Belgium"
"1664","I1106_delegating_authority",5.5,"Belgium"
"1665","I1107_innovating_companies",4.5,"Belgium"
"1666","I1108_disruptive_ideas",4.2,"Belgium"
"1667","P12_innovation",NA,"Belgium"
"1668","Sub22_Diversity",NA,"Belgium"
"1669","I1201_workforce_diversity",4.8,"Belgium"
"1670","I1202_cluster_development",4.9,"Belgium"
"1671","I1203_international_inventions",23.85,"Belgium"
"1672","I1204_stakeholder_collaboration",4.8,"Belgium"
"1673","Sub23_Research_Development",NA,"Belgium"
"1674","I1205_scientific_publications",703.7,"Belgium"
"1675","I1206_patents",114.31,"Belgium"
"1676","I1207_RnD_expenditures",2.5,"Belgium"
"1677","I1208_research_institutions",0.08,"Belgium"
"1678","Sub24_Commercialization",NA,"Belgium"
"1679","I1209_buyer_sophistication",4.4,"Belgium"
"1680","I1210_trademarks",1381.65,"Belgium"
"1681","P1_institutions",NA,"Benin"
"1682","Sub1_Security",NA,"Benin"
"1683","I101_organized_crime",4.4,"Benin"
"1684","I102_homicide",1.1,"Benin"
"1685","I103_terrorism",100,"Benin"
"1686","I104_police",5,"Benin"
"1687","Sub2_Social_Capital",NA,"Benin"
"1688","Sub2_Social_Capital",38.5,"Benin"
"1689","Sub3_Checks_Balances",NA,"Benin"
"1690","I106_transparency",39,"Benin"
"1691","I107_judicial_independence",3.3,"Benin"
"1692","I108_challenging_regulations",3.6,"Benin"
"1693","I09_press_freedom",31.7,"Benin"
"1694","Sub4_Public_Sector",NA,"Benin"
"1695","I110_gov_burden",3.7,"Benin"
"1696","I111_settling_disputes",4.2,"Benin"
"1697","I112_e_participation",0.37,"Benin"
"1698","Sub5_Transparency",NA,"Benin"
"1699","I113_corruption",40,"Benin"
"1700","I114_property_rights",NA,"Benin"
"1701","I114_property_rights",3.9,"Benin"
"1702","I115_intellectual_property_protection",4,"Benin"
"1703","I116_land_administration",6.5,"Benin"
"1704","Sub6_Corporate_Governance",NA,"Benin"
"1705","I117_auditing_accounting_standards",3.8,"Benin"
"1706","I118_interest_conflict_regulation",4.3,"Benin"
"1707","I119_shareholder_governance",3.7,"Benin"
"1708","Sub7_Government_Orientation",NA,"Benin"
"1709","I120_policy_stability",4,"Benin"
"1710","I121_response_to_change",4.1,"Benin"
"1711","I122_digital_business_laws",3,"Benin"
"1712","I123_gov_long_term_vision",4.3,"Benin"
"1713","I124_energy_regulations",29.9,"Benin"
"1714","I125_renewable_energy",38.6,"Benin"
"1715","I126_environment_treaties",27,"Benin"
"1716","P2_infrastructure",NA,"Benin"
"1717","Sub8_Transport_Infrastructure",NA,"Benin"
"1718","I201_road_connectivity",81.1,"Benin"
"1719","I202_quality_of_roads",3.2,"Benin"
"1720","I203_railroad_density",3.9,"Benin"
"1721","I204_train_efficiency",1.7,"Benin"
"1722","I205_airport_connectivity",864.6,"Benin"
"1723","I206_air_transport_efficiency",3.9,"Benin"
"1724","I207_shipping_connectivity",17,"Benin"
"1725","I208_seaport_efficiency",3.7,"Benin"
"1726","Sub9_Utility_Infrastructure",NA,"Benin"
"1727","I209_electricity_access",30,"Benin"
"1728","I210_electricity_supply",19.4,"Benin"
"1729","I211_unsafe_drinking_water",67,"Benin"
"1730","I212_water_supply",3.5,"Benin"
"1731","P3_ICT_adoption",NA,"Benin"
"1732","I301_cellular_subscription",82.4,"Benin"
"1733","I302_mobile_broadband",19.8,"Benin"
"1734","I303_fixed_broadband",0.2,"Benin"
"1735","I304_fibre_internet",0,"Benin"
"1736","I305_internet_users",20,"Benin"
"1737","P4_macro_stability",NA,"Benin"
"1738","I401_inflation",0.6,"Benin"
"1739","I402_debt_dynamic",50,"Benin"
"1740","P5_health",NA,"Benin"
"1741","I501_healthy_life_expectancy",55.8,"Benin"
"1742","P6_skills",NA,"Benin"
"1743","Sub10_Workforce",NA,"Benin"
"1744","I601_years_of_schooling",3.4,"Benin"
"1745","Sub11_Workforce_Skills",NA,"Benin"
"1746","I602_staff_training",3.5,"Benin"
"1747","I603_vocational_training",4.3,"Benin"
"1748","I604_graduates_skillset",4,"Benin"
"1749","I605_digital_skills",3.7,"Benin"
"1750","I606_skilled_employees",4.6,"Benin"
"1751","Sub12_Future_Workforce",NA,"Benin"
"1752","I501_healthy_life_expectancy",12.6,"Benin"
"1753","Sub13_Future_Workforce_Skills",NA,"Benin"
"1754","I608_critical_thinking",3.6,"Benin"
"1755","I609_pupil_teacher_ratio",43.6,"Benin"
"1756","P7_product_market",NA,"Benin"
"1757","Sub14_Domestic_Competition",NA,"Benin"
"1758","I701_distortive_taxes",3.9,"Benin"
"1759","I702_market_dominance",4.2,"Benin"
"1760","I703_competition_services",4.7,"Benin"
"1761","Sub15_Trade_Openess",NA,"Benin"
"1762","I704_non_tariff_barriers",4.1,"Benin"
"1763","I705_trade_tariffs",10.19,"Benin"
"1764","I706_tariffs_complexity",6.7,"Benin"
"1765","I707_border_clearance",2.6,"Benin"
"1766","P8_labour_market",NA,"Benin"
"1767","Sub16_Flexibility",NA,"Benin"
"1768","I801_redundancy_costs",11.6,"Benin"
"1769","I802_hiring_firing_practices",4.7,"Benin"
"1770","I803_labour_employer_relations",4.5,"Benin"
"1771","I804_wage_flexibility",5.6,"Benin"
"1772","I805_labour_market_policies",2.2,"Benin"
"1773","I806_workers_rights",67,"Benin"
"1774","I807_foreign_labour_hiring",4.8,"Benin"
"1775","I808_internal_labour_mobility",5.1,"Benin"
"1776","Sub17_Meritocracy",NA,"Benin"
"1777","I809_reliance_on_management",4.2,"Benin"
"1778","I810_pay_productivity",3.5,"Benin"
"1779","I811_gender_pay_gap",0.29,"Benin"
"1780","I812_labour_tax",26.4,"Benin"
"1781","P9_financial_system",NA,"Benin"
"1782","Sub18_Depth",NA,"Benin"
"1783","I901_credit_to_private_sector",23.3,"Benin"
"1784","I902_financing_SME",3.4,"Benin"
"1785","I903_venture_capital",2.2,"Benin"
"1786","I904_market_capitalization",5.7,"Benin"
"1787","I905_insurance_premium",0.7,"Benin"
"1788","Sub19_Stability",NA,"Benin"
"1789","I906_banks_soundness",3.9,"Benin"
"1790","I907_non_performing_loans",18.6,"Benin"
"1791","I908_credit_gap",-3,"Benin"
"1792","I909_regulatory_capital",11.9,"Benin"
"1793","P10_market_size",NA,"Benin"
"1794","I1001_GDP_PPP",25,"Benin"
"1795","I1002_imports",43.4,"Benin"
"1796","P11_dynamism",NA,"Benin"
"1797","Sub20_Administrative_Requirements",NA,"Benin"
"1798","I1101_starting_business_cost",3.5,"Benin"
"1799","I1102_starting_business_time",8.5,"Benin"
"1800","I1103_insolvency_recovery_rate",23.3,"Benin"
"1801","I1104_insolvency_regulations",9,"Benin"
"1802","Sub21_Entrepreneurial_Culture",NA,"Benin"
"1803","I1105_risk_attitudes",3.2,"Benin"
"1804","I1106_delegating_authority",3.7,"Benin"
"1805","I1107_innovating_companies",3.5,"Benin"
"1806","I1108_disruptive_ideas",3.1,"Benin"
"1807","P12_innovation",NA,"Benin"
"1808","Sub22_Diversity",NA,"Benin"
"1809","I1201_workforce_diversity",4.2,"Benin"
"1810","I1202_cluster_development",3.2,"Benin"
"1811","I1203_international_inventions",0,"Benin"
"1812","I1204_stakeholder_collaboration",3.5,"Benin"
"1813","Sub23_Research_Development",NA,"Benin"
"1814","I1205_scientific_publications",81.3,"Benin"
"1815","I1206_patents",0,"Benin"
"1816","I1207_RnD_expenditures",NA,"Benin"
"1817","I1208_research_institutions",0,"Benin"
"1818","Sub24_Commercialization",NA,"Benin"
"1819","I1209_buyer_sophistication",2.4,"Benin"
"1820","I1210_trademarks",157.04,"Benin"
"1821","P1_institutions",NA,"Bolivia"
"1822","Sub1_Security",NA,"Bolivia"
"1823","I101_organized_crime",4.5,"Bolivia"
"1824","I102_homicide",6.3,"Bolivia"
"1825","I103_terrorism",100,"Bolivia"
"1826","I104_police",2.6,"Bolivia"
"1827","Sub2_Social_Capital",NA,"Bolivia"
"1828","Sub2_Social_Capital",48,"Bolivia"
"1829","Sub3_Checks_Balances",NA,"Bolivia"
"1830","I106_transparency",10,"Bolivia"
"1831","I107_judicial_independence",1.3,"Bolivia"
"1832","I108_challenging_regulations",1.6,"Bolivia"
"1833","I09_press_freedom",35.4,"Bolivia"
"1834","Sub4_Public_Sector",NA,"Bolivia"
"1835","I110_gov_burden",2.1,"Bolivia"
"1836","I111_settling_disputes",2.1,"Bolivia"
"1837","I112_e_participation",0.58,"Bolivia"
"1838","Sub5_Transparency",NA,"Bolivia"
"1839","I113_corruption",29,"Bolivia"
"1840","I114_property_rights",NA,"Bolivia"
"1841","I114_property_rights",2.7,"Bolivia"
"1842","I115_intellectual_property_protection",2.5,"Bolivia"
"1843","I116_land_administration",7,"Bolivia"
"1844","Sub6_Corporate_Governance",NA,"Bolivia"
"1845","I117_auditing_accounting_standards",4.7,"Bolivia"
"1846","I118_interest_conflict_regulation",4,"Bolivia"
"1847","I119_shareholder_governance",4,"Bolivia"
"1848","Sub7_Government_Orientation",NA,"Bolivia"
"1849","I120_policy_stability",2.4,"Bolivia"
"1850","I121_response_to_change",2.5,"Bolivia"
"1851","I122_digital_business_laws",2,"Bolivia"
"1852","I123_gov_long_term_vision",2.8,"Bolivia"
"1853","I124_energy_regulations",31.9,"Bolivia"
"1854","I125_renewable_energy",50.6,"Bolivia"
"1855","I126_environment_treaties",22,"Bolivia"
"1856","P2_infrastructure",NA,"Bolivia"
"1857","Sub8_Transport_Infrastructure",NA,"Bolivia"
"1858","I201_road_connectivity",56.7,"Bolivia"
"1859","I202_quality_of_roads",3.5,"Bolivia"
"1860","I203_railroad_density",3.2,"Bolivia"
"1861","I204_train_efficiency",2.6,"Bolivia"
"1862","I205_airport_connectivity",8226.7,"Bolivia"
"1863","I206_air_transport_efficiency",3.6,"Bolivia"
"1864","I207_shipping_connectivity",NA,"Bolivia"
"1865","I208_seaport_efficiency",2,"Bolivia"
"1866","Sub9_Utility_Infrastructure",NA,"Bolivia"
"1867","I209_electricity_access",88.1,"Bolivia"
"1868","I210_electricity_supply",12.4,"Bolivia"
"1869","I211_unsafe_drinking_water",18.2,"Bolivia"
"1870","I212_water_supply",4.4,"Bolivia"
"1871","P3_ICT_adoption",NA,"Bolivia"
"1872","I301_cellular_subscription",100.8,"Bolivia"
"1873","I302_mobile_broadband",79.9,"Bolivia"
"1874","I303_fixed_broadband",4.4,"Bolivia"
"1875","I304_fibre_internet",1.3,"Bolivia"
"1876","I305_internet_users",43.8,"Bolivia"
"1877","P4_macro_stability",NA,"Bolivia"
"1878","I401_inflation",2.6,"Bolivia"
"1879","I402_debt_dynamic",48.4,"Bolivia"
"1880","P5_health",NA,"Bolivia"
"1881","I501_healthy_life_expectancy",63.6,"Bolivia"
"1882","P6_skills",NA,"Bolivia"
"1883","Sub10_Workforce",NA,"Bolivia"
"1884","I601_years_of_schooling",8.9,"Bolivia"
"1885","Sub11_Workforce_Skills",NA,"Bolivia"
"1886","I602_staff_training",3.2,"Bolivia"
"1887","I603_vocational_training",3.6,"Bolivia"
"1888","I604_graduates_skillset",3.5,"Bolivia"
"1889","I605_digital_skills",3.2,"Bolivia"
"1890","I606_skilled_employees",3.7,"Bolivia"
"1891","Sub12_Future_Workforce",NA,"Bolivia"
"1892","I501_healthy_life_expectancy",NA,"Bolivia"
"1893","Sub13_Future_Workforce_Skills",NA,"Bolivia"
"1894","I608_critical_thinking",2.6,"Bolivia"
"1895","I609_pupil_teacher_ratio",18.8,"Bolivia"
"1896","P7_product_market",NA,"Bolivia"
"1897","Sub14_Domestic_Competition",NA,"Bolivia"
"1898","I701_distortive_taxes",2,"Bolivia"
"1899","I702_market_dominance",3.4,"Bolivia"
"1900","I703_competition_services",4.4,"Bolivia"
"1901","Sub15_Trade_Openess",NA,"Bolivia"
"1902","I704_non_tariff_barriers",4,"Bolivia"
"1903","I705_trade_tariffs",9.5,"Bolivia"
"1904","I706_tariffs_complexity",6,"Bolivia"
"1905","I707_border_clearance",2.3,"Bolivia"
"1906","P8_labour_market",NA,"Bolivia"
"1907","Sub16_Flexibility",NA,"Bolivia"
"1908","I801_redundancy_costs",NA,"Bolivia"
"1909","I802_hiring_firing_practices",2.2,"Bolivia"
"1910","I803_labour_employer_relations",3.5,"Bolivia"
"1911","I804_wage_flexibility",4,"Bolivia"
"1912","I805_labour_market_policies",2,"Bolivia"
"1913","I806_workers_rights",72,"Bolivia"
"1914","I807_foreign_labour_hiring",3.7,"Bolivia"
"1915","I808_internal_labour_mobility",5.4,"Bolivia"
"1916","Sub17_Meritocracy",NA,"Bolivia"
"1917","I809_reliance_on_management",3.4,"Bolivia"
"1918","I810_pay_productivity",2.9,"Bolivia"
"1919","I811_gender_pay_gap",0.62,"Bolivia"
"1920","I812_labour_tax",18.8,"Bolivia"
"1921","P9_financial_system",NA,"Bolivia"
"1922","Sub18_Depth",NA,"Bolivia"
"1923","I901_credit_to_private_sector",62.2,"Bolivia"
"1924","I902_financing_SME",4.1,"Bolivia"
"1925","I903_venture_capital",2.6,"Bolivia"
"1926","I904_market_capitalization",20.8,"Bolivia"
"1927","I905_insurance_premium",1.1,"Bolivia"
"1928","Sub19_Stability",NA,"Bolivia"
"1929","I906_banks_soundness",5.3,"Bolivia"
"1930","I907_non_performing_loans",1.7,"Bolivia"
"1931","I908_credit_gap",9.7,"Bolivia"
"1932","I909_regulatory_capital",13,"Bolivia"
"1933","P10_market_size",NA,"Bolivia"
"1934","I1001_GDP_PPP",75,"Bolivia"
"1935","I1002_imports",31.7,"Bolivia"
"1936","P11_dynamism",NA,"Bolivia"
"1937","Sub20_Administrative_Requirements",NA,"Bolivia"
"1938","I1101_starting_business_cost",46,"Bolivia"
"1939","I1102_starting_business_time",43.5,"Bolivia"
"1940","I1103_insolvency_recovery_rate",40.8,"Bolivia"
"1941","I1104_insolvency_regulations",6.5,"Bolivia"
"1942","Sub21_Entrepreneurial_Culture",NA,"Bolivia"
"1943","I1105_risk_attitudes",3.7,"Bolivia"
"1944","I1106_delegating_authority",3.6,"Bolivia"
"1945","I1107_innovating_companies",3.2,"Bolivia"
"1946","I1108_disruptive_ideas",2.8,"Bolivia"
"1947","P12_innovation",NA,"Bolivia"
"1948","Sub22_Diversity",NA,"Bolivia"
"1949","I1201_workforce_diversity",3.9,"Bolivia"
"1950","I1202_cluster_development",2.8,"Bolivia"
"1951","I1203_international_inventions",0.01,"Bolivia"
"1952","I1204_stakeholder_collaboration",2.9,"Bolivia"
"1953","Sub23_Research_Development",NA,"Bolivia"
"1954","I1205_scientific_publications",110.7,"Bolivia"
"1955","I1206_patents",0.04,"Bolivia"
"1956","I1207_RnD_expenditures",0.2,"Bolivia"
"1957","I1208_research_institutions",0,"Bolivia"
"1958","Sub24_Commercialization",NA,"Bolivia"
"1959","I1209_buyer_sophistication",2.7,"Bolivia"
"1960","I1210_trademarks",312.05,"Bolivia"
"1961","P1_institutions",NA,"Bosnia and Herzegovina"
"1962","Sub1_Security",NA,"Bosnia and Herzegovina"
"1963","I101_organized_crime",4,"Bosnia and Herzegovina"
"1964","I102_homicide",1.2,"Bosnia and Herzegovina"
"1965","I103_terrorism",99.9,"Bosnia and Herzegovina"
"1966","I104_police",3.7,"Bosnia and Herzegovina"
"1967","Sub2_Social_Capital",NA,"Bosnia and Herzegovina"
"1968","Sub2_Social_Capital",NA,"Bosnia and Herzegovina"
"1969","Sub3_Checks_Balances",NA,"Bosnia and Herzegovina"
"1970","I106_transparency",35,"Bosnia and Herzegovina"
"1971","I107_judicial_independence",2.2,"Bosnia and Herzegovina"
"1972","I108_challenging_regulations",1.8,"Bosnia and Herzegovina"
"1973","I09_press_freedom",29,"Bosnia and Herzegovina"
"1974","Sub4_Public_Sector",NA,"Bosnia and Herzegovina"
"1975","I110_gov_burden",2.1,"Bosnia and Herzegovina"
"1976","I111_settling_disputes",2.1,"Bosnia and Herzegovina"
"1977","I112_e_participation",0.43,"Bosnia and Herzegovina"
"1978","Sub5_Transparency",NA,"Bosnia and Herzegovina"
"1979","I113_corruption",38,"Bosnia and Herzegovina"
"1980","I114_property_rights",NA,"Bosnia and Herzegovina"
"1981","I114_property_rights",3.3,"Bosnia and Herzegovina"
"1982","I115_intellectual_property_protection",2.9,"Bosnia and Herzegovina"
"1983","I116_land_administration",13,"Bosnia and Herzegovina"
"1984","Sub6_Corporate_Governance",NA,"Bosnia and Herzegovina"
"1985","I117_auditing_accounting_standards",3.7,"Bosnia and Herzegovina"
"1986","I118_interest_conflict_regulation",4.7,"Bosnia and Herzegovina"
"1987","I119_shareholder_governance",7,"Bosnia and Herzegovina"
"1988","Sub7_Government_Orientation",NA,"Bosnia and Herzegovina"
"1989","I120_policy_stability",2.3,"Bosnia and Herzegovina"
"1990","I121_response_to_change",2,"Bosnia and Herzegovina"
"1991","I122_digital_business_laws",2.4,"Bosnia and Herzegovina"
"1992","I123_gov_long_term_vision",1.9,"Bosnia and Herzegovina"
"1993","I124_energy_regulations",NA,"Bosnia and Herzegovina"
"1994","I125_renewable_energy",NA,"Bosnia and Herzegovina"
"1995","I126_environment_treaties",16,"Bosnia and Herzegovina"
"1996","P2_infrastructure",NA,"Bosnia and Herzegovina"
"1997","Sub8_Transport_Infrastructure",NA,"Bosnia and Herzegovina"
"1998","I201_road_connectivity",66.8,"Bosnia and Herzegovina"
"1999","I202_quality_of_roads",2.8,"Bosnia and Herzegovina"
"2000","I203_railroad_density",19.9,"Bosnia and Herzegovina"
"2001","I204_train_efficiency",2.2,"Bosnia and Herzegovina"
"2002","I205_airport_connectivity",8944.1,"Bosnia and Herzegovina"
"2003","I206_air_transport_efficiency",3.5,"Bosnia and Herzegovina"
"2004","I207_shipping_connectivity",NA,"Bosnia and Herzegovina"
"2005","I208_seaport_efficiency",2.1,"Bosnia and Herzegovina"
"2006","Sub9_Utility_Infrastructure",NA,"Bosnia and Herzegovina"
"2007","I209_electricity_access",100,"Bosnia and Herzegovina"
"2008","I210_electricity_supply",9.7,"Bosnia and Herzegovina"
"2009","I211_unsafe_drinking_water",7.2,"Bosnia and Herzegovina"
"2010","I212_water_supply",4.4,"Bosnia and Herzegovina"
"2011","P3_ICT_adoption",NA,"Bosnia and Herzegovina"
"2012","I301_cellular_subscription",104.1,"Bosnia and Herzegovina"
"2013","I302_mobile_broadband",55.4,"Bosnia and Herzegovina"
"2014","I303_fixed_broadband",20.9,"Bosnia and Herzegovina"
"2015","I304_fibre_internet",0.1,"Bosnia and Herzegovina"
"2016","I305_internet_users",70.1,"Bosnia and Herzegovina"
"2017","P4_macro_stability",NA,"Bosnia and Herzegovina"
"2018","I401_inflation",1.3,"Bosnia and Herzegovina"
"2019","I402_debt_dynamic",50,"Bosnia and Herzegovina"
"2020","P5_health",NA,"Bosnia and Herzegovina"
"2021","I501_healthy_life_expectancy",65.7,"Bosnia and Herzegovina"
"2022","P6_skills",NA,"Bosnia and Herzegovina"
"2023","Sub10_Workforce",NA,"Bosnia and Herzegovina"
"2024","I601_years_of_schooling",9.7,"Bosnia and Herzegovina"
"2025","Sub11_Workforce_Skills",NA,"Bosnia and Herzegovina"
"2026","I602_staff_training",3.1,"Bosnia and Herzegovina"
"2027","I603_vocational_training",3.1,"Bosnia and Herzegovina"
"2028","I604_graduates_skillset",3.1,"Bosnia and Herzegovina"
"2029","I605_digital_skills",3.7,"Bosnia and Herzegovina"
"2030","I606_skilled_employees",3.3,"Bosnia and Herzegovina"
"2031","Sub12_Future_Workforce",NA,"Bosnia and Herzegovina"
"2032","I501_healthy_life_expectancy",NA,"Bosnia and Herzegovina"
"2033","Sub13_Future_Workforce_Skills",NA,"Bosnia and Herzegovina"
"2034","I608_critical_thinking",2.5,"Bosnia and Herzegovina"
"2035","I609_pupil_teacher_ratio",17.2,"Bosnia and Herzegovina"
"2036","P7_product_market",NA,"Bosnia and Herzegovina"
"2037","Sub14_Domestic_Competition",NA,"Bosnia and Herzegovina"
"2038","I701_distortive_taxes",3.1,"Bosnia and Herzegovina"
"2039","I702_market_dominance",3.2,"Bosnia and Herzegovina"
"2040","I703_competition_services",4.2,"Bosnia and Herzegovina"
"2041","Sub15_Trade_Openess",NA,"Bosnia and Herzegovina"
"2042","I704_non_tariff_barriers",4.7,"Bosnia and Herzegovina"
"2043","I705_trade_tariffs",5.11,"Bosnia and Herzegovina"
"2044","I706_tariffs_complexity",4.6,"Bosnia and Herzegovina"
"2045","I707_border_clearance",2.6,"Bosnia and Herzegovina"
"2046","P8_labour_market",NA,"Bosnia and Herzegovina"
"2047","Sub16_Flexibility",NA,"Bosnia and Herzegovina"
"2048","I801_redundancy_costs",9.2,"Bosnia and Herzegovina"
"2049","I802_hiring_firing_practices",2.9,"Bosnia and Herzegovina"
"2050","I803_labour_employer_relations",3.5,"Bosnia and Herzegovina"
"2051","I804_wage_flexibility",5.2,"Bosnia and Herzegovina"
"2052","I805_labour_market_policies",2.8,"Bosnia and Herzegovina"
"2053","I806_workers_rights",73,"Bosnia and Herzegovina"
"2054","I807_foreign_labour_hiring",3.2,"Bosnia and Herzegovina"
"2055","I808_internal_labour_mobility",3.8,"Bosnia and Herzegovina"
"2056","Sub17_Meritocracy",NA,"Bosnia and Herzegovina"
"2057","I809_reliance_on_management",3.2,"Bosnia and Herzegovina"
"2058","I810_pay_productivity",3.3,"Bosnia and Herzegovina"
"2059","I811_gender_pay_gap",0.58,"Bosnia and Herzegovina"
"2060","I812_labour_tax",13.6,"Bosnia and Herzegovina"
"2061","P9_financial_system",NA,"Bosnia and Herzegovina"
"2062","Sub18_Depth",NA,"Bosnia and Herzegovina"
"2063","I901_credit_to_private_sector",53.7,"Bosnia and Herzegovina"
"2064","I902_financing_SME",3.5,"Bosnia and Herzegovina"
"2065","I903_venture_capital",2.3,"Bosnia and Herzegovina"
"2066","I904_market_capitalization",28,"Bosnia and Herzegovina"
"2067","I905_insurance_premium",1.9,"Bosnia and Herzegovina"
"2068","Sub19_Stability",NA,"Bosnia and Herzegovina"
"2069","I906_banks_soundness",4.8,"Bosnia and Herzegovina"
"2070","I907_non_performing_loans",10,"Bosnia and Herzegovina"
"2071","I908_credit_gap",-4.2,"Bosnia and Herzegovina"
"2072","I909_regulatory_capital",15.5,"Bosnia and Herzegovina"
"2073","P10_market_size",NA,"Bosnia and Herzegovina"
"2074","I1001_GDP_PPP",42,"Bosnia and Herzegovina"
"2075","I1002_imports",63.4,"Bosnia and Herzegovina"
"2076","P11_dynamism",NA,"Bosnia and Herzegovina"
"2077","Sub20_Administrative_Requirements",NA,"Bosnia and Herzegovina"
"2078","I1101_starting_business_cost",14.9,"Bosnia and Herzegovina"
"2079","I1102_starting_business_time",81,"Bosnia and Herzegovina"
"2080","I1103_insolvency_recovery_rate",38.9,"Bosnia and Herzegovina"
"2081","I1104_insolvency_regulations",15,"Bosnia and Herzegovina"
"2082","Sub21_Entrepreneurial_Culture",NA,"Bosnia and Herzegovina"
"2083","I1105_risk_attitudes",3.5,"Bosnia and Herzegovina"
"2084","I1106_delegating_authority",3.6,"Bosnia and Herzegovina"
"2085","I1107_innovating_companies",3.4,"Bosnia and Herzegovina"
"2086","I1108_disruptive_ideas",3.3,"Bosnia and Herzegovina"
"2087","P12_innovation",NA,"Bosnia and Herzegovina"
"2088","Sub22_Diversity",NA,"Bosnia and Herzegovina"
"2089","I1201_workforce_diversity",3.9,"Bosnia and Herzegovina"
"2090","I1202_cluster_development",3,"Bosnia and Herzegovina"
"2091","I1203_international_inventions",0.15,"Bosnia and Herzegovina"
"2092","I1204_stakeholder_collaboration",2.9,"Bosnia and Herzegovina"
"2093","Sub23_Research_Development",NA,"Bosnia and Herzegovina"
"2094","I1205_scientific_publications",80.3,"Bosnia and Herzegovina"
"2095","I1206_patents",0.53,"Bosnia and Herzegovina"
"2096","I1207_RnD_expenditures",0.2,"Bosnia and Herzegovina"
"2097","I1208_research_institutions",0,"Bosnia and Herzegovina"
"2098","Sub24_Commercialization",NA,"Bosnia and Herzegovina"
"2099","I1209_buyer_sophistication",2.5,"Bosnia and Herzegovina"
"2100","I1210_trademarks",272.63,"Bosnia and Herzegovina"
"2101","P1_institutions",NA,"Botswana"
"2102","Sub1_Security",NA,"Botswana"
"2103","I101_organized_crime",4.5,"Botswana"
"2104","I102_homicide",15,"Botswana"
"2105","I103_terrorism",100,"Botswana"
"2106","I104_police",4.8,"Botswana"
"2107","Sub2_Social_Capital",NA,"Botswana"
"2108","Sub2_Social_Capital",48.6,"Botswana"
"2109","Sub3_Checks_Balances",NA,"Botswana"
"2110","I106_transparency",8,"Botswana"
"2111","I107_judicial_independence",4.5,"Botswana"
"2112","I108_challenging_regulations",3.9,"Botswana"
"2113","I09_press_freedom",25.1,"Botswana"
"2114","Sub4_Public_Sector",NA,"Botswana"
"2115","I110_gov_burden",3.5,"Botswana"
"2116","I111_settling_disputes",4.4,"Botswana"
"2117","I112_e_participation",0.2,"Botswana"
"2118","Sub5_Transparency",NA,"Botswana"
"2119","I113_corruption",61,"Botswana"
"2120","I114_property_rights",NA,"Botswana"
"2121","I114_property_rights",4.9,"Botswana"
"2122","I115_intellectual_property_protection",4.1,"Botswana"
"2123","I116_land_administration",10,"Botswana"
"2124","Sub6_Corporate_Governance",NA,"Botswana"
"2125","I117_auditing_accounting_standards",4.5,"Botswana"
"2126","I118_interest_conflict_regulation",6,"Botswana"
"2127","I119_shareholder_governance",5.3,"Botswana"
"2128","Sub7_Government_Orientation",NA,"Botswana"
"2129","I120_policy_stability",4.6,"Botswana"
"2130","I121_response_to_change",3.7,"Botswana"
"2131","I122_digital_business_laws",3.3,"Botswana"
"2132","I123_gov_long_term_vision",5.2,"Botswana"
"2133","I124_energy_regulations",NA,"Botswana"
"2134","I125_renewable_energy",NA,"Botswana"
"2135","I126_environment_treaties",18,"Botswana"
"2136","P2_infrastructure",NA,"Botswana"
"2137","Sub8_Transport_Infrastructure",NA,"Botswana"
"2138","I201_road_connectivity",93.3,"Botswana"
"2139","I202_quality_of_roads",3.8,"Botswana"
"2140","I203_railroad_density",1.6,"Botswana"
"2141","I204_train_efficiency",3.6,"Botswana"
"2142","I205_airport_connectivity",1455.5,"Botswana"
"2143","I206_air_transport_efficiency",3.7,"Botswana"
"2144","I207_shipping_connectivity",NA,"Botswana"
"2145","I208_seaport_efficiency",3.2,"Botswana"
"2146","Sub9_Utility_Infrastructure",NA,"Botswana"
"2147","I209_electricity_access",57.3,"Botswana"
"2148","I210_electricity_supply",12.9,"Botswana"
"2149","I211_unsafe_drinking_water",34.1,"Botswana"
"2150","I212_water_supply",3.9,"Botswana"
"2151","P3_ICT_adoption",NA,"Botswana"
"2152","I301_cellular_subscription",150,"Botswana"
"2153","I302_mobile_broadband",77.6,"Botswana"
"2154","I303_fixed_broadband",1.8,"Botswana"
"2155","I304_fibre_internet",0.1,"Botswana"
"2156","I305_internet_users",47,"Botswana"
"2157","P4_macro_stability",NA,"Botswana"
"2158","I401_inflation",3.3,"Botswana"
"2159","I402_debt_dynamic",100,"Botswana"
"2160","P5_health",NA,"Botswana"
"2161","I501_healthy_life_expectancy",58.9,"Botswana"
"2162","P6_skills",NA,"Botswana"
"2163","Sub10_Workforce",NA,"Botswana"
"2164","I601_years_of_schooling",8.9,"Botswana"
"2165","Sub11_Workforce_Skills",NA,"Botswana"
"2166","I602_staff_training",4,"Botswana"
"2167","I603_vocational_training",3.8,"Botswana"
"2168","I604_graduates_skillset",3.5,"Botswana"
"2169","I605_digital_skills",3.7,"Botswana"
"2170","I606_skilled_employees",4,"Botswana"
"2171","Sub12_Future_Workforce",NA,"Botswana"
"2172","I501_healthy_life_expectancy",NA,"Botswana"
"2173","Sub13_Future_Workforce_Skills",NA,"Botswana"
"2174","I608_critical_thinking",3.3,"Botswana"
"2175","I609_pupil_teacher_ratio",22.6,"Botswana"
"2176","P7_product_market",NA,"Botswana"
"2177","Sub14_Domestic_Competition",NA,"Botswana"
"2178","I701_distortive_taxes",4.1,"Botswana"
"2179","I702_market_dominance",2.9,"Botswana"
"2180","I703_competition_services",4.6,"Botswana"
"2181","Sub15_Trade_Openess",NA,"Botswana"
"2182","I704_non_tariff_barriers",4.2,"Botswana"
"2183","I705_trade_tariffs",6.48,"Botswana"
"2184","I706_tariffs_complexity",4.9,"Botswana"
"2185","I707_border_clearance",3,"Botswana"
"2186","P8_labour_market",NA,"Botswana"
"2187","Sub16_Flexibility",NA,"Botswana"
"2188","I801_redundancy_costs",20.3,"Botswana"
"2189","I802_hiring_firing_practices",4,"Botswana"
"2190","I803_labour_employer_relations",4.3,"Botswana"
"2191","I804_wage_flexibility",4.5,"Botswana"
"2192","I805_labour_market_policies",2.9,"Botswana"
"2193","I806_workers_rights",71,"Botswana"
"2194","I807_foreign_labour_hiring",3.3,"Botswana"
"2195","I808_internal_labour_mobility",4.4,"Botswana"
"2196","Sub17_Meritocracy",NA,"Botswana"
"2197","I809_reliance_on_management",4.5,"Botswana"
"2198","I810_pay_productivity",3.5,"Botswana"
"2199","I811_gender_pay_gap",0.74,"Botswana"
"2200","I812_labour_tax",0,"Botswana"
"2201","P9_financial_system",NA,"Botswana"
"2202","Sub18_Depth",NA,"Botswana"
"2203","I901_credit_to_private_sector",32.2,"Botswana"
"2204","I902_financing_SME",3.6,"Botswana"
"2205","I903_venture_capital",2.7,"Botswana"
"2206","I904_market_capitalization",28.9,"Botswana"
"2207","I905_insurance_premium",2.9,"Botswana"
"2208","Sub19_Stability",NA,"Botswana"
"2209","I906_banks_soundness",4.8,"Botswana"
"2210","I907_non_performing_loans",5.3,"Botswana"
"2211","I908_credit_gap",-2.7,"Botswana"
"2212","I909_regulatory_capital",20.4,"Botswana"
"2213","P10_market_size",NA,"Botswana"
"2214","I1001_GDP_PPP",37,"Botswana"
"2215","I1002_imports",35.5,"Botswana"
"2216","P11_dynamism",NA,"Botswana"
"2217","Sub20_Administrative_Requirements",NA,"Botswana"
"2218","I1101_starting_business_cost",0.6,"Botswana"
"2219","I1102_starting_business_time",48,"Botswana"
"2220","I1103_insolvency_recovery_rate",65.9,"Botswana"
"2221","I1104_insolvency_regulations",4,"Botswana"
"2222","Sub21_Entrepreneurial_Culture",NA,"Botswana"
"2223","I1105_risk_attitudes",3.7,"Botswana"
"2224","I1106_delegating_authority",4.5,"Botswana"
"2225","I1107_innovating_companies",3.5,"Botswana"
"2226","I1108_disruptive_ideas",3.2,"Botswana"
"2227","P12_innovation",NA,"Botswana"
"2228","Sub22_Diversity",NA,"Botswana"
"2229","I1201_workforce_diversity",4.6,"Botswana"
"2230","I1202_cluster_development",3.2,"Botswana"
"2231","I1203_international_inventions",0,"Botswana"
"2232","I1204_stakeholder_collaboration",3.4,"Botswana"
"2233","Sub23_Research_Development",NA,"Botswana"
"2234","I1205_scientific_publications",93.7,"Botswana"
"2235","I1206_patents",0,"Botswana"
"2236","I1207_RnD_expenditures",0.5,"Botswana"
"2237","I1208_research_institutions",0,"Botswana"
"2238","Sub24_Commercialization",NA,"Botswana"
"2239","I1209_buyer_sophistication",3,"Botswana"
"2240","I1210_trademarks",237,"Botswana"
"2241","P1_institutions",NA,"Brazil"
"2242","Sub1_Security",NA,"Brazil"
"2243","I101_organized_crime",3,"Brazil"
"2244","I102_homicide",30.5,"Brazil"
"2245","I103_terrorism",99.8,"Brazil"
"2246","I104_police",3.3,"Brazil"
"2247","Sub2_Social_Capital",NA,"Brazil"
"2248","Sub2_Social_Capital",48.9,"Brazil"
"2249","Sub3_Checks_Balances",NA,"Brazil"
"2250","I106_transparency",77,"Brazil"
"2251","I107_judicial_independence",3.1,"Brazil"
"2252","I108_challenging_regulations",2.7,"Brazil"
"2253","I09_press_freedom",32.8,"Brazil"
"2254","Sub4_Public_Sector",NA,"Brazil"
"2255","I110_gov_burden",1.7,"Brazil"
"2256","I111_settling_disputes",2.7,"Brazil"
"2257","I112_e_participation",0.97,"Brazil"
"2258","Sub5_Transparency",NA,"Brazil"
"2259","I113_corruption",35,"Brazil"
"2260","I114_property_rights",NA,"Brazil"
"2261","I114_property_rights",3.9,"Brazil"
"2262","I115_intellectual_property_protection",3.8,"Brazil"
"2263","I116_land_administration",13.8,"Brazil"
"2264","Sub6_Corporate_Governance",NA,"Brazil"
"2265","I117_auditing_accounting_standards",4.7,"Brazil"
"2266","I118_interest_conflict_regulation",5.7,"Brazil"
"2267","I119_shareholder_governance",7.3,"Brazil"
"2268","Sub7_Government_Orientation",NA,"Brazil"
"2269","I120_policy_stability",2.7,"Brazil"
"2270","I121_response_to_change",2.8,"Brazil"
"2271","I122_digital_business_laws",3,"Brazil"
"2272","I123_gov_long_term_vision",2.4,"Brazil"
"2273","I124_energy_regulations",51.8,"Brazil"
"2274","I125_renewable_energy",70.9,"Brazil"
"2275","I126_environment_treaties",25,"Brazil"
"2276","P2_infrastructure",NA,"Brazil"
"2277","Sub8_Transport_Infrastructure",NA,"Brazil"
"2278","I201_road_connectivity",76.1,"Brazil"
"2279","I202_quality_of_roads",3,"Brazil"
"2280","I203_railroad_density",3.6,"Brazil"
"2281","I204_train_efficiency",2.5,"Brazil"
"2282","I205_airport_connectivity",437475,"Brazil"
"2283","I206_air_transport_efficiency",4.4,"Brazil"
"2284","I207_shipping_connectivity",38.2,"Brazil"
"2285","I208_seaport_efficiency",3.2,"Brazil"
"2286","Sub9_Utility_Infrastructure",NA,"Brazil"
"2287","I209_electricity_access",99.7,"Brazil"
"2288","I210_electricity_supply",16.1,"Brazil"
"2289","I211_unsafe_drinking_water",9.7,"Brazil"
"2290","I212_water_supply",4.7,"Brazil"
"2291","P3_ICT_adoption",NA,"Brazil"
"2292","I301_cellular_subscription",98.8,"Brazil"
"2293","I302_mobile_broadband",88.1,"Brazil"
"2294","I303_fixed_broadband",14.9,"Brazil"
"2295","I304_fibre_internet",1.6,"Brazil"
"2296","I305_internet_users",67.5,"Brazil"
"2297","P4_macro_stability",NA,"Brazil"
"2298","I401_inflation",3.6,"Brazil"
"2299","I402_debt_dynamic",38.8,"Brazil"
"2300","P5_health",NA,"Brazil"
"2301","I501_healthy_life_expectancy",65.4,"Brazil"
"2302","P6_skills",NA,"Brazil"
"2303","Sub10_Workforce",NA,"Brazil"
"2304","I601_years_of_schooling",7.6,"Brazil"
"2305","Sub11_Workforce_Skills",NA,"Brazil"
"2306","I602_staff_training",3.8,"Brazil"
"2307","I603_vocational_training",3.3,"Brazil"
"2308","I604_graduates_skillset",3.2,"Brazil"
"2309","I605_digital_skills",3.1,"Brazil"
"2310","I606_skilled_employees",3.4,"Brazil"
"2311","Sub12_Future_Workforce",NA,"Brazil"
"2312","I501_healthy_life_expectancy",15.3,"Brazil"
"2313","Sub13_Future_Workforce_Skills",NA,"Brazil"
"2314","I608_critical_thinking",2.7,"Brazil"
"2315","I609_pupil_teacher_ratio",20.3,"Brazil"
"2316","P7_product_market",NA,"Brazil"
"2317","Sub14_Domestic_Competition",NA,"Brazil"
"2318","I701_distortive_taxes",2.5,"Brazil"
"2319","I702_market_dominance",3.8,"Brazil"
"2320","I703_competition_services",4.8,"Brazil"
"2321","Sub15_Trade_Openess",NA,"Brazil"
"2322","I704_non_tariff_barriers",3.4,"Brazil"
"2323","I705_trade_tariffs",12.34,"Brazil"
"2324","I706_tariffs_complexity",6.6,"Brazil"
"2325","I707_border_clearance",2.4,"Brazil"
"2326","P8_labour_market",NA,"Brazil"
"2327","Sub16_Flexibility",NA,"Brazil"
"2328","I801_redundancy_costs",15.5,"Brazil"
"2329","I802_hiring_firing_practices",2.8,"Brazil"
"2330","I803_labour_employer_relations",3.6,"Brazil"
"2331","I804_wage_flexibility",4.3,"Brazil"
"2332","I805_labour_market_policies",2.6,"Brazil"
"2333","I806_workers_rights",62,"Brazil"
"2334","I807_foreign_labour_hiring",3.6,"Brazil"
"2335","I808_internal_labour_mobility",4,"Brazil"
"2336","Sub17_Meritocracy",NA,"Brazil"
"2337","I809_reliance_on_management",4.5,"Brazil"
"2338","I810_pay_productivity",3.4,"Brazil"
"2339","I811_gender_pay_gap",0.83,"Brazil"
"2340","I812_labour_tax",39.4,"Brazil"
"2341","P9_financial_system",NA,"Brazil"
"2342","Sub18_Depth",NA,"Brazil"
"2343","I901_credit_to_private_sector",62.9,"Brazil"
"2344","I902_financing_SME",3.5,"Brazil"
"2345","I903_venture_capital",3.1,"Brazil"
"2346","I904_market_capitalization",38.6,"Brazil"
"2347","I905_insurance_premium",1.5,"Brazil"
"2348","Sub19_Stability",NA,"Brazil"
"2349","I906_banks_soundness",5.9,"Brazil"
"2350","I907_non_performing_loans",3.6,"Brazil"
"2351","I908_credit_gap",-9.1,"Brazil"
"2352","I909_regulatory_capital",17.2,"Brazil"
"2353","P10_market_size",NA,"Brazil"
"2354","I1001_GDP_PPP",2991,"Brazil"
"2355","I1002_imports",13.6,"Brazil"
"2356","P11_dynamism",NA,"Brazil"
"2357","Sub20_Administrative_Requirements",NA,"Brazil"
"2358","I1101_starting_business_cost",5,"Brazil"
"2359","I1102_starting_business_time",20.5,"Brazil"
"2360","I1103_insolvency_recovery_rate",14.6,"Brazil"
"2361","I1104_insolvency_regulations",13,"Brazil"
"2362","Sub21_Entrepreneurial_Culture",NA,"Brazil"
"2363","I1105_risk_attitudes",4.1,"Brazil"
"2364","I1106_delegating_authority",4.4,"Brazil"
"2365","I1107_innovating_companies",4.2,"Brazil"
"2366","I1108_disruptive_ideas",3.8,"Brazil"
"2367","P12_innovation",NA,"Brazil"
"2368","Sub22_Diversity",NA,"Brazil"
"2369","I1201_workforce_diversity",4.4,"Brazil"
"2370","I1202_cluster_development",3.9,"Brazil"
"2371","I1203_international_inventions",0.31,"Brazil"
"2372","I1204_stakeholder_collaboration",3.7,"Brazil"
"2373","Sub23_Research_Development",NA,"Brazil"
"2374","I1205_scientific_publications",493.3,"Brazil"
"2375","I1206_patents",1.93,"Brazil"
"2376","I1207_RnD_expenditures",1.3,"Brazil"
"2377","I1208_research_institutions",0.25,"Brazil"
"2378","Sub24_Commercialization",NA,"Brazil"
"2379","I1209_buyer_sophistication",3.6,"Brazil"
"2380","I1210_trademarks",749.74,"Brazil"
"2381","P1_institutions",NA,"Brunei Darussalam"
"2382","Sub1_Security",NA,"Brunei Darussalam"
"2383","I101_organized_crime",5.5,"Brunei Darussalam"
"2384","I102_homicide",0.5,"Brunei Darussalam"
"2385","I103_terrorism",100,"Brunei Darussalam"
"2386","I104_police",4.9,"Brunei Darussalam"
"2387","Sub2_Social_Capital",NA,"Brunei Darussalam"
"2388","Sub2_Social_Capital",NA,"Brunei Darussalam"
"2389","Sub3_Checks_Balances",NA,"Brunei Darussalam"
"2390","I106_transparency",NA,"Brunei Darussalam"
"2391","I107_judicial_independence",3.9,"Brunei Darussalam"
"2392","I108_challenging_regulations",2.4,"Brunei Darussalam"
"2393","I09_press_freedom",51.5,"Brunei Darussalam"
"2394","Sub4_Public_Sector",NA,"Brunei Darussalam"
"2395","I110_gov_burden",3.3,"Brunei Darussalam"
"2396","I111_settling_disputes",4,"Brunei Darussalam"
"2397","I112_e_participation",0.61,"Brunei Darussalam"
"2398","Sub5_Transparency",NA,"Brunei Darussalam"
"2399","I113_corruption",63,"Brunei Darussalam"
"2400","I114_property_rights",NA,"Brunei Darussalam"
"2401","I114_property_rights",4.3,"Brunei Darussalam"
"2402","I115_intellectual_property_protection",4.3,"Brunei Darussalam"
"2403","I116_land_administration",18,"Brunei Darussalam"
"2404","Sub6_Corporate_Governance",NA,"Brunei Darussalam"
"2405","I117_auditing_accounting_standards",4.4,"Brunei Darussalam"
"2406","I118_interest_conflict_regulation",6.7,"Brunei Darussalam"
"2407","I119_shareholder_governance",6.3,"Brunei Darussalam"
"2408","Sub7_Government_Orientation",NA,"Brunei Darussalam"
"2409","I120_policy_stability",4.4,"Brunei Darussalam"
"2410","I121_response_to_change",3.8,"Brunei Darussalam"
"2411","I122_digital_business_laws",3.1,"Brunei Darussalam"
"2412","I123_gov_long_term_vision",4.9,"Brunei Darussalam"
"2413","I124_energy_regulations",NA,"Brunei Darussalam"
"2414","I125_renewable_energy",NA,"Brunei Darussalam"
"2415","I126_environment_treaties",13,"Brunei Darussalam"
"2416","P2_infrastructure",NA,"Brunei Darussalam"
"2417","Sub8_Transport_Infrastructure",NA,"Brunei Darussalam"
"2418","I201_road_connectivity",66.5,"Brunei Darussalam"
"2419","I202_quality_of_roads",5,"Brunei Darussalam"
"2420","I203_railroad_density",NA,"Brunei Darussalam"
"2421","I204_train_efficiency",NA,"Brunei Darussalam"
"2422","I205_airport_connectivity",11871.6,"Brunei Darussalam"
"2423","I206_air_transport_efficiency",4.8,"Brunei Darussalam"
"2424","I207_shipping_connectivity",5.3,"Brunei Darussalam"
"2425","I208_seaport_efficiency",4.1,"Brunei Darussalam"
"2426","Sub9_Utility_Infrastructure",NA,"Brunei Darussalam"
"2427","I209_electricity_access",99.9,"Brunei Darussalam"
"2428","I210_electricity_supply",5.7,"Brunei Darussalam"
"2429","I211_unsafe_drinking_water",2,"Brunei Darussalam"
"2430","I212_water_supply",5.3,"Brunei Darussalam"
"2431","P3_ICT_adoption",NA,"Brunei Darussalam"
"2432","I301_cellular_subscription",NA,"Brunei Darussalam"
"2433","I302_mobile_broadband",NA,"Brunei Darussalam"
"2434","I303_fixed_broadband",NA,"Brunei Darussalam"
"2435","I304_fibre_internet",NA,"Brunei Darussalam"
"2436","I305_internet_users",NA,"Brunei Darussalam"
"2437","P4_macro_stability",NA,"Brunei Darussalam"
"2438","I401_inflation",NA,"Brunei Darussalam"
"2439","I402_debt_dynamic",NA,"Brunei Darussalam"
"2440","P5_health",NA,"Brunei Darussalam"
"2441","I501_healthy_life_expectancy",NA,"Brunei Darussalam"
"2442","P6_skills",NA,"Brunei Darussalam"
"2443","Sub10_Workforce",NA,"Brunei Darussalam"
"2444","I601_years_of_schooling",NA,"Brunei Darussalam"
"2445","Sub11_Workforce_Skills",NA,"Brunei Darussalam"
"2446","I602_staff_training",NA,"Brunei Darussalam"
"2447","I603_vocational_training",NA,"Brunei Darussalam"
"2448","I604_graduates_skillset",NA,"Brunei Darussalam"
"2449","I605_digital_skills",NA,"Brunei Darussalam"
"2450","I606_skilled_employees",NA,"Brunei Darussalam"
"2451","Sub12_Future_Workforce",NA,"Brunei Darussalam"
"2452","I501_healthy_life_expectancy",NA,"Brunei Darussalam"
"2453","Sub13_Future_Workforce_Skills",NA,"Brunei Darussalam"
"2454","I608_critical_thinking",NA,"Brunei Darussalam"
"2455","I609_pupil_teacher_ratio",NA,"Brunei Darussalam"
"2456","P7_product_market",NA,"Brunei Darussalam"
"2457","Sub14_Domestic_Competition",NA,"Brunei Darussalam"
"2458","I701_distortive_taxes",NA,"Brunei Darussalam"
"2459","I702_market_dominance",NA,"Brunei Darussalam"
"2460","I703_competition_services",NA,"Brunei Darussalam"
"2461","Sub15_Trade_Openess",NA,"Brunei Darussalam"
"2462","I704_non_tariff_barriers",NA,"Brunei Darussalam"
"2463","I705_trade_tariffs",NA,"Brunei Darussalam"
"2464","I706_tariffs_complexity",NA,"Brunei Darussalam"
"2465","I707_border_clearance",NA,"Brunei Darussalam"
"2466","P8_labour_market",NA,"Brunei Darussalam"
"2467","Sub16_Flexibility",NA,"Brunei Darussalam"
"2468","I801_redundancy_costs",NA,"Brunei Darussalam"
"2469","I802_hiring_firing_practices",NA,"Brunei Darussalam"
"2470","I803_labour_employer_relations",NA,"Brunei Darussalam"
"2471","I804_wage_flexibility",NA,"Brunei Darussalam"
"2472","I805_labour_market_policies",NA,"Brunei Darussalam"
"2473","I806_workers_rights",NA,"Brunei Darussalam"
"2474","I807_foreign_labour_hiring",NA,"Brunei Darussalam"
"2475","I808_internal_labour_mobility",NA,"Brunei Darussalam"
"2476","Sub17_Meritocracy",NA,"Brunei Darussalam"
"2477","I809_reliance_on_management",NA,"Brunei Darussalam"
"2478","I810_pay_productivity",NA,"Brunei Darussalam"
"2479","I811_gender_pay_gap",NA,"Brunei Darussalam"
"2480","I812_labour_tax",NA,"Brunei Darussalam"
"2481","P9_financial_system",NA,"Brunei Darussalam"
"2482","Sub18_Depth",NA,"Brunei Darussalam"
"2483","I901_credit_to_private_sector",41.7,"Brunei Darussalam"
"2484","I902_financing_SME",4,"Brunei Darussalam"
"2485","I903_venture_capital",3.2,"Brunei Darussalam"
"2486","I904_market_capitalization",0,"Brunei Darussalam"
"2487","I905_insurance_premium",0.8,"Brunei Darussalam"
"2488","Sub19_Stability",NA,"Brunei Darussalam"
"2489","I906_banks_soundness",5,"Brunei Darussalam"
"2490","I907_non_performing_loans",3.7,"Brunei Darussalam"
"2491","I908_credit_gap",5.1,"Brunei Darussalam"
"2492","I909_regulatory_capital",20.5,"Brunei Darussalam"
"2493","P10_market_size",NA,"Brunei Darussalam"
"2494","I1001_GDP_PPP",31,"Brunei Darussalam"
"2495","I1002_imports",48.1,"Brunei Darussalam"
"2496","P11_dynamism",NA,"Brunei Darussalam"
"2497","Sub20_Administrative_Requirements",NA,"Brunei Darussalam"
"2498","I1101_starting_business_cost",1.2,"Brunei Darussalam"
"2499","I1102_starting_business_time",5.5,"Brunei Darussalam"
"2500","I1103_insolvency_recovery_rate",47.2,"Brunei Darussalam"
"2501","I1104_insolvency_regulations",9.5,"Brunei Darussalam"
"2502","Sub21_Entrepreneurial_Culture",NA,"Brunei Darussalam"
"2503","I1105_risk_attitudes",3.7,"Brunei Darussalam"
"2504","I1106_delegating_authority",4.6,"Brunei Darussalam"
"2505","I1107_innovating_companies",3.6,"Brunei Darussalam"
"2506","I1108_disruptive_ideas",3.5,"Brunei Darussalam"
"2507","P12_innovation",NA,"Brunei Darussalam"
"2508","Sub22_Diversity",NA,"Brunei Darussalam"
"2509","I1201_workforce_diversity",4.5,"Brunei Darussalam"
"2510","I1202_cluster_development",3.7,"Brunei Darussalam"
"2511","I1203_international_inventions",1.81,"Brunei Darussalam"
"2512","I1204_stakeholder_collaboration",3.6,"Brunei Darussalam"
"2513","Sub23_Research_Development",NA,"Brunei Darussalam"
"2514","I1205_scientific_publications",63.3,"Brunei Darussalam"
"2515","I1206_patents",1.81,"Brunei Darussalam"
"2516","I1207_RnD_expenditures",NA,"Brunei Darussalam"
"2517","I1208_research_institutions",0,"Brunei Darussalam"
"2518","Sub24_Commercialization",NA,"Brunei Darussalam"
"2519","I1209_buyer_sophistication",3.1,"Brunei Darussalam"
"2520","I1210_trademarks",424.48,"Brunei Darussalam"
"2521","P1_institutions",NA,"Bulgaria"
"2522","Sub1_Security",NA,"Bulgaria"
"2523","I101_organized_crime",3.9,"Bulgaria"
"2524","I102_homicide",1.5,"Bulgaria"
"2525","I103_terrorism",99.9,"Bulgaria"
"2526","I104_police",3.9,"Bulgaria"
"2527","Sub2_Social_Capital",NA,"Bulgaria"
"2528","Sub2_Social_Capital",48.6,"Bulgaria"
"2529","Sub3_Checks_Balances",NA,"Bulgaria"
"2530","I106_transparency",66,"Bulgaria"
"2531","I107_judicial_independence",3.3,"Bulgaria"
"2532","I108_challenging_regulations",3.3,"Bulgaria"
"2533","I09_press_freedom",35.1,"Bulgaria"
"2534","Sub4_Public_Sector",NA,"Bulgaria"
"2535","I110_gov_burden",3.7,"Bulgaria"
"2536","I111_settling_disputes",3.3,"Bulgaria"
"2537","I112_e_participation",0.87,"Bulgaria"
"2538","Sub5_Transparency",NA,"Bulgaria"
"2539","I113_corruption",42,"Bulgaria"
"2540","I114_property_rights",NA,"Bulgaria"
"2541","I114_property_rights",3.9,"Bulgaria"
"2542","I115_intellectual_property_protection",3.7,"Bulgaria"
"2543","I116_land_administration",19,"Bulgaria"
"2544","Sub6_Corporate_Governance",NA,"Bulgaria"
"2545","I117_auditing_accounting_standards",4.8,"Bulgaria"
"2546","I118_interest_conflict_regulation",6.7,"Bulgaria"
"2547","I119_shareholder_governance",7,"Bulgaria"
"2548","Sub7_Government_Orientation",NA,"Bulgaria"
"2549","I120_policy_stability",3.5,"Bulgaria"
"2550","I121_response_to_change",3.6,"Bulgaria"
"2551","I122_digital_business_laws",3.7,"Bulgaria"
"2552","I123_gov_long_term_vision",3.6,"Bulgaria"
"2553","I124_energy_regulations",71.7,"Bulgaria"
"2554","I125_renewable_energy",82.6,"Bulgaria"
"2555","I126_environment_treaties",27,"Bulgaria"
"2556","P2_infrastructure",NA,"Bulgaria"
"2557","Sub8_Transport_Infrastructure",NA,"Bulgaria"
"2558","I201_road_connectivity",76.6,"Bulgaria"
"2559","I202_quality_of_roads",3.4,"Bulgaria"
"2560","I203_railroad_density",37.1,"Bulgaria"
"2561","I204_train_efficiency",3.1,"Bulgaria"
"2562","I205_airport_connectivity",40732.7,"Bulgaria"
"2563","I206_air_transport_efficiency",4.5,"Bulgaria"
"2564","I207_shipping_connectivity",6.8,"Bulgaria"
"2565","I208_seaport_efficiency",4.3,"Bulgaria"
"2566","Sub9_Utility_Infrastructure",NA,"Bulgaria"
"2567","I209_electricity_access",100,"Bulgaria"
"2568","I210_electricity_supply",9.2,"Bulgaria"
"2569","I211_unsafe_drinking_water",6,"Bulgaria"
"2570","I212_water_supply",5.4,"Bulgaria"
"2571","P3_ICT_adoption",NA,"Bulgaria"
"2572","I301_cellular_subscription",118.1,"Bulgaria"
"2573","I302_mobile_broadband",102.3,"Bulgaria"
"2574","I303_fixed_broadband",26.6,"Bulgaria"
"2575","I304_fibre_internet",13,"Bulgaria"
"2576","I305_internet_users",64.8,"Bulgaria"
"2577","P4_macro_stability",NA,"Bulgaria"
"2578","I401_inflation",1.9,"Bulgaria"
"2579","I402_debt_dynamic",80,"Bulgaria"
"2580","P5_health",NA,"Bulgaria"
"2581","I501_healthy_life_expectancy",64.9,"Bulgaria"
"2582","P6_skills",NA,"Bulgaria"
"2583","Sub10_Workforce",NA,"Bulgaria"
"2584","I601_years_of_schooling",11.8,"Bulgaria"
"2585","Sub11_Workforce_Skills",NA,"Bulgaria"
"2586","I602_staff_training",3.8,"Bulgaria"
"2587","I603_vocational_training",3.8,"Bulgaria"
"2588","I604_graduates_skillset",3.8,"Bulgaria"
"2589","I605_digital_skills",4.7,"Bulgaria"
"2590","I606_skilled_employees",3.6,"Bulgaria"
"2591","Sub12_Future_Workforce",NA,"Bulgaria"
"2592","I501_healthy_life_expectancy",14.8,"Bulgaria"
"2593","Sub13_Future_Workforce_Skills",NA,"Bulgaria"
"2594","I608_critical_thinking",3.5,"Bulgaria"
"2595","I609_pupil_teacher_ratio",17.6,"Bulgaria"
"2596","P7_product_market",NA,"Bulgaria"
"2597","Sub14_Domestic_Competition",NA,"Bulgaria"
"2598","I701_distortive_taxes",3.6,"Bulgaria"
"2599","I702_market_dominance",3.9,"Bulgaria"
"2600","I703_competition_services",5.3,"Bulgaria"
"2601","Sub15_Trade_Openess",NA,"Bulgaria"
"2602","I704_non_tariff_barriers",4.3,"Bulgaria"
"2603","I705_trade_tariffs",1.12,"Bulgaria"
"2604","I706_tariffs_complexity",2.9,"Bulgaria"
"2605","I707_border_clearance",2.9,"Bulgaria"
"2606","P8_labour_market",NA,"Bulgaria"
"2607","Sub16_Flexibility",NA,"Bulgaria"
"2608","I801_redundancy_costs",8.6,"Bulgaria"
"2609","I802_hiring_firing_practices",4,"Bulgaria"
"2610","I803_labour_employer_relations",4,"Bulgaria"
"2611","I804_wage_flexibility",5.3,"Bulgaria"
"2612","I805_labour_market_policies",3.5,"Bulgaria"
"2613","I806_workers_rights",80,"Bulgaria"
"2614","I807_foreign_labour_hiring",4.1,"Bulgaria"
"2615","I808_internal_labour_mobility",5.2,"Bulgaria"
"2616","Sub17_Meritocracy",NA,"Bulgaria"
"2617","I809_reliance_on_management",3.8,"Bulgaria"
"2618","I810_pay_productivity",4,"Bulgaria"
"2619","I811_gender_pay_gap",0.88,"Bulgaria"
"2620","I812_labour_tax",20.8,"Bulgaria"
"2621","P9_financial_system",NA,"Bulgaria"
"2622","Sub18_Depth",NA,"Bulgaria"
"2623","I901_credit_to_private_sector",52.9,"Bulgaria"
"2624","I902_financing_SME",4.1,"Bulgaria"
"2625","I903_venture_capital",3.3,"Bulgaria"
"2626","I904_market_capitalization",14.4,"Bulgaria"
"2627","I905_insurance_premium",2,"Bulgaria"
"2628","Sub19_Stability",NA,"Bulgaria"
"2629","I906_banks_soundness",4.7,"Bulgaria"
"2630","I907_non_performing_loans",10.4,"Bulgaria"
"2631","I908_credit_gap",-16.2,"Bulgaria"
"2632","I909_regulatory_capital",22.1,"Bulgaria"
"2633","P10_market_size",NA,"Bulgaria"
"2634","I1001_GDP_PPP",144,"Bulgaria"
"2635","I1002_imports",67.6,"Bulgaria"
"2636","P11_dynamism",NA,"Bulgaria"
"2637","Sub20_Administrative_Requirements",NA,"Bulgaria"
"2638","I1101_starting_business_cost",1.1,"Bulgaria"
"2639","I1102_starting_business_time",23,"Bulgaria"
"2640","I1103_insolvency_recovery_rate",37.2,"Bulgaria"
"2641","I1104_insolvency_regulations",12,"Bulgaria"
"2642","Sub21_Entrepreneurial_Culture",NA,"Bulgaria"
"2643","I1105_risk_attitudes",4.1,"Bulgaria"
"2644","I1106_delegating_authority",4.1,"Bulgaria"
"2645","I1107_innovating_companies",4.1,"Bulgaria"
"2646","I1108_disruptive_ideas",3.8,"Bulgaria"
"2647","P12_innovation",NA,"Bulgaria"
"2648","Sub22_Diversity",NA,"Bulgaria"
"2649","I1201_workforce_diversity",4.1,"Bulgaria"
"2650","I1202_cluster_development",4.2,"Bulgaria"
"2651","I1203_international_inventions",1.04,"Bulgaria"
"2652","I1204_stakeholder_collaboration",3.8,"Bulgaria"
"2653","Sub23_Research_Development",NA,"Bulgaria"
"2654","I1205_scientific_publications",220.7,"Bulgaria"
"2655","I1206_patents",4.4,"Bulgaria"
"2656","I1207_RnD_expenditures",0.8,"Bulgaria"
"2657","I1208_research_institutions",0.02,"Bulgaria"
"2658","Sub24_Commercialization",NA,"Bulgaria"
"2659","I1209_buyer_sophistication",3.8,"Bulgaria"
"2660","I1210_trademarks",3811.6,"Bulgaria"
"2661","P1_institutions",NA,"Burkina Faso"
"2662","Sub1_Security",NA,"Burkina Faso"
"2663","I101_organized_crime",3.7,"Burkina Faso"
"2664","I102_homicide",1.3,"Burkina Faso"
"2665","I103_terrorism",96.2,"Burkina Faso"
"2666","I104_police",4.4,"Burkina Faso"
"2667","Sub2_Social_Capital",NA,"Burkina Faso"
"2668","Sub2_Social_Capital",47.5,"Burkina Faso"
"2669","Sub3_Checks_Balances",NA,"Burkina Faso"
"2670","I106_transparency",24,"Burkina Faso"
"2671","I107_judicial_independence",3.4,"Burkina Faso"
"2672","I108_challenging_regulations",3.3,"Burkina Faso"
"2673","I09_press_freedom",24.5,"Burkina Faso"
"2674","Sub4_Public_Sector",NA,"Burkina Faso"
"2675","I110_gov_burden",3.3,"Burkina Faso"
"2676","I111_settling_disputes",4,"Burkina Faso"
"2677","I112_e_participation",0.62,"Burkina Faso"
"2678","Sub5_Transparency",NA,"Burkina Faso"
"2679","I113_corruption",41,"Burkina Faso"
"2680","I114_property_rights",NA,"Burkina Faso"
"2681","I114_property_rights",4,"Burkina Faso"
"2682","I115_intellectual_property_protection",3.9,"Burkina Faso"
"2683","I116_land_administration",11.5,"Burkina Faso"
"2684","Sub6_Corporate_Governance",NA,"Burkina Faso"
"2685","I117_auditing_accounting_standards",3.6,"Burkina Faso"
"2686","I118_interest_conflict_regulation",4.3,"Burkina Faso"
"2687","I119_shareholder_governance",3.7,"Burkina Faso"
"2688","Sub7_Government_Orientation",NA,"Burkina Faso"
"2689","I120_policy_stability",3.8,"Burkina Faso"
"2690","I121_response_to_change",3.7,"Burkina Faso"
"2691","I122_digital_business_laws",3.5,"Burkina Faso"
"2692","I123_gov_long_term_vision",3.4,"Burkina Faso"
"2693","I124_energy_regulations",26.9,"Burkina Faso"
"2694","I125_renewable_energy",37.3,"Burkina Faso"
"2695","I126_environment_treaties",22,"Burkina Faso"
"2696","P2_infrastructure",NA,"Burkina Faso"
"2697","Sub8_Transport_Infrastructure",NA,"Burkina Faso"
"2698","I201_road_connectivity",80,"Burkina Faso"
"2699","I202_quality_of_roads",2.8,"Burkina Faso"
"2700","I203_railroad_density",1.9,"Burkina Faso"
"2701","I204_train_efficiency",2.5,"Burkina Faso"
"2702","I205_airport_connectivity",1251.7,"Burkina Faso"
"2703","I206_air_transport_efficiency",3.4,"Burkina Faso"
"2704","I207_shipping_connectivity",NA,"Burkina Faso"
"2705","I208_seaport_efficiency",2.8,"Burkina Faso"
"2706","Sub9_Utility_Infrastructure",NA,"Burkina Faso"
"2707","I209_electricity_access",17.7,"Burkina Faso"
"2708","I210_electricity_supply",NA,"Burkina Faso"
"2709","I211_unsafe_drinking_water",81.8,"Burkina Faso"
"2710","I212_water_supply",2.9,"Burkina Faso"
"2711","P3_ICT_adoption",NA,"Burkina Faso"
"2712","I301_cellular_subscription",97.9,"Burkina Faso"
"2713","I302_mobile_broadband",29.9,"Burkina Faso"
"2714","I303_fixed_broadband",0.1,"Burkina Faso"
"2715","I304_fibre_internet",0,"Burkina Faso"
"2716","I305_internet_users",16,"Burkina Faso"
"2717","P4_macro_stability",NA,"Burkina Faso"
"2718","I401_inflation",1.2,"Burkina Faso"
"2719","I402_debt_dynamic",50,"Burkina Faso"
"2720","P5_health",NA,"Burkina Faso"
"2721","I501_healthy_life_expectancy",53.4,"Burkina Faso"
"2722","P6_skills",NA,"Burkina Faso"
"2723","Sub10_Workforce",NA,"Burkina Faso"
"2724","I601_years_of_schooling",1.4,"Burkina Faso"
"2725","Sub11_Workforce_Skills",NA,"Burkina Faso"
"2726","I602_staff_training",2.9,"Burkina Faso"
"2727","I603_vocational_training",3.8,"Burkina Faso"
"2728","I604_graduates_skillset",3.6,"Burkina Faso"
"2729","I605_digital_skills",2.9,"Burkina Faso"
"2730","I606_skilled_employees",3.9,"Burkina Faso"
"2731","Sub12_Future_Workforce",NA,"Burkina Faso"
"2732","I501_healthy_life_expectancy",8.9,"Burkina Faso"
"2733","Sub13_Future_Workforce_Skills",NA,"Burkina Faso"
"2734","I608_critical_thinking",2.8,"Burkina Faso"
"2735","I609_pupil_teacher_ratio",40.7,"Burkina Faso"
"2736","P7_product_market",NA,"Burkina Faso"
"2737","Sub14_Domestic_Competition",NA,"Burkina Faso"
"2738","I701_distortive_taxes",3.6,"Burkina Faso"
"2739","I702_market_dominance",3.5,"Burkina Faso"
"2740","I703_competition_services",4.3,"Burkina Faso"
"2741","Sub15_Trade_Openess",NA,"Burkina Faso"
"2742","I704_non_tariff_barriers",4.3,"Burkina Faso"
"2743","I705_trade_tariffs",10.19,"Burkina Faso"
"2744","I706_tariffs_complexity",6.7,"Burkina Faso"
"2745","I707_border_clearance",2.4,"Burkina Faso"
"2746","P8_labour_market",NA,"Burkina Faso"
"2747","Sub16_Flexibility",NA,"Burkina Faso"
"2748","I801_redundancy_costs",10.4,"Burkina Faso"
"2749","I802_hiring_firing_practices",3.8,"Burkina Faso"
"2750","I803_labour_employer_relations",4,"Burkina Faso"
"2751","I804_wage_flexibility",5.1,"Burkina Faso"
"2752","I805_labour_market_policies",2,"Burkina Faso"
"2753","I806_workers_rights",80,"Burkina Faso"
"2754","I807_foreign_labour_hiring",4.9,"Burkina Faso"
"2755","I808_internal_labour_mobility",4.9,"Burkina Faso"
"2756","Sub17_Meritocracy",NA,"Burkina Faso"
"2757","I809_reliance_on_management",3.1,"Burkina Faso"
"2758","I810_pay_productivity",2.7,"Burkina Faso"
"2759","I811_gender_pay_gap",0.48,"Burkina Faso"
"2760","I812_labour_tax",21.4,"Burkina Faso"
"2761","P9_financial_system",NA,"Burkina Faso"
"2762","Sub18_Depth",NA,"Burkina Faso"
"2763","I901_credit_to_private_sector",30,"Burkina Faso"
"2764","I902_financing_SME",2.8,"Burkina Faso"
"2765","I903_venture_capital",1.7,"Burkina Faso"
"2766","I904_market_capitalization",5.7,"Burkina Faso"
"2767","I905_insurance_premium",0.7,"Burkina Faso"
"2768","Sub19_Stability",NA,"Burkina Faso"
"2769","I906_banks_soundness",4.2,"Burkina Faso"
"2770","I907_non_performing_loans",8.5,"Burkina Faso"
"2771","I908_credit_gap",2,"Burkina Faso"
"2772","I909_regulatory_capital",12.2,"Burkina Faso"
"2773","P10_market_size",NA,"Burkina Faso"
"2774","I1001_GDP_PPP",35,"Burkina Faso"
"2775","I1002_imports",41.2,"Burkina Faso"
"2776","P11_dynamism",NA,"Burkina Faso"
"2777","Sub20_Administrative_Requirements",NA,"Burkina Faso"
"2778","I1101_starting_business_cost",42.5,"Burkina Faso"
"2779","I1102_starting_business_time",13,"Burkina Faso"
"2780","I1103_insolvency_recovery_rate",23.7,"Burkina Faso"
"2781","I1104_insolvency_regulations",9,"Burkina Faso"
"2782","Sub21_Entrepreneurial_Culture",NA,"Burkina Faso"
"2783","I1105_risk_attitudes",3.2,"Burkina Faso"
"2784","I1106_delegating_authority",3.2,"Burkina Faso"
"2785","I1107_innovating_companies",3.4,"Burkina Faso"
"2786","I1108_disruptive_ideas",3.2,"Burkina Faso"
"2787","P12_innovation",NA,"Burkina Faso"
"2788","Sub22_Diversity",NA,"Burkina Faso"
"2789","I1201_workforce_diversity",3.6,"Burkina Faso"
"2790","I1202_cluster_development",2.7,"Burkina Faso"
"2791","I1203_international_inventions",0.01,"Burkina Faso"
"2792","I1204_stakeholder_collaboration",3.1,"Burkina Faso"
"2793","Sub23_Research_Development",NA,"Burkina Faso"
"2794","I1205_scientific_publications",97,"Burkina Faso"
"2795","I1206_patents",0.01,"Burkina Faso"
"2796","I1207_RnD_expenditures",0.2,"Burkina Faso"
"2797","I1208_research_institutions",0,"Burkina Faso"
"2798","Sub24_Commercialization",NA,"Burkina Faso"
"2799","I1209_buyer_sophistication",2.1,"Burkina Faso"
"2800","I1210_trademarks",74.17,"Burkina Faso"
"2801","P1_institutions",NA,"Burundi"
"2802","Sub1_Security",NA,"Burundi"
"2803","I101_organized_crime",4.8,"Burundi"
"2804","I102_homicide",6,"Burundi"
"2805","I103_terrorism",91.3,"Burundi"
"2806","I104_police",4.2,"Burundi"
"2807","Sub2_Social_Capital",NA,"Burundi"
"2808","Sub2_Social_Capital",35.2,"Burundi"
"2809","Sub3_Checks_Balances",NA,"Burundi"
"2810","I106_transparency",7,"Burundi"
"2811","I107_judicial_independence",3.5,"Burundi"
"2812","I108_challenging_regulations",3.5,"Burundi"
"2813","I09_press_freedom",52.9,"Burundi"
"2814","Sub4_Public_Sector",NA,"Burundi"
"2815","I110_gov_burden",3.9,"Burundi"
"2816","I111_settling_disputes",4,"Burundi"
"2817","I112_e_participation",0.31,"Burundi"
"2818","Sub5_Transparency",NA,"Burundi"
"2819","I113_corruption",17,"Burundi"
"2820","I114_property_rights",NA,"Burundi"
"2821","I114_property_rights",4.3,"Burundi"
"2822","I115_intellectual_property_protection",3.8,"Burundi"
"2823","I116_land_administration",4.5,"Burundi"
"2824","Sub6_Corporate_Governance",NA,"Burundi"
"2825","I117_auditing_accounting_standards",4,"Burundi"
"2826","I118_interest_conflict_regulation",5.7,"Burundi"
"2827","I119_shareholder_governance",3,"Burundi"
"2828","Sub7_Government_Orientation",NA,"Burundi"
"2829","I120_policy_stability",4,"Burundi"
"2830","I121_response_to_change",3.7,"Burundi"
"2831","I122_digital_business_laws",3.4,"Burundi"
"2832","I123_gov_long_term_vision",3.9,"Burundi"
"2833","I124_energy_regulations",9.3,"Burundi"
"2834","I125_renewable_energy",29.3,"Burundi"
"2835","I126_environment_treaties",17,"Burundi"
"2836","P2_infrastructure",NA,"Burundi"
"2837","Sub8_Transport_Infrastructure",NA,"Burundi"
"2838","I201_road_connectivity",53.6,"Burundi"
"2839","I202_quality_of_roads",3.9,"Burundi"
"2840","I203_railroad_density",NA,"Burundi"
"2841","I204_train_efficiency",NA,"Burundi"
"2842","I205_airport_connectivity",205.6,"Burundi"
"2843","I206_air_transport_efficiency",3.8,"Burundi"
"2844","I207_shipping_connectivity",NA,"Burundi"
"2845","I208_seaport_efficiency",3.2,"Burundi"
"2846","Sub9_Utility_Infrastructure",NA,"Burundi"
"2847","I209_electricity_access",10.1,"Burundi"
"2848","I210_electricity_supply",NA,"Burundi"
"2849","I211_unsafe_drinking_water",81.4,"Burundi"
"2850","I212_water_supply",4.1,"Burundi"
"2851","P3_ICT_adoption",NA,"Burundi"
"2852","I301_cellular_subscription",56.5,"Burundi"
"2853","I302_mobile_broadband",11.4,"Burundi"
"2854","I303_fixed_broadband",0,"Burundi"
"2855","I304_fibre_internet",0,"Burundi"
"2856","I305_internet_users",2.7,"Burundi"
"2857","P4_macro_stability",NA,"Burundi"
"2858","I401_inflation",8.9,"Burundi"
"2859","I402_debt_dynamic",37.4,"Burundi"
"2860","P5_health",NA,"Burundi"
"2861","I501_healthy_life_expectancy",53.8,"Burundi"
"2862","P6_skills",NA,"Burundi"
"2863","Sub10_Workforce",NA,"Burundi"
"2864","I601_years_of_schooling",1.9,"Burundi"
"2865","Sub11_Workforce_Skills",NA,"Burundi"
"2866","I602_staff_training",3.5,"Burundi"
"2867","I603_vocational_training",4.1,"Burundi"
"2868","I604_graduates_skillset",4.2,"Burundi"
"2869","I605_digital_skills",3.2,"Burundi"
"2870","I606_skilled_employees",4.6,"Burundi"
"2871","Sub12_Future_Workforce",NA,"Burundi"
"2872","I501_healthy_life_expectancy",11.3,"Burundi"
"2873","Sub13_Future_Workforce_Skills",NA,"Burundi"
"2874","I608_critical_thinking",3.6,"Burundi"
"2875","I609_pupil_teacher_ratio",49.6,"Burundi"
"2876","P7_product_market",NA,"Burundi"
"2877","Sub14_Domestic_Competition",NA,"Burundi"
"2878","I701_distortive_taxes",3.9,"Burundi"
"2879","I702_market_dominance",3.8,"Burundi"
"2880","I703_competition_services",4.4,"Burundi"
"2881","Sub15_Trade_Openess",NA,"Burundi"
"2882","I704_non_tariff_barriers",3.7,"Burundi"
"2883","I705_trade_tariffs",10.65,"Burundi"
"2884","I706_tariffs_complexity",6.3,"Burundi"
"2885","I707_border_clearance",1.7,"Burundi"
"2886","P8_labour_market",NA,"Burundi"
"2887","Sub16_Flexibility",NA,"Burundi"
"2888","I801_redundancy_costs",15.9,"Burundi"
"2889","I802_hiring_firing_practices",4.1,"Burundi"
"2890","I803_labour_employer_relations",4.3,"Burundi"
"2891","I804_wage_flexibility",5.5,"Burundi"
"2892","I805_labour_market_policies",2.6,"Burundi"
"2893","I806_workers_rights",3,"Burundi"
"2894","I807_foreign_labour_hiring",4.2,"Burundi"
"2895","I808_internal_labour_mobility",4.4,"Burundi"
"2896","Sub17_Meritocracy",NA,"Burundi"
"2897","I809_reliance_on_management",3.9,"Burundi"
"2898","I810_pay_productivity",3.3,"Burundi"
"2899","I811_gender_pay_gap",0.4,"Burundi"
"2900","I812_labour_tax",10.2,"Burundi"
"2901","P9_financial_system",NA,"Burundi"
"2902","Sub18_Depth",NA,"Burundi"
"2903","I901_credit_to_private_sector",16.3,"Burundi"
"2904","I902_financing_SME",3.4,"Burundi"
"2905","I903_venture_capital",3,"Burundi"
"2906","I904_market_capitalization",0,"Burundi"
"2907","I905_insurance_premium",0.7,"Burundi"
"2908","Sub19_Stability",NA,"Burundi"
"2909","I906_banks_soundness",4.1,"Burundi"
"2910","I907_non_performing_loans",14.2,"Burundi"
"2911","I908_credit_gap",-2.1,"Burundi"
"2912","I909_regulatory_capital",21.2,"Burundi"
"2913","P10_market_size",NA,"Burundi"
"2914","I1001_GDP_PPP",7,"Burundi"
"2915","I1002_imports",29.9,"Burundi"
"2916","P11_dynamism",NA,"Burundi"
"2917","Sub20_Administrative_Requirements",NA,"Burundi"
"2918","I1101_starting_business_cost",10.7,"Burundi"
"2919","I1102_starting_business_time",4,"Burundi"
"2920","I1103_insolvency_recovery_rate",7.5,"Burundi"
"2921","I1104_insolvency_regulations",8.5,"Burundi"
"2922","Sub21_Entrepreneurial_Culture",NA,"Burundi"
"2923","I1105_risk_attitudes",3.6,"Burundi"
"2924","I1106_delegating_authority",4.1,"Burundi"
"2925","I1107_innovating_companies",3.6,"Burundi"
"2926","I1108_disruptive_ideas",3.4,"Burundi"
"2927","P12_innovation",NA,"Burundi"
"2928","Sub22_Diversity",NA,"Burundi"
"2929","I1201_workforce_diversity",4.2,"Burundi"
"2930","I1202_cluster_development",3.4,"Burundi"
"2931","I1203_international_inventions",0,"Burundi"
"2932","I1204_stakeholder_collaboration",3.7,"Burundi"
"2933","Sub23_Research_Development",NA,"Burundi"
"2934","I1205_scientific_publications",38.3,"Burundi"
"2935","I1206_patents",0.03,"Burundi"
"2936","I1207_RnD_expenditures",0.1,"Burundi"
"2937","I1208_research_institutions",0,"Burundi"
"2938","Sub24_Commercialization",NA,"Burundi"
"2939","I1209_buyer_sophistication",2.6,"Burundi"
"2940","I1210_trademarks",5.03,"Burundi"
"2941","P1_institutions",NA,"Cambodia"
"2942","Sub1_Security",NA,"Cambodia"
"2943","I101_organized_crime",4.2,"Cambodia"
"2944","I102_homicide",1.8,"Cambodia"
"2945","I103_terrorism",100,"Cambodia"
"2946","I104_police",3.2,"Cambodia"
"2947","Sub2_Social_Capital",NA,"Cambodia"
"2948","Sub2_Social_Capital",43.9,"Cambodia"
"2949","Sub3_Checks_Balances",NA,"Cambodia"
"2950","I106_transparency",20,"Cambodia"
"2951","I107_judicial_independence",2.7,"Cambodia"
"2952","I108_challenging_regulations",2.9,"Cambodia"
"2953","I09_press_freedom",45.9,"Cambodia"
"2954","Sub4_Public_Sector",NA,"Cambodia"
"2955","I110_gov_burden",3.6,"Cambodia"
"2956","I111_settling_disputes",3,"Cambodia"
"2957","I112_e_participation",0.17,"Cambodia"
"2958","Sub5_Transparency",NA,"Cambodia"
"2959","I113_corruption",20,"Cambodia"
"2960","I114_property_rights",NA,"Cambodia"
"2961","I114_property_rights",4.2,"Cambodia"
"2962","I115_intellectual_property_protection",3.5,"Cambodia"
"2963","I116_land_administration",7.5,"Cambodia"
"2964","Sub6_Corporate_Governance",NA,"Cambodia"
"2965","I117_auditing_accounting_standards",3.7,"Cambodia"
"2966","I118_interest_conflict_regulation",6.7,"Cambodia"
"2967","I119_shareholder_governance",3.3,"Cambodia"
"2968","Sub7_Government_Orientation",NA,"Cambodia"
"2969","I120_policy_stability",3.7,"Cambodia"
"2970","I121_response_to_change",3.5,"Cambodia"
"2971","I122_digital_business_laws",3.5,"Cambodia"
"2972","I123_gov_long_term_vision",3.6,"Cambodia"
"2973","I124_energy_regulations",44.9,"Cambodia"
"2974","I125_renewable_energy",41.3,"Cambodia"
"2975","I126_environment_treaties",20,"Cambodia"
"2976","P2_infrastructure",NA,"Cambodia"
"2977","Sub8_Transport_Infrastructure",NA,"Cambodia"
"2978","I201_road_connectivity",61.9,"Cambodia"
"2979","I202_quality_of_roads",3.6,"Cambodia"
"2980","I203_railroad_density",NA,"Cambodia"
"2981","I204_train_efficiency",NA,"Cambodia"
"2982","I205_airport_connectivity",57534.6,"Cambodia"
"2983","I206_air_transport_efficiency",3.7,"Cambodia"
"2984","I207_shipping_connectivity",8.2,"Cambodia"
"2985","I208_seaport_efficiency",3.6,"Cambodia"
"2986","Sub9_Utility_Infrastructure",NA,"Cambodia"
"2987","I209_electricity_access",60.6,"Cambodia"
"2988","I210_electricity_supply",13,"Cambodia"
"2989","I211_unsafe_drinking_water",40.5,"Cambodia"
"2990","I212_water_supply",4.5,"Cambodia"
"2991","P3_ICT_adoption",NA,"Cambodia"
"2992","I301_cellular_subscription",119.5,"Cambodia"
"2993","I302_mobile_broadband",82.8,"Cambodia"
"2994","I303_fixed_broadband",1,"Cambodia"
"2995","I304_fibre_internet",0.5,"Cambodia"
"2996","I305_internet_users",40,"Cambodia"
"2997","P4_macro_stability",NA,"Cambodia"
"2998","I401_inflation",2.6,"Cambodia"
"2999","I402_debt_dynamic",49.9,"Cambodia"
"3000","P5_health",NA,"Cambodia"
"3001","I501_healthy_life_expectancy",60.7,"Cambodia"
"3002","P6_skills",NA,"Cambodia"
"3003","Sub10_Workforce",NA,"Cambodia"
"3004","I601_years_of_schooling",4.6,"Cambodia"
"3005","Sub11_Workforce_Skills",NA,"Cambodia"
"3006","I602_staff_training",3.9,"Cambodia"
"3007","I603_vocational_training",3.5,"Cambodia"
"3008","I604_graduates_skillset",3.6,"Cambodia"
"3009","I605_digital_skills",3.6,"Cambodia"
"3010","I606_skilled_employees",3.5,"Cambodia"
"3011","Sub12_Future_Workforce",NA,"Cambodia"
"3012","I501_healthy_life_expectancy",NA,"Cambodia"
"3013","Sub13_Future_Workforce_Skills",NA,"Cambodia"
"3014","I608_critical_thinking",3.4,"Cambodia"
"3015","I609_pupil_teacher_ratio",41.7,"Cambodia"
"3016","P7_product_market",NA,"Cambodia"
"3017","Sub14_Domestic_Competition",NA,"Cambodia"
"3018","I701_distortive_taxes",3.5,"Cambodia"
"3019","I702_market_dominance",3.4,"Cambodia"
"3020","I703_competition_services",4.4,"Cambodia"
"3021","Sub15_Trade_Openess",NA,"Cambodia"
"3022","I704_non_tariff_barriers",4.4,"Cambodia"
"3023","I705_trade_tariffs",9.5,"Cambodia"
"3024","I706_tariffs_complexity",5.5,"Cambodia"
"3025","I707_border_clearance",2.4,"Cambodia"
"3026","P8_labour_market",NA,"Cambodia"
"3027","Sub16_Flexibility",NA,"Cambodia"
"3028","I801_redundancy_costs",19.3,"Cambodia"
"3029","I802_hiring_firing_practices",4,"Cambodia"
"3030","I803_labour_employer_relations",4.3,"Cambodia"
"3031","I804_wage_flexibility",4.4,"Cambodia"
"3032","I805_labour_market_policies",3,"Cambodia"
"3033","I806_workers_rights",59,"Cambodia"
"3034","I807_foreign_labour_hiring",4.4,"Cambodia"
"3035","I808_internal_labour_mobility",4.3,"Cambodia"
"3036","Sub17_Meritocracy",NA,"Cambodia"
"3037","I809_reliance_on_management",3.9,"Cambodia"
"3038","I810_pay_productivity",4.2,"Cambodia"
"3039","I811_gender_pay_gap",0.7,"Cambodia"
"3040","I812_labour_tax",0.5,"Cambodia"
"3041","P9_financial_system",NA,"Cambodia"
"3042","Sub18_Depth",NA,"Cambodia"
"3043","I901_credit_to_private_sector",80.9,"Cambodia"
"3044","I902_financing_SME",3.7,"Cambodia"
"3045","I903_venture_capital",3.2,"Cambodia"
"3046","I904_market_capitalization",1.8,"Cambodia"
"3047","I905_insurance_premium",0.3,"Cambodia"
"3048","Sub19_Stability",NA,"Cambodia"
"3049","I906_banks_soundness",4.5,"Cambodia"
"3050","I907_non_performing_loans",2.1,"Cambodia"
"3051","I908_credit_gap",9.8,"Cambodia"
"3052","I909_regulatory_capital",21,"Cambodia"
"3053","P10_market_size",NA,"Cambodia"
"3054","I1001_GDP_PPP",63,"Cambodia"
"3055","I1002_imports",89.9,"Cambodia"
"3056","P11_dynamism",NA,"Cambodia"
"3057","Sub20_Administrative_Requirements",NA,"Cambodia"
"3058","I1101_starting_business_cost",47.4,"Cambodia"
"3059","I1102_starting_business_time",99,"Cambodia"
"3060","I1103_insolvency_recovery_rate",14.5,"Cambodia"
"3061","I1104_insolvency_regulations",13,"Cambodia"
"3062","Sub21_Entrepreneurial_Culture",NA,"Cambodia"
"3063","I1105_risk_attitudes",3.8,"Cambodia"
"3064","I1106_delegating_authority",4,"Cambodia"
"3065","I1107_innovating_companies",4.3,"Cambodia"
"3066","I1108_disruptive_ideas",3.7,"Cambodia"
"3067","P12_innovation",NA,"Cambodia"
"3068","Sub22_Diversity",NA,"Cambodia"
"3069","I1201_workforce_diversity",4.2,"Cambodia"
"3070","I1202_cluster_development",3.9,"Cambodia"
"3071","I1203_international_inventions",0.01,"Cambodia"
"3072","I1204_stakeholder_collaboration",3.6,"Cambodia"
"3073","Sub23_Research_Development",NA,"Cambodia"
"3074","I1205_scientific_publications",92.7,"Cambodia"
"3075","I1206_patents",0.01,"Cambodia"
"3076","I1207_RnD_expenditures",0.1,"Cambodia"
"3077","I1208_research_institutions",0,"Cambodia"
"3078","Sub24_Commercialization",NA,"Cambodia"
"3079","I1209_buyer_sophistication",3.6,"Cambodia"
"3080","I1210_trademarks",85.56,"Cambodia"
"3081","P1_institutions",NA,"Cameroon"
"3082","Sub1_Security",NA,"Cameroon"
"3083","I101_organized_crime",3.9,"Cameroon"
"3084","I102_homicide",1.4,"Cameroon"
"3085","I103_terrorism",79.9,"Cameroon"
"3086","I104_police",4,"Cameroon"
"3087","Sub2_Social_Capital",NA,"Cameroon"
"3088","Sub2_Social_Capital",46.4,"Cameroon"
"3089","Sub3_Checks_Balances",NA,"Cameroon"
"3090","I106_transparency",7,"Cameroon"
"3091","I107_judicial_independence",2.9,"Cameroon"
"3092","I108_challenging_regulations",3.4,"Cameroon"
"3093","I09_press_freedom",43.3,"Cameroon"
"3094","Sub4_Public_Sector",NA,"Cameroon"
"3095","I110_gov_burden",3.5,"Cameroon"
"3096","I111_settling_disputes",3.6,"Cameroon"
"3097","I112_e_participation",0.33,"Cameroon"
"3098","Sub5_Transparency",NA,"Cameroon"
"3099","I113_corruption",25,"Cameroon"
"3100","I114_property_rights",NA,"Cameroon"
"3101","I114_property_rights",3.9,"Cameroon"
"3102","I115_intellectual_property_protection",4.1,"Cameroon"
"3103","I116_land_administration",7,"Cameroon"
"3104","Sub6_Corporate_Governance",NA,"Cameroon"
"3105","I117_auditing_accounting_standards",3.9,"Cameroon"
"3106","I118_interest_conflict_regulation",4.7,"Cameroon"
"3107","I119_shareholder_governance",3.7,"Cameroon"
"3108","Sub7_Government_Orientation",NA,"Cameroon"
"3109","I120_policy_stability",3.8,"Cameroon"
"3110","I121_response_to_change",3.4,"Cameroon"
"3111","I122_digital_business_laws",3.4,"Cameroon"
"3112","I123_gov_long_term_vision",3.8,"Cameroon"
"3113","I124_energy_regulations",43.4,"Cameroon"
"3114","I125_renewable_energy",46.9,"Cameroon"
"3115","I126_environment_treaties",23,"Cameroon"
"3116","P2_infrastructure",NA,"Cameroon"
"3117","Sub8_Transport_Infrastructure",NA,"Cameroon"
"3118","I201_road_connectivity",55.7,"Cameroon"
"3119","I202_quality_of_roads",2.4,"Cameroon"
"3120","I203_railroad_density",2.1,"Cameroon"
"3121","I204_train_efficiency",2.7,"Cameroon"
"3122","I205_airport_connectivity",3643.4,"Cameroon"
"3123","I206_air_transport_efficiency",3.3,"Cameroon"
"3124","I207_shipping_connectivity",25.5,"Cameroon"
"3125","I208_seaport_efficiency",3.1,"Cameroon"
"3126","Sub9_Utility_Infrastructure",NA,"Cameroon"
"3127","I209_electricity_access",62.1,"Cameroon"
"3128","I210_electricity_supply",20.8,"Cameroon"
"3129","I211_unsafe_drinking_water",68.5,"Cameroon"
"3130","I212_water_supply",2.6,"Cameroon"
"3131","P3_ICT_adoption",NA,"Cameroon"
"3132","I301_cellular_subscription",69.1,"Cameroon"
"3133","I302_mobile_broadband",23.7,"Cameroon"
"3134","I303_fixed_broadband",0.1,"Cameroon"
"3135","I304_fibre_internet",0,"Cameroon"
"3136","I305_internet_users",23.2,"Cameroon"
"3137","P4_macro_stability",NA,"Cameroon"
"3138","I401_inflation",0.8,"Cameroon"
"3139","I402_debt_dynamic",49.8,"Cameroon"
"3140","P5_health",NA,"Cameroon"
"3141","I501_healthy_life_expectancy",54.5,"Cameroon"
"3142","P6_skills",NA,"Cameroon"
"3143","Sub10_Workforce",NA,"Cameroon"
"3144","I601_years_of_schooling",6.4,"Cameroon"
"3145","Sub11_Workforce_Skills",NA,"Cameroon"
"3146","I602_staff_training",3.5,"Cameroon"
"3147","I603_vocational_training",4.1,"Cameroon"
"3148","I604_graduates_skillset",4.1,"Cameroon"
"3149","I605_digital_skills",3.9,"Cameroon"
"3150","I606_skilled_employees",4.4,"Cameroon"
"3151","Sub12_Future_Workforce",NA,"Cameroon"
"3152","I501_healthy_life_expectancy",12.7,"Cameroon"
"3153","Sub13_Future_Workforce_Skills",NA,"Cameroon"
"3154","I608_critical_thinking",3.5,"Cameroon"
"3155","I609_pupil_teacher_ratio",44.6,"Cameroon"
"3156","P7_product_market",NA,"Cameroon"
"3157","Sub14_Domestic_Competition",NA,"Cameroon"
"3158","I701_distortive_taxes",3.6,"Cameroon"
"3159","I702_market_dominance",3.9,"Cameroon"
"3160","I703_competition_services",4.5,"Cameroon"
"3161","Sub15_Trade_Openess",NA,"Cameroon"
"3162","I704_non_tariff_barriers",4.2,"Cameroon"
"3163","I705_trade_tariffs",14.22,"Cameroon"
"3164","I706_tariffs_complexity",6.6,"Cameroon"
"3165","I707_border_clearance",2.5,"Cameroon"
"3166","P8_labour_market",NA,"Cameroon"
"3167","Sub16_Flexibility",NA,"Cameroon"
"3168","I801_redundancy_costs",19.9,"Cameroon"
"3169","I802_hiring_firing_practices",3.9,"Cameroon"
"3170","I803_labour_employer_relations",3.8,"Cameroon"
"3171","I804_wage_flexibility",5,"Cameroon"
"3172","I805_labour_market_policies",2.5,"Cameroon"
"3173","I806_workers_rights",67,"Cameroon"
"3174","I807_foreign_labour_hiring",4.4,"Cameroon"
"3175","I808_internal_labour_mobility",4.8,"Cameroon"
"3176","Sub17_Meritocracy",NA,"Cameroon"
"3177","I809_reliance_on_management",3.8,"Cameroon"
"3178","I810_pay_productivity",3.5,"Cameroon"
"3179","I811_gender_pay_gap",0.4,"Cameroon"
"3180","I812_labour_tax",18.3,"Cameroon"
"3181","P9_financial_system",NA,"Cameroon"
"3182","Sub18_Depth",NA,"Cameroon"
"3183","I901_credit_to_private_sector",15,"Cameroon"
"3184","I902_financing_SME",3.2,"Cameroon"
"3185","I903_venture_capital",2.7,"Cameroon"
"3186","I904_market_capitalization",1.1,"Cameroon"
"3187","I905_insurance_premium",0.8,"Cameroon"
"3188","Sub19_Stability",NA,"Cameroon"
"3189","I906_banks_soundness",4.1,"Cameroon"
"3190","I907_non_performing_loans",10.8,"Cameroon"
"3191","I908_credit_gap",-0.8,"Cameroon"
"3192","I909_regulatory_capital",9.7,"Cameroon"
"3193","P10_market_size",NA,"Cameroon"
"3194","I1001_GDP_PPP",85,"Cameroon"
"3195","I1002_imports",23.5,"Cameroon"
"3196","P11_dynamism",NA,"Cameroon"
"3197","Sub20_Administrative_Requirements",NA,"Cameroon"
"3198","I1101_starting_business_cost",24.8,"Cameroon"
"3199","I1102_starting_business_time",13.5,"Cameroon"
"3200","I1103_insolvency_recovery_rate",15.8,"Cameroon"
"3201","I1104_insolvency_regulations",9,"Cameroon"
"3202","Sub21_Entrepreneurial_Culture",NA,"Cameroon"
"3203","I1105_risk_attitudes",3.9,"Cameroon"
"3204","I1106_delegating_authority",3.8,"Cameroon"
"3205","I1107_innovating_companies",3.3,"Cameroon"
"3206","I1108_disruptive_ideas",3.3,"Cameroon"
"3207","P12_innovation",NA,"Cameroon"
"3208","Sub22_Diversity",NA,"Cameroon"
"3209","I1201_workforce_diversity",4,"Cameroon"
"3210","I1202_cluster_development",3.4,"Cameroon"
"3211","I1203_international_inventions",0.02,"Cameroon"
"3212","I1204_stakeholder_collaboration",3.6,"Cameroon"
"3213","Sub23_Research_Development",NA,"Cameroon"
"3214","I1205_scientific_publications",114.3,"Cameroon"
"3215","I1206_patents",0.02,"Cameroon"
"3216","I1207_RnD_expenditures",NA,"Cameroon"
"3217","I1208_research_institutions",0.01,"Cameroon"
"3218","Sub24_Commercialization",NA,"Cameroon"
"3219","I1209_buyer_sophistication",3,"Cameroon"
"3220","I1210_trademarks",208.86,"Cameroon"
"3221","P1_institutions",NA,"Canada"
"3222","Sub1_Security",NA,"Canada"
"3223","I101_organized_crime",5.2,"Canada"
"3224","I102_homicide",1.8,"Canada"
"3225","I103_terrorism",98.8,"Canada"
"3226","I104_police",5.8,"Canada"
"3227","Sub2_Social_Capital",NA,"Canada"
"3228","Sub2_Social_Capital",63.3,"Canada"
"3229","Sub3_Checks_Balances",NA,"Canada"
"3230","I106_transparency",71,"Canada"
"3231","I107_judicial_independence",5.6,"Canada"
"3232","I108_challenging_regulations",4.4,"Canada"
"3233","I09_press_freedom",15.7,"Canada"
"3234","Sub4_Public_Sector",NA,"Canada"
"3235","I110_gov_burden",3.9,"Canada"
"3236","I111_settling_disputes",4.7,"Canada"
"3237","I112_e_participation",0.91,"Canada"
"3238","Sub5_Transparency",NA,"Canada"
"3239","I113_corruption",81,"Canada"
"3240","I114_property_rights",NA,"Canada"
"3241","I114_property_rights",5.6,"Canada"
"3242","I115_intellectual_property_protection",5.5,"Canada"
"3243","I116_land_administration",21.5,"Canada"
"3244","Sub6_Corporate_Governance",NA,"Canada"
"3245","I117_auditing_accounting_standards",5.9,"Canada"
"3246","I118_interest_conflict_regulation",8.7,"Canada"
"3247","I119_shareholder_governance",7,"Canada"
"3248","Sub7_Government_Orientation",NA,"Canada"
"3249","I120_policy_stability",4.9,"Canada"
"3250","I121_response_to_change",4.3,"Canada"
"3251","I122_digital_business_laws",4.5,"Canada"
"3252","I123_gov_long_term_vision",4.4,"Canada"
"3253","I124_energy_regulations",87.7,"Canada"
"3254","I125_renewable_energy",82.3,"Canada"
"3255","I126_environment_treaties",20,"Canada"
"3256","P2_infrastructure",NA,"Canada"
"3257","Sub8_Transport_Infrastructure",NA,"Canada"
"3258","I201_road_connectivity",98.7,"Canada"
"3259","I202_quality_of_roads",5,"Canada"
"3260","I203_railroad_density",5.3,"Canada"
"3261","I204_train_efficiency",4.5,"Canada"
"3262","I205_airport_connectivity",594683.5,"Canada"
"3263","I206_air_transport_efficiency",5.3,"Canada"
"3264","I207_shipping_connectivity",51.7,"Canada"
"3265","I208_seaport_efficiency",5.1,"Canada"
"3266","Sub9_Utility_Infrastructure",NA,"Canada"
"3267","I209_electricity_access",100,"Canada"
"3268","I210_electricity_supply",10.8,"Canada"
"3269","I211_unsafe_drinking_water",0.3,"Canada"
"3270","I212_water_supply",6.4,"Canada"
"3271","P3_ICT_adoption",NA,"Canada"
"3272","I301_cellular_subscription",89.2,"Canada"
"3273","I302_mobile_broadband",76.7,"Canada"
"3274","I303_fixed_broadband",38.6,"Canada"
"3275","I304_fibre_internet",4.7,"Canada"
"3276","I305_internet_users",91,"Canada"
"3277","P4_macro_stability",NA,"Canada"
"3278","I401_inflation",1.9,"Canada"
"3279","I402_debt_dynamic",100,"Canada"
"3280","P5_health",NA,"Canada"
"3281","I501_healthy_life_expectancy",70.5,"Canada"
"3282","P6_skills",NA,"Canada"
"3283","Sub10_Workforce",NA,"Canada"
"3284","I601_years_of_schooling",13.8,"Canada"
"3285","Sub11_Workforce_Skills",NA,"Canada"
"3286","I602_staff_training",4.9,"Canada"
"3287","I603_vocational_training",5.1,"Canada"
"3288","I604_graduates_skillset",5,"Canada"
"3289","I605_digital_skills",5.1,"Canada"
"3290","I606_skilled_employees",4.9,"Canada"
"3291","Sub12_Future_Workforce",NA,"Canada"
"3292","I501_healthy_life_expectancy",16.1,"Canada"
"3293","Sub13_Future_Workforce_Skills",NA,"Canada"
"3294","I608_critical_thinking",4.9,"Canada"
"3295","I609_pupil_teacher_ratio",NA,"Canada"
"3296","P7_product_market",NA,"Canada"
"3297","Sub14_Domestic_Competition",NA,"Canada"
"3298","I701_distortive_taxes",4.2,"Canada"
"3299","I702_market_dominance",4.5,"Canada"
"3300","I703_competition_services",5.1,"Canada"
"3301","Sub15_Trade_Openess",NA,"Canada"
"3302","I704_non_tariff_barriers",4.6,"Canada"
"3303","I705_trade_tariffs",2.46,"Canada"
"3304","I706_tariffs_complexity",4.7,"Canada"
"3305","I707_border_clearance",3.6,"Canada"
"3306","P8_labour_market",NA,"Canada"
"3307","Sub16_Flexibility",NA,"Canada"
"3308","I801_redundancy_costs",10,"Canada"
"3309","I802_hiring_firing_practices",4.7,"Canada"
"3310","I803_labour_employer_relations",5.1,"Canada"
"3311","I804_wage_flexibility",5.3,"Canada"
"3312","I805_labour_market_policies",4.8,"Canada"
"3313","I806_workers_rights",79,"Canada"
"3314","I807_foreign_labour_hiring",4.2,"Canada"
"3315","I808_internal_labour_mobility",4.7,"Canada"
"3316","Sub17_Meritocracy",NA,"Canada"
"3317","I809_reliance_on_management",5.5,"Canada"
"3318","I810_pay_productivity",4.9,"Canada"
"3319","I811_gender_pay_gap",0.96,"Canada"
"3320","I812_labour_tax",12.6,"Canada"
"3321","P9_financial_system",NA,"Canada"
"3322","Sub18_Depth",NA,"Canada"
"3323","I901_credit_to_private_sector",189.3,"Canada"
"3324","I902_financing_SME",4.6,"Canada"
"3325","I903_venture_capital",4,"Canada"
"3326","I904_market_capitalization",125.1,"Canada"
"3327","I905_insurance_premium",5.8,"Canada"
"3328","Sub19_Stability",NA,"Canada"
"3329","I906_banks_soundness",6.2,"Canada"
"3330","I907_non_performing_loans",0.4,"Canada"
"3331","I908_credit_gap",3.9,"Canada"
"3332","I909_regulatory_capital",14.6,"Canada"
"3333","P10_market_size",NA,"Canada"
"3334","I1001_GDP_PPP",1633,"Canada"
"3335","I1002_imports",33.9,"Canada"
"3336","P11_dynamism",NA,"Canada"
"3337","Sub20_Administrative_Requirements",NA,"Canada"
"3338","I1101_starting_business_cost",0.3,"Canada"
"3339","I1102_starting_business_time",1.5,"Canada"
"3340","I1103_insolvency_recovery_rate",87.5,"Canada"
"3341","I1104_insolvency_regulations",11,"Canada"
"3342","Sub21_Entrepreneurial_Culture",NA,"Canada"
"3343","I1105_risk_attitudes",4.6,"Canada"
"3344","I1106_delegating_authority",5.3,"Canada"
"3345","I1107_innovating_companies",4.7,"Canada"
"3346","I1108_disruptive_ideas",4.3,"Canada"
"3347","P12_innovation",NA,"Canada"
"3348","Sub22_Diversity",NA,"Canada"
"3349","I1201_workforce_diversity",5.6,"Canada"
"3350","I1202_cluster_development",4.8,"Canada"
"3351","I1203_international_inventions",15.07,"Canada"
"3352","I1204_stakeholder_collaboration",4.8,"Canada"
"3353","Sub23_Research_Development",NA,"Canada"
"3354","I1205_scientific_publications",1032.7,"Canada"
"3355","I1206_patents",105.84,"Canada"
"3356","I1207_RnD_expenditures",1.5,"Canada"
"3357","I1208_research_institutions",0.3,"Canada"
"3358","Sub24_Commercialization",NA,"Canada"
"3359","I1209_buyer_sophistication",4.6,"Canada"
"3360","I1210_trademarks",2016.15,"Canada"
"3361","P1_institutions",NA,"Cape Verde"
"3362","Sub1_Security",NA,"Cape Verde"
"3363","I101_organized_crime",4.9,"Cape Verde"
"3364","I102_homicide",11.5,"Cape Verde"
"3365","I103_terrorism",100,"Cape Verde"
"3366","I104_police",4.3,"Cape Verde"
"3367","Sub2_Social_Capital",NA,"Cape Verde"
"3368","Sub2_Social_Capital",NA,"Cape Verde"
"3369","Sub3_Checks_Balances",NA,"Cape Verde"
"3370","I106_transparency",NA,"Cape Verde"
"3371","I107_judicial_independence",4,"Cape Verde"
"3372","I108_challenging_regulations",3.4,"Cape Verde"
"3373","I09_press_freedom",19.8,"Cape Verde"
"3374","Sub4_Public_Sector",NA,"Cape Verde"
"3375","I110_gov_burden",3.7,"Cape Verde"
"3376","I111_settling_disputes",3.5,"Cape Verde"
"3377","I112_e_participation",0.43,"Cape Verde"
"3378","Sub5_Transparency",NA,"Cape Verde"
"3379","I113_corruption",57,"Cape Verde"
"3380","I114_property_rights",NA,"Cape Verde"
"3381","I114_property_rights",4.2,"Cape Verde"
"3382","I115_intellectual_property_protection",3.8,"Cape Verde"
"3383","I116_land_administration",10,"Cape Verde"
"3384","Sub6_Corporate_Governance",NA,"Cape Verde"
"3385","I117_auditing_accounting_standards",3.9,"Cape Verde"
"3386","I118_interest_conflict_regulation",4,"Cape Verde"
"3387","I119_shareholder_governance",3.3,"Cape Verde"
"3388","Sub7_Government_Orientation",NA,"Cape Verde"
"3389","I120_policy_stability",4.4,"Cape Verde"
"3390","I121_response_to_change",3.9,"Cape Verde"
"3391","I122_digital_business_laws",3.2,"Cape Verde"
"3392","I123_gov_long_term_vision",4,"Cape Verde"
"3393","I124_energy_regulations",NA,"Cape Verde"
"3394","I125_renewable_energy",NA,"Cape Verde"
"3395","I126_environment_treaties",20,"Cape Verde"
"3396","P2_infrastructure",NA,"Cape Verde"
"3397","Sub8_Transport_Infrastructure",NA,"Cape Verde"
"3398","I201_road_connectivity",NA,"Cape Verde"
"3399","I202_quality_of_roads",4,"Cape Verde"
"3400","I203_railroad_density",NA,"Cape Verde"
"3401","I204_train_efficiency",NA,"Cape Verde"
"3402","I205_airport_connectivity",4882.6,"Cape Verde"
"3403","I206_air_transport_efficiency",3.3,"Cape Verde"
"3404","I207_shipping_connectivity",6.1,"Cape Verde"
"3405","I208_seaport_efficiency",3.2,"Cape Verde"
"3406","Sub9_Utility_Infrastructure",NA,"Cape Verde"
"3407","I209_electricity_access",96.1,"Cape Verde"
"3408","I210_electricity_supply",NA,"Cape Verde"
"3409","I211_unsafe_drinking_water",43.8,"Cape Verde"
"3410","I212_water_supply",3.8,"Cape Verde"
"3411","P3_ICT_adoption",NA,"Cape Verde"
"3412","I301_cellular_subscription",112.2,"Cape Verde"
"3413","I302_mobile_broadband",66.8,"Cape Verde"
"3414","I303_fixed_broadband",2.9,"Cape Verde"
"3415","I304_fibre_internet",0,"Cape Verde"
"3416","I305_internet_users",58.2,"Cape Verde"
"3417","P4_macro_stability",NA,"Cape Verde"
"3418","I401_inflation",1,"Cape Verde"
"3419","I402_debt_dynamic",40,"Cape Verde"
"3420","P5_health",NA,"Cape Verde"
"3421","I501_healthy_life_expectancy",65.9,"Cape Verde"
"3422","P6_skills",NA,"Cape Verde"
"3423","Sub10_Workforce",NA,"Cape Verde"
"3424","I601_years_of_schooling",6.1,"Cape Verde"
"3425","Sub11_Workforce_Skills",NA,"Cape Verde"
"3426","I602_staff_training",3.5,"Cape Verde"
"3427","I603_vocational_training",4,"Cape Verde"
"3428","I604_graduates_skillset",3.8,"Cape Verde"
"3429","I605_digital_skills",4,"Cape Verde"
"3430","I606_skilled_employees",4.2,"Cape Verde"
"3431","Sub12_Future_Workforce",NA,"Cape Verde"
"3432","I501_healthy_life_expectancy",11.9,"Cape Verde"
"3433","Sub13_Future_Workforce_Skills",NA,"Cape Verde"
"3434","I608_critical_thinking",3.6,"Cape Verde"
"3435","I609_pupil_teacher_ratio",21.1,"Cape Verde"
"3436","P7_product_market",NA,"Cape Verde"
"3437","Sub14_Domestic_Competition",NA,"Cape Verde"
"3438","I701_distortive_taxes",3.9,"Cape Verde"
"3439","I702_market_dominance",3.6,"Cape Verde"
"3440","I703_competition_services",4.4,"Cape Verde"
"3441","Sub15_Trade_Openess",NA,"Cape Verde"
"3442","I704_non_tariff_barriers",4.1,"Cape Verde"
"3443","I705_trade_tariffs",8.84,"Cape Verde"
"3444","I706_tariffs_complexity",5.8,"Cape Verde"
"3445","I707_border_clearance",NA,"Cape Verde"
"3446","P8_labour_market",NA,"Cape Verde"
"3447","Sub16_Flexibility",NA,"Cape Verde"
"3448","I801_redundancy_costs",17.3,"Cape Verde"
"3449","I802_hiring_firing_practices",3.8,"Cape Verde"
"3450","I803_labour_employer_relations",4.1,"Cape Verde"
"3451","I804_wage_flexibility",5,"Cape Verde"
"3452","I805_labour_market_policies",3.2,"Cape Verde"
"3453","I806_workers_rights",NA,"Cape Verde"
"3454","I807_foreign_labour_hiring",4.6,"Cape Verde"
"3455","I808_internal_labour_mobility",4.5,"Cape Verde"
"3456","Sub17_Meritocracy",NA,"Cape Verde"
"3457","I809_reliance_on_management",3.8,"Cape Verde"
"3458","I810_pay_productivity",3.6,"Cape Verde"
"3459","I811_gender_pay_gap",0.88,"Cape Verde"
"3460","I812_labour_tax",18.1,"Cape Verde"
"3461","P9_financial_system",NA,"Cape Verde"
"3462","Sub18_Depth",NA,"Cape Verde"
"3463","I901_credit_to_private_sector",61.8,"Cape Verde"
"3464","I902_financing_SME",3.6,"Cape Verde"
"3465","I903_venture_capital",3,"Cape Verde"
"3466","I904_market_capitalization",40.3,"Cape Verde"
"3467","I905_insurance_premium",1.2,"Cape Verde"
"3468","Sub19_Stability",NA,"Cape Verde"
"3469","I906_banks_soundness",4.3,"Cape Verde"
"3470","I907_non_performing_loans",15.2,"Cape Verde"
"3471","I908_credit_gap",-5.9,"Cape Verde"
"3472","I909_regulatory_capital",16.2,"Cape Verde"
"3473","P10_market_size",NA,"Cape Verde"
"3474","I1001_GDP_PPP",4,"Cape Verde"
"3475","I1002_imports",60.2,"Cape Verde"
"3476","P11_dynamism",NA,"Cape Verde"
"3477","Sub20_Administrative_Requirements",NA,"Cape Verde"
"3478","I1101_starting_business_cost",14.4,"Cape Verde"
"3479","I1102_starting_business_time",18,"Cape Verde"
"3480","I1103_insolvency_recovery_rate",0,"Cape Verde"
"3481","I1104_insolvency_regulations",0,"Cape Verde"
"3482","Sub21_Entrepreneurial_Culture",NA,"Cape Verde"
"3483","I1105_risk_attitudes",3.6,"Cape Verde"
"3484","I1106_delegating_authority",3.8,"Cape Verde"
"3485","I1107_innovating_companies",3.6,"Cape Verde"
"3486","I1108_disruptive_ideas",3.5,"Cape Verde"
"3487","P12_innovation",NA,"Cape Verde"
"3488","Sub22_Diversity",NA,"Cape Verde"
"3489","I1201_workforce_diversity",4.4,"Cape Verde"
"3490","I1202_cluster_development",3.5,"Cape Verde"
"3491","I1203_international_inventions",0.32,"Cape Verde"
"3492","I1204_stakeholder_collaboration",3.5,"Cape Verde"
"3493","Sub23_Research_Development",NA,"Cape Verde"
"3494","I1205_scientific_publications",23,"Cape Verde"
"3495","I1206_patents",0.95,"Cape Verde"
"3496","I1207_RnD_expenditures",0.1,"Cape Verde"
"3497","I1208_research_institutions",0,"Cape Verde"
"3498","Sub24_Commercialization",NA,"Cape Verde"
"3499","I1209_buyer_sophistication",3.2,"Cape Verde"
"3500","I1210_trademarks",0,"Cape Verde"
"3501","P1_institutions",NA,"Chad"
"3502","Sub1_Security",NA,"Chad"
"3503","I101_organized_crime",3.4,"Chad"
"3504","I102_homicide",0.6,"Chad"
"3505","I103_terrorism",96.2,"Chad"
"3506","I104_police",3,"Chad"
"3507","Sub2_Social_Capital",NA,"Chad"
"3508","Sub2_Social_Capital",41.1,"Chad"
"3509","Sub3_Checks_Balances",NA,"Chad"
"3510","I106_transparency",2,"Chad"
"3511","I107_judicial_independence",2.5,"Chad"
"3512","I108_challenging_regulations",2.7,"Chad"
"3513","I09_press_freedom",36.7,"Chad"
"3514","Sub4_Public_Sector",NA,"Chad"
"3515","I110_gov_burden",3.2,"Chad"
"3516","I111_settling_disputes",3.1,"Chad"
"3517","I112_e_participation",0.15,"Chad"
"3518","Sub5_Transparency",NA,"Chad"
"3519","I113_corruption",19,"Chad"
"3520","I114_property_rights",NA,"Chad"
"3521","I114_property_rights",3.1,"Chad"
"3522","I115_intellectual_property_protection",3.1,"Chad"
"3523","I116_land_administration",8,"Chad"
"3524","Sub6_Corporate_Governance",NA,"Chad"
"3525","I117_auditing_accounting_standards",2.6,"Chad"
"3526","I118_interest_conflict_regulation",4,"Chad"
"3527","I119_shareholder_governance",3.7,"Chad"
"3528","Sub7_Government_Orientation",NA,"Chad"
"3529","I120_policy_stability",2.8,"Chad"
"3530","I121_response_to_change",2.9,"Chad"
"3531","I122_digital_business_laws",2.5,"Chad"
"3532","I123_gov_long_term_vision",2.7,"Chad"
"3533","I124_energy_regulations",9.5,"Chad"
"3534","I125_renewable_energy",15.9,"Chad"
"3535","I126_environment_treaties",21,"Chad"
"3536","P2_infrastructure",NA,"Chad"
"3537","Sub8_Transport_Infrastructure",NA,"Chad"
"3538","I201_road_connectivity",62.2,"Chad"
"3539","I202_quality_of_roads",1.9,"Chad"
"3540","I203_railroad_density",NA,"Chad"
"3541","I204_train_efficiency",NA,"Chad"
"3542","I205_airport_connectivity",942.8,"Chad"
"3543","I206_air_transport_efficiency",2.7,"Chad"
"3544","I207_shipping_connectivity",NA,"Chad"
"3545","I208_seaport_efficiency",1.9,"Chad"
"3546","Sub9_Utility_Infrastructure",NA,"Chad"
"3547","I209_electricity_access",7.8,"Chad"
"3548","I210_electricity_supply",NA,"Chad"
"3549","I211_unsafe_drinking_water",83.4,"Chad"
"3550","I212_water_supply",2.3,"Chad"
"3551","P3_ICT_adoption",NA,"Chad"
"3552","I301_cellular_subscription",45.1,"Chad"
"3553","I302_mobile_broadband",4,"Chad"
"3554","I303_fixed_broadband",0,"Chad"
"3555","I304_fibre_internet",0,"Chad"
"3556","I305_internet_users",6.5,"Chad"
"3557","P4_macro_stability",NA,"Chad"
"3558","I401_inflation",0.8,"Chad"
"3559","I402_debt_dynamic",50,"Chad"
"3560","P5_health",NA,"Chad"
"3561","I501_healthy_life_expectancy",51.5,"Chad"
"3562","P6_skills",NA,"Chad"
"3563","Sub10_Workforce",NA,"Chad"
"3564","I601_years_of_schooling",2.3,"Chad"
"3565","Sub11_Workforce_Skills",NA,"Chad"
"3566","I602_staff_training",3,"Chad"
"3567","I603_vocational_training",3.4,"Chad"
"3568","I604_graduates_skillset",3.7,"Chad"
"3569","I605_digital_skills",2.9,"Chad"
"3570","I606_skilled_employees",3.9,"Chad"
"3571","Sub12_Future_Workforce",NA,"Chad"
"3572","I501_healthy_life_expectancy",8,"Chad"
"3573","Sub13_Future_Workforce_Skills",NA,"Chad"
"3574","I608_critical_thinking",3,"Chad"
"3575","I609_pupil_teacher_ratio",56.9,"Chad"
"3576","P7_product_market",NA,"Chad"
"3577","Sub14_Domestic_Competition",NA,"Chad"
"3578","I701_distortive_taxes",2.6,"Chad"
"3579","I702_market_dominance",2.4,"Chad"
"3580","I703_competition_services",3.2,"Chad"
"3581","Sub15_Trade_Openess",NA,"Chad"
"3582","I704_non_tariff_barriers",3.4,"Chad"
"3583","I705_trade_tariffs",13.82,"Chad"
"3584","I706_tariffs_complexity",6.6,"Chad"
"3585","I707_border_clearance",2.2,"Chad"
"3586","P8_labour_market",NA,"Chad"
"3587","Sub16_Flexibility",NA,"Chad"
"3588","I801_redundancy_costs",13,"Chad"
"3589","I802_hiring_firing_practices",3.5,"Chad"
"3590","I803_labour_employer_relations",3.6,"Chad"
"3591","I804_wage_flexibility",4.7,"Chad"
"3592","I805_labour_market_policies",2.2,"Chad"
"3593","I806_workers_rights",68,"Chad"
"3594","I807_foreign_labour_hiring",4.2,"Chad"
"3595","I808_internal_labour_mobility",4.4,"Chad"
"3596","Sub17_Meritocracy",NA,"Chad"
"3597","I809_reliance_on_management",2.4,"Chad"
"3598","I810_pay_productivity",2.8,"Chad"
"3599","I811_gender_pay_gap",0.08,"Chad"
"3600","I812_labour_tax",28.4,"Chad"
"3601","P9_financial_system",NA,"Chad"
"3602","Sub18_Depth",NA,"Chad"
"3603","I901_credit_to_private_sector",9.3,"Chad"
"3604","I902_financing_SME",2.6,"Chad"
"3605","I903_venture_capital",2.2,"Chad"
"3606","I904_market_capitalization",0,"Chad"
"3607","I905_insurance_premium",0.2,"Chad"
"3608","Sub19_Stability",NA,"Chad"
"3609","I906_banks_soundness",2.9,"Chad"
"3610","I907_non_performing_loans",25.8,"Chad"
"3611","I908_credit_gap",1.2,"Chad"
"3612","I909_regulatory_capital",15.3,"Chad"
"3613","P10_market_size",NA,"Chad"
"3614","I1001_GDP_PPP",27,"Chad"
"3615","I1002_imports",52.2,"Chad"
"3616","P11_dynamism",NA,"Chad"
"3617","Sub20_Administrative_Requirements",NA,"Chad"
"3618","I1101_starting_business_cost",172.3,"Chad"
"3619","I1102_starting_business_time",58,"Chad"
"3620","I1103_insolvency_recovery_rate",0,"Chad"
"3621","I1104_insolvency_regulations",9,"Chad"
"3622","Sub21_Entrepreneurial_Culture",NA,"Chad"
"3623","I1105_risk_attitudes",3,"Chad"
"3624","I1106_delegating_authority",2.8,"Chad"
"3625","I1107_innovating_companies",2.8,"Chad"
"3626","I1108_disruptive_ideas",2.9,"Chad"
"3627","P12_innovation",NA,"Chad"
"3628","Sub22_Diversity",NA,"Chad"
"3629","I1201_workforce_diversity",3.2,"Chad"
"3630","I1202_cluster_development",2.9,"Chad"
"3631","I1203_international_inventions",0,"Chad"
"3632","I1204_stakeholder_collaboration",3,"Chad"
"3633","Sub23_Research_Development",NA,"Chad"
"3634","I1205_scientific_publications",38.3,"Chad"
"3635","I1206_patents",0,"Chad"
"3636","I1207_RnD_expenditures",0.3,"Chad"
"3637","I1208_research_institutions",0,"Chad"
"3638","Sub24_Commercialization",NA,"Chad"
"3639","I1209_buyer_sophistication",2.7,"Chad"
"3640","I1210_trademarks",16.26,"Chad"
"3641","P1_institutions",NA,"Chile"
"3642","Sub1_Security",NA,"Chile"
"3643","I101_organized_crime",5.2,"Chile"
"3644","I102_homicide",4.3,"Chile"
"3645","I103_terrorism",99.1,"Chile"
"3646","I104_police",5.7,"Chile"
"3647","Sub2_Social_Capital",NA,"Chile"
"3648","Sub2_Social_Capital",51.6,"Chile"
"3649","Sub3_Checks_Balances",NA,"Chile"
"3650","I106_transparency",57,"Chile"
"3651","I107_judicial_independence",5,"Chile"
"3652","I108_challenging_regulations",3.8,"Chile"
"3653","I09_press_freedom",25.6,"Chile"
"3654","Sub4_Public_Sector",NA,"Chile"
"3655","I110_gov_burden",3.4,"Chile"
"3656","I111_settling_disputes",4.1,"Chile"
"3657","I112_e_participation",0.82,"Chile"
"3658","Sub5_Transparency",NA,"Chile"
"3659","I113_corruption",67,"Chile"
"3660","I114_property_rights",NA,"Chile"
"3661","I114_property_rights",5.3,"Chile"
"3662","I115_intellectual_property_protection",4.7,"Chile"
"3663","I116_land_administration",14,"Chile"
"3664","Sub6_Corporate_Governance",NA,"Chile"
"3665","I117_auditing_accounting_standards",5.6,"Chile"
"3666","I118_interest_conflict_regulation",7,"Chile"
"3667","I119_shareholder_governance",5,"Chile"
"3668","Sub7_Government_Orientation",NA,"Chile"
"3669","I120_policy_stability",5.1,"Chile"
"3670","I121_response_to_change",4,"Chile"
"3671","I122_digital_business_laws",4.1,"Chile"
"3672","I123_gov_long_term_vision",4.4,"Chile"
"3673","I124_energy_regulations",59.4,"Chile"
"3674","I125_renewable_energy",72.7,"Chile"
"3675","I126_environment_treaties",24,"Chile"
"3676","P2_infrastructure",NA,"Chile"
"3677","Sub8_Transport_Infrastructure",NA,"Chile"
"3678","I201_road_connectivity",95.8,"Chile"
"3679","I202_quality_of_roads",5.2,"Chile"
"3680","I203_railroad_density",7.6,"Chile"
"3681","I204_train_efficiency",3.2,"Chile"
"3682","I205_airport_connectivity",74399.2,"Chile"
"3683","I206_air_transport_efficiency",4.9,"Chile"
"3684","I207_shipping_connectivity",42.9,"Chile"
"3685","I208_seaport_efficiency",4.9,"Chile"
"3686","Sub9_Utility_Infrastructure",NA,"Chile"
"3687","I209_electricity_access",100,"Chile"
"3688","I210_electricity_supply",3.6,"Chile"
"3689","I211_unsafe_drinking_water",3.7,"Chile"
"3690","I212_water_supply",6.1,"Chile"
"3691","P3_ICT_adoption",NA,"Chile"
"3692","I301_cellular_subscription",134.4,"Chile"
"3693","I302_mobile_broadband",91.6,"Chile"
"3694","I303_fixed_broadband",17.4,"Chile"
"3695","I304_fibre_internet",2.2,"Chile"
"3696","I305_internet_users",82.3,"Chile"
"3697","P4_macro_stability",NA,"Chile"
"3698","I401_inflation",2.3,"Chile"
"3699","I402_debt_dynamic",100,"Chile"
"3700","P5_health",NA,"Chile"
"3701","I501_healthy_life_expectancy",68.7,"Chile"
"3702","P6_skills",NA,"Chile"
"3703","Sub10_Workforce",NA,"Chile"
"3704","I601_years_of_schooling",10.3,"Chile"
"3705","Sub11_Workforce_Skills",NA,"Chile"
"3706","I602_staff_training",4.1,"Chile"
"3707","I603_vocational_training",4.9,"Chile"
"3708","I604_graduates_skillset",4.6,"Chile"
"3709","I605_digital_skills",4.3,"Chile"
"3710","I606_skilled_employees",4.9,"Chile"
"3711","Sub12_Future_Workforce",NA,"Chile"
"3712","I501_healthy_life_expectancy",16.5,"Chile"
"3713","Sub13_Future_Workforce_Skills",NA,"Chile"
"3714","I608_critical_thinking",3.3,"Chile"
"3715","I609_pupil_teacher_ratio",17.8,"Chile"
"3716","P7_product_market",NA,"Chile"
"3717","Sub14_Domestic_Competition",NA,"Chile"
"3718","I701_distortive_taxes",4.9,"Chile"
"3719","I702_market_dominance",3.3,"Chile"
"3720","I703_competition_services",5.5,"Chile"
"3721","Sub15_Trade_Openess",NA,"Chile"
"3722","I704_non_tariff_barriers",5.2,"Chile"
"3723","I705_trade_tariffs",3.2,"Chile"
"3724","I706_tariffs_complexity",7,"Chile"
"3725","I707_border_clearance",3.3,"Chile"
"3726","P8_labour_market",NA,"Chile"
"3727","Sub16_Flexibility",NA,"Chile"
"3728","I801_redundancy_costs",27.4,"Chile"
"3729","I802_hiring_firing_practices",3.1,"Chile"
"3730","I803_labour_employer_relations",4.6,"Chile"
"3731","I804_wage_flexibility",6,"Chile"
"3732","I805_labour_market_policies",3.1,"Chile"
"3733","I806_workers_rights",70,"Chile"
"3734","I807_foreign_labour_hiring",4.5,"Chile"
"3735","I808_internal_labour_mobility",3.9,"Chile"
"3736","Sub17_Meritocracy",NA,"Chile"
"3737","I809_reliance_on_management",4.8,"Chile"
"3738","I810_pay_productivity",4.4,"Chile"
"3739","I811_gender_pay_gap",0.7,"Chile"
"3740","I812_labour_tax",5.1,"Chile"
"3741","P9_financial_system",NA,"Chile"
"3742","Sub18_Depth",NA,"Chile"
"3743","I901_credit_to_private_sector",110.9,"Chile"
"3744","I902_financing_SME",4.1,"Chile"
"3745","I903_venture_capital",3.8,"Chile"
"3746","I904_market_capitalization",89.8,"Chile"
"3747","I905_insurance_premium",4.2,"Chile"
"3748","Sub19_Stability",NA,"Chile"
"3749","I906_banks_soundness",6.4,"Chile"
"3750","I907_non_performing_loans",1.9,"Chile"
"3751","I908_credit_gap",-3.3,"Chile"
"3752","I909_regulatory_capital",13.4,"Chile"
"3753","P10_market_size",NA,"Chile"
"3754","I1001_GDP_PPP",428,"Chile"
"3755","I1002_imports",29.5,"Chile"
"3756","P11_dynamism",NA,"Chile"
"3757","Sub20_Administrative_Requirements",NA,"Chile"
"3758","I1101_starting_business_cost",5.7,"Chile"
"3759","I1102_starting_business_time",6,"Chile"
"3760","I1103_insolvency_recovery_rate",41.6,"Chile"
"3761","I1104_insolvency_regulations",12,"Chile"
"3762","Sub21_Entrepreneurial_Culture",NA,"Chile"
"3763","I1105_risk_attitudes",4.2,"Chile"
"3764","I1106_delegating_authority",4.6,"Chile"
"3765","I1107_innovating_companies",4.2,"Chile"
"3766","I1108_disruptive_ideas",3.6,"Chile"
"3767","P12_innovation",NA,"Chile"
"3768","Sub22_Diversity",NA,"Chile"
"3769","I1201_workforce_diversity",4.3,"Chile"
"3770","I1202_cluster_development",3.7,"Chile"
"3771","I1203_international_inventions",0.28,"Chile"
"3772","I1204_stakeholder_collaboration",3.7,"Chile"
"3773","Sub23_Research_Development",NA,"Chile"
"3774","I1205_scientific_publications",319.3,"Chile"
"3775","I1206_patents",4.13,"Chile"
"3776","I1207_RnD_expenditures",0.4,"Chile"
"3777","I1208_research_institutions",0.06,"Chile"
"3778","Sub24_Commercialization",NA,"Chile"
"3779","I1209_buyer_sophistication",4,"Chile"
"3780","I1210_trademarks",1707.01,"Chile"
"3781","P1_institutions",NA,"China"
"3782","Sub1_Security",NA,"China"
"3783","I101_organized_crime",4.6,"China"
"3784","I102_homicide",0.6,"China"
"3785","I103_terrorism",96.4,"China"
"3786","I104_police",4.6,"China"
"3787","Sub2_Social_Capital",NA,"China"
"3788","Sub2_Social_Capital",43.3,"China"
"3789","Sub3_Checks_Balances",NA,"China"
"3790","I106_transparency",13,"China"
"3791","I107_judicial_independence",4.5,"China"
"3792","I108_challenging_regulations",4.1,"China"
"3793","I09_press_freedom",78.9,"China"
"3794","Sub4_Public_Sector",NA,"China"
"3795","I110_gov_burden",4.4,"China"
"3796","I111_settling_disputes",4.1,"China"
"3797","I112_e_participation",0.9,"China"
"3798","Sub5_Transparency",NA,"China"
"3799","I113_corruption",39,"China"
"3800","I114_property_rights",NA,"China"
"3801","I114_property_rights",4.6,"China"
"3802","I115_intellectual_property_protection",4.5,"China"
"3803","I116_land_administration",23.7,"China"
"3804","Sub6_Corporate_Governance",NA,"China"
"3805","I117_auditing_accounting_standards",4.5,"China"
"3806","I118_interest_conflict_regulation",5.3,"China"
"3807","I119_shareholder_governance",6.7,"China"
"3808","Sub7_Government_Orientation",NA,"China"
"3809","I120_policy_stability",4.5,"China"
"3810","I121_response_to_change",4,"China"
"3811","I122_digital_business_laws",4.6,"China"
"3812","I123_gov_long_term_vision",4.5,"China"
"3813","I124_energy_regulations",73.5,"China"
"3814","I125_renewable_energy",66.4,"China"
"3815","I126_environment_treaties",24,"China"
"3816","P2_infrastructure",NA,"China"
"3817","Sub8_Transport_Infrastructure",NA,"China"
"3818","I201_road_connectivity",95.7,"China"
"3819","I202_quality_of_roads",4.6,"China"
"3820","I203_railroad_density",7.2,"China"
"3821","I204_train_efficiency",4.5,"China"
"3822","I205_airport_connectivity",4925931,"China"
"3823","I206_air_transport_efficiency",4.6,"China"
"3824","I207_shipping_connectivity",187.8,"China"
"3825","I208_seaport_efficiency",4.5,"China"
"3826","Sub9_Utility_Infrastructure",NA,"China"
"3827","I209_electricity_access",100,"China"
"3828","I210_electricity_supply",4.9,"China"
"3829","I211_unsafe_drinking_water",18,"China"
"3830","I212_water_supply",4.9,"China"
"3831","P3_ICT_adoption",NA,"China"
"3832","I301_cellular_subscription",115,"China"
"3833","I302_mobile_broadband",95.4,"China"
"3834","I303_fixed_broadband",28.5,"China"
"3835","I304_fibre_internet",23.9,"China"
"3836","I305_internet_users",54.3,"China"
"3837","P4_macro_stability",NA,"China"
"3838","I401_inflation",1.8,"China"
"3839","I402_debt_dynamic",97.6,"China"
"3840","P5_health",NA,"China"
"3841","I501_healthy_life_expectancy",68.1,"China"
"3842","P6_skills",NA,"China"
"3843","Sub10_Workforce",NA,"China"
"3844","I601_years_of_schooling",7.8,"China"
"3845","Sub11_Workforce_Skills",NA,"China"
"3846","I602_staff_training",4.5,"China"
"3847","I603_vocational_training",4.5,"China"
"3848","I604_graduates_skillset",4.5,"China"
"3849","I605_digital_skills",4.7,"China"
"3850","I606_skilled_employees",4.6,"China"
"3851","Sub12_Future_Workforce",NA,"China"
"3852","I501_healthy_life_expectancy",13.5,"China"
"3853","Sub13_Future_Workforce_Skills",NA,"China"
"3854","I608_critical_thinking",4.4,"China"
"3855","I609_pupil_teacher_ratio",16.6,"China"
"3856","P7_product_market",NA,"China"
"3857","Sub14_Domestic_Competition",NA,"China"
"3858","I701_distortive_taxes",4.1,"China"
"3859","I702_market_dominance",4.5,"China"
"3860","I703_competition_services",4.7,"China"
"3861","Sub15_Trade_Openess",NA,"China"
"3862","I704_non_tariff_barriers",4.5,"China"
"3863","I705_trade_tariffs",11.12,"China"
"3864","I706_tariffs_complexity",6.4,"China"
"3865","I707_border_clearance",3.3,"China"
"3866","P8_labour_market",NA,"China"
"3867","Sub16_Flexibility",NA,"China"
"3868","I801_redundancy_costs",27.4,"China"
"3869","I802_hiring_firing_practices",4.5,"China"
"3870","I803_labour_employer_relations",4.6,"China"
"3871","I804_wage_flexibility",4.6,"China"
"3872","I805_labour_market_policies",4.5,"China"
"3873","I806_workers_rights",64,"China"
"3874","I807_foreign_labour_hiring",4.5,"China"
"3875","I808_internal_labour_mobility",4.4,"China"
"3876","Sub17_Meritocracy",NA,"China"
"3877","I809_reliance_on_management",4.5,"China"
"3878","I810_pay_productivity",4.6,"China"
"3879","I811_gender_pay_gap",0.78,"China"
"3880","I812_labour_tax",45.4,"China"
"3881","P9_financial_system",NA,"China"
"3882","Sub18_Depth",NA,"China"
"3883","I901_credit_to_private_sector",155.1,"China"
"3884","I902_financing_SME",4.4,"China"
"3885","I903_venture_capital",4.4,"China"
"3886","I904_market_capitalization",70.2,"China"
"3887","I905_insurance_premium",3.1,"China"
"3888","Sub19_Stability",NA,"China"
"3889","I906_banks_soundness",4.5,"China"
"3890","I907_non_performing_loans",1.7,"China"
"3891","I908_credit_gap",5.7,"China"
"3892","I909_regulatory_capital",13.5,"China"
"3893","P10_market_size",NA,"China"
"3894","I1001_GDP_PPP",22462,"China"
"3895","I1002_imports",19.8,"China"
"3896","P11_dynamism",NA,"China"
"3897","Sub20_Administrative_Requirements",NA,"China"
"3898","I1101_starting_business_cost",0.4,"China"
"3899","I1102_starting_business_time",8.6,"China"
"3900","I1103_insolvency_recovery_rate",36.9,"China"
"3901","I1104_insolvency_regulations",11.5,"China"
"3902","Sub21_Entrepreneurial_Culture",NA,"China"
"3903","I1105_risk_attitudes",4.5,"China"
"3904","I1106_delegating_authority",4.5,"China"
"3905","I1107_innovating_companies",4.4,"China"
"3906","I1108_disruptive_ideas",4.2,"China"
"3907","P12_innovation",NA,"China"
"3908","Sub22_Diversity",NA,"China"
"3909","I1201_workforce_diversity",4.4,"China"
"3910","I1202_cluster_development",4.6,"China"
"3911","I1203_international_inventions",0.9,"China"
"3912","I1204_stakeholder_collaboration",4.4,"China"
"3913","Sub23_Research_Development",NA,"China"
"3914","I1205_scientific_publications",720.3,"China"
"3915","I1206_patents",14.46,"China"
"3916","I1207_RnD_expenditures",2.1,"China"
"3917","I1208_research_institutions",2.84,"China"
"3918","Sub24_Commercialization",NA,"China"
"3919","I1209_buyer_sophistication",4.5,"China"
"3920","I1210_trademarks",1577.96,"China"
"3921","P1_institutions",NA,"Colombia"
"3922","Sub1_Security",NA,"Colombia"
"3923","I101_organized_crime",3.1,"Colombia"
"3924","I102_homicide",24.9,"Colombia"
"3925","I103_terrorism",85.6,"Colombia"
"3926","I104_police",3.6,"Colombia"
"3927","Sub2_Social_Capital",NA,"Colombia"
"3928","Sub2_Social_Capital",50.8,"Colombia"
"3929","Sub3_Checks_Balances",NA,"Colombia"
"3930","I106_transparency",50,"Colombia"
"3931","I107_judicial_independence",2.9,"Colombia"
"3932","I108_challenging_regulations",3,"Colombia"
"3933","I09_press_freedom",42.8,"Colombia"
"3934","Sub4_Public_Sector",NA,"Colombia"
"3935","I110_gov_burden",2.7,"Colombia"
"3936","I111_settling_disputes",3,"Colombia"
"3937","I112_e_participation",0.92,"Colombia"
"3938","Sub5_Transparency",NA,"Colombia"
"3939","I113_corruption",36,"Colombia"
"3940","I114_property_rights",NA,"Colombia"
"3941","I114_property_rights",4.1,"Colombia"
"3942","I115_intellectual_property_protection",3.8,"Colombia"
"3943","I116_land_administration",16.5,"Colombia"
"3944","Sub6_Corporate_Governance",NA,"Colombia"
"3945","I117_auditing_accounting_standards",5,"Colombia"
"3946","I118_interest_conflict_regulation",8,"Colombia"
"3947","I119_shareholder_governance",7,"Colombia"
"3948","Sub7_Government_Orientation",NA,"Colombia"
"3949","I120_policy_stability",3.4,"Colombia"
"3950","I121_response_to_change",3.3,"Colombia"
"3951","I122_digital_business_laws",3.5,"Colombia"
"3952","I123_gov_long_term_vision",3.6,"Colombia"
"3953","I124_energy_regulations",37.5,"Colombia"
"3954","I125_renewable_energy",43.6,"Colombia"
"3955","I126_environment_treaties",19,"Colombia"
"3956","P2_infrastructure",NA,"Colombia"
"3957","Sub8_Transport_Infrastructure",NA,"Colombia"
"3958","I201_road_connectivity",65.4,"Colombia"
"3959","I202_quality_of_roads",3.4,"Colombia"
"3960","I203_railroad_density",1.9,"Colombia"
"3961","I204_train_efficiency",1.7,"Colombia"
"3962","I205_airport_connectivity",144423.4,"Colombia"
"3963","I206_air_transport_efficiency",4.5,"Colombia"
"3964","I207_shipping_connectivity",50.1,"Colombia"
"3965","I208_seaport_efficiency",4.1,"Colombia"
"3966","Sub9_Utility_Infrastructure",NA,"Colombia"
"3967","I209_electricity_access",97,"Colombia"
"3968","I210_electricity_supply",9.1,"Colombia"
"3969","I211_unsafe_drinking_water",19.5,"Colombia"
"3970","I212_water_supply",4.9,"Colombia"
"3971","P3_ICT_adoption",NA,"Colombia"
"3972","I301_cellular_subscription",129.9,"Colombia"
"3973","I302_mobile_broadband",52.3,"Colombia"
"3974","I303_fixed_broadband",13.4,"Colombia"
"3975","I304_fibre_internet",1.4,"Colombia"
"3976","I305_internet_users",62.3,"Colombia"
"3977","P4_macro_stability",NA,"Colombia"
"3978","I401_inflation",3.8,"Colombia"
"3979","I402_debt_dynamic",80,"Colombia"
"3980","P5_health",NA,"Colombia"
"3981","I501_healthy_life_expectancy",70.4,"Colombia"
"3982","P6_skills",NA,"Colombia"
"3983","Sub10_Workforce",NA,"Colombia"
"3984","I601_years_of_schooling",8.3,"Colombia"
"3985","Sub11_Workforce_Skills",NA,"Colombia"
"3986","I602_staff_training",3.7,"Colombia"
"3987","I603_vocational_training",4.5,"Colombia"
"3988","I604_graduates_skillset",4.3,"Colombia"
"3989","I605_digital_skills",3.8,"Colombia"
"3990","I606_skilled_employees",4.3,"Colombia"
"3991","Sub12_Future_Workforce",NA,"Colombia"
"3992","I501_healthy_life_expectancy",14.6,"Colombia"
"3993","Sub13_Future_Workforce_Skills",NA,"Colombia"
"3994","I608_critical_thinking",3.5,"Colombia"
"3995","I609_pupil_teacher_ratio",23.6,"Colombia"
"3996","P7_product_market",NA,"Colombia"
"3997","Sub14_Domestic_Competition",NA,"Colombia"
"3998","I701_distortive_taxes",3,"Colombia"
"3999","I702_market_dominance",3.3,"Colombia"
"4000","I703_competition_services",4.9,"Colombia"
"4001","Sub15_Trade_Openess",NA,"Colombia"
"4002","I704_non_tariff_barriers",3.9,"Colombia"
"4003","I705_trade_tariffs",5.9,"Colombia"
"4004","I706_tariffs_complexity",6.4,"Colombia"
"4005","I707_border_clearance",2.6,"Colombia"
"4006","P8_labour_market",NA,"Colombia"
"4007","Sub16_Flexibility",NA,"Colombia"
"4008","I801_redundancy_costs",16.7,"Colombia"
"4009","I802_hiring_firing_practices",3.2,"Colombia"
"4010","I803_labour_employer_relations",4.5,"Colombia"
"4011","I804_wage_flexibility",5,"Colombia"
"4012","I805_labour_market_policies",2.9,"Colombia"
"4013","I806_workers_rights",55,"Colombia"
"4014","I807_foreign_labour_hiring",4.1,"Colombia"
"4015","I808_internal_labour_mobility",5,"Colombia"
"4016","Sub17_Meritocracy",NA,"Colombia"
"4017","I809_reliance_on_management",4.3,"Colombia"
"4018","I810_pay_productivity",3.6,"Colombia"
"4019","I811_gender_pay_gap",0.75,"Colombia"
"4020","I812_labour_tax",18.6,"Colombia"
"4021","P9_financial_system",NA,"Colombia"
"4022","Sub18_Depth",NA,"Colombia"
"4023","I901_credit_to_private_sector",47.8,"Colombia"
"4024","I902_financing_SME",3.9,"Colombia"
"4025","I903_venture_capital",3.2,"Colombia"
"4026","I904_market_capitalization",34.9,"Colombia"
"4027","I905_insurance_premium",2.4,"Colombia"
"4028","Sub19_Stability",NA,"Colombia"
"4029","I906_banks_soundness",5.8,"Colombia"
"4030","I907_non_performing_loans",4.2,"Colombia"
"4031","I908_credit_gap",-3.8,"Colombia"
"4032","I909_regulatory_capital",17.7,"Colombia"
"4033","P10_market_size",NA,"Colombia"
"4034","I1001_GDP_PPP",662,"Colombia"
"4035","I1002_imports",19.3,"Colombia"
"4036","P11_dynamism",NA,"Colombia"
"4037","Sub20_Administrative_Requirements",NA,"Colombia"
"4038","I1101_starting_business_cost",14,"Colombia"
"4039","I1102_starting_business_time",11,"Colombia"
"4040","I1103_insolvency_recovery_rate",67.2,"Colombia"
"4041","I1104_insolvency_regulations",10,"Colombia"
"4042","Sub21_Entrepreneurial_Culture",NA,"Colombia"
"4043","I1105_risk_attitudes",3.9,"Colombia"
"4044","I1106_delegating_authority",4.4,"Colombia"
"4045","I1107_innovating_companies",3.9,"Colombia"
"4046","I1108_disruptive_ideas",3.6,"Colombia"
"4047","P12_innovation",NA,"Colombia"
"4048","Sub22_Diversity",NA,"Colombia"
"4049","I1201_workforce_diversity",4.3,"Colombia"
"4050","I1202_cluster_development",3.6,"Colombia"
"4051","I1203_international_inventions",0.16,"Colombia"
"4052","I1204_stakeholder_collaboration",3.7,"Colombia"
"4053","Sub23_Research_Development",NA,"Colombia"
"4054","I1205_scientific_publications",237.3,"Colombia"
"4055","I1206_patents",0.79,"Colombia"
"4056","I1207_RnD_expenditures",0.2,"Colombia"
"4057","I1208_research_institutions",0.05,"Colombia"
"4058","Sub24_Commercialization",NA,"Colombia"
"4059","I1209_buyer_sophistication",3.3,"Colombia"
"4060","I1210_trademarks",451.96,"Colombia"
"4061","P1_institutions",NA,"Congo, Democratic Rep."
"4062","Sub1_Security",NA,"Congo, Democratic Rep."
"4063","I101_organized_crime",3.3,"Congo, Democratic Rep."
"4064","I102_homicide",34,"Congo, Democratic Rep."
"4065","I103_terrorism",73.1,"Congo, Democratic Rep."
"4066","I104_police",2.9,"Congo, Democratic Rep."
"4067","Sub2_Social_Capital",NA,"Congo, Democratic Rep."
"4068","Sub2_Social_Capital",44,"Congo, Democratic Rep."
"4069","Sub3_Checks_Balances",NA,"Congo, Democratic Rep."
"4070","I106_transparency",29,"Congo, Democratic Rep."
"4071","I107_judicial_independence",2.2,"Congo, Democratic Rep."
"4072","I108_challenging_regulations",2.7,"Congo, Democratic Rep."
"4073","I09_press_freedom",51.7,"Congo, Democratic Rep."
"4074","Sub4_Public_Sector",NA,"Congo, Democratic Rep."
"4075","I110_gov_burden",2.9,"Congo, Democratic Rep."
"4076","I111_settling_disputes",2.9,"Congo, Democratic Rep."
"4077","I112_e_participation",0.12,"Congo, Democratic Rep."
"4078","Sub5_Transparency",NA,"Congo, Democratic Rep."
"4079","I113_corruption",20,"Congo, Democratic Rep."
"4080","I114_property_rights",NA,"Congo, Democratic Rep."
"4081","I114_property_rights",3.1,"Congo, Democratic Rep."
"4082","I115_intellectual_property_protection",2.8,"Congo, Democratic Rep."
"4083","I116_land_administration",10,"Congo, Democratic Rep."
"4084","Sub6_Corporate_Governance",NA,"Congo, Democratic Rep."
"4085","I117_auditing_accounting_standards",3.4,"Congo, Democratic Rep."
"4086","I118_interest_conflict_regulation",3.7,"Congo, Democratic Rep."
"4087","I119_shareholder_governance",3.7,"Congo, Democratic Rep."
"4088","Sub7_Government_Orientation",NA,"Congo, Democratic Rep."
"4089","I120_policy_stability",2.7,"Congo, Democratic Rep."
"4090","I121_response_to_change",2.5,"Congo, Democratic Rep."
"4091","I122_digital_business_laws",2.6,"Congo, Democratic Rep."
"4092","I123_gov_long_term_vision",2.7,"Congo, Democratic Rep."
"4093","I124_energy_regulations",19.7,"Congo, Democratic Rep."
"4094","I125_renewable_energy",36.4,"Congo, Democratic Rep."
"4095","I126_environment_treaties",21,"Congo, Democratic Rep."
"4096","P2_infrastructure",NA,"Congo, Democratic Rep."
"4097","Sub8_Transport_Infrastructure",NA,"Congo, Democratic Rep."
"4098","I201_road_connectivity",59.3,"Congo, Democratic Rep."
"4099","I202_quality_of_roads",2.1,"Congo, Democratic Rep."
"4100","I203_railroad_density",1.6,"Congo, Democratic Rep."
"4101","I204_train_efficiency",1.9,"Congo, Democratic Rep."
"4102","I205_airport_connectivity",1699.6,"Congo, Democratic Rep."
"4103","I206_air_transport_efficiency",2.8,"Congo, Democratic Rep."
"4104","I207_shipping_connectivity",3.5,"Congo, Democratic Rep."
"4105","I208_seaport_efficiency",2.4,"Congo, Democratic Rep."
"4106","Sub9_Utility_Infrastructure",NA,"Congo, Democratic Rep."
"4107","I209_electricity_access",15.5,"Congo, Democratic Rep."
"4108","I210_electricity_supply",13.9,"Congo, Democratic Rep."
"4109","I211_unsafe_drinking_water",77.1,"Congo, Democratic Rep."
"4110","I212_water_supply",2.2,"Congo, Democratic Rep."
"4111","P3_ICT_adoption",NA,"Congo, Democratic Rep."
"4112","I301_cellular_subscription",43.4,"Congo, Democratic Rep."
"4113","I302_mobile_broadband",15.9,"Congo, Democratic Rep."
"4114","I303_fixed_broadband",0,"Congo, Democratic Rep."
"4115","I304_fibre_internet",NA,"Congo, Democratic Rep."
"4116","I305_internet_users",8.6,"Congo, Democratic Rep."
"4117","P4_macro_stability",NA,"Congo, Democratic Rep."
"4118","I401_inflation",35.4,"Congo, Democratic Rep."
"4119","I402_debt_dynamic",50,"Congo, Democratic Rep."
"4120","P5_health",NA,"Congo, Democratic Rep."
"4121","I501_healthy_life_expectancy",53.3,"Congo, Democratic Rep."
"4122","P6_skills",NA,"Congo, Democratic Rep."
"4123","Sub10_Workforce",NA,"Congo, Democratic Rep."
"4124","I601_years_of_schooling",6.8,"Congo, Democratic Rep."
"4125","Sub11_Workforce_Skills",NA,"Congo, Democratic Rep."
"4126","I602_staff_training",3.2,"Congo, Democratic Rep."
"4127","I603_vocational_training",3.2,"Congo, Democratic Rep."
"4128","I604_graduates_skillset",3.2,"Congo, Democratic Rep."
"4129","I605_digital_skills",2.8,"Congo, Democratic Rep."
"4130","I606_skilled_employees",3.6,"Congo, Democratic Rep."
"4131","Sub12_Future_Workforce",NA,"Congo, Democratic Rep."
"4132","I501_healthy_life_expectancy",9.6,"Congo, Democratic Rep."
"4133","Sub13_Future_Workforce_Skills",NA,"Congo, Democratic Rep."
"4134","I608_critical_thinking",2.6,"Congo, Democratic Rep."
"4135","I609_pupil_teacher_ratio",33.2,"Congo, Democratic Rep."
"4136","P7_product_market",NA,"Congo, Democratic Rep."
"4137","Sub14_Domestic_Competition",NA,"Congo, Democratic Rep."
"4138","I701_distortive_taxes",3.2,"Congo, Democratic Rep."
"4139","I702_market_dominance",2.5,"Congo, Democratic Rep."
"4140","I703_competition_services",3.9,"Congo, Democratic Rep."
"4141","Sub15_Trade_Openess",NA,"Congo, Democratic Rep."
"4142","I704_non_tariff_barriers",4.1,"Congo, Democratic Rep."
"4143","I705_trade_tariffs",10.36,"Congo, Democratic Rep."
"4144","I706_tariffs_complexity",6.7,"Congo, Democratic Rep."
"4145","I707_border_clearance",2.4,"Congo, Democratic Rep."
"4146","P8_labour_market",NA,"Congo, Democratic Rep."
"4147","Sub16_Flexibility",NA,"Congo, Democratic Rep."
"4148","I801_redundancy_costs",10.3,"Congo, Democratic Rep."
"4149","I802_hiring_firing_practices",3.4,"Congo, Democratic Rep."
"4150","I803_labour_employer_relations",3.8,"Congo, Democratic Rep."
"4151","I804_wage_flexibility",4.8,"Congo, Democratic Rep."
"4152","I805_labour_market_policies",2.1,"Congo, Democratic Rep."
"4153","I806_workers_rights",72,"Congo, Democratic Rep."
"4154","I807_foreign_labour_hiring",3.8,"Congo, Democratic Rep."
"4155","I808_internal_labour_mobility",3.8,"Congo, Democratic Rep."
"4156","Sub17_Meritocracy",NA,"Congo, Democratic Rep."
"4157","I809_reliance_on_management",3.5,"Congo, Democratic Rep."
"4158","I810_pay_productivity",2.8,"Congo, Democratic Rep."
"4159","I811_gender_pay_gap",0.3,"Congo, Democratic Rep."
"4160","I812_labour_tax",12.6,"Congo, Democratic Rep."
"4161","P9_financial_system",NA,"Congo, Democratic Rep."
"4162","Sub18_Depth",NA,"Congo, Democratic Rep."
"4163","I901_credit_to_private_sector",6.4,"Congo, Democratic Rep."
"4164","I902_financing_SME",2.5,"Congo, Democratic Rep."
"4165","I903_venture_capital",2.1,"Congo, Democratic Rep."
"4166","I904_market_capitalization",0,"Congo, Democratic Rep."
"4167","I905_insurance_premium",NA,"Congo, Democratic Rep."
"4168","Sub19_Stability",NA,"Congo, Democratic Rep."
"4169","I906_banks_soundness",3,"Congo, Democratic Rep."
"4170","I907_non_performing_loans",7.2,"Congo, Democratic Rep."
"4171","I908_credit_gap",-1.3,"Congo, Democratic Rep."
"4172","I909_regulatory_capital",24.5,"Congo, Democratic Rep."
"4173","P10_market_size",NA,"Congo, Democratic Rep."
"4174","I1001_GDP_PPP",65,"Congo, Democratic Rep."
"4175","I1002_imports",16.8,"Congo, Democratic Rep."
"4176","P11_dynamism",NA,"Congo, Democratic Rep."
"4177","Sub20_Administrative_Requirements",NA,"Congo, Democratic Rep."
"4178","I1101_starting_business_cost",26.7,"Congo, Democratic Rep."
"4179","I1102_starting_business_time",7,"Congo, Democratic Rep."
"4180","I1103_insolvency_recovery_rate",0,"Congo, Democratic Rep."
"4181","I1104_insolvency_regulations",0,"Congo, Democratic Rep."
"4182","Sub21_Entrepreneurial_Culture",NA,"Congo, Democratic Rep."
"4183","I1105_risk_attitudes",3.2,"Congo, Democratic Rep."
"4184","I1106_delegating_authority",3.4,"Congo, Democratic Rep."
"4185","I1107_innovating_companies",3.1,"Congo, Democratic Rep."
"4186","I1108_disruptive_ideas",3,"Congo, Democratic Rep."
"4187","P12_innovation",NA,"Congo, Democratic Rep."
"4188","Sub22_Diversity",NA,"Congo, Democratic Rep."
"4189","I1201_workforce_diversity",3.2,"Congo, Democratic Rep."
"4190","I1202_cluster_development",2.4,"Congo, Democratic Rep."
"4191","I1203_international_inventions",0,"Congo, Democratic Rep."
"4192","I1204_stakeholder_collaboration",3,"Congo, Democratic Rep."
"4193","Sub23_Research_Development",NA,"Congo, Democratic Rep."
"4194","I1205_scientific_publications",55.7,"Congo, Democratic Rep."
"4195","I1206_patents",0,"Congo, Democratic Rep."
"4196","I1207_RnD_expenditures",0.1,"Congo, Democratic Rep."
"4197","I1208_research_institutions",0,"Congo, Democratic Rep."
"4198","Sub24_Commercialization",NA,"Congo, Democratic Rep."
"4199","I1209_buyer_sophistication",2.4,"Congo, Democratic Rep."
"4200","I1210_trademarks",0,"Congo, Democratic Rep."
"4201","P1_institutions",NA,"Costa Rica"
"4202","Sub1_Security",NA,"Costa Rica"
"4203","I101_organized_crime",4.5,"Costa Rica"
"4204","I102_homicide",12.3,"Costa Rica"
"4205","I103_terrorism",100,"Costa Rica"
"4206","I104_police",4.6,"Costa Rica"
"4207","Sub2_Social_Capital",NA,"Costa Rica"
"4208","Sub2_Social_Capital",54.5,"Costa Rica"
"4209","Sub3_Checks_Balances",NA,"Costa Rica"
"4210","I106_transparency",56,"Costa Rica"
"4211","I107_judicial_independence",4.5,"Costa Rica"
"4212","I108_challenging_regulations",3.6,"Costa Rica"
"4213","I09_press_freedom",12.2,"Costa Rica"
"4214","Sub4_Public_Sector",NA,"Costa Rica"
"4215","I110_gov_burden",2.7,"Costa Rica"
"4216","I111_settling_disputes",3.7,"Costa Rica"
"4217","I112_e_participation",0.77,"Costa Rica"
"4218","Sub5_Transparency",NA,"Costa Rica"
"4219","I113_corruption",56,"Costa Rica"
"4220","I114_property_rights",NA,"Costa Rica"
"4221","I114_property_rights",5,"Costa Rica"
"4222","I115_intellectual_property_protection",4.6,"Costa Rica"
"4223","I116_land_administration",17.5,"Costa Rica"
"4224","Sub6_Corporate_Governance",NA,"Costa Rica"
"4225","I117_auditing_accounting_standards",5.2,"Costa Rica"
"4226","I118_interest_conflict_regulation",6,"Costa Rica"
"4227","I119_shareholder_governance",3.7,"Costa Rica"
"4228","Sub7_Government_Orientation",NA,"Costa Rica"
"4229","I120_policy_stability",4.4,"Costa Rica"
"4230","I121_response_to_change",3.1,"Costa Rica"
"4231","I122_digital_business_laws",3.6,"Costa Rica"
"4232","I123_gov_long_term_vision",3,"Costa Rica"
"4233","I124_energy_regulations",32,"Costa Rica"
"4234","I125_renewable_energy",51.7,"Costa Rica"
"4235","I126_environment_treaties",23,"Costa Rica"
"4236","P2_infrastructure",NA,"Costa Rica"
"4237","Sub8_Transport_Infrastructure",NA,"Costa Rica"
"4238","I201_road_connectivity",63.3,"Costa Rica"
"4239","I202_quality_of_roads",3,"Costa Rica"
"4240","I203_railroad_density",NA,"Costa Rica"
"4241","I204_train_efficiency",NA,"Costa Rica"
"4242","I205_airport_connectivity",26539.3,"Costa Rica"
"4243","I206_air_transport_efficiency",4.8,"Costa Rica"
"4244","I207_shipping_connectivity",15.6,"Costa Rica"
"4245","I208_seaport_efficiency",3.9,"Costa Rica"
"4246","Sub9_Utility_Infrastructure",NA,"Costa Rica"
"4247","I209_electricity_access",99.3,"Costa Rica"
"4248","I210_electricity_supply",10.2,"Costa Rica"
"4249","I211_unsafe_drinking_water",6.5,"Costa Rica"
"4250","I212_water_supply",6,"Costa Rica"
"4251","P3_ICT_adoption",NA,"Costa Rica"
"4252","I301_cellular_subscription",169.9,"Costa Rica"
"4253","I302_mobile_broadband",97.2,"Costa Rica"
"4254","I303_fixed_broadband",16.6,"Costa Rica"
"4255","I304_fibre_internet",0.4,"Costa Rica"
"4256","I305_internet_users",74.1,"Costa Rica"
"4257","P4_macro_stability",NA,"Costa Rica"
"4258","I401_inflation",2,"Costa Rica"
"4259","I402_debt_dynamic",48.7,"Costa Rica"
"4260","P5_health",NA,"Costa Rica"
"4261","I501_healthy_life_expectancy",69.8,"Costa Rica"
"4262","P6_skills",NA,"Costa Rica"
"4263","Sub10_Workforce",NA,"Costa Rica"
"4264","I601_years_of_schooling",8.6,"Costa Rica"
"4265","Sub11_Workforce_Skills",NA,"Costa Rica"
"4266","I602_staff_training",4.3,"Costa Rica"
"4267","I603_vocational_training",5,"Costa Rica"
"4268","I604_graduates_skillset",4.9,"Costa Rica"
"4269","I605_digital_skills",4.9,"Costa Rica"
"4270","I606_skilled_employees",4.8,"Costa Rica"
"4271","Sub12_Future_Workforce",NA,"Costa Rica"
"4272","I501_healthy_life_expectancy",15.4,"Costa Rica"
"4273","Sub13_Future_Workforce_Skills",NA,"Costa Rica"
"4274","I608_critical_thinking",3.7,"Costa Rica"
"4275","I609_pupil_teacher_ratio",12,"Costa Rica"
"4276","P7_product_market",NA,"Costa Rica"
"4277","Sub14_Domestic_Competition",NA,"Costa Rica"
"4278","I701_distortive_taxes",3.5,"Costa Rica"
"4279","I702_market_dominance",4.1,"Costa Rica"
"4280","I703_competition_services",5.2,"Costa Rica"
"4281","Sub15_Trade_Openess",NA,"Costa Rica"
"4282","I704_non_tariff_barriers",4,"Costa Rica"
"4283","I705_trade_tariffs",3.59,"Costa Rica"
"4284","I706_tariffs_complexity",6.5,"Costa Rica"
"4285","I707_border_clearance",2.6,"Costa Rica"
"4286","P8_labour_market",NA,"Costa Rica"
"4287","Sub16_Flexibility",NA,"Costa Rica"
"4288","I801_redundancy_costs",18.7,"Costa Rica"
"4289","I802_hiring_firing_practices",3.6,"Costa Rica"
"4290","I803_labour_employer_relations",5.2,"Costa Rica"
"4291","I804_wage_flexibility",4.5,"Costa Rica"
"4292","I805_labour_market_policies",2.8,"Costa Rica"
"4293","I806_workers_rights",86,"Costa Rica"
"4294","I807_foreign_labour_hiring",4,"Costa Rica"
"4295","I808_internal_labour_mobility",4.6,"Costa Rica"
"4296","Sub17_Meritocracy",NA,"Costa Rica"
"4297","I809_reliance_on_management",4.8,"Costa Rica"
"4298","I810_pay_productivity",4.3,"Costa Rica"
"4299","I811_gender_pay_gap",0.64,"Costa Rica"
"4300","I812_labour_tax",32.7,"Costa Rica"
"4301","P9_financial_system",NA,"Costa Rica"
"4302","Sub18_Depth",NA,"Costa Rica"
"4303","I901_credit_to_private_sector",59.5,"Costa Rica"
"4304","I902_financing_SME",3.6,"Costa Rica"
"4305","I903_venture_capital",2.7,"Costa Rica"
"4306","I904_market_capitalization",5.2,"Costa Rica"
"4307","I905_insurance_premium",1.8,"Costa Rica"
"4308","Sub19_Stability",NA,"Costa Rica"
"4309","I906_banks_soundness",5.5,"Costa Rica"
"4310","I907_non_performing_loans",2.1,"Costa Rica"
"4311","I908_credit_gap",1.1,"Costa Rica"
"4312","I909_regulatory_capital",16.4,"Costa Rica"
"4313","P10_market_size",NA,"Costa Rica"
"4314","I1001_GDP_PPP",78,"Costa Rica"
"4315","I1002_imports",33.9,"Costa Rica"
"4316","P11_dynamism",NA,"Costa Rica"
"4317","Sub20_Administrative_Requirements",NA,"Costa Rica"
"4318","I1101_starting_business_cost",9.5,"Costa Rica"
"4319","I1102_starting_business_time",23,"Costa Rica"
"4320","I1103_insolvency_recovery_rate",29.3,"Costa Rica"
"4321","I1104_insolvency_regulations",6,"Costa Rica"
"4322","Sub21_Entrepreneurial_Culture",NA,"Costa Rica"
"4323","I1105_risk_attitudes",4,"Costa Rica"
"4324","I1106_delegating_authority",4.8,"Costa Rica"
"4325","I1107_innovating_companies",4,"Costa Rica"
"4326","I1108_disruptive_ideas",3.7,"Costa Rica"
"4327","P12_innovation",NA,"Costa Rica"
"4328","Sub22_Diversity",NA,"Costa Rica"
"4329","I1201_workforce_diversity",5.1,"Costa Rica"
"4330","I1202_cluster_development",3.9,"Costa Rica"
"4331","I1203_international_inventions",0.39,"Costa Rica"
"4332","I1204_stakeholder_collaboration",3.8,"Costa Rica"
"4333","Sub23_Research_Development",NA,"Costa Rica"
"4334","I1205_scientific_publications",163,"Costa Rica"
"4335","I1206_patents",0.87,"Costa Rica"
"4336","I1207_RnD_expenditures",0.5,"Costa Rica"
"4337","I1208_research_institutions",0,"Costa Rica"
"4338","Sub24_Commercialization",NA,"Costa Rica"
"4339","I1209_buyer_sophistication",3.8,"Costa Rica"
"4340","I1210_trademarks",1623.46,"Costa Rica"
"4341","P1_institutions",NA,"Côte d'Ivoire"
"4342","Sub1_Security",NA,"Côte d'Ivoire"
"4343","I101_organized_crime",3.4,"Côte d'Ivoire"
"4344","I102_homicide",41.2,"Côte d'Ivoire"
"4345","I103_terrorism",100,"Côte d'Ivoire"
"4346","I104_police",3.4,"Côte d'Ivoire"
"4347","Sub2_Social_Capital",NA,"Côte d'Ivoire"
"4348","Sub2_Social_Capital",41.4,"Côte d'Ivoire"
"4349","Sub3_Checks_Balances",NA,"Côte d'Ivoire"
"4350","I106_transparency",24,"Côte d'Ivoire"
"4351","I107_judicial_independence",2.7,"Côte d'Ivoire"
"4352","I108_challenging_regulations",3.2,"Côte d'Ivoire"
"4353","I09_press_freedom",29.5,"Côte d'Ivoire"
"4354","Sub4_Public_Sector",NA,"Côte d'Ivoire"
"4355","I110_gov_burden",3.4,"Côte d'Ivoire"
"4356","I111_settling_disputes",3.9,"Côte d'Ivoire"
"4357","I112_e_participation",0.17,"Côte d'Ivoire"
"4358","Sub5_Transparency",NA,"Côte d'Ivoire"
"4359","I113_corruption",35,"Côte d'Ivoire"
"4360","I114_property_rights",NA,"Côte d'Ivoire"
"4361","I114_property_rights",3.9,"Côte d'Ivoire"
"4362","I115_intellectual_property_protection",3.9,"Côte d'Ivoire"
"4363","I116_land_administration",10.5,"Côte d'Ivoire"
"4364","Sub6_Corporate_Governance",NA,"Côte d'Ivoire"
"4365","I117_auditing_accounting_standards",3.9,"Côte d'Ivoire"
"4366","I118_interest_conflict_regulation",4.3,"Côte d'Ivoire"
"4367","I119_shareholder_governance",3.7,"Côte d'Ivoire"
"4368","Sub7_Government_Orientation",NA,"Côte d'Ivoire"
"4369","I120_policy_stability",4,"Côte d'Ivoire"
"4370","I121_response_to_change",3.7,"Côte d'Ivoire"
"4371","I122_digital_business_laws",3.7,"Côte d'Ivoire"
"4372","I123_gov_long_term_vision",4.3,"Côte d'Ivoire"
"4373","I124_energy_regulations",43.2,"Côte d'Ivoire"
"4374","I125_renewable_energy",54.3,"Côte d'Ivoire"
"4375","I126_environment_treaties",26,"Côte d'Ivoire"
"4376","P2_infrastructure",NA,"Côte d'Ivoire"
"4377","Sub8_Transport_Infrastructure",NA,"Côte d'Ivoire"
"4378","I201_road_connectivity",77.7,"Côte d'Ivoire"
"4379","I202_quality_of_roads",3.6,"Côte d'Ivoire"
"4380","I203_railroad_density",2,"Côte d'Ivoire"
"4381","I204_train_efficiency",2.9,"Côte d'Ivoire"
"4382","I205_airport_connectivity",5367.2,"Côte d'Ivoire"
"4383","I206_air_transport_efficiency",4.6,"Côte d'Ivoire"
"4384","I207_shipping_connectivity",16.8,"Côte d'Ivoire"
"4385","I208_seaport_efficiency",4,"Côte d'Ivoire"
"4386","Sub9_Utility_Infrastructure",NA,"Côte d'Ivoire"
"4387","I209_electricity_access",59.9,"Côte d'Ivoire"
"4388","I210_electricity_supply",19.4,"Côte d'Ivoire"
"4389","I211_unsafe_drinking_water",65.6,"Côte d'Ivoire"
"4390","I212_water_supply",3.9,"Côte d'Ivoire"
"4391","P3_ICT_adoption",NA,"Côte d'Ivoire"
"4392","I301_cellular_subscription",134.9,"Côte d'Ivoire"
"4393","I302_mobile_broadband",61.6,"Côte d'Ivoire"
"4394","I303_fixed_broadband",0.7,"Côte d'Ivoire"
"4395","I304_fibre_internet",0,"Côte d'Ivoire"
"4396","I305_internet_users",46.8,"Côte d'Ivoire"
"4397","P4_macro_stability",NA,"Côte d'Ivoire"
"4398","I401_inflation",0.6,"Côte d'Ivoire"
"4399","I402_debt_dynamic",50,"Côte d'Ivoire"
"4400","P5_health",NA,"Côte d'Ivoire"
"4401","I501_healthy_life_expectancy",54.2,"Côte d'Ivoire"
"4402","P6_skills",NA,"Côte d'Ivoire"
"4403","Sub10_Workforce",NA,"Côte d'Ivoire"
"4404","I601_years_of_schooling",4.4,"Côte d'Ivoire"
"4405","Sub11_Workforce_Skills",NA,"Côte d'Ivoire"
"4406","I602_staff_training",4,"Côte d'Ivoire"
"4407","I603_vocational_training",4.2,"Côte d'Ivoire"
"4408","I604_graduates_skillset",3.8,"Côte d'Ivoire"
"4409","I605_digital_skills",3.8,"Côte d'Ivoire"
"4410","I606_skilled_employees",4.6,"Côte d'Ivoire"
"4411","Sub12_Future_Workforce",NA,"Côte d'Ivoire"
"4412","I501_healthy_life_expectancy",9.6,"Côte d'Ivoire"
"4413","Sub13_Future_Workforce_Skills",NA,"Côte d'Ivoire"
"4414","I608_critical_thinking",3.2,"Côte d'Ivoire"
"4415","I609_pupil_teacher_ratio",42.4,"Côte d'Ivoire"
"4416","P7_product_market",NA,"Côte d'Ivoire"
"4417","Sub14_Domestic_Competition",NA,"Côte d'Ivoire"
"4418","I701_distortive_taxes",3.6,"Côte d'Ivoire"
"4419","I702_market_dominance",3.3,"Côte d'Ivoire"
"4420","I703_competition_services",4.7,"Côte d'Ivoire"
"4421","Sub15_Trade_Openess",NA,"Côte d'Ivoire"
"4422","I704_non_tariff_barriers",4.1,"Côte d'Ivoire"
"4423","I705_trade_tariffs",10.19,"Côte d'Ivoire"
"4424","I706_tariffs_complexity",6.7,"Côte d'Ivoire"
"4425","I707_border_clearance",2.8,"Côte d'Ivoire"
"4426","P8_labour_market",NA,"Côte d'Ivoire"
"4427","Sub16_Flexibility",NA,"Côte d'Ivoire"
"4428","I801_redundancy_costs",13.1,"Côte d'Ivoire"
"4429","I802_hiring_firing_practices",4,"Côte d'Ivoire"
"4430","I803_labour_employer_relations",4.8,"Côte d'Ivoire"
"4431","I804_wage_flexibility",5.4,"Côte d'Ivoire"
"4432","I805_labour_market_policies",2.3,"Côte d'Ivoire"
"4433","I806_workers_rights",73,"Côte d'Ivoire"
"4434","I807_foreign_labour_hiring",4.5,"Côte d'Ivoire"
"4435","I808_internal_labour_mobility",5,"Côte d'Ivoire"
"4436","Sub17_Meritocracy",NA,"Côte d'Ivoire"
"4437","I809_reliance_on_management",4,"Côte d'Ivoire"
"4438","I810_pay_productivity",3.3,"Côte d'Ivoire"
"4439","I811_gender_pay_gap",0.3,"Côte d'Ivoire"
"4440","I812_labour_tax",23.3,"Côte d'Ivoire"
"4441","P9_financial_system",NA,"Côte d'Ivoire"
"4442","Sub18_Depth",NA,"Côte d'Ivoire"
"4443","I901_credit_to_private_sector",24.6,"Côte d'Ivoire"
"4444","I902_financing_SME",2.5,"Côte d'Ivoire"
"4445","I903_venture_capital",2,"Côte d'Ivoire"
"4446","I904_market_capitalization",5.7,"Côte d'Ivoire"
"4447","I905_insurance_premium",1.2,"Côte d'Ivoire"
"4448","Sub19_Stability",NA,"Côte d'Ivoire"
"4449","I906_banks_soundness",4.2,"Côte d'Ivoire"
"4450","I907_non_performing_loans",9.4,"Côte d'Ivoire"
"4451","I908_credit_gap",2.5,"Côte d'Ivoire"
"4452","I909_regulatory_capital",9,"Côte d'Ivoire"
"4453","P10_market_size",NA,"Côte d'Ivoire"
"4454","I1001_GDP_PPP",95,"Côte d'Ivoire"
"4455","I1002_imports",32.7,"Côte d'Ivoire"
"4456","P11_dynamism",NA,"Côte d'Ivoire"
"4457","Sub20_Administrative_Requirements",NA,"Côte d'Ivoire"
"4458","I1101_starting_business_cost",2.7,"Côte d'Ivoire"
"4459","I1102_starting_business_time",6,"Côte d'Ivoire"
"4460","I1103_insolvency_recovery_rate",36.9,"Côte d'Ivoire"
"4461","I1104_insolvency_regulations",9,"Côte d'Ivoire"
"4462","Sub21_Entrepreneurial_Culture",NA,"Côte d'Ivoire"
"4463","I1105_risk_attitudes",3.3,"Côte d'Ivoire"
"4464","I1106_delegating_authority",4,"Côte d'Ivoire"
"4465","I1107_innovating_companies",3.7,"Côte d'Ivoire"
"4466","I1108_disruptive_ideas",3.4,"Côte d'Ivoire"
"4467","P12_innovation",NA,"Côte d'Ivoire"
"4468","Sub22_Diversity",NA,"Côte d'Ivoire"
"4469","I1201_workforce_diversity",4.3,"Côte d'Ivoire"
"4470","I1202_cluster_development",3.3,"Côte d'Ivoire"
"4471","I1203_international_inventions",0.01,"Côte d'Ivoire"
"4472","I1204_stakeholder_collaboration",3.5,"Côte d'Ivoire"
"4473","Sub23_Research_Development",NA,"Côte d'Ivoire"
"4474","I1205_scientific_publications",104.7,"Côte d'Ivoire"
"4475","I1206_patents",0.01,"Côte d'Ivoire"
"4476","I1207_RnD_expenditures",NA,"Côte d'Ivoire"
"4477","I1208_research_institutions",0,"Côte d'Ivoire"
"4478","Sub24_Commercialization",NA,"Côte d'Ivoire"
"4479","I1209_buyer_sophistication",2.8,"Côte d'Ivoire"
"4480","I1210_trademarks",331.78,"Côte d'Ivoire"
"4481","P1_institutions",NA,"Croatia"
"4482","Sub1_Security",NA,"Croatia"
"4483","I101_organized_crime",4.7,"Croatia"
"4484","I102_homicide",1.1,"Croatia"
"4485","I103_terrorism",100,"Croatia"
"4486","I104_police",4.3,"Croatia"
"4487","Sub2_Social_Capital",NA,"Croatia"
"4488","Sub2_Social_Capital",45.9,"Croatia"
"4489","Sub3_Checks_Balances",NA,"Croatia"
"4490","I106_transparency",57,"Croatia"
"4491","I107_judicial_independence",2.4,"Croatia"
"4492","I108_challenging_regulations",2,"Croatia"
"4493","I09_press_freedom",29,"Croatia"
"4494","Sub4_Public_Sector",NA,"Croatia"
"4495","I110_gov_burden",1.9,"Croatia"
"4496","I111_settling_disputes",1.9,"Croatia"
"4497","I112_e_participation",0.77,"Croatia"
"4498","Sub5_Transparency",NA,"Croatia"
"4499","I113_corruption",48,"Croatia"
"4500","I114_property_rights",NA,"Croatia"
"4501","I114_property_rights",3.8,"Croatia"
"4502","I115_intellectual_property_protection",3.8,"Croatia"
"4503","I116_land_administration",23.5,"Croatia"
"4504","Sub6_Corporate_Governance",NA,"Croatia"
"4505","I117_auditing_accounting_standards",3.9,"Croatia"
"4506","I118_interest_conflict_regulation",5.7,"Croatia"
"4507","I119_shareholder_governance",7.7,"Croatia"
"4508","Sub7_Government_Orientation",NA,"Croatia"
"4509","I120_policy_stability",2.6,"Croatia"
"4510","I121_response_to_change",2.2,"Croatia"
"4511","I122_digital_business_laws",2.7,"Croatia"
"4512","I123_gov_long_term_vision",1.9,"Croatia"
"4513","I124_energy_regulations",64.5,"Croatia"
"4514","I125_renewable_energy",56,"Croatia"
"4515","I126_environment_treaties",26,"Croatia"
"4516","P2_infrastructure",NA,"Croatia"
"4517","Sub8_Transport_Infrastructure",NA,"Croatia"
"4518","I201_road_connectivity",78.6,"Croatia"
"4519","I202_quality_of_roads",5.6,"Croatia"
"4520","I203_railroad_density",46.6,"Croatia"
"4521","I204_train_efficiency",2.4,"Croatia"
"4522","I205_airport_connectivity",62572.6,"Croatia"
"4523","I206_air_transport_efficiency",4.8,"Croatia"
"4524","I207_shipping_connectivity",38.4,"Croatia"
"4525","I208_seaport_efficiency",4.7,"Croatia"
"4526","Sub9_Utility_Infrastructure",NA,"Croatia"
"4527","I209_electricity_access",100,"Croatia"
"4528","I210_electricity_supply",9.8,"Croatia"
"4529","I211_unsafe_drinking_water",4.6,"Croatia"
"4530","I212_water_supply",6.2,"Croatia"
"4531","P3_ICT_adoption",NA,"Croatia"
"4532","I301_cellular_subscription",105.6,"Croatia"
"4533","I302_mobile_broadband",79.5,"Croatia"
"4534","I303_fixed_broadband",27,"Croatia"
"4535","I304_fibre_internet",1.3,"Croatia"
"4536","I305_internet_users",72.7,"Croatia"
"4537","P4_macro_stability",NA,"Croatia"
"4538","I401_inflation",1.3,"Croatia"
"4539","I402_debt_dynamic",80,"Croatia"
"4540","P5_health",NA,"Croatia"
"4541","I501_healthy_life_expectancy",67.4,"Croatia"
"4542","P6_skills",NA,"Croatia"
"4543","Sub10_Workforce",NA,"Croatia"
"4544","I601_years_of_schooling",11.2,"Croatia"
"4545","Sub11_Workforce_Skills",NA,"Croatia"
"4546","I602_staff_training",3.3,"Croatia"
"4547","I603_vocational_training",3.5,"Croatia"
"4548","I604_graduates_skillset",3.4,"Croatia"
"4549","I605_digital_skills",3.7,"Croatia"
"4550","I606_skilled_employees",3.2,"Croatia"
"4551","Sub12_Future_Workforce",NA,"Croatia"
"4552","I501_healthy_life_expectancy",15,"Croatia"
"4553","Sub13_Future_Workforce_Skills",NA,"Croatia"
"4554","I608_critical_thinking",2.3,"Croatia"
"4555","I609_pupil_teacher_ratio",13.5,"Croatia"
"4556","P7_product_market",NA,"Croatia"
"4557","Sub14_Domestic_Competition",NA,"Croatia"
"4558","I701_distortive_taxes",3.4,"Croatia"
"4559","I702_market_dominance",3.1,"Croatia"
"4560","I703_competition_services",4.9,"Croatia"
"4561","Sub15_Trade_Openess",NA,"Croatia"
"4562","I704_non_tariff_barriers",5,"Croatia"
"4563","I705_trade_tariffs",1.05,"Croatia"
"4564","I706_tariffs_complexity",2.9,"Croatia"
"4565","I707_border_clearance",3,"Croatia"
"4566","P8_labour_market",NA,"Croatia"
"4567","Sub16_Flexibility",NA,"Croatia"
"4568","I801_redundancy_costs",15.1,"Croatia"
"4569","I802_hiring_firing_practices",2.6,"Croatia"
"4570","I803_labour_employer_relations",3.4,"Croatia"
"4571","I804_wage_flexibility",5,"Croatia"
"4572","I805_labour_market_policies",3.3,"Croatia"
"4573","I806_workers_rights",90,"Croatia"
"4574","I807_foreign_labour_hiring",3,"Croatia"
"4575","I808_internal_labour_mobility",3.4,"Croatia"
"4576","Sub17_Meritocracy",NA,"Croatia"
"4577","I809_reliance_on_management",3.4,"Croatia"
"4578","I810_pay_productivity",3.4,"Croatia"
"4579","I811_gender_pay_gap",0.82,"Croatia"
"4580","I812_labour_tax",19.4,"Croatia"
"4581","P9_financial_system",NA,"Croatia"
"4582","Sub18_Depth",NA,"Croatia"
"4583","I901_credit_to_private_sector",60.7,"Croatia"
"4584","I902_financing_SME",3.5,"Croatia"
"4585","I903_venture_capital",2.6,"Croatia"
"4586","I904_market_capitalization",39.2,"Croatia"
"4587","I905_insurance_premium",2.3,"Croatia"
"4588","Sub19_Stability",NA,"Croatia"
"4589","I906_banks_soundness",5.1,"Croatia"
"4590","I907_non_performing_loans",11.2,"Croatia"
"4591","I908_credit_gap",-12.3,"Croatia"
"4592","I909_regulatory_capital",22.2,"Croatia"
"4593","P10_market_size",NA,"Croatia"
"4594","I1001_GDP_PPP",95,"Croatia"
"4595","I1002_imports",55,"Croatia"
"4596","P11_dynamism",NA,"Croatia"
"4597","Sub20_Administrative_Requirements",NA,"Croatia"
"4598","I1101_starting_business_cost",6.6,"Croatia"
"4599","I1102_starting_business_time",22.5,"Croatia"
"4600","I1103_insolvency_recovery_rate",34.8,"Croatia"
"4601","I1104_insolvency_regulations",12,"Croatia"
"4602","Sub21_Entrepreneurial_Culture",NA,"Croatia"
"4603","I1105_risk_attitudes",3,"Croatia"
"4604","I1106_delegating_authority",3.6,"Croatia"
"4605","I1107_innovating_companies",3.4,"Croatia"
"4606","I1108_disruptive_ideas",3,"Croatia"
"4607","P12_innovation",NA,"Croatia"
"4608","Sub22_Diversity",NA,"Croatia"
"4609","I1201_workforce_diversity",3.3,"Croatia"
"4610","I1202_cluster_development",2.8,"Croatia"
"4611","I1203_international_inventions",1.04,"Croatia"
"4612","I1204_stakeholder_collaboration",3,"Croatia"
"4613","Sub23_Research_Development",NA,"Croatia"
"4614","I1205_scientific_publications",238.7,"Croatia"
"4615","I1206_patents",4.14,"Croatia"
"4616","I1207_RnD_expenditures",0.8,"Croatia"
"4617","I1208_research_institutions",0.01,"Croatia"
"4618","Sub24_Commercialization",NA,"Croatia"
"4619","I1209_buyer_sophistication",2.9,"Croatia"
"4620","I1210_trademarks",1689.99,"Croatia"
"4621","P1_institutions",NA,"Cyprus"
"4622","Sub1_Security",NA,"Cyprus"
"4623","I101_organized_crime",5.3,"Cyprus"
"4624","I102_homicide",0.6,"Cyprus"
"4625","I103_terrorism",99.9,"Cyprus"
"4626","I104_police",4.8,"Cyprus"
"4627","Sub2_Social_Capital",NA,"Cyprus"
"4628","Sub2_Social_Capital",56.7,"Cyprus"
"4629","Sub3_Checks_Balances",NA,"Cyprus"
"4630","I106_transparency",NA,"Cyprus"
"4631","I107_judicial_independence",4.6,"Cyprus"
"4632","I108_challenging_regulations",3.9,"Cyprus"
"4633","I09_press_freedom",21.7,"Cyprus"
"4634","Sub4_Public_Sector",NA,"Cyprus"
"4635","I110_gov_burden",3.7,"Cyprus"
"4636","I111_settling_disputes",3.4,"Cyprus"
"4637","I112_e_participation",0.82,"Cyprus"
"4638","Sub5_Transparency",NA,"Cyprus"
"4639","I113_corruption",59,"Cyprus"
"4640","I114_property_rights",NA,"Cyprus"
"4641","I114_property_rights",5,"Cyprus"
"4642","I115_intellectual_property_protection",4.8,"Cyprus"
"4643","I116_land_administration",23,"Cyprus"
"4644","Sub6_Corporate_Governance",NA,"Cyprus"
"4645","I117_auditing_accounting_standards",4.8,"Cyprus"
"4646","I118_interest_conflict_regulation",6.7,"Cyprus"
"4647","I119_shareholder_governance",6.7,"Cyprus"
"4648","Sub7_Government_Orientation",NA,"Cyprus"
"4649","I120_policy_stability",4.8,"Cyprus"
"4650","I121_response_to_change",3.6,"Cyprus"
"4651","I122_digital_business_laws",3.6,"Cyprus"
"4652","I123_gov_long_term_vision",3.5,"Cyprus"
"4653","I124_energy_regulations",NA,"Cyprus"
"4654","I125_renewable_energy",NA,"Cyprus"
"4655","I126_environment_treaties",23,"Cyprus"
"4656","P2_infrastructure",NA,"Cyprus"
"4657","Sub8_Transport_Infrastructure",NA,"Cyprus"
"4658","I201_road_connectivity",68.7,"Cyprus"
"4659","I202_quality_of_roads",5.1,"Cyprus"
"4660","I203_railroad_density",NA,"Cyprus"
"4661","I204_train_efficiency",NA,"Cyprus"
"4662","I205_airport_connectivity",46603.1,"Cyprus"
"4663","I206_air_transport_efficiency",5.1,"Cyprus"
"4664","I207_shipping_connectivity",19.5,"Cyprus"
"4665","I208_seaport_efficiency",4.3,"Cyprus"
"4666","Sub9_Utility_Infrastructure",NA,"Cyprus"
"4667","I209_electricity_access",100,"Cyprus"
"4668","I210_electricity_supply",5.4,"Cyprus"
"4669","I211_unsafe_drinking_water",0.5,"Cyprus"
"4670","I212_water_supply",5.8,"Cyprus"
"4671","P3_ICT_adoption",NA,"Cyprus"
"4672","I301_cellular_subscription",100.9,"Cyprus"
"4673","I302_mobile_broadband",80.8,"Cyprus"
"4674","I303_fixed_broadband",26.4,"Cyprus"
"4675","I304_fibre_internet",0,"Cyprus"
"4676","I305_internet_users",84.4,"Cyprus"
"4677","P4_macro_stability",NA,"Cyprus"
"4678","I401_inflation",0.7,"Cyprus"
"4679","I402_debt_dynamic",80,"Cyprus"
"4680","P5_health",NA,"Cyprus"
"4681","I501_healthy_life_expectancy",70.7,"Cyprus"
"4682","P6_skills",NA,"Cyprus"
"4683","Sub10_Workforce",NA,"Cyprus"
"4684","I601_years_of_schooling",12.1,"Cyprus"
"4685","Sub11_Workforce_Skills",NA,"Cyprus"
"4686","I602_staff_training",4.1,"Cyprus"
"4687","I603_vocational_training",4.3,"Cyprus"
"4688","I604_graduates_skillset",4.8,"Cyprus"
"4689","I605_digital_skills",4.9,"Cyprus"
"4690","I606_skilled_employees",4.7,"Cyprus"
"4691","Sub12_Future_Workforce",NA,"Cyprus"
"4692","I501_healthy_life_expectancy",14.6,"Cyprus"
"4693","Sub13_Future_Workforce_Skills",NA,"Cyprus"
"4694","I608_critical_thinking",3.4,"Cyprus"
"4695","I609_pupil_teacher_ratio",11.9,"Cyprus"
"4696","P7_product_market",NA,"Cyprus"
"4697","Sub14_Domestic_Competition",NA,"Cyprus"
"4698","I701_distortive_taxes",4.6,"Cyprus"
"4699","I702_market_dominance",4,"Cyprus"
"4700","I703_competition_services",5.5,"Cyprus"
"4701","Sub15_Trade_Openess",NA,"Cyprus"
"4702","I704_non_tariff_barriers",5.1,"Cyprus"
"4703","I705_trade_tariffs",1.12,"Cyprus"
"4704","I706_tariffs_complexity",2.9,"Cyprus"
"4705","I707_border_clearance",3.1,"Cyprus"
"4706","P8_labour_market",NA,"Cyprus"
"4707","Sub16_Flexibility",NA,"Cyprus"
"4708","I801_redundancy_costs",5.7,"Cyprus"
"4709","I802_hiring_firing_practices",4,"Cyprus"
"4710","I803_labour_employer_relations",4.8,"Cyprus"
"4711","I804_wage_flexibility",4.8,"Cyprus"
"4712","I805_labour_market_policies",3.8,"Cyprus"
"4713","I806_workers_rights",NA,"Cyprus"
"4714","I807_foreign_labour_hiring",3.8,"Cyprus"
"4715","I808_internal_labour_mobility",4.4,"Cyprus"
"4716","Sub17_Meritocracy",NA,"Cyprus"
"4717","I809_reliance_on_management",3.6,"Cyprus"
"4718","I810_pay_productivity",3.9,"Cyprus"
"4719","I811_gender_pay_gap",0.92,"Cyprus"
"4720","I812_labour_tax",13,"Cyprus"
"4721","P9_financial_system",NA,"Cyprus"
"4722","Sub18_Depth",NA,"Cyprus"
"4723","I901_credit_to_private_sector",222.6,"Cyprus"
"4724","I902_financing_SME",3.8,"Cyprus"
"4725","I903_venture_capital",2.7,"Cyprus"
"4726","I904_market_capitalization",12.9,"Cyprus"
"4727","I905_insurance_premium",3.6,"Cyprus"
"4728","Sub19_Stability",NA,"Cyprus"
"4729","I906_banks_soundness",3.3,"Cyprus"
"4730","I907_non_performing_loans",31.4,"Cyprus"
"4731","I908_credit_gap",-52.5,"Cyprus"
"4732","I909_regulatory_capital",16.5,"Cyprus"
"4733","P10_market_size",NA,"Cyprus"
"4734","I1001_GDP_PPP",31,"Cyprus"
"4735","I1002_imports",72.3,"Cyprus"
"4736","P11_dynamism",NA,"Cyprus"
"4737","Sub20_Administrative_Requirements",NA,"Cyprus"
"4738","I1101_starting_business_cost",11.9,"Cyprus"
"4739","I1102_starting_business_time",6,"Cyprus"
"4740","I1103_insolvency_recovery_rate",73.4,"Cyprus"
"4741","I1104_insolvency_regulations",11.5,"Cyprus"
"4742","Sub21_Entrepreneurial_Culture",NA,"Cyprus"
"4743","I1105_risk_attitudes",4.3,"Cyprus"
"4744","I1106_delegating_authority",4.1,"Cyprus"
"4745","I1107_innovating_companies",3.6,"Cyprus"
"4746","I1108_disruptive_ideas",3.4,"Cyprus"
"4747","P12_innovation",NA,"Cyprus"
"4748","Sub22_Diversity",NA,"Cyprus"
"4749","I1201_workforce_diversity",4.3,"Cyprus"
"4750","I1202_cluster_development",3.9,"Cyprus"
"4751","I1203_international_inventions",1.57,"Cyprus"
"4752","I1204_stakeholder_collaboration",3.5,"Cyprus"
"4753","Sub23_Research_Development",NA,"Cyprus"
"4754","I1205_scientific_publications",170,"Cyprus"
"4755","I1206_patents",9.4,"Cyprus"
"4756","I1207_RnD_expenditures",0.5,"Cyprus"
"4757","I1208_research_institutions",0.01,"Cyprus"
"4758","Sub24_Commercialization",NA,"Cyprus"
"4759","I1209_buyer_sophistication",4,"Cyprus"
"4760","I1210_trademarks",25427.73,"Cyprus"
"4761","P1_institutions",NA,"Czech Republic"
"4762","Sub1_Security",NA,"Czech Republic"
"4763","I101_organized_crime",5.7,"Czech Republic"
"4764","I102_homicide",0.6,"Czech Republic"
"4765","I103_terrorism",99.8,"Czech Republic"
"4766","I104_police",5,"Czech Republic"
"4767","Sub2_Social_Capital",NA,"Czech Republic"
"4768","Sub2_Social_Capital",50,"Czech Republic"
"4769","Sub3_Checks_Balances",NA,"Czech Republic"
"4770","I106_transparency",61,"Czech Republic"
"4771","I107_judicial_independence",4.5,"Czech Republic"
"4772","I108_challenging_regulations",3,"Czech Republic"
"4773","I09_press_freedom",24.9,"Czech Republic"
"4774","Sub4_Public_Sector",NA,"Czech Republic"
"4775","I110_gov_burden",2.7,"Czech Republic"
"4776","I111_settling_disputes",3.5,"Czech Republic"
"4777","I112_e_participation",0.62,"Czech Republic"
"4778","Sub5_Transparency",NA,"Czech Republic"
"4779","I113_corruption",59,"Czech Republic"
"4780","I114_property_rights",NA,"Czech Republic"
"4781","I114_property_rights",4.7,"Czech Republic"
"4782","I115_intellectual_property_protection",4.9,"Czech Republic"
"4783","I116_land_administration",25,"Czech Republic"
"4784","Sub6_Corporate_Governance",NA,"Czech Republic"
"4785","I117_auditing_accounting_standards",5.2,"Czech Republic"
"4786","I118_interest_conflict_regulation",5.7,"Czech Republic"
"4787","I119_shareholder_governance",6,"Czech Republic"
"4788","Sub7_Government_Orientation",NA,"Czech Republic"
"4789","I120_policy_stability",3.5,"Czech Republic"
"4790","I121_response_to_change",3.4,"Czech Republic"
"4791","I122_digital_business_laws",3.6,"Czech Republic"
"4792","I123_gov_long_term_vision",3,"Czech Republic"
"4793","I124_energy_regulations",74.8,"Czech Republic"
"4794","I125_renewable_energy",71.1,"Czech Republic"
"4795","I126_environment_treaties",25,"Czech Republic"
"4796","P2_infrastructure",NA,"Czech Republic"
"4797","Sub8_Transport_Infrastructure",NA,"Czech Republic"
"4798","I201_road_connectivity",92.2,"Czech Republic"
"4799","I202_quality_of_roads",3.9,"Czech Republic"
"4800","I203_railroad_density",121.8,"Czech Republic"
"4801","I204_train_efficiency",4.5,"Czech Republic"
"4802","I205_airport_connectivity",68191.9,"Czech Republic"
"4803","I206_air_transport_efficiency",5,"Czech Republic"
"4804","I207_shipping_connectivity",NA,"Czech Republic"
"4805","I208_seaport_efficiency",3.2,"Czech Republic"
"4806","Sub9_Utility_Infrastructure",NA,"Czech Republic"
"4807","I209_electricity_access",100,"Czech Republic"
"4808","I210_electricity_supply",5.6,"Czech Republic"
"4809","I211_unsafe_drinking_water",2.7,"Czech Republic"
"4810","I212_water_supply",6.5,"Czech Republic"
"4811","P3_ICT_adoption",NA,"Czech Republic"
"4812","I301_cellular_subscription",119.2,"Czech Republic"
"4813","I302_mobile_broadband",88.1,"Czech Republic"
"4814","I303_fixed_broadband",29.9,"Czech Republic"
"4815","I304_fibre_internet",5.4,"Czech Republic"
"4816","I305_internet_users",80.7,"Czech Republic"
"4817","P4_macro_stability",NA,"Czech Republic"
"4818","I401_inflation",2.3,"Czech Republic"
"4819","I402_debt_dynamic",100,"Czech Republic"
"4820","P5_health",NA,"Czech Republic"
"4821","I501_healthy_life_expectancy",67.4,"Czech Republic"
"4822","P6_skills",NA,"Czech Republic"
"4823","Sub10_Workforce",NA,"Czech Republic"
"4824","I601_years_of_schooling",12.7,"Czech Republic"
"4825","Sub11_Workforce_Skills",NA,"Czech Republic"
"4826","I602_staff_training",4.5,"Czech Republic"
"4827","I603_vocational_training",4.5,"Czech Republic"
"4828","I604_graduates_skillset",4.4,"Czech Republic"
"4829","I605_digital_skills",4.8,"Czech Republic"
"4830","I606_skilled_employees",3.2,"Czech Republic"
"4831","Sub12_Future_Workforce",NA,"Czech Republic"
"4832","I501_healthy_life_expectancy",16.8,"Czech Republic"
"4833","Sub13_Future_Workforce_Skills",NA,"Czech Republic"
"4834","I608_critical_thinking",3.3,"Czech Republic"
"4835","I609_pupil_teacher_ratio",18.9,"Czech Republic"
"4836","P7_product_market",NA,"Czech Republic"
"4837","Sub14_Domestic_Competition",NA,"Czech Republic"
"4838","I701_distortive_taxes",3.1,"Czech Republic"
"4839","I702_market_dominance",4.3,"Czech Republic"
"4840","I703_competition_services",5.1,"Czech Republic"
"4841","Sub15_Trade_Openess",NA,"Czech Republic"
"4842","I704_non_tariff_barriers",4.9,"Czech Republic"
"4843","I705_trade_tariffs",1.12,"Czech Republic"
"4844","I706_tariffs_complexity",2.9,"Czech Republic"
"4845","I707_border_clearance",3.3,"Czech Republic"
"4846","P8_labour_market",NA,"Czech Republic"
"4847","Sub16_Flexibility",NA,"Czech Republic"
"4848","I801_redundancy_costs",20.3,"Czech Republic"
"4849","I802_hiring_firing_practices",3.5,"Czech Republic"
"4850","I803_labour_employer_relations",4.7,"Czech Republic"
"4851","I804_wage_flexibility",5.7,"Czech Republic"
"4852","I805_labour_market_policies",5,"Czech Republic"
"4853","I806_workers_rights",90,"Czech Republic"
"4854","I807_foreign_labour_hiring",3.6,"Czech Republic"
"4855","I808_internal_labour_mobility",3.1,"Czech Republic"
"4856","Sub17_Meritocracy",NA,"Czech Republic"
"4857","I809_reliance_on_management",5.2,"Czech Republic"
"4858","I810_pay_productivity",4.4,"Czech Republic"
"4859","I811_gender_pay_gap",0.84,"Czech Republic"
"4860","I812_labour_tax",38.4,"Czech Republic"
"4861","P9_financial_system",NA,"Czech Republic"
"4862","Sub18_Depth",NA,"Czech Republic"
"4863","I901_credit_to_private_sector",50.9,"Czech Republic"
"4864","I902_financing_SME",4.4,"Czech Republic"
"4865","I903_venture_capital",3.8,"Czech Republic"
"4866","I904_market_capitalization",23.6,"Czech Republic"
"4867","I905_insurance_premium",3.2,"Czech Republic"
"4868","Sub19_Stability",NA,"Czech Republic"
"4869","I906_banks_soundness",5.9,"Czech Republic"
"4870","I907_non_performing_loans",3.7,"Czech Republic"
"4871","I908_credit_gap",-2.3,"Czech Republic"
"4872","I909_regulatory_capital",17.8,"Czech Republic"
"4873","P10_market_size",NA,"Czech Republic"
"4874","I1001_GDP_PPP",352,"Czech Republic"
"4875","I1002_imports",86.1,"Czech Republic"
"4876","P11_dynamism",NA,"Czech Republic"
"4877","Sub20_Administrative_Requirements",NA,"Czech Republic"
"4878","I1101_starting_business_cost",1,"Czech Republic"
"4879","I1102_starting_business_time",24.5,"Czech Republic"
"4880","I1103_insolvency_recovery_rate",67.4,"Czech Republic"
"4881","I1104_insolvency_regulations",14,"Czech Republic"
"4882","Sub21_Entrepreneurial_Culture",NA,"Czech Republic"
"4883","I1105_risk_attitudes",3.7,"Czech Republic"
"4884","I1106_delegating_authority",4.9,"Czech Republic"
"4885","I1107_innovating_companies",4.3,"Czech Republic"
"4886","I1108_disruptive_ideas",3.9,"Czech Republic"
"4887","P12_innovation",NA,"Czech Republic"
"4888","Sub22_Diversity",NA,"Czech Republic"
"4889","I1201_workforce_diversity",4.4,"Czech Republic"
"4890","I1202_cluster_development",3.8,"Czech Republic"
"4891","I1203_international_inventions",6.23,"Czech Republic"
"4892","I1204_stakeholder_collaboration",4,"Czech Republic"
"4893","Sub23_Research_Development",NA,"Czech Republic"
"4894","I1205_scientific_publications",396.7,"Czech Republic"
"4895","I1206_patents",29.58,"Czech Republic"
"4896","I1207_RnD_expenditures",1.7,"Czech Republic"
"4897","I1208_research_institutions",0.08,"Czech Republic"
"4898","Sub24_Commercialization",NA,"Czech Republic"
"4899","I1209_buyer_sophistication",3.1,"Czech Republic"
"4900","I1210_trademarks",3879.61,"Czech Republic"
"4901","P1_institutions",NA,"Denmark"
"4902","Sub1_Security",NA,"Denmark"
"4903","I101_organized_crime",5.3,"Denmark"
"4904","I102_homicide",1.2,"Denmark"
"4905","I103_terrorism",99.9,"Denmark"
"4906","I104_police",5.9,"Denmark"
"4907","Sub2_Social_Capital",NA,"Denmark"
"4908","Sub2_Social_Capital",65.8,"Denmark"
"4909","Sub3_Checks_Balances",NA,"Denmark"
"4910","I106_transparency",NA,"Denmark"
"4911","I107_judicial_independence",6.2,"Denmark"
"4912","I108_challenging_regulations",4.5,"Denmark"
"4913","I09_press_freedom",9.9,"Denmark"
"4914","Sub4_Public_Sector",NA,"Denmark"
"4915","I110_gov_burden",3.9,"Denmark"
"4916","I111_settling_disputes",5.3,"Denmark"
"4917","I112_e_participation",1,"Denmark"
"4918","Sub5_Transparency",NA,"Denmark"
"4919","I113_corruption",88,"Denmark"
"4920","I114_property_rights",NA,"Denmark"
"4921","I114_property_rights",6,"Denmark"
"4922","I115_intellectual_property_protection",5.7,"Denmark"
"4923","I116_land_administration",24.5,"Denmark"
"4924","Sub6_Corporate_Governance",NA,"Denmark"
"4925","I117_auditing_accounting_standards",5.7,"Denmark"
"4926","I118_interest_conflict_regulation",6.7,"Denmark"
"4927","I119_shareholder_governance",6.7,"Denmark"
"4928","Sub7_Government_Orientation",NA,"Denmark"
"4929","I120_policy_stability",5.6,"Denmark"
"4930","I121_response_to_change",4.6,"Denmark"
"4931","I122_digital_business_laws",4.6,"Denmark"
"4932","I123_gov_long_term_vision",4.8,"Denmark"
"4933","I124_energy_regulations",78.2,"Denmark"
"4934","I125_renewable_energy",79.3,"Denmark"
"4935","I126_environment_treaties",29,"Denmark"
"4936","P2_infrastructure",NA,"Denmark"
"4937","Sub8_Transport_Infrastructure",NA,"Denmark"
"4938","I201_road_connectivity",86.6,"Denmark"
"4939","I202_quality_of_roads",5.6,"Denmark"
"4940","I203_railroad_density",50.2,"Denmark"
"4941","I204_train_efficiency",4.5,"Denmark"
"4942","I205_airport_connectivity",125461.4,"Denmark"
"4943","I206_air_transport_efficiency",5.8,"Denmark"
"4944","I207_shipping_connectivity",58.5,"Denmark"
"4945","I208_seaport_efficiency",5.8,"Denmark"
"4946","Sub9_Utility_Infrastructure",NA,"Denmark"
"4947","I209_electricity_access",100,"Denmark"
"4948","I210_electricity_supply",5.3,"Denmark"
"4949","I211_unsafe_drinking_water",0.3,"Denmark"
"4950","I212_water_supply",6.7,"Denmark"
"4951","P3_ICT_adoption",NA,"Denmark"
"4952","I301_cellular_subscription",125.1,"Denmark"
"4953","I302_mobile_broadband",136.7,"Denmark"
"4954","I303_fixed_broadband",44.1,"Denmark"
"4955","I304_fibre_internet",12.2,"Denmark"
"4956","I305_internet_users",97.6,"Denmark"
"4957","P4_macro_stability",NA,"Denmark"
"4958","I401_inflation",0.9,"Denmark"
"4959","I402_debt_dynamic",100,"Denmark"
"4960","P5_health",NA,"Denmark"
"4961","I501_healthy_life_expectancy",69.6,"Denmark"
"4962","P6_skills",NA,"Denmark"
"4963","Sub10_Workforce",NA,"Denmark"
"4964","I601_years_of_schooling",12.6,"Denmark"
"4965","Sub11_Workforce_Skills",NA,"Denmark"
"4966","I602_staff_training",5.3,"Denmark"
"4967","I603_vocational_training",5.6,"Denmark"
"4968","I604_graduates_skillset",5.3,"Denmark"
"4969","I605_digital_skills",5.4,"Denmark"
"4970","I606_skilled_employees",4.9,"Denmark"
"4971","Sub12_Future_Workforce",NA,"Denmark"
"4972","I501_healthy_life_expectancy",19.1,"Denmark"
"4973","Sub13_Future_Workforce_Skills",NA,"Denmark"
"4974","I608_critical_thinking",5.6,"Denmark"
"4975","I609_pupil_teacher_ratio",10.7,"Denmark"
"4976","P7_product_market",NA,"Denmark"
"4977","Sub14_Domestic_Competition",NA,"Denmark"
"4978","I701_distortive_taxes",4.7,"Denmark"
"4979","I702_market_dominance",5.4,"Denmark"
"4980","I703_competition_services",5.1,"Denmark"
"4981","Sub15_Trade_Openess",NA,"Denmark"
"4982","I704_non_tariff_barriers",5,"Denmark"
"4983","I705_trade_tariffs",1.12,"Denmark"
"4984","I706_tariffs_complexity",2.9,"Denmark"
"4985","I707_border_clearance",3.9,"Denmark"
"4986","P8_labour_market",NA,"Denmark"
"4987","Sub16_Flexibility",NA,"Denmark"
"4988","I801_redundancy_costs",0,"Denmark"
"4989","I802_hiring_firing_practices",5.2,"Denmark"
"4990","I803_labour_employer_relations",5.9,"Denmark"
"4991","I804_wage_flexibility",4.4,"Denmark"
"4992","I805_labour_market_policies",5.2,"Denmark"
"4993","I806_workers_rights",95,"Denmark"
"4994","I807_foreign_labour_hiring",3.7,"Denmark"
"4995","I808_internal_labour_mobility",4.2,"Denmark"
"4996","Sub17_Meritocracy",NA,"Denmark"
"4997","I809_reliance_on_management",5.9,"Denmark"
"4998","I810_pay_productivity",4.9,"Denmark"
"4999","I811_gender_pay_gap",0.94,"Denmark"
"5000","I812_labour_tax",4,"Denmark"
"5001","P9_financial_system",NA,"Denmark"
"5002","Sub18_Depth",NA,"Denmark"
"5003","I901_credit_to_private_sector",168.7,"Denmark"
"5004","I902_financing_SME",4.6,"Denmark"
"5005","I903_venture_capital",3.8,"Denmark"
"5006","I904_market_capitalization",119.6,"Denmark"
"5007","I905_insurance_premium",10,"Denmark"
"5008","Sub19_Stability",NA,"Denmark"
"5009","I906_banks_soundness",5.7,"Denmark"
"5010","I907_non_performing_loans",2.5,"Denmark"
"5011","I908_credit_gap",-17.1,"Denmark"
"5012","I909_regulatory_capital",20.9,"Denmark"
"5013","P10_market_size",NA,"Denmark"
"5014","I1001_GDP_PPP",268,"Denmark"
"5015","I1002_imports",48.6,"Denmark"
"5016","P11_dynamism",NA,"Denmark"
"5017","Sub20_Administrative_Requirements",NA,"Denmark"
"5018","I1101_starting_business_cost",0.2,"Denmark"
"5019","I1102_starting_business_time",3.5,"Denmark"
"5020","I1103_insolvency_recovery_rate",88.5,"Denmark"
"5021","I1104_insolvency_regulations",12,"Denmark"
"5022","Sub21_Entrepreneurial_Culture",NA,"Denmark"
"5023","I1105_risk_attitudes",4.5,"Denmark"
"5024","I1106_delegating_authority",5.9,"Denmark"
"5025","I1107_innovating_companies",5.1,"Denmark"
"5026","I1108_disruptive_ideas",4.9,"Denmark"
"5027","P12_innovation",NA,"Denmark"
"5028","Sub22_Diversity",NA,"Denmark"
"5029","I1201_workforce_diversity",5,"Denmark"
"5030","I1202_cluster_development",5,"Denmark"
"5031","I1203_international_inventions",23.68,"Denmark"
"5032","I1204_stakeholder_collaboration",5.2,"Denmark"
"5033","Sub23_Research_Development",NA,"Denmark"
"5034","I1205_scientific_publications",662,"Denmark"
"5035","I1206_patents",207.63,"Denmark"
"5036","I1207_RnD_expenditures",2.9,"Denmark"
"5037","I1208_research_institutions",0.06,"Denmark"
"5038","Sub24_Commercialization",NA,"Denmark"
"5039","I1209_buyer_sophistication",4.2,"Denmark"
"5040","I1210_trademarks",11201.45,"Denmark"
"5041","P1_institutions",NA,"Dominican Republic"
"5042","Sub1_Security",NA,"Dominican Republic"
"5043","I101_organized_crime",4.2,"Dominican Republic"
"5044","I102_homicide",11.3,"Dominican Republic"
"5045","I103_terrorism",99.9,"Dominican Republic"
"5046","I104_police",2.8,"Dominican Republic"
"5047","Sub2_Social_Capital",NA,"Dominican Republic"
"5048","Sub2_Social_Capital",53.3,"Dominican Republic"
"5049","Sub3_Checks_Balances",NA,"Dominican Republic"
"5050","I106_transparency",66,"Dominican Republic"
"5051","I107_judicial_independence",2.5,"Dominican Republic"
"5052","I108_challenging_regulations",3.1,"Dominican Republic"
"5053","I09_press_freedom",27.9,"Dominican Republic"
"5054","Sub4_Public_Sector",NA,"Dominican Republic"
"5055","I110_gov_burden",3,"Dominican Republic"
"5056","I111_settling_disputes",3.3,"Dominican Republic"
"5057","I112_e_participation",0.68,"Dominican Republic"
"5058","Sub5_Transparency",NA,"Dominican Republic"
"5059","I113_corruption",30,"Dominican Republic"
"5060","I114_property_rights",NA,"Dominican Republic"
"5061","I114_property_rights",4.3,"Dominican Republic"
"5062","I115_intellectual_property_protection",4.3,"Dominican Republic"
"5063","I116_land_administration",14.5,"Dominican Republic"
"5064","Sub6_Corporate_Governance",NA,"Dominican Republic"
"5065","I117_auditing_accounting_standards",4.8,"Dominican Republic"
"5066","I118_interest_conflict_regulation",5.7,"Dominican Republic"
"5067","I119_shareholder_governance",5.7,"Dominican Republic"
"5068","Sub7_Government_Orientation",NA,"Dominican Republic"
"5069","I120_policy_stability",3.9,"Dominican Republic"
"5070","I121_response_to_change",3.3,"Dominican Republic"
"5071","I122_digital_business_laws",3.4,"Dominican Republic"
"5072","I123_gov_long_term_vision",3.3,"Dominican Republic"
"5073","I124_energy_regulations",26.4,"Dominican Republic"
"5074","I125_renewable_energy",59.1,"Dominican Republic"
"5075","I126_environment_treaties",22,"Dominican Republic"
"5076","P2_infrastructure",NA,"Dominican Republic"
"5077","Sub8_Transport_Infrastructure",NA,"Dominican Republic"
"5078","I201_road_connectivity",74.8,"Dominican Republic"
"5079","I202_quality_of_roads",4.7,"Dominican Republic"
"5080","I203_railroad_density",NA,"Dominican Republic"
"5081","I204_train_efficiency",NA,"Dominican Republic"
"5082","I205_airport_connectivity",66750.6,"Dominican Republic"
"5083","I206_air_transport_efficiency",5.1,"Dominican Republic"
"5084","I207_shipping_connectivity",39.4,"Dominican Republic"
"5085","I208_seaport_efficiency",4.9,"Dominican Republic"
"5086","Sub9_Utility_Infrastructure",NA,"Dominican Republic"
"5087","I209_electricity_access",97.1,"Dominican Republic"
"5088","I210_electricity_supply",12.3,"Dominican Republic"
"5089","I211_unsafe_drinking_water",62.4,"Dominican Republic"
"5090","I212_water_supply",3.9,"Dominican Republic"
"5091","P3_ICT_adoption",NA,"Dominican Republic"
"5092","I301_cellular_subscription",84.1,"Dominican Republic"
"5093","I302_mobile_broadband",60.8,"Dominican Republic"
"5094","I303_fixed_broadband",7.5,"Dominican Republic"
"5095","I304_fibre_internet",1.3,"Dominican Republic"
"5096","I305_internet_users",74.8,"Dominican Republic"
"5097","P4_macro_stability",NA,"Dominican Republic"
"5098","I401_inflation",3.4,"Dominican Republic"
"5099","I402_debt_dynamic",49.9,"Dominican Republic"
"5100","P5_health",NA,"Dominican Republic"
"5101","I501_healthy_life_expectancy",64.2,"Dominican Republic"
"5102","P6_skills",NA,"Dominican Republic"
"5103","Sub10_Workforce",NA,"Dominican Republic"
"5104","I601_years_of_schooling",7.8,"Dominican Republic"
"5105","Sub11_Workforce_Skills",NA,"Dominican Republic"
"5106","I602_staff_training",4.2,"Dominican Republic"
"5107","I603_vocational_training",3.9,"Dominican Republic"
"5108","I604_graduates_skillset",3.8,"Dominican Republic"
"5109","I605_digital_skills",3.6,"Dominican Republic"
"5110","I606_skilled_employees",4.1,"Dominican Republic"
"5111","Sub12_Future_Workforce",NA,"Dominican Republic"
"5112","I501_healthy_life_expectancy",14.2,"Dominican Republic"
"5113","Sub13_Future_Workforce_Skills",NA,"Dominican Republic"
"5114","I608_critical_thinking",2.9,"Dominican Republic"
"5115","I609_pupil_teacher_ratio",18.9,"Dominican Republic"
"5116","P7_product_market",NA,"Dominican Republic"
"5117","Sub14_Domestic_Competition",NA,"Dominican Republic"
"5118","I701_distortive_taxes",3.1,"Dominican Republic"
"5119","I702_market_dominance",3.3,"Dominican Republic"
"5120","I703_competition_services",5.1,"Dominican Republic"
"5121","Sub15_Trade_Openess",NA,"Dominican Republic"
"5122","I704_non_tariff_barriers",4.3,"Dominican Republic"
"5123","I705_trade_tariffs",5.96,"Dominican Republic"
"5124","I706_tariffs_complexity",6.5,"Dominican Republic"
"5125","I707_border_clearance",2.4,"Dominican Republic"
"5126","P8_labour_market",NA,"Dominican Republic"
"5127","Sub16_Flexibility",NA,"Dominican Republic"
"5128","I801_redundancy_costs",26.2,"Dominican Republic"
"5129","I802_hiring_firing_practices",3.7,"Dominican Republic"
"5130","I803_labour_employer_relations",4.6,"Dominican Republic"
"5131","I804_wage_flexibility",4.6,"Dominican Republic"
"5132","I805_labour_market_policies",2.3,"Dominican Republic"
"5133","I806_workers_rights",88,"Dominican Republic"
"5134","I807_foreign_labour_hiring",4.3,"Dominican Republic"
"5135","I808_internal_labour_mobility",5.3,"Dominican Republic"
"5136","Sub17_Meritocracy",NA,"Dominican Republic"
"5137","I809_reliance_on_management",4.2,"Dominican Republic"
"5138","I810_pay_productivity",3.8,"Dominican Republic"
"5139","I811_gender_pay_gap",0.93,"Dominican Republic"
"5140","I812_labour_tax",18.6,"Dominican Republic"
"5141","P9_financial_system",NA,"Dominican Republic"
"5142","Sub18_Depth",NA,"Dominican Republic"
"5143","I901_credit_to_private_sector",27.9,"Dominican Republic"
"5144","I902_financing_SME",4.1,"Dominican Republic"
"5145","I903_venture_capital",3.2,"Dominican Republic"
"5146","I904_market_capitalization",45.4,"Dominican Republic"
"5147","I905_insurance_premium",1.1,"Dominican Republic"
"5148","Sub19_Stability",NA,"Dominican Republic"
"5149","I906_banks_soundness",5.9,"Dominican Republic"
"5150","I907_non_performing_loans",1.9,"Dominican Republic"
"5151","I908_credit_gap",3.8,"Dominican Republic"
"5152","I909_regulatory_capital",17.1,"Dominican Republic"
"5153","P10_market_size",NA,"Dominican Republic"
"5154","I1001_GDP_PPP",168,"Dominican Republic"
"5155","I1002_imports",28.9,"Dominican Republic"
"5156","P11_dynamism",NA,"Dominican Republic"
"5157","Sub20_Administrative_Requirements",NA,"Dominican Republic"
"5158","I1101_starting_business_cost",14.1,"Dominican Republic"
"5159","I1102_starting_business_time",16.5,"Dominican Republic"
"5160","I1103_insolvency_recovery_rate",8.8,"Dominican Republic"
"5161","I1104_insolvency_regulations",10.5,"Dominican Republic"
"5162","Sub21_Entrepreneurial_Culture",NA,"Dominican Republic"
"5163","I1105_risk_attitudes",4.3,"Dominican Republic"
"5164","I1106_delegating_authority",4.3,"Dominican Republic"
"5165","I1107_innovating_companies",4,"Dominican Republic"
"5166","I1108_disruptive_ideas",3.7,"Dominican Republic"
"5167","P12_innovation",NA,"Dominican Republic"
"5168","Sub22_Diversity",NA,"Dominican Republic"
"5169","I1201_workforce_diversity",4.8,"Dominican Republic"
"5170","I1202_cluster_development",4,"Dominican Republic"
"5171","I1203_international_inventions",0.09,"Dominican Republic"
"5172","I1204_stakeholder_collaboration",3.6,"Dominican Republic"
"5173","Sub23_Research_Development",NA,"Dominican Republic"
"5174","I1205_scientific_publications",62,"Dominican Republic"
"5175","I1206_patents",0.23,"Dominican Republic"
"5176","I1207_RnD_expenditures",NA,"Dominican Republic"
"5177","I1208_research_institutions",0,"Dominican Republic"
"5178","Sub24_Commercialization",NA,"Dominican Republic"
"5179","I1209_buyer_sophistication",3.3,"Dominican Republic"
"5180","I1210_trademarks",749.77,"Dominican Republic"
"5181","P1_institutions",NA,"Ecuador"
"5182","Sub1_Security",NA,"Ecuador"
"5183","I101_organized_crime",4.3,"Ecuador"
"5184","I102_homicide",5.8,"Ecuador"
"5185","I103_terrorism",99.8,"Ecuador"
"5186","I104_police",3.8,"Ecuador"
"5187","Sub2_Social_Capital",NA,"Ecuador"
"5188","Sub2_Social_Capital",49.8,"Ecuador"
"5189","Sub3_Checks_Balances",NA,"Ecuador"
"5190","I106_transparency",49,"Ecuador"
"5191","I107_judicial_independence",2.3,"Ecuador"
"5192","I108_challenging_regulations",2.5,"Ecuador"
"5193","I09_press_freedom",31.9,"Ecuador"
"5194","Sub4_Public_Sector",NA,"Ecuador"
"5195","I110_gov_burden",2.5,"Ecuador"
"5196","I111_settling_disputes",2.9,"Ecuador"
"5197","I112_e_participation",0.67,"Ecuador"
"5198","Sub5_Transparency",NA,"Ecuador"
"5199","I113_corruption",34,"Ecuador"
"5200","I114_property_rights",NA,"Ecuador"
"5201","I114_property_rights",3.7,"Ecuador"
"5202","I115_intellectual_property_protection",3.6,"Ecuador"
"5203","I116_land_administration",16,"Ecuador"
"5204","Sub6_Corporate_Governance",NA,"Ecuador"
"5205","I117_auditing_accounting_standards",5,"Ecuador"
"5206","I118_interest_conflict_regulation",4.3,"Ecuador"
"5207","I119_shareholder_governance",5,"Ecuador"
"5208","Sub7_Government_Orientation",NA,"Ecuador"
"5209","I120_policy_stability",2.8,"Ecuador"
"5210","I121_response_to_change",2.9,"Ecuador"
"5211","I122_digital_business_laws",3.1,"Ecuador"
"5212","I123_gov_long_term_vision",2.7,"Ecuador"
"5213","I124_energy_regulations",47.9,"Ecuador"
"5214","I125_renewable_energy",35.6,"Ecuador"
"5215","I126_environment_treaties",26,"Ecuador"
"5216","P2_infrastructure",NA,"Ecuador"
"5217","Sub8_Transport_Infrastructure",NA,"Ecuador"
"5218","I201_road_connectivity",64.2,"Ecuador"
"5219","I202_quality_of_roads",4.9,"Ecuador"
"5220","I203_railroad_density",NA,"Ecuador"
"5221","I204_train_efficiency",NA,"Ecuador"
"5222","I205_airport_connectivity",20166.1,"Ecuador"
"5223","I206_air_transport_efficiency",4.9,"Ecuador"
"5224","I207_shipping_connectivity",24.8,"Ecuador"
"5225","I208_seaport_efficiency",4.5,"Ecuador"
"5226","Sub9_Utility_Infrastructure",NA,"Ecuador"
"5227","I209_electricity_access",97.3,"Ecuador"
"5228","I210_electricity_supply",13,"Ecuador"
"5229","I211_unsafe_drinking_water",16.4,"Ecuador"
"5230","I212_water_supply",5.1,"Ecuador"
"5231","P3_ICT_adoption",NA,"Ecuador"
"5232","I301_cellular_subscription",92.3,"Ecuador"
"5233","I302_mobile_broadband",54.7,"Ecuador"
"5234","I303_fixed_broadband",11.4,"Ecuador"
"5235","I304_fibre_internet",1.6,"Ecuador"
"5236","I305_internet_users",57.3,"Ecuador"
"5237","P4_macro_stability",NA,"Ecuador"
"5238","I401_inflation",0.1,"Ecuador"
"5239","I402_debt_dynamic",48.5,"Ecuador"
"5240","P5_health",NA,"Ecuador"
"5241","I501_healthy_life_expectancy",67.2,"Ecuador"
"5242","P6_skills",NA,"Ecuador"
"5243","Sub10_Workforce",NA,"Ecuador"
"5244","I601_years_of_schooling",9,"Ecuador"
"5245","Sub11_Workforce_Skills",NA,"Ecuador"
"5246","I602_staff_training",3.6,"Ecuador"
"5247","I603_vocational_training",4.2,"Ecuador"
"5248","I604_graduates_skillset",4.1,"Ecuador"
"5249","I605_digital_skills",3.8,"Ecuador"
"5250","I606_skilled_employees",4.2,"Ecuador"
"5251","Sub12_Future_Workforce",NA,"Ecuador"
"5252","I501_healthy_life_expectancy",15.4,"Ecuador"
"5253","Sub13_Future_Workforce_Skills",NA,"Ecuador"
"5254","I608_critical_thinking",3.4,"Ecuador"
"5255","I609_pupil_teacher_ratio",25.1,"Ecuador"
"5256","P7_product_market",NA,"Ecuador"
"5257","Sub14_Domestic_Competition",NA,"Ecuador"
"5258","I701_distortive_taxes",2.8,"Ecuador"
"5259","I702_market_dominance",3.1,"Ecuador"
"5260","I703_competition_services",4.7,"Ecuador"
"5261","Sub15_Trade_Openess",NA,"Ecuador"
"5262","I704_non_tariff_barriers",3.3,"Ecuador"
"5263","I705_trade_tariffs",10.61,"Ecuador"
"5264","I706_tariffs_complexity",4.9,"Ecuador"
"5265","I707_border_clearance",2.8,"Ecuador"
"5266","P8_labour_market",NA,"Ecuador"
"5267","Sub16_Flexibility",NA,"Ecuador"
"5268","I801_redundancy_costs",31.8,"Ecuador"
"5269","I802_hiring_firing_practices",2.5,"Ecuador"
"5270","I803_labour_employer_relations",4.4,"Ecuador"
"5271","I804_wage_flexibility",4.7,"Ecuador"
"5272","I805_labour_market_policies",2.3,"Ecuador"
"5273","I806_workers_rights",64,"Ecuador"
"5274","I807_foreign_labour_hiring",4.1,"Ecuador"
"5275","I808_internal_labour_mobility",5.4,"Ecuador"
"5276","Sub17_Meritocracy",NA,"Ecuador"
"5277","I809_reliance_on_management",3.7,"Ecuador"
"5278","I810_pay_productivity",3.5,"Ecuador"
"5279","I811_gender_pay_gap",0.5,"Ecuador"
"5280","I812_labour_tax",13.7,"Ecuador"
"5281","P9_financial_system",NA,"Ecuador"
"5282","Sub18_Depth",NA,"Ecuador"
"5283","I901_credit_to_private_sector",29.4,"Ecuador"
"5284","I902_financing_SME",3.7,"Ecuador"
"5285","I903_venture_capital",2.7,"Ecuador"
"5286","I904_market_capitalization",6.3,"Ecuador"
"5287","I905_insurance_premium",2.1,"Ecuador"
"5288","Sub19_Stability",NA,"Ecuador"
"5289","I906_banks_soundness",5.3,"Ecuador"
"5290","I907_non_performing_loans",3.3,"Ecuador"
"5291","I908_credit_gap",3,"Ecuador"
"5292","I909_regulatory_capital",18.7,"Ecuador"
"5293","P10_market_size",NA,"Ecuador"
"5294","I1001_GDP_PPP",177,"Ecuador"
"5295","I1002_imports",24.5,"Ecuador"
"5296","P11_dynamism",NA,"Ecuador"
"5297","Sub20_Administrative_Requirements",NA,"Ecuador"
"5298","I1101_starting_business_cost",21.2,"Ecuador"
"5299","I1102_starting_business_time",48.5,"Ecuador"
"5300","I1103_insolvency_recovery_rate",18.1,"Ecuador"
"5301","I1104_insolvency_regulations",5,"Ecuador"
"5302","Sub21_Entrepreneurial_Culture",NA,"Ecuador"
"5303","I1105_risk_attitudes",3.7,"Ecuador"
"5304","I1106_delegating_authority",4,"Ecuador"
"5305","I1107_innovating_companies",3.5,"Ecuador"
"5306","I1108_disruptive_ideas",3.2,"Ecuador"
"5307","P12_innovation",NA,"Ecuador"
"5308","Sub22_Diversity",NA,"Ecuador"
"5309","I1201_workforce_diversity",4.3,"Ecuador"
"5310","I1202_cluster_development",3.3,"Ecuador"
"5311","I1203_international_inventions",0.04,"Ecuador"
"5312","I1204_stakeholder_collaboration",3.3,"Ecuador"
"5313","Sub23_Research_Development",NA,"Ecuador"
"5314","I1205_scientific_publications",137.3,"Ecuador"
"5315","I1206_patents",0.12,"Ecuador"
"5316","I1207_RnD_expenditures",0.4,"Ecuador"
"5317","I1208_research_institutions",0.02,"Ecuador"
"5318","Sub24_Commercialization",NA,"Ecuador"
"5319","I1209_buyer_sophistication",3,"Ecuador"
"5320","I1210_trademarks",623.86,"Ecuador"
"5321","P1_institutions",NA,"Egypt"
"5322","Sub1_Security",NA,"Egypt"
"5323","I101_organized_crime",5.3,"Egypt"
"5324","I102_homicide",2.5,"Egypt"
"5325","I103_terrorism",41.6,"Egypt"
"5326","I104_police",4.8,"Egypt"
"5327","Sub2_Social_Capital",NA,"Egypt"
"5328","Sub2_Social_Capital",40.7,"Egypt"
"5329","Sub3_Checks_Balances",NA,"Egypt"
"5330","I106_transparency",41,"Egypt"
"5331","I107_judicial_independence",4.9,"Egypt"
"5332","I108_challenging_regulations",3.8,"Egypt"
"5333","I09_press_freedom",56.5,"Egypt"
"5334","Sub4_Public_Sector",NA,"Egypt"
"5335","I110_gov_burden",3.4,"Egypt"
"5336","I111_settling_disputes",3.9,"Egypt"
"5337","I112_e_participation",0.54,"Egypt"
"5338","Sub5_Transparency",NA,"Egypt"
"5339","I113_corruption",35,"Egypt"
"5340","I114_property_rights",NA,"Egypt"
"5341","I114_property_rights",5.1,"Egypt"
"5342","I115_intellectual_property_protection",3.8,"Egypt"
"5343","I116_land_administration",9,"Egypt"
"5344","Sub6_Corporate_Governance",NA,"Egypt"
"5345","I117_auditing_accounting_standards",5.1,"Egypt"
"5346","I118_interest_conflict_regulation",4.7,"Egypt"
"5347","I119_shareholder_governance",7,"Egypt"
"5348","Sub7_Government_Orientation",NA,"Egypt"
"5349","I120_policy_stability",4,"Egypt"
"5350","I121_response_to_change",4.5,"Egypt"
"5351","I122_digital_business_laws",3.5,"Egypt"
"5352","I123_gov_long_term_vision",4.6,"Egypt"
"5353","I124_energy_regulations",61,"Egypt"
"5354","I125_renewable_energy",68.3,"Egypt"
"5355","I126_environment_treaties",21,"Egypt"
"5356","P2_infrastructure",NA,"Egypt"
"5357","Sub8_Transport_Infrastructure",NA,"Egypt"
"5358","I201_road_connectivity",82.2,"Egypt"
"5359","I202_quality_of_roads",5.1,"Egypt"
"5360","I203_railroad_density",5.2,"Egypt"
"5361","I204_train_efficiency",3.8,"Egypt"
"5362","I205_airport_connectivity",101480.7,"Egypt"
"5363","I206_air_transport_efficiency",5.1,"Egypt"
"5364","I207_shipping_connectivity",70.3,"Egypt"
"5365","I208_seaport_efficiency",4.8,"Egypt"
"5366","Sub9_Utility_Infrastructure",NA,"Egypt"
"5367","I209_electricity_access",99.8,"Egypt"
"5368","I210_electricity_supply",11.9,"Egypt"
"5369","I211_unsafe_drinking_water",8.9,"Egypt"
"5370","I212_water_supply",4.8,"Egypt"
"5371","P3_ICT_adoption",NA,"Egypt"
"5372","I301_cellular_subscription",95.3,"Egypt"
"5373","I302_mobile_broadband",53.9,"Egypt"
"5374","I303_fixed_broadband",6.7,"Egypt"
"5375","I304_fibre_internet",0,"Egypt"
"5376","I305_internet_users",46.9,"Egypt"
"5377","P4_macro_stability",NA,"Egypt"
"5378","I401_inflation",22.2,"Egypt"
"5379","I402_debt_dynamic",40,"Egypt"
"5380","P5_health",NA,"Egypt"
"5381","I501_healthy_life_expectancy",60.8,"Egypt"
"5382","P6_skills",NA,"Egypt"
"5383","Sub10_Workforce",NA,"Egypt"
"5384","I601_years_of_schooling",7.6,"Egypt"
"5385","Sub11_Workforce_Skills",NA,"Egypt"
"5386","I602_staff_training",3.9,"Egypt"
"5387","I603_vocational_training",3.2,"Egypt"
"5388","I604_graduates_skillset",3.1,"Egypt"
"5389","I605_digital_skills",4.7,"Egypt"
"5390","I606_skilled_employees",4,"Egypt"
"5391","Sub12_Future_Workforce",NA,"Egypt"
"5392","I501_healthy_life_expectancy",13.1,"Egypt"
"5393","Sub13_Future_Workforce_Skills",NA,"Egypt"
"5394","I608_critical_thinking",2.7,"Egypt"
"5395","I609_pupil_teacher_ratio",23.8,"Egypt"
"5396","P7_product_market",NA,"Egypt"
"5397","Sub14_Domestic_Competition",NA,"Egypt"
"5398","I701_distortive_taxes",4.2,"Egypt"
"5399","I702_market_dominance",4.3,"Egypt"
"5400","I703_competition_services",5.3,"Egypt"
"5401","Sub15_Trade_Openess",NA,"Egypt"
"5402","I704_non_tariff_barriers",4.5,"Egypt"
"5403","I705_trade_tariffs",14.48,"Egypt"
"5404","I706_tariffs_complexity",4.9,"Egypt"
"5405","I707_border_clearance",2.6,"Egypt"
"5406","P8_labour_market",NA,"Egypt"
"5407","Sub16_Flexibility",NA,"Egypt"
"5408","I801_redundancy_costs",36.8,"Egypt"
"5409","I802_hiring_firing_practices",3.9,"Egypt"
"5410","I803_labour_employer_relations",4.7,"Egypt"
"5411","I804_wage_flexibility",5.7,"Egypt"
"5412","I805_labour_market_policies",2.6,"Egypt"
"5413","I806_workers_rights",62,"Egypt"
"5414","I807_foreign_labour_hiring",4.4,"Egypt"
"5415","I808_internal_labour_mobility",4.8,"Egypt"
"5416","Sub17_Meritocracy",NA,"Egypt"
"5417","I809_reliance_on_management",4.1,"Egypt"
"5418","I810_pay_productivity",4.2,"Egypt"
"5419","I811_gender_pay_gap",0.24,"Egypt"
"5420","I812_labour_tax",28.8,"Egypt"
"5421","P9_financial_system",NA,"Egypt"
"5422","Sub18_Depth",NA,"Egypt"
"5423","I901_credit_to_private_sector",29.7,"Egypt"
"5424","I902_financing_SME",4.3,"Egypt"
"5425","I903_venture_capital",3.1,"Egypt"
"5426","I904_market_capitalization",15.5,"Egypt"
"5427","I905_insurance_premium",0.6,"Egypt"
"5428","Sub19_Stability",NA,"Egypt"
"5429","I906_banks_soundness",5.9,"Egypt"
"5430","I907_non_performing_loans",4.9,"Egypt"
"5431","I908_credit_gap",4.6,"Egypt"
"5432","I909_regulatory_capital",14.3,"Egypt"
"5433","P10_market_size",NA,"Egypt"
"5434","I1001_GDP_PPP",1152,"Egypt"
"5435","I1002_imports",36,"Egypt"
"5436","P11_dynamism",NA,"Egypt"
"5437","Sub20_Administrative_Requirements",NA,"Egypt"
"5438","I1101_starting_business_cost",40.3,"Egypt"
"5439","I1102_starting_business_time",11.5,"Egypt"
"5440","I1103_insolvency_recovery_rate",23.4,"Egypt"
"5441","I1104_insolvency_regulations",9.5,"Egypt"
"5442","Sub21_Entrepreneurial_Culture",NA,"Egypt"
"5443","I1105_risk_attitudes",3.5,"Egypt"
"5444","I1106_delegating_authority",4.1,"Egypt"
"5445","I1107_innovating_companies",4.6,"Egypt"
"5446","I1108_disruptive_ideas",3.4,"Egypt"
"5447","P12_innovation",NA,"Egypt"
"5448","Sub22_Diversity",NA,"Egypt"
"5449","I1201_workforce_diversity",5.5,"Egypt"
"5450","I1202_cluster_development",4.8,"Egypt"
"5451","I1203_international_inventions",0.08,"Egypt"
"5452","I1204_stakeholder_collaboration",3.6,"Egypt"
"5453","Sub23_Research_Development",NA,"Egypt"
"5454","I1205_scientific_publications",234.7,"Egypt"
"5455","I1206_patents",0.19,"Egypt"
"5456","I1207_RnD_expenditures",0.6,"Egypt"
"5457","I1208_research_institutions",0.05,"Egypt"
"5458","Sub24_Commercialization",NA,"Egypt"
"5459","I1209_buyer_sophistication",3.3,"Egypt"
"5460","I1210_trademarks",150.56,"Egypt"
"5461","P1_institutions",NA,"El Salvador"
"5462","Sub1_Security",NA,"El Salvador"
"5463","I101_organized_crime",1.5,"El Salvador"
"5464","I102_homicide",61.8,"El Salvador"
"5465","I103_terrorism",100,"El Salvador"
"5466","I104_police",2.5,"El Salvador"
"5467","Sub2_Social_Capital",NA,"El Salvador"
"5468","Sub2_Social_Capital",45.2,"El Salvador"
"5469","Sub3_Checks_Balances",NA,"El Salvador"
"5470","I106_transparency",45,"El Salvador"
"5471","I107_judicial_independence",3.1,"El Salvador"
"5472","I108_challenging_regulations",2.9,"El Salvador"
"5473","I09_press_freedom",29.8,"El Salvador"
"5474","Sub4_Public_Sector",NA,"El Salvador"
"5475","I110_gov_burden",2.5,"El Salvador"
"5476","I111_settling_disputes",2.6,"El Salvador"
"5477","I112_e_participation",0.65,"El Salvador"
"5478","Sub5_Transparency",NA,"El Salvador"
"5479","I113_corruption",35,"El Salvador"
"5480","I114_property_rights",NA,"El Salvador"
"5481","I114_property_rights",3.6,"El Salvador"
"5482","I115_intellectual_property_protection",3.1,"El Salvador"
"5483","I116_land_administration",14,"El Salvador"
"5484","Sub6_Corporate_Governance",NA,"El Salvador"
"5485","I117_auditing_accounting_standards",4.9,"El Salvador"
"5486","I118_interest_conflict_regulation",3.3,"El Salvador"
"5487","I119_shareholder_governance",4.3,"El Salvador"
"5488","Sub7_Government_Orientation",NA,"El Salvador"
"5489","I120_policy_stability",2.6,"El Salvador"
"5490","I121_response_to_change",2,"El Salvador"
"5491","I122_digital_business_laws",2.6,"El Salvador"
"5492","I123_gov_long_term_vision",1.5,"El Salvador"
"5493","I124_energy_regulations",18.4,"El Salvador"
"5494","I125_renewable_energy",50.4,"El Salvador"
"5495","I126_environment_treaties",18,"El Salvador"
"5496","P2_infrastructure",NA,"El Salvador"
"5497","Sub8_Transport_Infrastructure",NA,"El Salvador"
"5498","I201_road_connectivity",73.4,"El Salvador"
"5499","I202_quality_of_roads",4.2,"El Salvador"
"5500","I203_railroad_density",NA,"El Salvador"
"5501","I204_train_efficiency",NA,"El Salvador"
"5502","I205_airport_connectivity",18225.8,"El Salvador"
"5503","I206_air_transport_efficiency",4.5,"El Salvador"
"5504","I207_shipping_connectivity",9.3,"El Salvador"
"5505","I208_seaport_efficiency",3.4,"El Salvador"
"5506","Sub9_Utility_Infrastructure",NA,"El Salvador"
"5507","I209_electricity_access",96,"El Salvador"
"5508","I210_electricity_supply",12.8,"El Salvador"
"5509","I211_unsafe_drinking_water",23.6,"El Salvador"
"5510","I212_water_supply",3.5,"El Salvador"
"5511","P3_ICT_adoption",NA,"El Salvador"
"5512","I301_cellular_subscription",146.9,"El Salvador"
"5513","I302_mobile_broadband",55.8,"El Salvador"
"5514","I303_fixed_broadband",7.7,"El Salvador"
"5515","I304_fibre_internet",0.2,"El Salvador"
"5516","I305_internet_users",33.8,"El Salvador"
"5517","P4_macro_stability",NA,"El Salvador"
"5518","I401_inflation",1.1,"El Salvador"
"5519","I402_debt_dynamic",39.5,"El Salvador"
"5520","P5_health",NA,"El Salvador"
"5521","I501_healthy_life_expectancy",65,"El Salvador"
"5522","P6_skills",NA,"El Salvador"
"5523","Sub10_Workforce",NA,"El Salvador"
"5524","I601_years_of_schooling",6.9,"El Salvador"
"5525","Sub11_Workforce_Skills",NA,"El Salvador"
"5526","I602_staff_training",3.6,"El Salvador"
"5527","I603_vocational_training",3.7,"El Salvador"
"5528","I604_graduates_skillset",3.6,"El Salvador"
"5529","I605_digital_skills",3.2,"El Salvador"
"5530","I606_skilled_employees",3.8,"El Salvador"
"5531","Sub12_Future_Workforce",NA,"El Salvador"
"5532","I501_healthy_life_expectancy",11.7,"El Salvador"
"5533","Sub13_Future_Workforce_Skills",NA,"El Salvador"
"5534","I608_critical_thinking",2.6,"El Salvador"
"5535","I609_pupil_teacher_ratio",28.3,"El Salvador"
"5536","P7_product_market",NA,"El Salvador"
"5537","Sub14_Domestic_Competition",NA,"El Salvador"
"5538","I701_distortive_taxes",3,"El Salvador"
"5539","I702_market_dominance",3.2,"El Salvador"
"5540","I703_competition_services",5.2,"El Salvador"
"5541","Sub15_Trade_Openess",NA,"El Salvador"
"5542","I704_non_tariff_barriers",4.1,"El Salvador"
"5543","I705_trade_tariffs",4.45,"El Salvador"
"5544","I706_tariffs_complexity",6.4,"El Salvador"
"5545","I707_border_clearance",2.3,"El Salvador"
"5546","P8_labour_market",NA,"El Salvador"
"5547","Sub16_Flexibility",NA,"El Salvador"
"5548","I801_redundancy_costs",22.9,"El Salvador"
"5549","I802_hiring_firing_practices",3.1,"El Salvador"
"5550","I803_labour_employer_relations",4.3,"El Salvador"
"5551","I804_wage_flexibility",5.4,"El Salvador"
"5552","I805_labour_market_policies",1.8,"El Salvador"
"5553","I806_workers_rights",81,"El Salvador"
"5554","I807_foreign_labour_hiring",4.2,"El Salvador"
"5555","I808_internal_labour_mobility",5.2,"El Salvador"
"5556","Sub17_Meritocracy",NA,"El Salvador"
"5557","I809_reliance_on_management",3.8,"El Salvador"
"5558","I810_pay_productivity",3.1,"El Salvador"
"5559","I811_gender_pay_gap",0.51,"El Salvador"
"5560","I812_labour_tax",17.4,"El Salvador"
"5561","P9_financial_system",NA,"El Salvador"
"5562","Sub18_Depth",NA,"El Salvador"
"5563","I901_credit_to_private_sector",50.9,"El Salvador"
"5564","I902_financing_SME",3.7,"El Salvador"
"5565","I903_venture_capital",2.6,"El Salvador"
"5566","I904_market_capitalization",29.3,"El Salvador"
"5567","I905_insurance_premium",1.9,"El Salvador"
"5568","Sub19_Stability",NA,"El Salvador"
"5569","I906_banks_soundness",5.7,"El Salvador"
"5570","I907_non_performing_loans",1.9,"El Salvador"
"5571","I908_credit_gap",2,"El Salvador"
"5572","I909_regulatory_capital",17.1,"El Salvador"
"5573","P10_market_size",NA,"El Salvador"
"5574","I1001_GDP_PPP",47,"El Salvador"
"5575","I1002_imports",53,"El Salvador"
"5576","P11_dynamism",NA,"El Salvador"
"5577","Sub20_Administrative_Requirements",NA,"El Salvador"
"5578","I1101_starting_business_cost",45.1,"El Salvador"
"5579","I1102_starting_business_time",16.5,"El Salvador"
"5580","I1103_insolvency_recovery_rate",32.5,"El Salvador"
"5581","I1104_insolvency_regulations",9,"El Salvador"
"5582","Sub21_Entrepreneurial_Culture",NA,"El Salvador"
"5583","I1105_risk_attitudes",3.8,"El Salvador"
"5584","I1106_delegating_authority",3.9,"El Salvador"
"5585","I1107_innovating_companies",3.3,"El Salvador"
"5586","I1108_disruptive_ideas",3.1,"El Salvador"
"5587","P12_innovation",NA,"El Salvador"
"5588","Sub22_Diversity",NA,"El Salvador"
"5589","I1201_workforce_diversity",3.7,"El Salvador"
"5590","I1202_cluster_development",2.9,"El Salvador"
"5591","I1203_international_inventions",0,"El Salvador"
"5592","I1204_stakeholder_collaboration",2.9,"El Salvador"
"5593","Sub23_Research_Development",NA,"El Salvador"
"5594","I1205_scientific_publications",55.7,"El Salvador"
"5595","I1206_patents",0.05,"El Salvador"
"5596","I1207_RnD_expenditures",0.1,"El Salvador"
"5597","I1208_research_institutions",0,"El Salvador"
"5598","Sub24_Commercialization",NA,"El Salvador"
"5599","I1209_buyer_sophistication",2.9,"El Salvador"
"5600","I1210_trademarks",762.1,"El Salvador"
"5601","P1_institutions",NA,"Estonia"
"5602","Sub1_Security",NA,"Estonia"
"5603","I101_organized_crime",6.4,"Estonia"
"5604","I102_homicide",2.2,"Estonia"
"5605","I103_terrorism",100,"Estonia"
"5606","I104_police",6,"Estonia"
"5607","Sub2_Social_Capital",NA,"Estonia"
"5608","Sub2_Social_Capital",51.1,"Estonia"
"5609","Sub3_Checks_Balances",NA,"Estonia"
"5610","I106_transparency",NA,"Estonia"
"5611","I107_judicial_independence",5.4,"Estonia"
"5612","I108_challenging_regulations",4.1,"Estonia"
"5613","I09_press_freedom",12.3,"Estonia"
"5614","Sub4_Public_Sector",NA,"Estonia"
"5615","I110_gov_burden",4.1,"Estonia"
"5616","I111_settling_disputes",4.4,"Estonia"
"5617","I112_e_participation",0.91,"Estonia"
"5618","Sub5_Transparency",NA,"Estonia"
"5619","I113_corruption",73,"Estonia"
"5620","I114_property_rights",NA,"Estonia"
"5621","I114_property_rights",5.4,"Estonia"
"5622","I115_intellectual_property_protection",5.3,"Estonia"
"5623","I116_land_administration",27.5,"Estonia"
"5624","Sub6_Corporate_Governance",NA,"Estonia"
"5625","I117_auditing_accounting_standards",5.5,"Estonia"
"5626","I118_interest_conflict_regulation",5.7,"Estonia"
"5627","I119_shareholder_governance",5.7,"Estonia"
"5628","Sub7_Government_Orientation",NA,"Estonia"
"5629","I120_policy_stability",4.1,"Estonia"
"5630","I121_response_to_change",3.9,"Estonia"
"5631","I122_digital_business_laws",5.2,"Estonia"
"5632","I123_gov_long_term_vision",3.5,"Estonia"
"5633","I124_energy_regulations",NA,"Estonia"
"5634","I125_renewable_energy",NA,"Estonia"
"5635","I126_environment_treaties",27,"Estonia"
"5636","P2_infrastructure",NA,"Estonia"
"5637","Sub8_Transport_Infrastructure",NA,"Estonia"
"5638","I201_road_connectivity",87,"Estonia"
"5639","I202_quality_of_roads",4.7,"Estonia"
"5640","I203_railroad_density",23.8,"Estonia"
"5641","I204_train_efficiency",4.7,"Estonia"
"5642","I205_airport_connectivity",11321,"Estonia"
"5643","I206_air_transport_efficiency",4.6,"Estonia"
"5644","I207_shipping_connectivity",7.2,"Estonia"
"5645","I208_seaport_efficiency",5.6,"Estonia"
"5646","Sub9_Utility_Infrastructure",NA,"Estonia"
"5647","I209_electricity_access",100,"Estonia"
"5648","I210_electricity_supply",7.1,"Estonia"
"5649","I211_unsafe_drinking_water",4.6,"Estonia"
"5650","I212_water_supply",6.4,"Estonia"
"5651","P3_ICT_adoption",NA,"Estonia"
"5652","I301_cellular_subscription",145.4,"Estonia"
"5653","I302_mobile_broadband",146.7,"Estonia"
"5654","I303_fixed_broadband",33.3,"Estonia"
"5655","I304_fibre_internet",11.4,"Estonia"
"5656","I305_internet_users",89.4,"Estonia"
"5657","P4_macro_stability",NA,"Estonia"
"5658","I401_inflation",3.5,"Estonia"
"5659","I402_debt_dynamic",100,"Estonia"
"5660","P5_health",NA,"Estonia"
"5661","I501_healthy_life_expectancy",67,"Estonia"
"5662","P6_skills",NA,"Estonia"
"5663","Sub10_Workforce",NA,"Estonia"
"5664","I601_years_of_schooling",13.7,"Estonia"
"5665","Sub11_Workforce_Skills",NA,"Estonia"
"5666","I602_staff_training",4.7,"Estonia"
"5667","I603_vocational_training",4.7,"Estonia"
"5668","I604_graduates_skillset",4.7,"Estonia"
"5669","I605_digital_skills",5.4,"Estonia"
"5670","I606_skilled_employees",3.5,"Estonia"
"5671","Sub12_Future_Workforce",NA,"Estonia"
"5672","I501_healthy_life_expectancy",16.1,"Estonia"
"5673","Sub13_Future_Workforce_Skills",NA,"Estonia"
"5674","I608_critical_thinking",4.4,"Estonia"
"5675","I609_pupil_teacher_ratio",11.3,"Estonia"
"5676","P7_product_market",NA,"Estonia"
"5677","Sub14_Domestic_Competition",NA,"Estonia"
"5678","I701_distortive_taxes",4.2,"Estonia"
"5679","I702_market_dominance",4,"Estonia"
"5680","I703_competition_services",5.7,"Estonia"
"5681","Sub15_Trade_Openess",NA,"Estonia"
"5682","I704_non_tariff_barriers",5.2,"Estonia"
"5683","I705_trade_tariffs",1.12,"Estonia"
"5684","I706_tariffs_complexity",2.9,"Estonia"
"5685","I707_border_clearance",3.3,"Estonia"
"5686","P8_labour_market",NA,"Estonia"
"5687","Sub16_Flexibility",NA,"Estonia"
"5688","I801_redundancy_costs",12.9,"Estonia"
"5689","I802_hiring_firing_practices",4.6,"Estonia"
"5690","I803_labour_employer_relations",5.3,"Estonia"
"5691","I804_wage_flexibility",6.2,"Estonia"
"5692","I805_labour_market_policies",5,"Estonia"
"5693","I806_workers_rights",89,"Estonia"
"5694","I807_foreign_labour_hiring",3.3,"Estonia"
"5695","I808_internal_labour_mobility",5,"Estonia"
"5696","Sub17_Meritocracy",NA,"Estonia"
"5697","I809_reliance_on_management",5.3,"Estonia"
"5698","I810_pay_productivity",4.8,"Estonia"
"5699","I811_gender_pay_gap",0.91,"Estonia"
"5700","I812_labour_tax",38.8,"Estonia"
"5701","P9_financial_system",NA,"Estonia"
"5702","Sub18_Depth",NA,"Estonia"
"5703","I901_credit_to_private_sector",69.4,"Estonia"
"5704","I902_financing_SME",4.3,"Estonia"
"5705","I903_venture_capital",3.8,"Estonia"
"5706","I904_market_capitalization",10.2,"Estonia"
"5707","I905_insurance_premium",1.7,"Estonia"
"5708","Sub19_Stability",NA,"Estonia"
"5709","I906_banks_soundness",5.5,"Estonia"
"5710","I907_non_performing_loans",0.7,"Estonia"
"5711","I908_credit_gap",-7.9,"Estonia"
"5712","I909_regulatory_capital",29.7,"Estonia"
"5713","P10_market_size",NA,"Estonia"
"5714","I1001_GDP_PPP",40,"Estonia"
"5715","I1002_imports",81.2,"Estonia"
"5716","P11_dynamism",NA,"Estonia"
"5717","Sub20_Administrative_Requirements",NA,"Estonia"
"5718","I1101_starting_business_cost",1.1,"Estonia"
"5719","I1102_starting_business_time",3.5,"Estonia"
"5720","I1103_insolvency_recovery_rate",40.7,"Estonia"
"5721","I1104_insolvency_regulations",13,"Estonia"
"5722","Sub21_Entrepreneurial_Culture",NA,"Estonia"
"5723","I1105_risk_attitudes",4.2,"Estonia"
"5724","I1106_delegating_authority",5,"Estonia"
"5725","I1107_innovating_companies",5,"Estonia"
"5726","I1108_disruptive_ideas",4.1,"Estonia"
"5727","P12_innovation",NA,"Estonia"
"5728","Sub22_Diversity",NA,"Estonia"
"5729","I1201_workforce_diversity",3.2,"Estonia"
"5730","I1202_cluster_development",3.6,"Estonia"
"5731","I1203_international_inventions",4.9,"Estonia"
"5732","I1204_stakeholder_collaboration",4.2,"Estonia"
"5733","Sub23_Research_Development",NA,"Estonia"
"5734","I1205_scientific_publications",234.7,"Estonia"
"5735","I1206_patents",26.72,"Estonia"
"5736","I1207_RnD_expenditures",1.3,"Estonia"
"5737","I1208_research_institutions",0.01,"Estonia"
"5738","Sub24_Commercialization",NA,"Estonia"
"5739","I1209_buyer_sophistication",3.8,"Estonia"
"5740","I1210_trademarks",9773.05,"Estonia"
"5741","P1_institutions",NA,"Eswatini"
"5742","Sub1_Security",NA,"Eswatini"
"5743","I101_organized_crime",4.9,"Eswatini"
"5744","I102_homicide",9.5,"Eswatini"
"5745","I103_terrorism",100,"Eswatini"
"5746","I104_police",4.9,"Eswatini"
"5747","Sub2_Social_Capital",NA,"Eswatini"
"5748","Sub2_Social_Capital",49.6,"Eswatini"
"5749","Sub3_Checks_Balances",NA,"Eswatini"
"5750","I106_transparency",3,"Eswatini"
"5751","I107_judicial_independence",3.8,"Eswatini"
"5752","I108_challenging_regulations",3.3,"Eswatini"
"5753","I09_press_freedom",49.1,"Eswatini"
"5754","Sub4_Public_Sector",NA,"Eswatini"
"5755","I110_gov_burden",3.4,"Eswatini"
"5756","I111_settling_disputes",3.5,"Eswatini"
"5757","I112_e_participation",0.33,"Eswatini"
"5758","Sub5_Transparency",NA,"Eswatini"
"5759","I113_corruption",38,"Eswatini"
"5760","I114_property_rights",NA,"Eswatini"
"5761","I114_property_rights",4.6,"Eswatini"
"5762","I115_intellectual_property_protection",3.5,"Eswatini"
"5763","I116_land_administration",17.5,"Eswatini"
"5764","Sub6_Corporate_Governance",NA,"Eswatini"
"5765","I117_auditing_accounting_standards",4.8,"Eswatini"
"5766","I118_interest_conflict_regulation",4.3,"Eswatini"
"5767","I119_shareholder_governance",4,"Eswatini"
"5768","Sub7_Government_Orientation",NA,"Eswatini"
"5769","I120_policy_stability",3.8,"Eswatini"
"5770","I121_response_to_change",3.3,"Eswatini"
"5771","I122_digital_business_laws",2.4,"Eswatini"
"5772","I123_gov_long_term_vision",4.3,"Eswatini"
"5773","I124_energy_regulations",NA,"Eswatini"
"5774","I125_renewable_energy",NA,"Eswatini"
"5775","I126_environment_treaties",21,"Eswatini"
"5776","P2_infrastructure",NA,"Eswatini"
"5777","Sub8_Transport_Infrastructure",NA,"Eswatini"
"5778","I201_road_connectivity",64.5,"Eswatini"
"5779","I202_quality_of_roads",4,"Eswatini"
"5780","I203_railroad_density",17.4,"Eswatini"
"5781","I204_train_efficiency",3.1,"Eswatini"
"5782","I205_airport_connectivity",188.7,"Eswatini"
"5783","I206_air_transport_efficiency",3.8,"Eswatini"
"5784","I207_shipping_connectivity",NA,"Eswatini"
"5785","I208_seaport_efficiency",3.4,"Eswatini"
"5786","Sub9_Utility_Infrastructure",NA,"Eswatini"
"5787","I209_electricity_access",75.4,"Eswatini"
"5788","I210_electricity_supply",NA,"Eswatini"
"5789","I211_unsafe_drinking_water",58.9,"Eswatini"
"5790","I212_water_supply",4.5,"Eswatini"
"5791","P3_ICT_adoption",NA,"Eswatini"
"5792","I301_cellular_subscription",93.5,"Eswatini"
"5793","I302_mobile_broadband",15.9,"Eswatini"
"5794","I303_fixed_broadband",0.7,"Eswatini"
"5795","I304_fibre_internet",NA,"Eswatini"
"5796","I305_internet_users",47,"Eswatini"
"5797","P4_macro_stability",NA,"Eswatini"
"5798","I401_inflation",5.5,"Eswatini"
"5799","I402_debt_dynamic",46.9,"Eswatini"
"5800","P5_health",NA,"Eswatini"
"5801","I501_healthy_life_expectancy",51.3,"Eswatini"
"5802","P6_skills",NA,"Eswatini"
"5803","Sub10_Workforce",NA,"Eswatini"
"5804","I601_years_of_schooling",8.8,"Eswatini"
"5805","Sub11_Workforce_Skills",NA,"Eswatini"
"5806","I602_staff_training",4.1,"Eswatini"
"5807","I603_vocational_training",3.4,"Eswatini"
"5808","I604_graduates_skillset",3.5,"Eswatini"
"5809","I605_digital_skills",3.5,"Eswatini"
"5810","I606_skilled_employees",4,"Eswatini"
"5811","Sub12_Future_Workforce",NA,"Eswatini"
"5812","I501_healthy_life_expectancy",11.2,"Eswatini"
"5813","Sub13_Future_Workforce_Skills",NA,"Eswatini"
"5814","I608_critical_thinking",3,"Eswatini"
"5815","I609_pupil_teacher_ratio",27.3,"Eswatini"
"5816","P7_product_market",NA,"Eswatini"
"5817","Sub14_Domestic_Competition",NA,"Eswatini"
"5818","I701_distortive_taxes",4.1,"Eswatini"
"5819","I702_market_dominance",2.9,"Eswatini"
"5820","I703_competition_services",4.6,"Eswatini"
"5821","Sub15_Trade_Openess",NA,"Eswatini"
"5822","I704_non_tariff_barriers",4.5,"Eswatini"
"5823","I705_trade_tariffs",6.52,"Eswatini"
"5824","I706_tariffs_complexity",4.9,"Eswatini"
"5825","I707_border_clearance",NA,"Eswatini"
"5826","P8_labour_market",NA,"Eswatini"
"5827","Sub16_Flexibility",NA,"Eswatini"
"5828","I801_redundancy_costs",14.6,"Eswatini"
"5829","I802_hiring_firing_practices",3.5,"Eswatini"
"5830","I803_labour_employer_relations",4.1,"Eswatini"
"5831","I804_wage_flexibility",4.5,"Eswatini"
"5832","I805_labour_market_policies",2.3,"Eswatini"
"5833","I806_workers_rights",64,"Eswatini"
"5834","I807_foreign_labour_hiring",3.3,"Eswatini"
"5835","I808_internal_labour_mobility",4.4,"Eswatini"
"5836","Sub17_Meritocracy",NA,"Eswatini"
"5837","I809_reliance_on_management",4.7,"Eswatini"
"5838","I810_pay_productivity",3.6,"Eswatini"
"5839","I811_gender_pay_gap",0.52,"Eswatini"
"5840","I812_labour_tax",6.4,"Eswatini"
"5841","P9_financial_system",NA,"Eswatini"
"5842","Sub18_Depth",NA,"Eswatini"
"5843","I901_credit_to_private_sector",20.8,"Eswatini"
"5844","I902_financing_SME",3.4,"Eswatini"
"5845","I903_venture_capital",2.5,"Eswatini"
"5846","I904_market_capitalization",0,"Eswatini"
"5847","I905_insurance_premium",2.7,"Eswatini"
"5848","Sub19_Stability",NA,"Eswatini"
"5849","I906_banks_soundness",5.1,"Eswatini"
"5850","I907_non_performing_loans",7.9,"Eswatini"
"5851","I908_credit_gap",-2.1,"Eswatini"
"5852","I909_regulatory_capital",22.6,"Eswatini"
"5853","P10_market_size",NA,"Eswatini"
"5854","I1001_GDP_PPP",11,"Eswatini"
"5855","I1002_imports",45.3,"Eswatini"
"5856","P11_dynamism",NA,"Eswatini"
"5857","Sub20_Administrative_Requirements",NA,"Eswatini"
"5858","I1101_starting_business_cost",14.8,"Eswatini"
"5859","I1102_starting_business_time",30,"Eswatini"
"5860","I1103_insolvency_recovery_rate",NA,"Eswatini"
"5861","I1104_insolvency_regulations",6,"Eswatini"
"5862","Sub21_Entrepreneurial_Culture",NA,"Eswatini"
"5863","I1105_risk_attitudes",3.8,"Eswatini"
"5864","I1106_delegating_authority",4.5,"Eswatini"
"5865","I1107_innovating_companies",3.4,"Eswatini"
"5866","I1108_disruptive_ideas",3.3,"Eswatini"
"5867","P12_innovation",NA,"Eswatini"
"5868","Sub22_Diversity",NA,"Eswatini"
"5869","I1201_workforce_diversity",4.3,"Eswatini"
"5870","I1202_cluster_development",3.5,"Eswatini"
"5871","I1203_international_inventions",0.15,"Eswatini"
"5872","I1204_stakeholder_collaboration",3.2,"Eswatini"
"5873","Sub23_Research_Development",NA,"Eswatini"
"5874","I1205_scientific_publications",55,"Eswatini"
"5875","I1206_patents",0.15,"Eswatini"
"5876","I1207_RnD_expenditures",0.3,"Eswatini"
"5877","I1208_research_institutions",0,"Eswatini"
"5878","Sub24_Commercialization",NA,"Eswatini"
"5879","I1209_buyer_sophistication",3.1,"Eswatini"
"5880","I1210_trademarks",0,"Eswatini"
"5881","P1_institutions",NA,"Ethiopia"
"5882","Sub1_Security",NA,"Ethiopia"
"5883","I101_organized_crime",3.4,"Ethiopia"
"5884","I102_homicide",8.4,"Ethiopia"
"5885","I103_terrorism",94.9,"Ethiopia"
"5886","I104_police",3.4,"Ethiopia"
"5887","Sub2_Social_Capital",NA,"Ethiopia"
"5888","Sub2_Social_Capital",45.1,"Ethiopia"
"5889","Sub3_Checks_Balances",NA,"Ethiopia"
"5890","I106_transparency",NA,"Ethiopia"
"5891","I107_judicial_independence",3.2,"Ethiopia"
"5892","I108_challenging_regulations",3.5,"Ethiopia"
"5893","I09_press_freedom",35.1,"Ethiopia"
"5894","Sub4_Public_Sector",NA,"Ethiopia"
"5895","I110_gov_burden",3.2,"Ethiopia"
"5896","I111_settling_disputes",3.5,"Ethiopia"
"5897","I112_e_participation",0.57,"Ethiopia"
"5898","Sub5_Transparency",NA,"Ethiopia"
"5899","I113_corruption",34,"Ethiopia"
"5900","I114_property_rights",NA,"Ethiopia"
"5901","I114_property_rights",3.3,"Ethiopia"
"5902","I115_intellectual_property_protection",3.1,"Ethiopia"
"5903","I116_land_administration",6,"Ethiopia"
"5904","Sub6_Corporate_Governance",NA,"Ethiopia"
"5905","I117_auditing_accounting_standards",3.5,"Ethiopia"
"5906","I118_interest_conflict_regulation",1.7,"Ethiopia"
"5907","I119_shareholder_governance",4,"Ethiopia"
"5908","Sub7_Government_Orientation",NA,"Ethiopia"
"5909","I120_policy_stability",3.1,"Ethiopia"
"5910","I121_response_to_change",3.5,"Ethiopia"
"5911","I122_digital_business_laws",3,"Ethiopia"
"5912","I123_gov_long_term_vision",4.1,"Ethiopia"
"5913","I124_energy_regulations",26.7,"Ethiopia"
"5914","I125_renewable_energy",40.6,"Ethiopia"
"5915","I126_environment_treaties",16,"Ethiopia"
"5916","P2_infrastructure",NA,"Ethiopia"
"5917","Sub8_Transport_Infrastructure",NA,"Ethiopia"
"5918","I201_road_connectivity",53.3,"Ethiopia"
"5919","I202_quality_of_roads",3,"Ethiopia"
"5920","I203_railroad_density",0.7,"Ethiopia"
"5921","I204_train_efficiency",3,"Ethiopia"
"5922","I205_airport_connectivity",42696.8,"Ethiopia"
"5923","I206_air_transport_efficiency",3.3,"Ethiopia"
"5924","I207_shipping_connectivity",NA,"Ethiopia"
"5925","I208_seaport_efficiency",2.8,"Ethiopia"
"5926","Sub9_Utility_Infrastructure",NA,"Ethiopia"
"5927","I209_electricity_access",44.8,"Ethiopia"
"5928","I210_electricity_supply",17.3,"Ethiopia"
"5929","I211_unsafe_drinking_water",69.8,"Ethiopia"
"5930","I212_water_supply",3.8,"Ethiopia"
"5931","P3_ICT_adoption",NA,"Ethiopia"
"5932","I301_cellular_subscription",37.2,"Ethiopia"
"5933","I302_mobile_broadband",13.9,"Ethiopia"
"5934","I303_fixed_broadband",0.1,"Ethiopia"
"5935","I304_fibre_internet",0,"Ethiopia"
"5936","I305_internet_users",18.6,"Ethiopia"
"5937","P4_macro_stability",NA,"Ethiopia"
"5938","I401_inflation",12.3,"Ethiopia"
"5939","I402_debt_dynamic",50,"Ethiopia"
"5940","P5_health",NA,"Ethiopia"
"5941","I501_healthy_life_expectancy",59.5,"Ethiopia"
"5942","P6_skills",NA,"Ethiopia"
"5943","Sub10_Workforce",NA,"Ethiopia"
"5944","I601_years_of_schooling",2.9,"Ethiopia"
"5945","Sub11_Workforce_Skills",NA,"Ethiopia"
"5946","I602_staff_training",3.7,"Ethiopia"
"5947","I603_vocational_training",3.4,"Ethiopia"
"5948","I604_graduates_skillset",3.2,"Ethiopia"
"5949","I605_digital_skills",3.8,"Ethiopia"
"5950","I606_skilled_employees",3.6,"Ethiopia"
"5951","Sub12_Future_Workforce",NA,"Ethiopia"
"5952","I501_healthy_life_expectancy",8.4,"Ethiopia"
"5953","Sub13_Future_Workforce_Skills",NA,"Ethiopia"
"5954","I608_critical_thinking",3.6,"Ethiopia"
"5955","I609_pupil_teacher_ratio",55.1,"Ethiopia"
"5956","P7_product_market",NA,"Ethiopia"
"5957","Sub14_Domestic_Competition",NA,"Ethiopia"
"5958","I701_distortive_taxes",3.4,"Ethiopia"
"5959","I702_market_dominance",3.1,"Ethiopia"
"5960","I703_competition_services",2.7,"Ethiopia"
"5961","Sub15_Trade_Openess",NA,"Ethiopia"
"5962","I704_non_tariff_barriers",3.6,"Ethiopia"
"5963","I705_trade_tariffs",13.16,"Ethiopia"
"5964","I706_tariffs_complexity",6.5,"Ethiopia"
"5965","I707_border_clearance",2.6,"Ethiopia"
"5966","P8_labour_market",NA,"Ethiopia"
"5967","Sub16_Flexibility",NA,"Ethiopia"
"5968","I801_redundancy_costs",19.2,"Ethiopia"
"5969","I802_hiring_firing_practices",3.5,"Ethiopia"
"5970","I803_labour_employer_relations",3.4,"Ethiopia"
"5971","I804_wage_flexibility",3.2,"Ethiopia"
"5972","I805_labour_market_policies",2.9,"Ethiopia"
"5973","I806_workers_rights",69,"Ethiopia"
"5974","I807_foreign_labour_hiring",3.5,"Ethiopia"
"5975","I808_internal_labour_mobility",3.2,"Ethiopia"
"5976","Sub17_Meritocracy",NA,"Ethiopia"
"5977","I809_reliance_on_management",3.2,"Ethiopia"
"5978","I810_pay_productivity",3.5,"Ethiopia"
"5979","I811_gender_pay_gap",0.56,"Ethiopia"
"5980","I812_labour_tax",12.4,"Ethiopia"
"5981","P9_financial_system",NA,"Ethiopia"
"5982","Sub18_Depth",NA,"Ethiopia"
"5983","I901_credit_to_private_sector",29,"Ethiopia"
"5984","I902_financing_SME",3.3,"Ethiopia"
"5985","I903_venture_capital",3.3,"Ethiopia"
"5986","I904_market_capitalization",0,"Ethiopia"
"5987","I905_insurance_premium",0.4,"Ethiopia"
"5988","Sub19_Stability",NA,"Ethiopia"
"5989","I906_banks_soundness",3.7,"Ethiopia"
"5990","I907_non_performing_loans",2.6,"Ethiopia"
"5991","I908_credit_gap",2.2,"Ethiopia"
"5992","I909_regulatory_capital",17.5,"Ethiopia"
"5993","P10_market_size",NA,"Ethiopia"
"5994","I1001_GDP_PPP",195,"Ethiopia"
"5995","I1002_imports",27.3,"Ethiopia"
"5996","P11_dynamism",NA,"Ethiopia"
"5997","Sub20_Administrative_Requirements",NA,"Ethiopia"
"5998","I1101_starting_business_cost",52.7,"Ethiopia"
"5999","I1102_starting_business_time",32,"Ethiopia"
"6000","I1103_insolvency_recovery_rate",27.7,"Ethiopia"
"6001","I1104_insolvency_regulations",5,"Ethiopia"
"6002","Sub21_Entrepreneurial_Culture",NA,"Ethiopia"
"6003","I1105_risk_attitudes",3.5,"Ethiopia"
"6004","I1106_delegating_authority",3.3,"Ethiopia"
"6005","I1107_innovating_companies",3.4,"Ethiopia"
"6006","I1108_disruptive_ideas",3.4,"Ethiopia"
"6007","P12_innovation",NA,"Ethiopia"
"6008","Sub22_Diversity",NA,"Ethiopia"
"6009","I1201_workforce_diversity",3.9,"Ethiopia"
"6010","I1202_cluster_development",3.3,"Ethiopia"
"6011","I1203_international_inventions",0.02,"Ethiopia"
"6012","I1204_stakeholder_collaboration",3.3,"Ethiopia"
"6013","Sub23_Research_Development",NA,"Ethiopia"
"6014","I1205_scientific_publications",125.3,"Ethiopia"
"6015","I1206_patents",0.02,"Ethiopia"
"6016","I1207_RnD_expenditures",0.6,"Ethiopia"
"6017","I1208_research_institutions",0.01,"Ethiopia"
"6018","Sub24_Commercialization",NA,"Ethiopia"
"6019","I1209_buyer_sophistication",4.8,"Ethiopia"
"6020","I1210_trademarks",0,"Ethiopia"
"6021","P1_institutions",NA,"Finland"
"6022","Sub1_Security",NA,"Finland"
"6023","I101_organized_crime",6.8,"Finland"
"6024","I102_homicide",1.2,"Finland"
"6025","I103_terrorism",99.6,"Finland"
"6026","I104_police",6.7,"Finland"
"6027","Sub2_Social_Capital",NA,"Finland"
"6028","Sub2_Social_Capital",62.2,"Finland"
"6029","Sub3_Checks_Balances",NA,"Finland"
"6030","I106_transparency",NA,"Finland"
"6031","I107_judicial_independence",6.6,"Finland"
"6032","I108_challenging_regulations",5.7,"Finland"
"6033","I09_press_freedom",7.9,"Finland"
"6034","Sub4_Public_Sector",NA,"Finland"
"6035","I110_gov_burden",4.9,"Finland"
"6036","I111_settling_disputes",6,"Finland"
"6037","I112_e_participation",1,"Finland"
"6038","Sub5_Transparency",NA,"Finland"
"6039","I113_corruption",85,"Finland"
"6040","I114_property_rights",NA,"Finland"
"6041","I114_property_rights",6.6,"Finland"
"6042","I115_intellectual_property_protection",6.5,"Finland"
"6043","I116_land_administration",26.5,"Finland"
"6044","Sub6_Corporate_Governance",NA,"Finland"
"6045","I117_auditing_accounting_standards",6.5,"Finland"
"6046","I118_interest_conflict_regulation",6,"Finland"
"6047","I119_shareholder_governance",5.7,"Finland"
"6048","Sub7_Government_Orientation",NA,"Finland"
"6049","I120_policy_stability",5.9,"Finland"
"6050","I121_response_to_change",5.2,"Finland"
"6051","I122_digital_business_laws",5.1,"Finland"
"6052","I123_gov_long_term_vision",5.1,"Finland"
"6053","I124_energy_regulations",73.2,"Finland"
"6054","I125_renewable_energy",70.6,"Finland"
"6055","I126_environment_treaties",29,"Finland"
"6056","P2_infrastructure",NA,"Finland"
"6057","Sub8_Transport_Infrastructure",NA,"Finland"
"6058","I201_road_connectivity",91.6,"Finland"
"6059","I202_quality_of_roads",5.3,"Finland"
"6060","I203_railroad_density",19.5,"Finland"
"6061","I204_train_efficiency",5.5,"Finland"
"6062","I205_airport_connectivity",82578.9,"Finland"
"6063","I206_air_transport_efficiency",6.3,"Finland"
"6064","I207_shipping_connectivity",13.4,"Finland"
"6065","I208_seaport_efficiency",6.4,"Finland"
"6066","Sub9_Utility_Infrastructure",NA,"Finland"
"6067","I209_electricity_access",100,"Finland"
"6068","I210_electricity_supply",3.1,"Finland"
"6069","I211_unsafe_drinking_water",0.2,"Finland"
"6070","I212_water_supply",6.9,"Finland"
"6071","P3_ICT_adoption",NA,"Finland"
"6072","I301_cellular_subscription",132.2,"Finland"
"6073","I302_mobile_broadband",156.4,"Finland"
"6074","I303_fixed_broadband",31.5,"Finland"
"6075","I304_fibre_internet",14.2,"Finland"
"6076","I305_internet_users",88.9,"Finland"
"6077","P4_macro_stability",NA,"Finland"
"6078","I401_inflation",1,"Finland"
"6079","I402_debt_dynamic",100,"Finland"
"6080","P5_health",NA,"Finland"
"6081","I501_healthy_life_expectancy",69.8,"Finland"
"6082","P6_skills",NA,"Finland"
"6083","Sub10_Workforce",NA,"Finland"
"6084","I601_years_of_schooling",12.4,"Finland"
"6085","Sub11_Workforce_Skills",NA,"Finland"
"6086","I602_staff_training",5.5,"Finland"
"6087","I603_vocational_training",5.6,"Finland"
"6088","I604_graduates_skillset",5.6,"Finland"
"6089","I605_digital_skills",5.8,"Finland"
"6090","I606_skilled_employees",5.2,"Finland"
"6091","Sub12_Future_Workforce",NA,"Finland"
"6092","I501_healthy_life_expectancy",19.3,"Finland"
"6093","Sub13_Future_Workforce_Skills",NA,"Finland"
"6094","I608_critical_thinking",5.6,"Finland"
"6095","I609_pupil_teacher_ratio",13.3,"Finland"
"6096","P7_product_market",NA,"Finland"
"6097","Sub14_Domestic_Competition",NA,"Finland"
"6098","I701_distortive_taxes",5,"Finland"
"6099","I702_market_dominance",4.2,"Finland"
"6100","I703_competition_services",5.4,"Finland"
"6101","Sub15_Trade_Openess",NA,"Finland"
"6102","I704_non_tariff_barriers",5.8,"Finland"
"6103","I705_trade_tariffs",1.12,"Finland"
"6104","I706_tariffs_complexity",2.9,"Finland"
"6105","I707_border_clearance",3.8,"Finland"
"6106","P8_labour_market",NA,"Finland"
"6107","Sub16_Flexibility",NA,"Finland"
"6108","I801_redundancy_costs",10.1,"Finland"
"6109","I802_hiring_firing_practices",3.6,"Finland"
"6110","I803_labour_employer_relations",5.3,"Finland"
"6111","I804_wage_flexibility",2.7,"Finland"
"6112","I805_labour_market_policies",5.2,"Finland"
"6113","I806_workers_rights",97,"Finland"
"6114","I807_foreign_labour_hiring",3.9,"Finland"
"6115","I808_internal_labour_mobility",4,"Finland"
"6116","Sub17_Meritocracy",NA,"Finland"
"6117","I809_reliance_on_management",6.2,"Finland"
"6118","I810_pay_productivity",4.7,"Finland"
"6119","I811_gender_pay_gap",0.99,"Finland"
"6120","I812_labour_tax",23.9,"Finland"
"6121","P9_financial_system",NA,"Finland"
"6122","Sub18_Depth",NA,"Finland"
"6123","I901_credit_to_private_sector",94.8,"Finland"
"6124","I902_financing_SME",5.5,"Finland"
"6125","I903_venture_capital",5.1,"Finland"
"6126","I904_market_capitalization",95.2,"Finland"
"6127","I905_insurance_premium",4.5,"Finland"
"6128","Sub19_Stability",NA,"Finland"
"6129","I906_banks_soundness",6.7,"Finland"
"6130","I907_non_performing_loans",1.7,"Finland"
"6131","I908_credit_gap",-6.8,"Finland"
"6132","I909_regulatory_capital",22.6,"Finland"
"6133","P10_market_size",NA,"Finland"
"6134","I1001_GDP_PPP",228,"Finland"
"6135","I1002_imports",41.4,"Finland"
"6136","P11_dynamism",NA,"Finland"
"6137","Sub20_Administrative_Requirements",NA,"Finland"
"6138","I1101_starting_business_cost",0.8,"Finland"
"6139","I1102_starting_business_time",17,"Finland"
"6140","I1103_insolvency_recovery_rate",88.3,"Finland"
"6141","I1104_insolvency_regulations",14.5,"Finland"
"6142","Sub21_Entrepreneurial_Culture",NA,"Finland"
"6143","I1105_risk_attitudes",4.1,"Finland"
"6144","I1106_delegating_authority",5.8,"Finland"
"6145","I1107_innovating_companies",4.9,"Finland"
"6146","I1108_disruptive_ideas",4.6,"Finland"
"6147","P12_innovation",NA,"Finland"
"6148","Sub22_Diversity",NA,"Finland"
"6149","I1201_workforce_diversity",4.6,"Finland"
"6150","I1202_cluster_development",4.8,"Finland"
"6151","I1203_international_inventions",24.35,"Finland"
"6152","I1204_stakeholder_collaboration",5.3,"Finland"
"6153","Sub23_Research_Development",NA,"Finland"
"6154","I1205_scientific_publications",571,"Finland"
"6155","I1206_patents",255.31,"Finland"
"6156","I1207_RnD_expenditures",2.7,"Finland"
"6157","I1208_research_institutions",0.06,"Finland"
"6158","Sub24_Commercialization",NA,"Finland"
"6159","I1209_buyer_sophistication",4.7,"Finland"
"6160","I1210_trademarks",9264.79,"Finland"
"6161","P1_institutions",NA,"France"
"6162","Sub1_Security",NA,"France"
"6163","I101_organized_crime",4.8,"France"
"6164","I102_homicide",1.3,"France"
"6165","I103_terrorism",92.5,"France"
"6166","I104_police",5.3,"France"
"6167","Sub2_Social_Capital",NA,"France"
"6168","Sub2_Social_Capital",56.1,"France"
"6169","Sub3_Checks_Balances",NA,"France"
"6170","I106_transparency",74,"France"
"6171","I107_judicial_independence",4.9,"France"
"6172","I108_challenging_regulations",4.4,"France"
"6173","I09_press_freedom",22.2,"France"
"6174","Sub4_Public_Sector",NA,"France"
"6175","I110_gov_burden",3.6,"France"
"6176","I111_settling_disputes",4.6,"France"
"6177","I112_e_participation",0.97,"France"
"6178","Sub5_Transparency",NA,"France"
"6179","I113_corruption",72,"France"
"6180","I114_property_rights",NA,"France"
"6181","I114_property_rights",5.2,"France"
"6182","I115_intellectual_property_protection",5.7,"France"
"6183","I116_land_administration",24,"France"
"6184","Sub6_Corporate_Governance",NA,"France"
"6185","I117_auditing_accounting_standards",5.4,"France"
"6186","I118_interest_conflict_regulation",5.7,"France"
"6187","I119_shareholder_governance",7.7,"France"
"6188","Sub7_Government_Orientation",NA,"France"
"6189","I120_policy_stability",4.7,"France"
"6190","I121_response_to_change",4.4,"France"
"6191","I122_digital_business_laws",4,"France"
"6192","I123_gov_long_term_vision",4.5,"France"
"6193","I124_energy_regulations",72.4,"France"
"6194","I125_renewable_energy",86.3,"France"
"6195","I126_environment_treaties",28,"France"
"6196","P2_infrastructure",NA,"France"
"6197","Sub8_Transport_Infrastructure",NA,"France"
"6198","I201_road_connectivity",96.6,"France"
"6199","I202_quality_of_roads",5.4,"France"
"6200","I203_railroad_density",53.4,"France"
"6201","I204_train_efficiency",5,"France"
"6202","I205_airport_connectivity",580887.8,"France"
"6203","I206_air_transport_efficiency",5.5,"France"
"6204","I207_shipping_connectivity",84,"France"
"6205","I208_seaport_efficiency",5.2,"France"
"6206","Sub9_Utility_Infrastructure",NA,"France"
"6207","I209_electricity_access",100,"France"
"6208","I210_electricity_supply",7.1,"France"
"6209","I211_unsafe_drinking_water",0.5,"France"
"6210","I212_water_supply",6.5,"France"
"6211","P3_ICT_adoption",NA,"France"
"6212","I301_cellular_subscription",108.4,"France"
"6213","I302_mobile_broadband",91.6,"France"
"6214","I303_fixed_broadband",44.8,"France"
"6215","I304_fibre_internet",5,"France"
"6216","I305_internet_users",82,"France"
"6217","P4_macro_stability",NA,"France"
"6218","I401_inflation",1.6,"France"
"6219","I402_debt_dynamic",99.7,"France"
"6220","P5_health",NA,"France"
"6221","I501_healthy_life_expectancy",71.7,"France"
"6222","P6_skills",NA,"France"
"6223","Sub10_Workforce",NA,"France"
"6224","I601_years_of_schooling",11.4,"France"
"6225","Sub11_Workforce_Skills",NA,"France"
"6226","I602_staff_training",4.8,"France"
"6227","I603_vocational_training",4.7,"France"
"6228","I604_graduates_skillset",4.7,"France"
"6229","I605_digital_skills",4.5,"France"
"6230","I606_skilled_employees",4.6,"France"
"6231","Sub12_Future_Workforce",NA,"France"
"6232","I501_healthy_life_expectancy",15.5,"France"
"6233","Sub13_Future_Workforce_Skills",NA,"France"
"6234","I608_critical_thinking",4.1,"France"
"6235","I609_pupil_teacher_ratio",18.2,"France"
"6236","P7_product_market",NA,"France"
"6237","Sub14_Domestic_Competition",NA,"France"
"6238","I701_distortive_taxes",4.5,"France"
"6239","I702_market_dominance",4.6,"France"
"6240","I703_competition_services",5.2,"France"
"6241","Sub15_Trade_Openess",NA,"France"
"6242","I704_non_tariff_barriers",4.6,"France"
"6243","I705_trade_tariffs",1.12,"France"
"6244","I706_tariffs_complexity",2.9,"France"
"6245","I707_border_clearance",3.6,"France"
"6246","P8_labour_market",NA,"France"
"6247","Sub16_Flexibility",NA,"France"
"6248","I801_redundancy_costs",13,"France"
"6249","I802_hiring_firing_practices",3.7,"France"
"6250","I803_labour_employer_relations",4.2,"France"
"6251","I804_wage_flexibility",5,"France"
"6252","I805_labour_market_policies",4.5,"France"
"6253","I806_workers_rights",91,"France"
"6254","I807_foreign_labour_hiring",4.3,"France"
"6255","I808_internal_labour_mobility",4.2,"France"
"6256","Sub17_Meritocracy",NA,"France"
"6257","I809_reliance_on_management",5.1,"France"
"6258","I810_pay_productivity",4.1,"France"
"6259","I811_gender_pay_gap",0.91,"France"
"6260","I812_labour_tax",49.7,"France"
"6261","P9_financial_system",NA,"France"
"6262","Sub18_Depth",NA,"France"
"6263","I901_credit_to_private_sector",98.1,"France"
"6264","I902_financing_SME",4.3,"France"
"6265","I903_venture_capital",4.2,"France"
"6266","I904_market_capitalization",93.2,"France"
"6267","I905_insurance_premium",8,"France"
"6268","Sub19_Stability",NA,"France"
"6269","I906_banks_soundness",5.6,"France"
"6270","I907_non_performing_loans",3.1,"France"
"6271","I908_credit_gap",-0.2,"France"
"6272","I909_regulatory_capital",17.9,"France"
"6273","P10_market_size",NA,"France"
"6274","I1001_GDP_PPP",2634,"France"
"6275","I1002_imports",33.5,"France"
"6276","P11_dynamism",NA,"France"
"6277","Sub20_Administrative_Requirements",NA,"France"
"6278","I1101_starting_business_cost",0.7,"France"
"6279","I1102_starting_business_time",3.5,"France"
"6280","I1103_insolvency_recovery_rate",73.8,"France"
"6281","I1104_insolvency_regulations",11,"France"
"6282","Sub21_Entrepreneurial_Culture",NA,"France"
"6283","I1105_risk_attitudes",4.2,"France"
"6284","I1106_delegating_authority",4.7,"France"
"6285","I1107_innovating_companies",4.6,"France"
"6286","I1108_disruptive_ideas",4.1,"France"
"6287","P12_innovation",NA,"France"
"6288","Sub22_Diversity",NA,"France"
"6289","I1201_workforce_diversity",4.5,"France"
"6290","I1202_cluster_development",4.7,"France"
"6291","I1203_international_inventions",11.44,"France"
"6292","I1204_stakeholder_collaboration",4.5,"France"
"6293","Sub23_Research_Development",NA,"France"
"6294","I1205_scientific_publications",1027.7,"France"
"6295","I1206_patents",145.94,"France"
"6296","I1207_RnD_expenditures",2.2,"France"
"6297","I1208_research_institutions",1.23,"France"
"6298","Sub24_Commercialization",NA,"France"
"6299","I1209_buyer_sophistication",4.3,"France"
"6300","I1210_trademarks",5700.88,"France"
"6301","P1_institutions",NA,"Gabon"
"6302","Sub1_Security",NA,"Gabon"
"6303","I101_organized_crime",3.5,"Gabon"
"6304","I102_homicide",10.2,"Gabon"
"6305","I103_terrorism",99.8,"Gabon"
"6306","I104_police",2.7,"Gabon"
"6307","Sub2_Social_Capital",NA,"Gabon"
"6308","Sub2_Social_Capital",43.5,"Gabon"
"6309","Sub3_Checks_Balances",NA,"Gabon"
"6310","I106_transparency",NA,"Gabon"
"6311","I107_judicial_independence",2.7,"Gabon"
"6312","I108_challenging_regulations",2.7,"Gabon"
"6313","I09_press_freedom",35.6,"Gabon"
"6314","Sub4_Public_Sector",NA,"Gabon"
"6315","I110_gov_burden",3.1,"Gabon"
"6316","I111_settling_disputes",3.1,"Gabon"
"6317","I112_e_participation",0.17,"Gabon"
"6318","Sub5_Transparency",NA,"Gabon"
"6319","I113_corruption",31,"Gabon"
"6320","I114_property_rights",NA,"Gabon"
"6321","I114_property_rights",3.5,"Gabon"
"6322","I115_intellectual_property_protection",3.3,"Gabon"
"6323","I116_land_administration",4.5,"Gabon"
"6324","Sub6_Corporate_Governance",NA,"Gabon"
"6325","I117_auditing_accounting_standards",3.5,"Gabon"
"6326","I118_interest_conflict_regulation",4,"Gabon"
"6327","I119_shareholder_governance",3.7,"Gabon"
"6328","Sub7_Government_Orientation",NA,"Gabon"
"6329","I120_policy_stability",3.3,"Gabon"
"6330","I121_response_to_change",2.8,"Gabon"
"6331","I122_digital_business_laws",NA,"Gabon"
"6332","I123_gov_long_term_vision",NA,"Gabon"
"6333","I124_energy_regulations",NA,"Gabon"
"6334","I125_renewable_energy",NA,"Gabon"
"6335","I126_environment_treaties",25,"Gabon"
"6336","P2_infrastructure",NA,"Gabon"
"6337","Sub8_Transport_Infrastructure",NA,"Gabon"
"6338","I201_road_connectivity",37.2,"Gabon"
"6339","I202_quality_of_roads",2.5,"Gabon"
"6340","I203_railroad_density",3.1,"Gabon"
"6341","I204_train_efficiency",2.6,"Gabon"
"6342","I205_airport_connectivity",2080.5,"Gabon"
"6343","I206_air_transport_efficiency",3.4,"Gabon"
"6344","I207_shipping_connectivity",11.4,"Gabon"
"6345","I208_seaport_efficiency",3.3,"Gabon"
"6346","Sub9_Utility_Infrastructure",NA,"Gabon"
"6347","I209_electricity_access",90.7,"Gabon"
"6348","I210_electricity_supply",19.3,"Gabon"
"6349","I211_unsafe_drinking_water",34.5,"Gabon"
"6350","I212_water_supply",2.5,"Gabon"
"6351","P3_ICT_adoption",NA,"Gabon"
"6352","I301_cellular_subscription",138.3,"Gabon"
"6353","I302_mobile_broadband",91.8,"Gabon"
"6354","I303_fixed_broadband",1.4,"Gabon"
"6355","I304_fibre_internet",0.1,"Gabon"
"6356","I305_internet_users",62,"Gabon"
"6357","P4_macro_stability",NA,"Gabon"
"6358","I401_inflation",3.7,"Gabon"
"6359","I402_debt_dynamic",49.9,"Gabon"
"6360","P5_health",NA,"Gabon"
"6361","I501_healthy_life_expectancy",58.7,"Gabon"
"6362","P6_skills",NA,"Gabon"
"6363","Sub10_Workforce",NA,"Gabon"
"6364","I601_years_of_schooling",7.6,"Gabon"
"6365","Sub11_Workforce_Skills",NA,"Gabon"
"6366","I602_staff_training",3.7,"Gabon"
"6367","I603_vocational_training",3.2,"Gabon"
"6368","I604_graduates_skillset",3.4,"Gabon"
"6369","I605_digital_skills",3.2,"Gabon"
"6370","I606_skilled_employees",3.8,"Gabon"
"6371","Sub12_Future_Workforce",NA,"Gabon"
"6372","I501_healthy_life_expectancy",NA,"Gabon"
"6373","Sub13_Future_Workforce_Skills",NA,"Gabon"
"6374","I608_critical_thinking",2.9,"Gabon"
"6375","I609_pupil_teacher_ratio",24.5,"Gabon"
"6376","P7_product_market",NA,"Gabon"
"6377","Sub14_Domestic_Competition",NA,"Gabon"
"6378","I701_distortive_taxes",3.1,"Gabon"
"6379","I702_market_dominance",3.3,"Gabon"
"6380","I703_competition_services",3.7,"Gabon"
"6381","Sub15_Trade_Openess",NA,"Gabon"
"6382","I704_non_tariff_barriers",3.5,"Gabon"
"6383","I705_trade_tariffs",12.62,"Gabon"
"6384","I706_tariffs_complexity",6.6,"Gabon"
"6385","I707_border_clearance",2,"Gabon"
"6386","P8_labour_market",NA,"Gabon"
"6387","Sub16_Flexibility",NA,"Gabon"
"6388","I801_redundancy_costs",18.7,"Gabon"
"6389","I802_hiring_firing_practices",3.6,"Gabon"
"6390","I803_labour_employer_relations",3.8,"Gabon"
"6391","I804_wage_flexibility",4.5,"Gabon"
"6392","I805_labour_market_policies",2.2,"Gabon"
"6393","I806_workers_rights",NA,"Gabon"
"6394","I807_foreign_labour_hiring",3.7,"Gabon"
"6395","I808_internal_labour_mobility",4,"Gabon"
"6396","Sub17_Meritocracy",NA,"Gabon"
"6397","I809_reliance_on_management",3.3,"Gabon"
"6398","I810_pay_productivity",3.1,"Gabon"
"6399","I811_gender_pay_gap",0.5,"Gabon"
"6400","I812_labour_tax",25.5,"Gabon"
"6401","P9_financial_system",NA,"Gabon"
"6402","Sub18_Depth",NA,"Gabon"
"6403","I901_credit_to_private_sector",12.9,"Gabon"
"6404","I902_financing_SME",2.6,"Gabon"
"6405","I903_venture_capital",1.9,"Gabon"
"6406","I904_market_capitalization",5.7,"Gabon"
"6407","I905_insurance_premium",1.1,"Gabon"
"6408","Sub19_Stability",NA,"Gabon"
"6409","I906_banks_soundness",3.8,"Gabon"
"6410","I907_non_performing_loans",9.1,"Gabon"
"6411","I908_credit_gap",-2.7,"Gabon"
"6412","I909_regulatory_capital",9.8,"Gabon"
"6413","P10_market_size",NA,"Gabon"
"6414","I1001_GDP_PPP",34,"Gabon"
"6415","I1002_imports",29.6,"Gabon"
"6416","P11_dynamism",NA,"Gabon"
"6417","Sub20_Administrative_Requirements",NA,"Gabon"
"6418","I1101_starting_business_cost",6.1,"Gabon"
"6419","I1102_starting_business_time",31,"Gabon"
"6420","I1103_insolvency_recovery_rate",15.2,"Gabon"
"6421","I1104_insolvency_regulations",9,"Gabon"
"6422","Sub21_Entrepreneurial_Culture",NA,"Gabon"
"6423","I1105_risk_attitudes",2.6,"Gabon"
"6424","I1106_delegating_authority",3.6,"Gabon"
"6425","I1107_innovating_companies",3,"Gabon"
"6426","I1108_disruptive_ideas",2.7,"Gabon"
"6427","P12_innovation",NA,"Gabon"
"6428","Sub22_Diversity",NA,"Gabon"
"6429","I1201_workforce_diversity",3.5,"Gabon"
"6430","I1202_cluster_development",2.5,"Gabon"
"6431","I1203_international_inventions",0.3,"Gabon"
"6432","I1204_stakeholder_collaboration",3.1,"Gabon"
"6433","Sub23_Research_Development",NA,"Gabon"
"6434","I1205_scientific_publications",94.3,"Gabon"
"6435","I1206_patents",0.3,"Gabon"
"6436","I1207_RnD_expenditures",0.6,"Gabon"
"6437","I1208_research_institutions",0,"Gabon"
"6438","Sub24_Commercialization",NA,"Gabon"
"6439","I1209_buyer_sophistication",2.9,"Gabon"
"6440","I1210_trademarks",210.95,"Gabon"
"6441","P1_institutions",NA,"Gambia, The"
"6442","Sub1_Security",NA,"Gambia, The"
"6443","I101_organized_crime",4.7,"Gambia, The"
"6444","I102_homicide",18.5,"Gambia, The"
"6445","I103_terrorism",100,"Gambia, The"
"6446","I104_police",4.9,"Gambia, The"
"6447","Sub2_Social_Capital",NA,"Gambia, The"
"6448","Sub2_Social_Capital",NA,"Gambia, The"
"6449","Sub3_Checks_Balances",NA,"Gambia, The"
"6450","I106_transparency",NA,"Gambia, The"
"6451","I107_judicial_independence",4.7,"Gambia, The"
"6452","I108_challenging_regulations",3.4,"Gambia, The"
"6453","I09_press_freedom",31.4,"Gambia, The"
"6454","Sub4_Public_Sector",NA,"Gambia, The"
"6455","I110_gov_burden",4.3,"Gambia, The"
"6456","I111_settling_disputes",4.7,"Gambia, The"
"6457","I112_e_participation",0.29,"Gambia, The"
"6458","Sub5_Transparency",NA,"Gambia, The"
"6459","I113_corruption",37,"Gambia, The"
"6460","I114_property_rights",NA,"Gambia, The"
"6461","I114_property_rights",4.5,"Gambia, The"
"6462","I115_intellectual_property_protection",4.1,"Gambia, The"
"6463","I116_land_administration",8.5,"Gambia, The"
"6464","Sub6_Corporate_Governance",NA,"Gambia, The"
"6465","I117_auditing_accounting_standards",4.5,"Gambia, The"
"6466","I118_interest_conflict_regulation",4,"Gambia, The"
"6467","I119_shareholder_governance",3.3,"Gambia, The"
"6468","Sub7_Government_Orientation",NA,"Gambia, The"
"6469","I120_policy_stability",4.9,"Gambia, The"
"6470","I121_response_to_change",4.4,"Gambia, The"
"6471","I122_digital_business_laws",3.3,"Gambia, The"
"6472","I123_gov_long_term_vision",4.8,"Gambia, The"
"6473","I124_energy_regulations",NA,"Gambia, The"
"6474","I125_renewable_energy",NA,"Gambia, The"
"6475","I126_environment_treaties",20,"Gambia, The"
"6476","P2_infrastructure",NA,"Gambia, The"
"6477","Sub8_Transport_Infrastructure",NA,"Gambia, The"
"6478","I201_road_connectivity",76.6,"Gambia, The"
"6479","I202_quality_of_roads",3.7,"Gambia, The"
"6480","I203_railroad_density",NA,"Gambia, The"
"6481","I204_train_efficiency",NA,"Gambia, The"
"6482","I205_airport_connectivity",293.3,"Gambia, The"
"6483","I206_air_transport_efficiency",4.4,"Gambia, The"
"6484","I207_shipping_connectivity",8.3,"Gambia, The"
"6485","I208_seaport_efficiency",3.9,"Gambia, The"
"6486","Sub9_Utility_Infrastructure",NA,"Gambia, The"
"6487","I209_electricity_access",45.4,"Gambia, The"
"6488","I210_electricity_supply",NA,"Gambia, The"
"6489","I211_unsafe_drinking_water",64.6,"Gambia, The"
"6490","I212_water_supply",4,"Gambia, The"
"6491","P3_ICT_adoption",NA,"Gambia, The"
"6492","I301_cellular_subscription",139.5,"Gambia, The"
"6493","I302_mobile_broadband",36.8,"Gambia, The"
"6494","I303_fixed_broadband",0.2,"Gambia, The"
"6495","I304_fibre_internet",0,"Gambia, The"
"6496","I305_internet_users",19.8,"Gambia, The"
"6497","P4_macro_stability",NA,"Gambia, The"
"6498","I401_inflation",7.3,"Gambia, The"
"6499","I402_debt_dynamic",40,"Gambia, The"
"6500","P5_health",NA,"Gambia, The"
"6501","I501_healthy_life_expectancy",56.7,"Gambia, The"
"6502","P6_skills",NA,"Gambia, The"
"6503","Sub10_Workforce",NA,"Gambia, The"
"6504","I601_years_of_schooling",5.2,"Gambia, The"
"6505","Sub11_Workforce_Skills",NA,"Gambia, The"
"6506","I602_staff_training",3.9,"Gambia, The"
"6507","I603_vocational_training",4.2,"Gambia, The"
"6508","I604_graduates_skillset",4.5,"Gambia, The"
"6509","I605_digital_skills",4,"Gambia, The"
"6510","I606_skilled_employees",4.6,"Gambia, The"
"6511","Sub12_Future_Workforce",NA,"Gambia, The"
"6512","I501_healthy_life_expectancy",8.7,"Gambia, The"
"6513","Sub13_Future_Workforce_Skills",NA,"Gambia, The"
"6514","I608_critical_thinking",4.1,"Gambia, The"
"6515","I609_pupil_teacher_ratio",36.1,"Gambia, The"
"6516","P7_product_market",NA,"Gambia, The"
"6517","Sub14_Domestic_Competition",NA,"Gambia, The"
"6518","I701_distortive_taxes",4,"Gambia, The"
"6519","I702_market_dominance",4,"Gambia, The"
"6520","I703_competition_services",5.1,"Gambia, The"
"6521","Sub15_Trade_Openess",NA,"Gambia, The"
"6522","I704_non_tariff_barriers",4.3,"Gambia, The"
"6523","I705_trade_tariffs",10.19,"Gambia, The"
"6524","I706_tariffs_complexity",6.7,"Gambia, The"
"6525","I707_border_clearance",2.1,"Gambia, The"
"6526","P8_labour_market",NA,"Gambia, The"
"6527","Sub16_Flexibility",NA,"Gambia, The"
"6528","I801_redundancy_costs",52,"Gambia, The"
"6529","I802_hiring_firing_practices",4.1,"Gambia, The"
"6530","I803_labour_employer_relations",4.8,"Gambia, The"
"6531","I804_wage_flexibility",5.1,"Gambia, The"
"6532","I805_labour_market_policies",3.5,"Gambia, The"
"6533","I806_workers_rights",NA,"Gambia, The"
"6534","I807_foreign_labour_hiring",4.7,"Gambia, The"
"6535","I808_internal_labour_mobility",5,"Gambia, The"
"6536","Sub17_Meritocracy",NA,"Gambia, The"
"6537","I809_reliance_on_management",4.5,"Gambia, The"
"6538","I810_pay_productivity",4.6,"Gambia, The"
"6539","I811_gender_pay_gap",0.34,"Gambia, The"
"6540","I812_labour_tax",12.7,"Gambia, The"
"6541","P9_financial_system",NA,"Gambia, The"
"6542","Sub18_Depth",NA,"Gambia, The"
"6543","I901_credit_to_private_sector",5.7,"Gambia, The"
"6544","I902_financing_SME",3.5,"Gambia, The"
"6545","I903_venture_capital",3,"Gambia, The"
"6546","I904_market_capitalization",0,"Gambia, The"
"6547","I905_insurance_premium",NA,"Gambia, The"
"6548","Sub19_Stability",NA,"Gambia, The"
"6549","I906_banks_soundness",5,"Gambia, The"
"6550","I907_non_performing_loans",7.2,"Gambia, The"
"6551","I908_credit_gap",-3.4,"Gambia, The"
"6552","I909_regulatory_capital",34.7,"Gambia, The"
"6553","P10_market_size",NA,"Gambia, The"
"6554","I1001_GDP_PPP",5,"Gambia, The"
"6555","I1002_imports",45.5,"Gambia, The"
"6556","P11_dynamism",NA,"Gambia, The"
"6557","Sub20_Administrative_Requirements",NA,"Gambia, The"
"6558","I1101_starting_business_cost",120.9,"Gambia, The"
"6559","I1102_starting_business_time",25,"Gambia, The"
"6560","I1103_insolvency_recovery_rate",27.3,"Gambia, The"
"6561","I1104_insolvency_regulations",7,"Gambia, The"
"6562","Sub21_Entrepreneurial_Culture",NA,"Gambia, The"
"6563","I1105_risk_attitudes",3.9,"Gambia, The"
"6564","I1106_delegating_authority",4.9,"Gambia, The"
"6565","I1107_innovating_companies",4.5,"Gambia, The"
"6566","I1108_disruptive_ideas",4,"Gambia, The"
"6567","P12_innovation",NA,"Gambia, The"
"6568","Sub22_Diversity",NA,"Gambia, The"
"6569","I1201_workforce_diversity",4.1,"Gambia, The"
"6570","I1202_cluster_development",3.9,"Gambia, The"
"6571","I1203_international_inventions",0,"Gambia, The"
"6572","I1204_stakeholder_collaboration",3.3,"Gambia, The"
"6573","Sub23_Research_Development",NA,"Gambia, The"
"6574","I1205_scientific_publications",113,"Gambia, The"
"6575","I1206_patents",0.17,"Gambia, The"
"6576","I1207_RnD_expenditures",0.1,"Gambia, The"
"6577","I1208_research_institutions",0,"Gambia, The"
"6578","Sub24_Commercialization",NA,"Gambia, The"
"6579","I1209_buyer_sophistication",3.6,"Gambia, The"
"6580","I1210_trademarks",62.09,"Gambia, The"
"6581","P1_institutions",NA,"Georgia"
"6582","Sub1_Security",NA,"Georgia"
"6583","I101_organized_crime",5.6,"Georgia"
"6584","I102_homicide",1,"Georgia"
"6585","I103_terrorism",99.7,"Georgia"
"6586","I104_police",5.2,"Georgia"
"6587","Sub2_Social_Capital",NA,"Georgia"
"6588","Sub2_Social_Capital",44.3,"Georgia"
"6589","Sub3_Checks_Balances",NA,"Georgia"
"6590","I106_transparency",82,"Georgia"
"6591","I107_judicial_independence",3.6,"Georgia"
"6592","I108_challenging_regulations",3.7,"Georgia"
"6593","I09_press_freedom",29,"Georgia"
"6594","Sub4_Public_Sector",NA,"Georgia"
"6595","I110_gov_burden",4.6,"Georgia"
"6596","I111_settling_disputes",3.3,"Georgia"
"6597","I112_e_participation",0.62,"Georgia"
"6598","Sub5_Transparency",NA,"Georgia"
"6599","I113_corruption",58,"Georgia"
"6600","I114_property_rights",NA,"Georgia"
"6601","I114_property_rights",4.7,"Georgia"
"6602","I115_intellectual_property_protection",3.8,"Georgia"
"6603","I116_land_administration",21.5,"Georgia"
"6604","Sub6_Corporate_Governance",NA,"Georgia"
"6605","I117_auditing_accounting_standards",4.4,"Georgia"
"6606","I118_interest_conflict_regulation",8,"Georgia"
"6607","I119_shareholder_governance",8.3,"Georgia"
"6608","Sub7_Government_Orientation",NA,"Georgia"
"6609","I120_policy_stability",4.2,"Georgia"
"6610","I121_response_to_change",3.5,"Georgia"
"6611","I122_digital_business_laws",4.1,"Georgia"
"6612","I123_gov_long_term_vision",3.5,"Georgia"
"6613","I124_energy_regulations",NA,"Georgia"
"6614","I125_renewable_energy",NA,"Georgia"
"6615","I126_environment_treaties",19,"Georgia"
"6616","P2_infrastructure",NA,"Georgia"
"6617","Sub8_Transport_Infrastructure",NA,"Georgia"
"6618","I201_road_connectivity",77.1,"Georgia"
"6619","I202_quality_of_roads",3.8,"Georgia"
"6620","I203_railroad_density",18.5,"Georgia"
"6621","I204_train_efficiency",3.9,"Georgia"
"6622","I205_airport_connectivity",21457.2,"Georgia"
"6623","I206_air_transport_efficiency",4.4,"Georgia"
"6624","I207_shipping_connectivity",6.7,"Georgia"
"6625","I208_seaport_efficiency",3.8,"Georgia"
"6626","Sub9_Utility_Infrastructure",NA,"Georgia"
"6627","I209_electricity_access",100,"Georgia"
"6628","I210_electricity_supply",6.8,"Georgia"
"6629","I211_unsafe_drinking_water",9.8,"Georgia"
"6630","I212_water_supply",5.1,"Georgia"
"6631","P3_ICT_adoption",NA,"Georgia"
"6632","I301_cellular_subscription",133.4,"Georgia"
"6633","I302_mobile_broadband",45.3,"Georgia"
"6634","I303_fixed_broadband",21,"Georgia"
"6635","I304_fibre_internet",13.4,"Georgia"
"6636","I305_internet_users",64,"Georgia"
"6637","P4_macro_stability",NA,"Georgia"
"6638","I401_inflation",4.3,"Georgia"
"6639","I402_debt_dynamic",49.7,"Georgia"
"6640","P5_health",NA,"Georgia"
"6641","I501_healthy_life_expectancy",63.8,"Georgia"
"6642","P6_skills",NA,"Georgia"
"6643","Sub10_Workforce",NA,"Georgia"
"6644","I601_years_of_schooling",12.8,"Georgia"
"6645","Sub11_Workforce_Skills",NA,"Georgia"
"6646","I602_staff_training",3.5,"Georgia"
"6647","I603_vocational_training",3.1,"Georgia"
"6648","I604_graduates_skillset",3.4,"Georgia"
"6649","I605_digital_skills",3.7,"Georgia"
"6650","I606_skilled_employees",3.6,"Georgia"
"6651","Sub12_Future_Workforce",NA,"Georgia"
"6652","I501_healthy_life_expectancy",15.4,"Georgia"
"6653","Sub13_Future_Workforce_Skills",NA,"Georgia"
"6654","I608_critical_thinking",3.1,"Georgia"
"6655","I609_pupil_teacher_ratio",9,"Georgia"
"6656","P7_product_market",NA,"Georgia"
"6657","Sub14_Domestic_Competition",NA,"Georgia"
"6658","I701_distortive_taxes",4.4,"Georgia"
"6659","I702_market_dominance",3.6,"Georgia"
"6660","I703_competition_services",4.7,"Georgia"
"6661","Sub15_Trade_Openess",NA,"Georgia"
"6662","I704_non_tariff_barriers",4.9,"Georgia"
"6663","I705_trade_tariffs",0.91,"Georgia"
"6664","I706_tariffs_complexity",4.4,"Georgia"
"6665","I707_border_clearance",2.4,"Georgia"
"6666","P8_labour_market",NA,"Georgia"
"6667","Sub16_Flexibility",NA,"Georgia"
"6668","I801_redundancy_costs",8.6,"Georgia"
"6669","I802_hiring_firing_practices",4.5,"Georgia"
"6670","I803_labour_employer_relations",4.2,"Georgia"
"6671","I804_wage_flexibility",5.2,"Georgia"
"6672","I805_labour_market_policies",2.9,"Georgia"
"6673","I806_workers_rights",82,"Georgia"
"6674","I807_foreign_labour_hiring",5.1,"Georgia"
"6675","I808_internal_labour_mobility",3.7,"Georgia"
"6676","Sub17_Meritocracy",NA,"Georgia"
"6677","I809_reliance_on_management",4.2,"Georgia"
"6678","I810_pay_productivity",3.7,"Georgia"
"6679","I811_gender_pay_gap",0.8,"Georgia"
"6680","I812_labour_tax",0,"Georgia"
"6681","P9_financial_system",NA,"Georgia"
"6682","Sub18_Depth",NA,"Georgia"
"6683","I901_credit_to_private_sector",59.6,"Georgia"
"6684","I902_financing_SME",3.8,"Georgia"
"6685","I903_venture_capital",2.6,"Georgia"
"6686","I904_market_capitalization",1.1,"Georgia"
"6687","I905_insurance_premium",0.6,"Georgia"
"6688","Sub19_Stability",NA,"Georgia"
"6689","I906_banks_soundness",4.8,"Georgia"
"6690","I907_non_performing_loans",2.8,"Georgia"
"6691","I908_credit_gap",1.9,"Georgia"
"6692","I909_regulatory_capital",16.9,"Georgia"
"6693","P10_market_size",NA,"Georgia"
"6694","I1001_GDP_PPP",38,"Georgia"
"6695","I1002_imports",69.2,"Georgia"
"6696","P11_dynamism",NA,"Georgia"
"6697","Sub20_Administrative_Requirements",NA,"Georgia"
"6698","I1101_starting_business_cost",2.2,"Georgia"
"6699","I1102_starting_business_time",2,"Georgia"
"6700","I1103_insolvency_recovery_rate",40.2,"Georgia"
"6701","I1104_insolvency_regulations",11,"Georgia"
"6702","Sub21_Entrepreneurial_Culture",NA,"Georgia"
"6703","I1105_risk_attitudes",4.1,"Georgia"
"6704","I1106_delegating_authority",4,"Georgia"
"6705","I1107_innovating_companies",3.6,"Georgia"
"6706","I1108_disruptive_ideas",3.6,"Georgia"
"6707","P12_innovation",NA,"Georgia"
"6708","Sub22_Diversity",NA,"Georgia"
"6709","I1201_workforce_diversity",3.9,"Georgia"
"6710","I1202_cluster_development",3.1,"Georgia"
"6711","I1203_international_inventions",0.14,"Georgia"
"6712","I1204_stakeholder_collaboration",3.3,"Georgia"
"6713","Sub23_Research_Development",NA,"Georgia"
"6714","I1205_scientific_publications",154,"Georgia"
"6715","I1206_patents",0.59,"Georgia"
"6716","I1207_RnD_expenditures",0.3,"Georgia"
"6717","I1208_research_institutions",0.01,"Georgia"
"6718","Sub24_Commercialization",NA,"Georgia"
"6719","I1209_buyer_sophistication",3.2,"Georgia"
"6720","I1210_trademarks",606.69,"Georgia"
"6721","P1_institutions",NA,"Germany"
"6722","Sub1_Security",NA,"Germany"
"6723","I101_organized_crime",4.6,"Germany"
"6724","I102_homicide",1,"Germany"
"6725","I103_terrorism",96.8,"Germany"
"6726","I104_police",5.1,"Germany"
"6727","Sub2_Social_Capital",NA,"Germany"
"6728","Sub2_Social_Capital",61.6,"Germany"
"6729","Sub3_Checks_Balances",NA,"Germany"
"6730","I106_transparency",69,"Germany"
"6731","I107_judicial_independence",5,"Germany"
"6732","I108_challenging_regulations",4.8,"Germany"
"6733","I09_press_freedom",14.6,"Germany"
"6734","Sub4_Public_Sector",NA,"Germany"
"6735","I110_gov_burden",4.4,"Germany"
"6736","I111_settling_disputes",4.8,"Germany"
"6737","I112_e_participation",0.92,"Germany"
"6738","Sub5_Transparency",NA,"Germany"
"6739","I113_corruption",80,"Germany"
"6740","I114_property_rights",NA,"Germany"
"6741","I114_property_rights",5.3,"Germany"
"6742","I115_intellectual_property_protection",5.3,"Germany"
"6743","I116_land_administration",22,"Germany"
"6744","Sub6_Corporate_Governance",NA,"Germany"
"6745","I117_auditing_accounting_standards",5.4,"Germany"
"6746","I118_interest_conflict_regulation",5,"Germany"
"6747","I119_shareholder_governance",6.7,"Germany"
"6748","Sub7_Government_Orientation",NA,"Germany"
"6749","I120_policy_stability",5.3,"Germany"
"6750","I121_response_to_change",4.6,"Germany"
"6751","I122_digital_business_laws",5,"Germany"
"6752","I123_gov_long_term_vision",4.5,"Germany"
"6753","I124_energy_regulations",84.5,"Germany"
"6754","I125_renewable_energy",96.6,"Germany"
"6755","I126_environment_treaties",29,"Germany"
"6756","P2_infrastructure",NA,"Germany"
"6757","Sub8_Transport_Infrastructure",NA,"Germany"
"6758","I201_road_connectivity",95.1,"Germany"
"6759","I202_quality_of_roads",5.3,"Germany"
"6760","I203_railroad_density",95.9,"Germany"
"6761","I204_train_efficiency",4.9,"Germany"
"6762","I205_airport_connectivity",887909.4,"Germany"
"6763","I206_air_transport_efficiency",5.5,"Germany"
"6764","I207_shipping_connectivity",97.1,"Germany"
"6765","I208_seaport_efficiency",5.2,"Germany"
"6766","Sub9_Utility_Infrastructure",NA,"Germany"
"6767","I209_electricity_access",100,"Germany"
"6768","I210_electricity_supply",4.3,"Germany"
"6769","I211_unsafe_drinking_water",0.3,"Germany"
"6770","I212_water_supply",6.1,"Germany"
"6771","P3_ICT_adoption",NA,"Germany"
"6772","I301_cellular_subscription",129.3,"Germany"
"6773","I302_mobile_broadband",81.6,"Germany"
"6774","I303_fixed_broadband",41.1,"Germany"
"6775","I304_fibre_internet",0.9,"Germany"
"6776","I305_internet_users",89.7,"Germany"
"6777","P4_macro_stability",NA,"Germany"
"6778","I401_inflation",1.8,"Germany"
"6779","I402_debt_dynamic",100,"Germany"
"6780","P5_health",NA,"Germany"
"6781","I501_healthy_life_expectancy",69.5,"Germany"
"6782","P6_skills",NA,"Germany"
"6783","Sub10_Workforce",NA,"Germany"
"6784","I601_years_of_schooling",14.1,"Germany"
"6785","Sub11_Workforce_Skills",NA,"Germany"
"6786","I602_staff_training",4.9,"Germany"
"6787","I603_vocational_training",5.3,"Germany"
"6788","I604_graduates_skillset",5.1,"Germany"
"6789","I605_digital_skills",5.1,"Germany"
"6790","I606_skilled_employees",4.9,"Germany"
"6791","Sub12_Future_Workforce",NA,"Germany"
"6792","I501_healthy_life_expectancy",17.1,"Germany"
"6793","Sub13_Future_Workforce_Skills",NA,"Germany"
"6794","I608_critical_thinking",4.9,"Germany"
"6795","I609_pupil_teacher_ratio",12.1,"Germany"
"6796","P7_product_market",NA,"Germany"
"6797","Sub14_Domestic_Competition",NA,"Germany"
"6798","I701_distortive_taxes",4.7,"Germany"
"6799","I702_market_dominance",5.3,"Germany"
"6800","I703_competition_services",5.5,"Germany"
"6801","Sub15_Trade_Openess",NA,"Germany"
"6802","I704_non_tariff_barriers",4.9,"Germany"
"6803","I705_trade_tariffs",1.12,"Germany"
"6804","I706_tariffs_complexity",2.9,"Germany"
"6805","I707_border_clearance",4.1,"Germany"
"6806","P8_labour_market",NA,"Germany"
"6807","Sub16_Flexibility",NA,"Germany"
"6808","I801_redundancy_costs",21.6,"Germany"
"6809","I802_hiring_firing_practices",4.7,"Germany"
"6810","I803_labour_employer_relations",5,"Germany"
"6811","I804_wage_flexibility",4.6,"Germany"
"6812","I805_labour_market_policies",4.9,"Germany"
"6813","I806_workers_rights",95,"Germany"
"6814","I807_foreign_labour_hiring",4.8,"Germany"
"6815","I808_internal_labour_mobility",5.2,"Germany"
"6816","Sub17_Meritocracy",NA,"Germany"
"6817","I809_reliance_on_management",5.3,"Germany"
"6818","I810_pay_productivity",5.2,"Germany"
"6819","I811_gender_pay_gap",0.9,"Germany"
"6820","I812_labour_tax",21.5,"Germany"
"6821","P9_financial_system",NA,"Germany"
"6822","Sub18_Depth",NA,"Germany"
"6823","I901_credit_to_private_sector",77.5,"Germany"
"6824","I902_financing_SME",5.1,"Germany"
"6825","I903_venture_capital",4.8,"Germany"
"6826","I904_market_capitalization",53.9,"Germany"
"6827","I905_insurance_premium",5,"Germany"
"6828","Sub19_Stability",NA,"Germany"
"6829","I906_banks_soundness",5.2,"Germany"
"6830","I907_non_performing_loans",1.5,"Germany"
"6831","I908_credit_gap",4,"Germany"
"6832","I909_regulatory_capital",18.8,"Germany"
"6833","P10_market_size",NA,"Germany"
"6834","I1001_GDP_PPP",3872,"Germany"
"6835","I1002_imports",40.9,"Germany"
"6836","P11_dynamism",NA,"Germany"
"6837","Sub20_Administrative_Requirements",NA,"Germany"
"6838","I1101_starting_business_cost",6.7,"Germany"
"6839","I1102_starting_business_time",8,"Germany"
"6840","I1103_insolvency_recovery_rate",80.4,"Germany"
"6841","I1104_insolvency_regulations",15,"Germany"
"6842","Sub21_Entrepreneurial_Culture",NA,"Germany"
"6843","I1105_risk_attitudes",4.8,"Germany"
"6844","I1106_delegating_authority",5.4,"Germany"
"6845","I1107_innovating_companies",5.1,"Germany"
"6846","I1108_disruptive_ideas",4.8,"Germany"
"6847","P12_innovation",NA,"Germany"
"6848","Sub22_Diversity",NA,"Germany"
"6849","I1201_workforce_diversity",5.3,"Germany"
"6850","I1202_cluster_development",5.4,"Germany"
"6851","I1203_international_inventions",21.4,"Germany"
"6852","I1204_stakeholder_collaboration",5.2,"Germany"
"6853","Sub23_Research_Development",NA,"Germany"
"6854","I1205_scientific_publications",1131,"Germany"
"6855","I1206_patents",292.1,"Germany"
"6856","I1207_RnD_expenditures",2.9,"Germany"
"6857","I1208_research_institutions",0.8,"Germany"
"6858","Sub24_Commercialization",NA,"Germany"
"6859","I1209_buyer_sophistication",4.7,"Germany"
"6860","I1210_trademarks",8745.53,"Germany"
"6861","P1_institutions",NA,"Ghana"
"6862","Sub1_Security",NA,"Ghana"
"6863","I101_organized_crime",4.3,"Ghana"
"6864","I102_homicide",2.1,"Ghana"
"6865","I103_terrorism",100,"Ghana"
"6866","I104_police",4.1,"Ghana"
"6867","Sub2_Social_Capital",NA,"Ghana"
"6868","Sub2_Social_Capital",54.9,"Ghana"
"6869","Sub3_Checks_Balances",NA,"Ghana"
"6870","I106_transparency",50,"Ghana"
"6871","I107_judicial_independence",4.1,"Ghana"
"6872","I108_challenging_regulations",3.7,"Ghana"
"6873","I09_press_freedom",20.8,"Ghana"
"6874","Sub4_Public_Sector",NA,"Ghana"
"6875","I110_gov_burden",3.9,"Ghana"
"6876","I111_settling_disputes",4.2,"Ghana"
"6877","I112_e_participation",0.63,"Ghana"
"6878","Sub5_Transparency",NA,"Ghana"
"6879","I113_corruption",41,"Ghana"
"6880","I114_property_rights",NA,"Ghana"
"6881","I114_property_rights",4.1,"Ghana"
"6882","I115_intellectual_property_protection",3.9,"Ghana"
"6883","I116_land_administration",8,"Ghana"
"6884","Sub6_Corporate_Governance",NA,"Ghana"
"6885","I117_auditing_accounting_standards",4,"Ghana"
"6886","I118_interest_conflict_regulation",6.3,"Ghana"
"6887","I119_shareholder_governance",4,"Ghana"
"6888","Sub7_Government_Orientation",NA,"Ghana"
"6889","I120_policy_stability",4.2,"Ghana"
"6890","I121_response_to_change",3.8,"Ghana"
"6891","I122_digital_business_laws",4,"Ghana"
"6892","I123_gov_long_term_vision",4,"Ghana"
"6893","I124_energy_regulations",45.3,"Ghana"
"6894","I125_renewable_energy",78.9,"Ghana"
"6895","I126_environment_treaties",24,"Ghana"
"6896","P2_infrastructure",NA,"Ghana"
"6897","Sub8_Transport_Infrastructure",NA,"Ghana"
"6898","I201_road_connectivity",73.4,"Ghana"
"6899","I202_quality_of_roads",3,"Ghana"
"6900","I203_railroad_density",4.2,"Ghana"
"6901","I204_train_efficiency",1.9,"Ghana"
"6902","I205_airport_connectivity",10564.4,"Ghana"
"6903","I206_air_transport_efficiency",3.7,"Ghana"
"6904","I207_shipping_connectivity",18.5,"Ghana"
"6905","I208_seaport_efficiency",3.1,"Ghana"
"6906","Sub9_Utility_Infrastructure",NA,"Ghana"
"6907","I209_electricity_access",84.3,"Ghana"
"6908","I210_electricity_supply",23.9,"Ghana"
"6909","I211_unsafe_drinking_water",75.5,"Ghana"
"6910","I212_water_supply",4.2,"Ghana"
"6911","P3_ICT_adoption",NA,"Ghana"
"6912","I301_cellular_subscription",137.5,"Ghana"
"6913","I302_mobile_broadband",91.8,"Ghana"
"6914","I303_fixed_broadband",0.2,"Ghana"
"6915","I304_fibre_internet",NA,"Ghana"
"6916","I305_internet_users",39,"Ghana"
"6917","P4_macro_stability",NA,"Ghana"
"6918","I401_inflation",11.1,"Ghana"
"6919","I402_debt_dynamic",38.8,"Ghana"
"6920","P5_health",NA,"Ghana"
"6921","I501_healthy_life_expectancy",57,"Ghana"
"6922","P6_skills",NA,"Ghana"
"6923","Sub10_Workforce",NA,"Ghana"
"6924","I601_years_of_schooling",6.5,"Ghana"
"6925","Sub11_Workforce_Skills",NA,"Ghana"
"6926","I602_staff_training",4.3,"Ghana"
"6927","I603_vocational_training",4,"Ghana"
"6928","I604_graduates_skillset",4.3,"Ghana"
"6929","I605_digital_skills",4.2,"Ghana"
"6930","I606_skilled_employees",4.6,"Ghana"
"6931","Sub12_Future_Workforce",NA,"Ghana"
"6932","I501_healthy_life_expectancy",11.5,"Ghana"
"6933","Sub13_Future_Workforce_Skills",NA,"Ghana"
"6934","I608_critical_thinking",3.2,"Ghana"
"6935","I609_pupil_teacher_ratio",27.2,"Ghana"
"6936","P7_product_market",NA,"Ghana"
"6937","Sub14_Domestic_Competition",NA,"Ghana"
"6938","I701_distortive_taxes",4,"Ghana"
"6939","I702_market_dominance",4,"Ghana"
"6940","I703_competition_services",4.4,"Ghana"
"6941","Sub15_Trade_Openess",NA,"Ghana"
"6942","I704_non_tariff_barriers",4.4,"Ghana"
"6943","I705_trade_tariffs",10.32,"Ghana"
"6944","I706_tariffs_complexity",6.7,"Ghana"
"6945","I707_border_clearance",2.5,"Ghana"
"6946","P8_labour_market",NA,"Ghana"
"6947","Sub16_Flexibility",NA,"Ghana"
"6948","I801_redundancy_costs",49.8,"Ghana"
"6949","I802_hiring_firing_practices",4.4,"Ghana"
"6950","I803_labour_employer_relations",4.5,"Ghana"
"6951","I804_wage_flexibility",4.8,"Ghana"
"6952","I805_labour_market_policies",3.7,"Ghana"
"6953","I806_workers_rights",79,"Ghana"
"6954","I807_foreign_labour_hiring",4.5,"Ghana"
"6955","I808_internal_labour_mobility",4.6,"Ghana"
"6956","Sub17_Meritocracy",NA,"Ghana"
"6957","I809_reliance_on_management",4.5,"Ghana"
"6958","I810_pay_productivity",4,"Ghana"
"6959","I811_gender_pay_gap",0.48,"Ghana"
"6960","I812_labour_tax",14.7,"Ghana"
"6961","P9_financial_system",NA,"Ghana"
"6962","Sub18_Depth",NA,"Ghana"
"6963","I901_credit_to_private_sector",15,"Ghana"
"6964","I902_financing_SME",3.8,"Ghana"
"6965","I903_venture_capital",2.8,"Ghana"
"6966","I904_market_capitalization",21.8,"Ghana"
"6967","I905_insurance_premium",1.1,"Ghana"
"6968","Sub19_Stability",NA,"Ghana"
"6969","I906_banks_soundness",4,"Ghana"
"6970","I907_non_performing_loans",21.6,"Ghana"
"6971","I908_credit_gap",-1.3,"Ghana"
"6972","I909_regulatory_capital",17.1,"Ghana"
"6973","P10_market_size",NA,"Ghana"
"6974","I1001_GDP_PPP",169,"Ghana"
"6975","I1002_imports",33.8,"Ghana"
"6976","P11_dynamism",NA,"Ghana"
"6977","Sub20_Administrative_Requirements",NA,"Ghana"
"6978","I1101_starting_business_cost",15.5,"Ghana"
"6979","I1102_starting_business_time",14,"Ghana"
"6980","I1103_insolvency_recovery_rate",23.1,"Ghana"
"6981","I1104_insolvency_regulations",4,"Ghana"
"6982","Sub21_Entrepreneurial_Culture",NA,"Ghana"
"6983","I1105_risk_attitudes",3.9,"Ghana"
"6984","I1106_delegating_authority",4.5,"Ghana"
"6985","I1107_innovating_companies",4.2,"Ghana"
"6986","I1108_disruptive_ideas",3.7,"Ghana"
"6987","P12_innovation",NA,"Ghana"
"6988","Sub22_Diversity",NA,"Ghana"
"6989","I1201_workforce_diversity",4.6,"Ghana"
"6990","I1202_cluster_development",4,"Ghana"
"6991","I1203_international_inventions",0.02,"Ghana"
"6992","I1204_stakeholder_collaboration",4,"Ghana"
"6993","Sub23_Research_Development",NA,"Ghana"
"6994","I1205_scientific_publications",130,"Ghana"
"6995","I1206_patents",0.02,"Ghana"
"6996","I1207_RnD_expenditures",0.4,"Ghana"
"6997","I1208_research_institutions",0.01,"Ghana"
"6998","Sub24_Commercialization",NA,"Ghana"
"6999","I1209_buyer_sophistication",3.5,"Ghana"
"7000","I1210_trademarks",36.95,"Ghana"
"7001","P1_institutions",NA,"Greece"
"7002","Sub1_Security",NA,"Greece"
"7003","I101_organized_crime",4.7,"Greece"
"7004","I102_homicide",0.7,"Greece"
"7005","I103_terrorism",97.3,"Greece"
"7006","I104_police",4.1,"Greece"
"7007","Sub2_Social_Capital",NA,"Greece"
"7008","Sub2_Social_Capital",43.3,"Greece"
"7009","Sub3_Checks_Balances",NA,"Greece"
"7010","I106_transparency",NA,"Greece"
"7011","I107_judicial_independence",3.5,"Greece"
"7012","I108_challenging_regulations",2.6,"Greece"
"7013","I09_press_freedom",29.1,"Greece"
"7014","Sub4_Public_Sector",NA,"Greece"
"7015","I110_gov_burden",2.6,"Greece"
"7016","I111_settling_disputes",2.4,"Greece"
"7017","I112_e_participation",0.88,"Greece"
"7018","Sub5_Transparency",NA,"Greece"
"7019","I113_corruption",45,"Greece"
"7020","I114_property_rights",NA,"Greece"
"7021","I114_property_rights",4,"Greece"
"7022","I115_intellectual_property_protection",4,"Greece"
"7023","I116_land_administration",4.5,"Greece"
"7024","Sub6_Corporate_Governance",NA,"Greece"
"7025","I117_auditing_accounting_standards",3.8,"Greece"
"7026","I118_interest_conflict_regulation",5.3,"Greece"
"7027","I119_shareholder_governance",7.3,"Greece"
"7028","Sub7_Government_Orientation",NA,"Greece"
"7029","I120_policy_stability",2.1,"Greece"
"7030","I121_response_to_change",2.4,"Greece"
"7031","I122_digital_business_laws",2.7,"Greece"
"7032","I123_gov_long_term_vision",2.1,"Greece"
"7033","I124_energy_regulations",60.7,"Greece"
"7034","I125_renewable_energy",81.7,"Greece"
"7035","I126_environment_treaties",25,"Greece"
"7036","P2_infrastructure",NA,"Greece"
"7037","Sub8_Transport_Infrastructure",NA,"Greece"
"7038","I201_road_connectivity",75.8,"Greece"
"7039","I202_quality_of_roads",4.6,"Greece"
"7040","I203_railroad_density",17.4,"Greece"
"7041","I204_train_efficiency",3,"Greece"
"7042","I205_airport_connectivity",232147,"Greece"
"7043","I206_air_transport_efficiency",5.4,"Greece"
"7044","I207_shipping_connectivity",59.4,"Greece"
"7045","I208_seaport_efficiency",4.8,"Greece"
"7046","Sub9_Utility_Infrastructure",NA,"Greece"
"7047","I209_electricity_access",100,"Greece"
"7048","I210_electricity_supply",6.3,"Greece"
"7049","I211_unsafe_drinking_water",0.2,"Greece"
"7050","I212_water_supply",5.9,"Greece"
"7051","P3_ICT_adoption",NA,"Greece"
"7052","I301_cellular_subscription",115.7,"Greece"
"7053","I302_mobile_broadband",82,"Greece"
"7054","I303_fixed_broadband",37.7,"Greece"
"7055","I304_fibre_internet",0.1,"Greece"
"7056","I305_internet_users",73,"Greece"
"7057","P4_macro_stability",NA,"Greece"
"7058","I401_inflation",1,"Greece"
"7059","I402_debt_dynamic",50,"Greece"
"7060","P5_health",NA,"Greece"
"7061","I501_healthy_life_expectancy",69.9,"Greece"
"7062","P6_skills",NA,"Greece"
"7063","Sub10_Workforce",NA,"Greece"
"7064","I601_years_of_schooling",10.3,"Greece"
"7065","Sub11_Workforce_Skills",NA,"Greece"
"7066","I602_staff_training",3.6,"Greece"
"7067","I603_vocational_training",3.5,"Greece"
"7068","I604_graduates_skillset",4.3,"Greece"
"7069","I605_digital_skills",4.1,"Greece"
"7070","I606_skilled_employees",4.3,"Greece"
"7071","Sub12_Future_Workforce",NA,"Greece"
"7072","I501_healthy_life_expectancy",17.9,"Greece"
"7073","Sub13_Future_Workforce_Skills",NA,"Greece"
"7074","I608_critical_thinking",2.7,"Greece"
"7075","I609_pupil_teacher_ratio",9.3,"Greece"
"7076","P7_product_market",NA,"Greece"
"7077","Sub14_Domestic_Competition",NA,"Greece"
"7078","I701_distortive_taxes",3.3,"Greece"
"7079","I702_market_dominance",3.7,"Greece"
"7080","I703_competition_services",5,"Greece"
"7081","Sub15_Trade_Openess",NA,"Greece"
"7082","I704_non_tariff_barriers",4.7,"Greece"
"7083","I705_trade_tariffs",1.12,"Greece"
"7084","I706_tariffs_complexity",2.9,"Greece"
"7085","I707_border_clearance",2.8,"Greece"
"7086","P8_labour_market",NA,"Greece"
"7087","Sub16_Flexibility",NA,"Greece"
"7088","I801_redundancy_costs",15.9,"Greece"
"7089","I802_hiring_firing_practices",3.8,"Greece"
"7090","I803_labour_employer_relations",4,"Greece"
"7091","I804_wage_flexibility",4.3,"Greece"
"7092","I805_labour_market_policies",2.9,"Greece"
"7093","I806_workers_rights",10,"Greece"
"7094","I807_foreign_labour_hiring",4.4,"Greece"
"7095","I808_internal_labour_mobility",3.9,"Greece"
"7096","Sub17_Meritocracy",NA,"Greece"
"7097","I809_reliance_on_management",3.9,"Greece"
"7098","I810_pay_productivity",3.5,"Greece"
"7099","I811_gender_pay_gap",0.77,"Greece"
"7100","I812_labour_tax",28.3,"Greece"
"7101","P9_financial_system",NA,"Greece"
"7102","Sub18_Depth",NA,"Greece"
"7103","I901_credit_to_private_sector",107.4,"Greece"
"7104","I902_financing_SME",2.6,"Greece"
"7105","I903_venture_capital",2.3,"Greece"
"7106","I904_market_capitalization",22,"Greece"
"7107","I905_insurance_premium",2.1,"Greece"
"7108","Sub19_Stability",NA,"Greece"
"7109","I906_banks_soundness",2.7,"Greece"
"7110","I907_non_performing_loans",45.6,"Greece"
"7111","I908_credit_gap",-21.9,"Greece"
"7112","I909_regulatory_capital",16.8,"Greece"
"7113","P10_market_size",NA,"Greece"
"7114","I1001_GDP_PPP",278,"Greece"
"7115","I1002_imports",39.2,"Greece"
"7116","P11_dynamism",NA,"Greece"
"7117","Sub20_Administrative_Requirements",NA,"Greece"
"7118","I1101_starting_business_cost",1.5,"Greece"
"7119","I1102_starting_business_time",12.5,"Greece"
"7120","I1103_insolvency_recovery_rate",33.2,"Greece"
"7121","I1104_insolvency_regulations",12,"Greece"
"7122","Sub21_Entrepreneurial_Culture",NA,"Greece"
"7123","I1105_risk_attitudes",3.8,"Greece"
"7124","I1106_delegating_authority",4,"Greece"
"7125","I1107_innovating_companies",3.4,"Greece"
"7126","I1108_disruptive_ideas",3.2,"Greece"
"7127","P12_innovation",NA,"Greece"
"7128","Sub22_Diversity",NA,"Greece"
"7129","I1201_workforce_diversity",3.7,"Greece"
"7130","I1202_cluster_development",2.9,"Greece"
"7131","I1203_international_inventions",1.02,"Greece"
"7132","I1204_stakeholder_collaboration",3.1,"Greece"
"7133","Sub23_Research_Development",NA,"Greece"
"7134","I1205_scientific_publications",434,"Greece"
"7135","I1206_patents",9.34,"Greece"
"7136","I1207_RnD_expenditures",1,"Greece"
"7137","I1208_research_institutions",0.06,"Greece"
"7138","Sub24_Commercialization",NA,"Greece"
"7139","I1209_buyer_sophistication",3.3,"Greece"
"7140","I1210_trademarks",NA,"Greece"
"7141","P1_institutions",NA,"Guatemala"
"7142","Sub1_Security",NA,"Guatemala"
"7143","I101_organized_crime",2.5,"Guatemala"
"7144","I102_homicide",26.1,"Guatemala"
"7145","I103_terrorism",100,"Guatemala"
"7146","I104_police",3,"Guatemala"
"7147","Sub2_Social_Capital",NA,"Guatemala"
"7148","Sub2_Social_Capital",52.2,"Guatemala"
"7149","Sub3_Checks_Balances",NA,"Guatemala"
"7150","I106_transparency",61,"Guatemala"
"7151","I107_judicial_independence",3.1,"Guatemala"
"7152","I108_challenging_regulations",2.5,"Guatemala"
"7153","I09_press_freedom",35.9,"Guatemala"
"7154","Sub4_Public_Sector",NA,"Guatemala"
"7155","I110_gov_burden",3,"Guatemala"
"7156","I111_settling_disputes",2.7,"Guatemala"
"7157","I112_e_participation",0.62,"Guatemala"
"7158","Sub5_Transparency",NA,"Guatemala"
"7159","I113_corruption",27,"Guatemala"
"7160","I114_property_rights",NA,"Guatemala"
"7161","I114_property_rights",4.2,"Guatemala"
"7162","I115_intellectual_property_protection",3.7,"Guatemala"
"7163","I116_land_administration",13.5,"Guatemala"
"7164","Sub6_Corporate_Governance",NA,"Guatemala"
"7165","I117_auditing_accounting_standards",5,"Guatemala"
"7166","I118_interest_conflict_regulation",3.3,"Guatemala"
"7167","I119_shareholder_governance",3,"Guatemala"
"7168","Sub7_Government_Orientation",NA,"Guatemala"
"7169","I120_policy_stability",3,"Guatemala"
"7170","I121_response_to_change",2.4,"Guatemala"
"7171","I122_digital_business_laws",3.3,"Guatemala"
"7172","I123_gov_long_term_vision",2.2,"Guatemala"
"7173","I124_energy_regulations",28.9,"Guatemala"
"7174","I125_renewable_energy",49.3,"Guatemala"
"7175","I126_environment_treaties",21,"Guatemala"
"7176","P2_infrastructure",NA,"Guatemala"
"7177","Sub8_Transport_Infrastructure",NA,"Guatemala"
"7178","I201_road_connectivity",38,"Guatemala"
"7179","I202_quality_of_roads",2.4,"Guatemala"
"7180","I203_railroad_density",NA,"Guatemala"
"7181","I204_train_efficiency",NA,"Guatemala"
"7182","I205_airport_connectivity",13927,"Guatemala"
"7183","I206_air_transport_efficiency",4.1,"Guatemala"
"7184","I207_shipping_connectivity",24.5,"Guatemala"
"7185","I208_seaport_efficiency",3.9,"Guatemala"
"7186","Sub9_Utility_Infrastructure",NA,"Guatemala"
"7187","I209_electricity_access",92,"Guatemala"
"7188","I210_electricity_supply",12.1,"Guatemala"
"7189","I211_unsafe_drinking_water",43,"Guatemala"
"7190","I212_water_supply",4.4,"Guatemala"
"7191","P3_ICT_adoption",NA,"Guatemala"
"7192","I301_cellular_subscription",118.7,"Guatemala"
"7193","I302_mobile_broadband",16.5,"Guatemala"
"7194","I303_fixed_broadband",3.1,"Guatemala"
"7195","I304_fibre_internet",0.1,"Guatemala"
"7196","I305_internet_users",65,"Guatemala"
"7197","P4_macro_stability",NA,"Guatemala"
"7198","I401_inflation",4.1,"Guatemala"
"7199","I402_debt_dynamic",49.9,"Guatemala"
"7200","P5_health",NA,"Guatemala"
"7201","I501_healthy_life_expectancy",63.7,"Guatemala"
"7202","P6_skills",NA,"Guatemala"
"7203","Sub10_Workforce",NA,"Guatemala"
"7204","I601_years_of_schooling",6.4,"Guatemala"
"7205","Sub11_Workforce_Skills",NA,"Guatemala"
"7206","I602_staff_training",4.3,"Guatemala"
"7207","I603_vocational_training",4.5,"Guatemala"
"7208","I604_graduates_skillset",4.1,"Guatemala"
"7209","I605_digital_skills",3.3,"Guatemala"
"7210","I606_skilled_employees",4.2,"Guatemala"
"7211","Sub12_Future_Workforce",NA,"Guatemala"
"7212","I501_healthy_life_expectancy",10.8,"Guatemala"
"7213","Sub13_Future_Workforce_Skills",NA,"Guatemala"
"7214","I608_critical_thinking",2.8,"Guatemala"
"7215","I609_pupil_teacher_ratio",20.2,"Guatemala"
"7216","P7_product_market",NA,"Guatemala"
"7217","Sub14_Domestic_Competition",NA,"Guatemala"
"7218","I701_distortive_taxes",3.9,"Guatemala"
"7219","I702_market_dominance",3.7,"Guatemala"
"7220","I703_competition_services",5.2,"Guatemala"
"7221","Sub15_Trade_Openess",NA,"Guatemala"
"7222","I704_non_tariff_barriers",4.3,"Guatemala"
"7223","I705_trade_tariffs",3.59,"Guatemala"
"7224","I706_tariffs_complexity",6.7,"Guatemala"
"7225","I707_border_clearance",2.2,"Guatemala"
"7226","P8_labour_market",NA,"Guatemala"
"7227","Sub16_Flexibility",NA,"Guatemala"
"7228","I801_redundancy_costs",27,"Guatemala"
"7229","I802_hiring_firing_practices",3.8,"Guatemala"
"7230","I803_labour_employer_relations",5,"Guatemala"
"7231","I804_wage_flexibility",5.1,"Guatemala"
"7232","I805_labour_market_policies",1.9,"Guatemala"
"7233","I806_workers_rights",3,"Guatemala"
"7234","I807_foreign_labour_hiring",4.4,"Guatemala"
"7235","I808_internal_labour_mobility",5.5,"Guatemala"
"7236","Sub17_Meritocracy",NA,"Guatemala"
"7237","I809_reliance_on_management",4.2,"Guatemala"
"7238","I810_pay_productivity",3.8,"Guatemala"
"7239","I811_gender_pay_gap",0.39,"Guatemala"
"7240","I812_labour_tax",14.3,"Guatemala"
"7241","P9_financial_system",NA,"Guatemala"
"7242","Sub18_Depth",NA,"Guatemala"
"7243","I901_credit_to_private_sector",34,"Guatemala"
"7244","I902_financing_SME",4.1,"Guatemala"
"7245","I903_venture_capital",3.1,"Guatemala"
"7246","I904_market_capitalization",0,"Guatemala"
"7247","I905_insurance_premium",1.1,"Guatemala"
"7248","Sub19_Stability",NA,"Guatemala"
"7249","I906_banks_soundness",6,"Guatemala"
"7250","I907_non_performing_loans",2.3,"Guatemala"
"7251","I908_credit_gap",-0.8,"Guatemala"
"7252","I909_regulatory_capital",15,"Guatemala"
"7253","P10_market_size",NA,"Guatemala"
"7254","I1001_GDP_PPP",129,"Guatemala"
"7255","I1002_imports",29.3,"Guatemala"
"7256","P11_dynamism",NA,"Guatemala"
"7257","Sub20_Administrative_Requirements",NA,"Guatemala"
"7258","I1101_starting_business_cost",18.1,"Guatemala"
"7259","I1102_starting_business_time",15,"Guatemala"
"7260","I1103_insolvency_recovery_rate",28,"Guatemala"
"7261","I1104_insolvency_regulations",4,"Guatemala"
"7262","Sub21_Entrepreneurial_Culture",NA,"Guatemala"
"7263","I1105_risk_attitudes",4.6,"Guatemala"
"7264","I1106_delegating_authority",4.5,"Guatemala"
"7265","I1107_innovating_companies",4.1,"Guatemala"
"7266","I1108_disruptive_ideas",3.7,"Guatemala"
"7267","P12_innovation",NA,"Guatemala"
"7268","Sub22_Diversity",NA,"Guatemala"
"7269","I1201_workforce_diversity",4.2,"Guatemala"
"7270","I1202_cluster_development",3.7,"Guatemala"
"7271","I1203_international_inventions",0,"Guatemala"
"7272","I1204_stakeholder_collaboration",3.7,"Guatemala"
"7273","Sub23_Research_Development",NA,"Guatemala"
"7274","I1205_scientific_publications",83,"Guatemala"
"7275","I1206_patents",0.02,"Guatemala"
"7276","I1207_RnD_expenditures",0,"Guatemala"
"7277","I1208_research_institutions",0,"Guatemala"
"7278","Sub24_Commercialization",NA,"Guatemala"
"7279","I1209_buyer_sophistication",3.3,"Guatemala"
"7280","I1210_trademarks",447.47,"Guatemala"
"7281","P1_institutions",NA,"Guinea"
"7282","Sub1_Security",NA,"Guinea"
"7283","I101_organized_crime",4,"Guinea"
"7284","I102_homicide",2.8,"Guinea"
"7285","I103_terrorism",99.9,"Guinea"
"7286","I104_police",4.2,"Guinea"
"7287","Sub2_Social_Capital",NA,"Guinea"
"7288","Sub2_Social_Capital",46.1,"Guinea"
"7289","Sub3_Checks_Balances",NA,"Guinea"
"7290","I106_transparency",NA,"Guinea"
"7291","I107_judicial_independence",3.6,"Guinea"
"7292","I108_challenging_regulations",3.4,"Guinea"
"7293","I09_press_freedom",33.5,"Guinea"
"7294","Sub4_Public_Sector",NA,"Guinea"
"7295","I110_gov_burden",3.7,"Guinea"
"7296","I111_settling_disputes",4.6,"Guinea"
"7297","I112_e_participation",0.35,"Guinea"
"7298","Sub5_Transparency",NA,"Guinea"
"7299","I113_corruption",28,"Guinea"
"7300","I114_property_rights",NA,"Guinea"
"7301","I114_property_rights",3.6,"Guinea"
"7302","I115_intellectual_property_protection",4.7,"Guinea"
"7303","I116_land_administration",6.5,"Guinea"
"7304","Sub6_Corporate_Governance",NA,"Guinea"
"7305","I117_auditing_accounting_standards",4.5,"Guinea"
"7306","I118_interest_conflict_regulation",4.3,"Guinea"
"7307","I119_shareholder_governance",3.7,"Guinea"
"7308","Sub7_Government_Orientation",NA,"Guinea"
"7309","I120_policy_stability",4,"Guinea"
"7310","I121_response_to_change",4,"Guinea"
"7311","I122_digital_business_laws",3,"Guinea"
"7312","I123_gov_long_term_vision",4.4,"Guinea"
"7313","I124_energy_regulations",31,"Guinea"
"7314","I125_renewable_energy",22.4,"Guinea"
"7315","I126_environment_treaties",24,"Guinea"
"7316","P2_infrastructure",NA,"Guinea"
"7317","Sub8_Transport_Infrastructure",NA,"Guinea"
"7318","I201_road_connectivity",59.2,"Guinea"
"7319","I202_quality_of_roads",3.7,"Guinea"
"7320","I203_railroad_density",NA,"Guinea"
"7321","I204_train_efficiency",NA,"Guinea"
"7322","I205_airport_connectivity",775,"Guinea"
"7323","I206_air_transport_efficiency",5.1,"Guinea"
"7324","I207_shipping_connectivity",8.6,"Guinea"
"7325","I208_seaport_efficiency",5,"Guinea"
"7326","Sub9_Utility_Infrastructure",NA,"Guinea"
"7327","I209_electricity_access",17.2,"Guinea"
"7328","I210_electricity_supply",NA,"Guinea"
"7329","I211_unsafe_drinking_water",78.7,"Guinea"
"7330","I212_water_supply",3.5,"Guinea"
"7331","P3_ICT_adoption",NA,"Guinea"
"7332","I301_cellular_subscription",96.1,"Guinea"
"7333","I302_mobile_broadband",30.4,"Guinea"
"7334","I303_fixed_broadband",0,"Guinea"
"7335","I304_fibre_internet",NA,"Guinea"
"7336","I305_internet_users",18,"Guinea"
"7337","P4_macro_stability",NA,"Guinea"
"7338","I401_inflation",9.3,"Guinea"
"7339","I402_debt_dynamic",46.4,"Guinea"
"7340","P5_health",NA,"Guinea"
"7341","I501_healthy_life_expectancy",52.8,"Guinea"
"7342","P6_skills",NA,"Guinea"
"7343","Sub10_Workforce",NA,"Guinea"
"7344","I601_years_of_schooling",2.8,"Guinea"
"7345","Sub11_Workforce_Skills",NA,"Guinea"
"7346","I602_staff_training",5.2,"Guinea"
"7347","I603_vocational_training",4.7,"Guinea"
"7348","I604_graduates_skillset",4,"Guinea"
"7349","I605_digital_skills",3.4,"Guinea"
"7350","I606_skilled_employees",4,"Guinea"
"7351","Sub12_Future_Workforce",NA,"Guinea"
"7352","I501_healthy_life_expectancy",9.1,"Guinea"
"7353","Sub13_Future_Workforce_Skills",NA,"Guinea"
"7354","I608_critical_thinking",3.5,"Guinea"
"7355","I609_pupil_teacher_ratio",47.1,"Guinea"
"7356","P7_product_market",NA,"Guinea"
"7357","Sub14_Domestic_Competition",NA,"Guinea"
"7358","I701_distortive_taxes",3.5,"Guinea"
"7359","I702_market_dominance",4.7,"Guinea"
"7360","I703_competition_services",5.3,"Guinea"
"7361","Sub15_Trade_Openess",NA,"Guinea"
"7362","I704_non_tariff_barriers",3.4,"Guinea"
"7363","I705_trade_tariffs",10.19,"Guinea"
"7364","I706_tariffs_complexity",6.7,"Guinea"
"7365","I707_border_clearance",2.4,"Guinea"
"7366","P8_labour_market",NA,"Guinea"
"7367","Sub16_Flexibility",NA,"Guinea"
"7368","I801_redundancy_costs",10.1,"Guinea"
"7369","I802_hiring_firing_practices",3.7,"Guinea"
"7370","I803_labour_employer_relations",5.1,"Guinea"
"7371","I804_wage_flexibility",4.8,"Guinea"
"7372","I805_labour_market_policies",3.7,"Guinea"
"7373","I806_workers_rights",NA,"Guinea"
"7374","I807_foreign_labour_hiring",4.4,"Guinea"
"7375","I808_internal_labour_mobility",5.2,"Guinea"
"7376","Sub17_Meritocracy",NA,"Guinea"
"7377","I809_reliance_on_management",5.4,"Guinea"
"7378","I810_pay_productivity",4.3,"Guinea"
"7379","I811_gender_pay_gap",0.22,"Guinea"
"7380","I812_labour_tax",28.6,"Guinea"
"7381","P9_financial_system",NA,"Guinea"
"7382","Sub18_Depth",NA,"Guinea"
"7383","I901_credit_to_private_sector",10.3,"Guinea"
"7384","I902_financing_SME",4.7,"Guinea"
"7385","I903_venture_capital",3.6,"Guinea"
"7386","I904_market_capitalization",0,"Guinea"
"7387","I905_insurance_premium",NA,"Guinea"
"7388","Sub19_Stability",NA,"Guinea"
"7389","I906_banks_soundness",5.4,"Guinea"
"7390","I907_non_performing_loans",10.7,"Guinea"
"7391","I908_credit_gap",0.9,"Guinea"
"7392","I909_regulatory_capital",17.1,"Guinea"
"7393","P10_market_size",NA,"Guinea"
"7394","I1001_GDP_PPP",27,"Guinea"
"7395","I1002_imports",38.8,"Guinea"
"7396","P11_dynamism",NA,"Guinea"
"7397","Sub20_Administrative_Requirements",NA,"Guinea"
"7398","I1101_starting_business_cost",38.2,"Guinea"
"7399","I1102_starting_business_time",15,"Guinea"
"7400","I1103_insolvency_recovery_rate",20.4,"Guinea"
"7401","I1104_insolvency_regulations",9,"Guinea"
"7402","Sub21_Entrepreneurial_Culture",NA,"Guinea"
"7403","I1105_risk_attitudes",4.3,"Guinea"
"7404","I1106_delegating_authority",4.7,"Guinea"
"7405","I1107_innovating_companies",4.3,"Guinea"
"7406","I1108_disruptive_ideas",4,"Guinea"
"7407","P12_innovation",NA,"Guinea"
"7408","Sub22_Diversity",NA,"Guinea"
"7409","I1201_workforce_diversity",4.7,"Guinea"
"7410","I1202_cluster_development",4.2,"Guinea"
"7411","I1203_international_inventions",0,"Guinea"
"7412","I1204_stakeholder_collaboration",4.8,"Guinea"
"7413","Sub23_Research_Development",NA,"Guinea"
"7414","I1205_scientific_publications",55.7,"Guinea"
"7415","I1206_patents",0.03,"Guinea"
"7416","I1207_RnD_expenditures",NA,"Guinea"
"7417","I1208_research_institutions",0,"Guinea"
"7418","Sub24_Commercialization",NA,"Guinea"
"7419","I1209_buyer_sophistication",3.7,"Guinea"
"7420","I1210_trademarks",214.62,"Guinea"
"7421","P1_institutions",NA,"Haiti"
"7422","Sub1_Security",NA,"Haiti"
"7423","I101_organized_crime",2.3,"Haiti"
"7424","I102_homicide",9.5,"Haiti"
"7425","I103_terrorism",99.9,"Haiti"
"7426","I104_police",2.4,"Haiti"
"7427","Sub2_Social_Capital",NA,"Haiti"
"7428","Sub2_Social_Capital",NA,"Haiti"
"7429","Sub3_Checks_Balances",NA,"Haiti"
"7430","I106_transparency",NA,"Haiti"
"7431","I107_judicial_independence",1.8,"Haiti"
"7432","I108_challenging_regulations",2.5,"Haiti"
"7433","I09_press_freedom",29,"Haiti"
"7434","Sub4_Public_Sector",NA,"Haiti"
"7435","I110_gov_burden",2.4,"Haiti"
"7436","I111_settling_disputes",2.4,"Haiti"
"7437","I112_e_participation",0.48,"Haiti"
"7438","Sub5_Transparency",NA,"Haiti"
"7439","I113_corruption",20,"Haiti"
"7440","I114_property_rights",NA,"Haiti"
"7441","I114_property_rights",2.4,"Haiti"
"7442","I115_intellectual_property_protection",2.4,"Haiti"
"7443","I116_land_administration",2.5,"Haiti"
"7444","Sub6_Corporate_Governance",NA,"Haiti"
"7445","I117_auditing_accounting_standards",2.6,"Haiti"
"7446","I118_interest_conflict_regulation",3,"Haiti"
"7447","I119_shareholder_governance",1.3,"Haiti"
"7448","Sub7_Government_Orientation",NA,"Haiti"
"7449","I120_policy_stability",2,"Haiti"
"7450","I121_response_to_change",2,"Haiti"
"7451","I122_digital_business_laws",2.6,"Haiti"
"7452","I123_gov_long_term_vision",2.1,"Haiti"
"7453","I124_energy_regulations",13.9,"Haiti"
"7454","I125_renewable_energy",13.9,"Haiti"
"7455","I126_environment_treaties",11,"Haiti"
"7456","P2_infrastructure",NA,"Haiti"
"7457","Sub8_Transport_Infrastructure",NA,"Haiti"
"7458","I201_road_connectivity",43.7,"Haiti"
"7459","I202_quality_of_roads",2.1,"Haiti"
"7460","I203_railroad_density",NA,"Haiti"
"7461","I204_train_efficiency",NA,"Haiti"
"7462","I205_airport_connectivity",8879.8,"Haiti"
"7463","I206_air_transport_efficiency",2.9,"Haiti"
"7464","I207_shipping_connectivity",8.8,"Haiti"
"7465","I208_seaport_efficiency",2.1,"Haiti"
"7466","Sub9_Utility_Infrastructure",NA,"Haiti"
"7467","I209_electricity_access",30,"Haiti"
"7468","I210_electricity_supply",56.9,"Haiti"
"7469","I211_unsafe_drinking_water",74.4,"Haiti"
"7470","I212_water_supply",1.7,"Haiti"
"7471","P3_ICT_adoption",NA,"Haiti"
"7472","I301_cellular_subscription",57.5,"Haiti"
"7473","I302_mobile_broadband",30,"Haiti"
"7474","I303_fixed_broadband",0.3,"Haiti"
"7475","I304_fibre_internet",0,"Haiti"
"7476","I305_internet_users",32.5,"Haiti"
"7477","P4_macro_stability",NA,"Haiti"
"7478","I401_inflation",14.1,"Haiti"
"7479","I402_debt_dynamic",48.4,"Haiti"
"7480","P5_health",NA,"Haiti"
"7481","I501_healthy_life_expectancy",56.3,"Haiti"
"7482","P6_skills",NA,"Haiti"
"7483","Sub10_Workforce",NA,"Haiti"
"7484","I601_years_of_schooling",5.6,"Haiti"
"7485","Sub11_Workforce_Skills",NA,"Haiti"
"7486","I602_staff_training",2.5,"Haiti"
"7487","I603_vocational_training",3,"Haiti"
"7488","I604_graduates_skillset",3.2,"Haiti"
"7489","I605_digital_skills",2.7,"Haiti"
"7490","I606_skilled_employees",2.9,"Haiti"
"7491","Sub12_Future_Workforce",NA,"Haiti"
"7492","I501_healthy_life_expectancy",NA,"Haiti"
"7493","Sub13_Future_Workforce_Skills",NA,"Haiti"
"7494","I608_critical_thinking",2.2,"Haiti"
"7495","I609_pupil_teacher_ratio",34.1,"Haiti"
"7496","P7_product_market",NA,"Haiti"
"7497","Sub14_Domestic_Competition",NA,"Haiti"
"7498","I701_distortive_taxes",2.5,"Haiti"
"7499","I702_market_dominance",1.8,"Haiti"
"7500","I703_competition_services",3.5,"Haiti"
"7501","Sub15_Trade_Openess",NA,"Haiti"
"7502","I704_non_tariff_barriers",3.2,"Haiti"
"7503","I705_trade_tariffs",5.99,"Haiti"
"7504","I706_tariffs_complexity",5.4,"Haiti"
"7505","I707_border_clearance",2,"Haiti"
"7506","P8_labour_market",NA,"Haiti"
"7507","Sub16_Flexibility",NA,"Haiti"
"7508","I801_redundancy_costs",10.1,"Haiti"
"7509","I802_hiring_firing_practices",3.8,"Haiti"
"7510","I803_labour_employer_relations",3.2,"Haiti"
"7511","I804_wage_flexibility",5.2,"Haiti"
"7512","I805_labour_market_policies",1.5,"Haiti"
"7513","I806_workers_rights",71,"Haiti"
"7514","I807_foreign_labour_hiring",4.1,"Haiti"
"7515","I808_internal_labour_mobility",3.7,"Haiti"
"7516","Sub17_Meritocracy",NA,"Haiti"
"7517","I809_reliance_on_management",2.2,"Haiti"
"7518","I810_pay_productivity",2.1,"Haiti"
"7519","I811_gender_pay_gap",0.62,"Haiti"
"7520","I812_labour_tax",12.4,"Haiti"
"7521","P9_financial_system",NA,"Haiti"
"7522","Sub18_Depth",NA,"Haiti"
"7523","I901_credit_to_private_sector",18.1,"Haiti"
"7524","I902_financing_SME",2.3,"Haiti"
"7525","I903_venture_capital",1.9,"Haiti"
"7526","I904_market_capitalization",0,"Haiti"
"7527","I905_insurance_premium",0.7,"Haiti"
"7528","Sub19_Stability",NA,"Haiti"
"7529","I906_banks_soundness",3,"Haiti"
"7530","I907_non_performing_loans",2.8,"Haiti"
"7531","I908_credit_gap",-0.7,"Haiti"
"7532","I909_regulatory_capital",21.8,"Haiti"
"7533","P10_market_size",NA,"Haiti"
"7534","I1001_GDP_PPP",18,"Haiti"
"7535","I1002_imports",61.3,"Haiti"
"7536","P11_dynamism",NA,"Haiti"
"7537","Sub20_Administrative_Requirements",NA,"Haiti"
"7538","I1101_starting_business_cost",200.3,"Haiti"
"7539","I1102_starting_business_time",97,"Haiti"
"7540","I1103_insolvency_recovery_rate",0,"Haiti"
"7541","I1104_insolvency_regulations",0,"Haiti"
"7542","Sub21_Entrepreneurial_Culture",NA,"Haiti"
"7543","I1105_risk_attitudes",2.8,"Haiti"
"7544","I1106_delegating_authority",2.7,"Haiti"
"7545","I1107_innovating_companies",2.5,"Haiti"
"7546","I1108_disruptive_ideas",2.6,"Haiti"
"7547","P12_innovation",NA,"Haiti"
"7548","Sub22_Diversity",NA,"Haiti"
"7549","I1201_workforce_diversity",2.6,"Haiti"
"7550","I1202_cluster_development",2.2,"Haiti"
"7551","I1203_international_inventions",0,"Haiti"
"7552","I1204_stakeholder_collaboration",2.4,"Haiti"
"7553","Sub23_Research_Development",NA,"Haiti"
"7554","I1205_scientific_publications",59.3,"Haiti"
"7555","I1206_patents",0,"Haiti"
"7556","I1207_RnD_expenditures",0,"Haiti"
"7557","I1208_research_institutions",0,"Haiti"
"7558","Sub24_Commercialization",NA,"Haiti"
"7559","I1209_buyer_sophistication",2,"Haiti"
"7560","I1210_trademarks",46.02,"Haiti"
"7561","P1_institutions",NA,"Honduras"
"7562","Sub1_Security",NA,"Honduras"
"7563","I101_organized_crime",2.8,"Honduras"
"7564","I102_homicide",41.7,"Honduras"
"7565","I103_terrorism",99.9,"Honduras"
"7566","I104_police",3.1,"Honduras"
"7567","Sub2_Social_Capital",NA,"Honduras"
"7568","Sub2_Social_Capital",52.8,"Honduras"
"7569","Sub3_Checks_Balances",NA,"Honduras"
"7570","I106_transparency",54,"Honduras"
"7571","I107_judicial_independence",2.9,"Honduras"
"7572","I108_challenging_regulations",2.8,"Honduras"
"7573","I09_press_freedom",48.5,"Honduras"
"7574","Sub4_Public_Sector",NA,"Honduras"
"7575","I110_gov_burden",2.8,"Honduras"
"7576","I111_settling_disputes",3.2,"Honduras"
"7577","I112_e_participation",0.54,"Honduras"
"7578","Sub5_Transparency",NA,"Honduras"
"7579","I113_corruption",29,"Honduras"
"7580","I114_property_rights",NA,"Honduras"
"7581","I114_property_rights",4.1,"Honduras"
"7582","I115_intellectual_property_protection",3.9,"Honduras"
"7583","I116_land_administration",14,"Honduras"
"7584","Sub6_Corporate_Governance",NA,"Honduras"
"7585","I117_auditing_accounting_standards",5.4,"Honduras"
"7586","I118_interest_conflict_regulation",5.7,"Honduras"
"7587","I119_shareholder_governance",2.7,"Honduras"
"7588","Sub7_Government_Orientation",NA,"Honduras"
"7589","I120_policy_stability",3.4,"Honduras"
"7590","I121_response_to_change",3.1,"Honduras"
"7591","I122_digital_business_laws",3.5,"Honduras"
"7592","I123_gov_long_term_vision",4.2,"Honduras"
"7593","I124_energy_regulations",12.3,"Honduras"
"7594","I125_renewable_energy",39.3,"Honduras"
"7595","I126_environment_treaties",24,"Honduras"
"7596","P2_infrastructure",NA,"Honduras"
"7597","Sub8_Transport_Infrastructure",NA,"Honduras"
"7598","I201_road_connectivity",55.7,"Honduras"
"7599","I202_quality_of_roads",4.1,"Honduras"
"7600","I203_railroad_density",NA,"Honduras"
"7601","I204_train_efficiency",NA,"Honduras"
"7602","I205_airport_connectivity",7900.3,"Honduras"
"7603","I206_air_transport_efficiency",4.3,"Honduras"
"7604","I207_shipping_connectivity",11,"Honduras"
"7605","I208_seaport_efficiency",4.4,"Honduras"
"7606","Sub9_Utility_Infrastructure",NA,"Honduras"
"7607","I209_electricity_access",75,"Honduras"
"7608","I210_electricity_supply",16.4,"Honduras"
"7609","I211_unsafe_drinking_water",23.6,"Honduras"
"7610","I212_water_supply",3.8,"Honduras"
"7611","P3_ICT_adoption",NA,"Honduras"
"7612","I301_cellular_subscription",79.2,"Honduras"
"7613","I302_mobile_broadband",32.1,"Honduras"
"7614","I303_fixed_broadband",3.7,"Honduras"
"7615","I304_fibre_internet",0,"Honduras"
"7616","I305_internet_users",31.7,"Honduras"
"7617","P4_macro_stability",NA,"Honduras"
"7618","I401_inflation",4.1,"Honduras"
"7619","I402_debt_dynamic",49.7,"Honduras"
"7620","P5_health",NA,"Honduras"
"7621","I501_healthy_life_expectancy",64.9,"Honduras"
"7622","P6_skills",NA,"Honduras"
"7623","Sub10_Workforce",NA,"Honduras"
"7624","I601_years_of_schooling",6.5,"Honduras"
"7625","Sub11_Workforce_Skills",NA,"Honduras"
"7626","I602_staff_training",4.1,"Honduras"
"7627","I603_vocational_training",3.9,"Honduras"
"7628","I604_graduates_skillset",4,"Honduras"
"7629","I605_digital_skills",3.6,"Honduras"
"7630","I606_skilled_employees",4,"Honduras"
"7631","Sub12_Future_Workforce",NA,"Honduras"
"7632","I501_healthy_life_expectancy",10.2,"Honduras"
"7633","Sub13_Future_Workforce_Skills",NA,"Honduras"
"7634","I608_critical_thinking",3.2,"Honduras"
"7635","I609_pupil_teacher_ratio",25.6,"Honduras"
"7636","P7_product_market",NA,"Honduras"
"7637","Sub14_Domestic_Competition",NA,"Honduras"
"7638","I701_distortive_taxes",3.4,"Honduras"
"7639","I702_market_dominance",3.6,"Honduras"
"7640","I703_competition_services",4.7,"Honduras"
"7641","Sub15_Trade_Openess",NA,"Honduras"
"7642","I704_non_tariff_barriers",4.1,"Honduras"
"7643","I705_trade_tariffs",4.07,"Honduras"
"7644","I706_tariffs_complexity",6.6,"Honduras"
"7645","I707_border_clearance",2.2,"Honduras"
"7646","P8_labour_market",NA,"Honduras"
"7647","Sub16_Flexibility",NA,"Honduras"
"7648","I801_redundancy_costs",30.3,"Honduras"
"7649","I802_hiring_firing_practices",3.7,"Honduras"
"7650","I803_labour_employer_relations",4.7,"Honduras"
"7651","I804_wage_flexibility",4.4,"Honduras"
"7652","I805_labour_market_policies",2.4,"Honduras"
"7653","I806_workers_rights",63,"Honduras"
"7654","I807_foreign_labour_hiring",4.5,"Honduras"
"7655","I808_internal_labour_mobility",5.4,"Honduras"
"7656","Sub17_Meritocracy",NA,"Honduras"
"7657","I809_reliance_on_management",4.2,"Honduras"
"7658","I810_pay_productivity",3.8,"Honduras"
"7659","I811_gender_pay_gap",0.46,"Honduras"
"7660","I812_labour_tax",3.3,"Honduras"
"7661","P9_financial_system",NA,"Honduras"
"7662","Sub18_Depth",NA,"Honduras"
"7663","I901_credit_to_private_sector",56.5,"Honduras"
"7664","I902_financing_SME",4,"Honduras"
"7665","I903_venture_capital",3,"Honduras"
"7666","I904_market_capitalization",0,"Honduras"
"7667","I905_insurance_premium",1.5,"Honduras"
"7668","Sub19_Stability",NA,"Honduras"
"7669","I906_banks_soundness",5.8,"Honduras"
"7670","I907_non_performing_loans",2.4,"Honduras"
"7671","I908_credit_gap",-1.3,"Honduras"
"7672","I909_regulatory_capital",14.2,"Honduras"
"7673","P10_market_size",NA,"Honduras"
"7674","I1001_GDP_PPP",44,"Honduras"
"7675","I1002_imports",60.2,"Honduras"
"7676","P11_dynamism",NA,"Honduras"
"7677","Sub20_Administrative_Requirements",NA,"Honduras"
"7678","I1101_starting_business_cost",40.7,"Honduras"
"7679","I1102_starting_business_time",13,"Honduras"
"7680","I1103_insolvency_recovery_rate",19,"Honduras"
"7681","I1104_insolvency_regulations",7,"Honduras"
"7682","Sub21_Entrepreneurial_Culture",NA,"Honduras"
"7683","I1105_risk_attitudes",4.4,"Honduras"
"7684","I1106_delegating_authority",4.4,"Honduras"
"7685","I1107_innovating_companies",3.9,"Honduras"
"7686","I1108_disruptive_ideas",3.4,"Honduras"
"7687","P12_innovation",NA,"Honduras"
"7688","Sub22_Diversity",NA,"Honduras"
"7689","I1201_workforce_diversity",4.5,"Honduras"
"7690","I1202_cluster_development",3.8,"Honduras"
"7691","I1203_international_inventions",0.01,"Honduras"
"7692","I1204_stakeholder_collaboration",3.6,"Honduras"
"7693","Sub23_Research_Development",NA,"Honduras"
"7694","I1205_scientific_publications",58,"Honduras"
"7695","I1206_patents",0.06,"Honduras"
"7696","I1207_RnD_expenditures",0,"Honduras"
"7697","I1208_research_institutions",0,"Honduras"
"7698","Sub24_Commercialization",NA,"Honduras"
"7699","I1209_buyer_sophistication",3.2,"Honduras"
"7700","I1210_trademarks",266.89,"Honduras"
"7701","P1_institutions",NA,"Hong Kong SAR"
"7702","Sub1_Security",NA,"Hong Kong SAR"
"7703","I101_organized_crime",5.8,"Hong Kong SAR"
"7704","I102_homicide",0.4,"Hong Kong SAR"
"7705","I103_terrorism",100,"Hong Kong SAR"
"7706","I104_police",6.4,"Hong Kong SAR"
"7707","Sub2_Social_Capital",NA,"Hong Kong SAR"
"7708","Sub2_Social_Capital",53.5,"Hong Kong SAR"
"7709","Sub3_Checks_Balances",NA,"Hong Kong SAR"
"7710","I106_transparency",NA,"Hong Kong SAR"
"7711","I107_judicial_independence",6,"Hong Kong SAR"
"7712","I108_challenging_regulations",5.5,"Hong Kong SAR"
"7713","I09_press_freedom",29.6,"Hong Kong SAR"
"7714","Sub4_Public_Sector",NA,"Hong Kong SAR"
"7715","I110_gov_burden",5.4,"Hong Kong SAR"
"7716","I111_settling_disputes",5.9,"Hong Kong SAR"
"7717","I112_e_participation",NA,"Hong Kong SAR"
"7718","Sub5_Transparency",NA,"Hong Kong SAR"
"7719","I113_corruption",76,"Hong Kong SAR"
"7720","I114_property_rights",NA,"Hong Kong SAR"
"7721","I114_property_rights",6.2,"Hong Kong SAR"
"7722","I115_intellectual_property_protection",6.1,"Hong Kong SAR"
"7723","I116_land_administration",27.5,"Hong Kong SAR"
"7724","Sub6_Corporate_Governance",NA,"Hong Kong SAR"
"7725","I117_auditing_accounting_standards",6.3,"Hong Kong SAR"
"7726","I118_interest_conflict_regulation",9,"Hong Kong SAR"
"7727","I119_shareholder_governance",6.7,"Hong Kong SAR"
"7728","Sub7_Government_Orientation",NA,"Hong Kong SAR"
"7729","I120_policy_stability",5.9,"Hong Kong SAR"
"7730","I121_response_to_change",4.7,"Hong Kong SAR"
"7731","I122_digital_business_laws",4.7,"Hong Kong SAR"
"7732","I123_gov_long_term_vision",5,"Hong Kong SAR"
"7733","I124_energy_regulations",NA,"Hong Kong SAR"
"7734","I125_renewable_energy",NA,"Hong Kong SAR"
"7735","I126_environment_treaties",NA,"Hong Kong SAR"
"7736","P2_infrastructure",NA,"Hong Kong SAR"
"7737","Sub8_Transport_Infrastructure",NA,"Hong Kong SAR"
"7738","I201_road_connectivity",65.3,"Hong Kong SAR"
"7739","I202_quality_of_roads",6.1,"Hong Kong SAR"
"7740","I203_railroad_density",219.9,"Hong Kong SAR"
"7741","I204_train_efficiency",6.5,"Hong Kong SAR"
"7742","I205_airport_connectivity",408365.3,"Hong Kong SAR"
"7743","I206_air_transport_efficiency",6.6,"Hong Kong SAR"
"7744","I207_shipping_connectivity",113.5,"Hong Kong SAR"
"7745","I208_seaport_efficiency",6.3,"Hong Kong SAR"
"7746","Sub9_Utility_Infrastructure",NA,"Hong Kong SAR"
"7747","I209_electricity_access",100,"Hong Kong SAR"
"7748","I210_electricity_supply",3.7,"Hong Kong SAR"
"7749","I211_unsafe_drinking_water",NA,"Hong Kong SAR"
"7750","I212_water_supply",6.8,"Hong Kong SAR"
"7751","P3_ICT_adoption",NA,"Hong Kong SAR"
"7752","I301_cellular_subscription",NA,"Hong Kong SAR"
"7753","I302_mobile_broadband",NA,"Hong Kong SAR"
"7754","I303_fixed_broadband",NA,"Hong Kong SAR"
"7755","I304_fibre_internet",NA,"Hong Kong SAR"
"7756","I305_internet_users",NA,"Hong Kong SAR"
"7757","P4_macro_stability",NA,"Hong Kong SAR"
"7758","I401_inflation",NA,"Hong Kong SAR"
"7759","I402_debt_dynamic",NA,"Hong Kong SAR"
"7760","P5_health",NA,"Hong Kong SAR"
"7761","I501_healthy_life_expectancy",NA,"Hong Kong SAR"
"7762","P6_skills",NA,"Hong Kong SAR"
"7763","Sub10_Workforce",NA,"Hong Kong SAR"
"7764","I601_years_of_schooling",NA,"Hong Kong SAR"
"7765","Sub11_Workforce_Skills",NA,"Hong Kong SAR"
"7766","I602_staff_training",NA,"Hong Kong SAR"
"7767","I603_vocational_training",NA,"Hong Kong SAR"
"7768","I604_graduates_skillset",NA,"Hong Kong SAR"
"7769","I605_digital_skills",NA,"Hong Kong SAR"
"7770","I606_skilled_employees",NA,"Hong Kong SAR"
"7771","Sub12_Future_Workforce",NA,"Hong Kong SAR"
"7772","I501_healthy_life_expectancy",NA,"Hong Kong SAR"
"7773","Sub13_Future_Workforce_Skills",NA,"Hong Kong SAR"
"7774","I608_critical_thinking",NA,"Hong Kong SAR"
"7775","I609_pupil_teacher_ratio",NA,"Hong Kong SAR"
"7776","P7_product_market",NA,"Hong Kong SAR"
"7777","Sub14_Domestic_Competition",NA,"Hong Kong SAR"
"7778","I701_distortive_taxes",NA,"Hong Kong SAR"
"7779","I702_market_dominance",NA,"Hong Kong SAR"
"7780","I703_competition_services",NA,"Hong Kong SAR"
"7781","Sub15_Trade_Openess",NA,"Hong Kong SAR"
"7782","I704_non_tariff_barriers",NA,"Hong Kong SAR"
"7783","I705_trade_tariffs",NA,"Hong Kong SAR"
"7784","I706_tariffs_complexity",NA,"Hong Kong SAR"
"7785","I707_border_clearance",NA,"Hong Kong SAR"
"7786","P8_labour_market",NA,"Hong Kong SAR"
"7787","Sub16_Flexibility",NA,"Hong Kong SAR"
"7788","I801_redundancy_costs",NA,"Hong Kong SAR"
"7789","I802_hiring_firing_practices",NA,"Hong Kong SAR"
"7790","I803_labour_employer_relations",NA,"Hong Kong SAR"
"7791","I804_wage_flexibility",NA,"Hong Kong SAR"
"7792","I805_labour_market_policies",NA,"Hong Kong SAR"
"7793","I806_workers_rights",NA,"Hong Kong SAR"
"7794","I807_foreign_labour_hiring",NA,"Hong Kong SAR"
"7795","I808_internal_labour_mobility",NA,"Hong Kong SAR"
"7796","Sub17_Meritocracy",NA,"Hong Kong SAR"
"7797","I809_reliance_on_management",NA,"Hong Kong SAR"
"7798","I810_pay_productivity",NA,"Hong Kong SAR"
"7799","I811_gender_pay_gap",NA,"Hong Kong SAR"
"7800","I812_labour_tax",NA,"Hong Kong SAR"
"7801","P9_financial_system",NA,"Hong Kong SAR"
"7802","Sub18_Depth",NA,"Hong Kong SAR"
"7803","I901_credit_to_private_sector",205.9,"Hong Kong SAR"
"7804","I902_financing_SME",5.2,"Hong Kong SAR"
"7805","I903_venture_capital",4.7,"Hong Kong SAR"
"7806","I904_market_capitalization",1099.6,"Hong Kong SAR"
"7807","I905_insurance_premium",15.2,"Hong Kong SAR"
"7808","Sub19_Stability",NA,"Hong Kong SAR"
"7809","I906_banks_soundness",6.5,"Hong Kong SAR"
"7810","I907_non_performing_loans",0.7,"Hong Kong SAR"
"7811","I908_credit_gap",-13.5,"Hong Kong SAR"
"7812","I909_regulatory_capital",18.9,"Hong Kong SAR"
"7813","P10_market_size",NA,"Hong Kong SAR"
"7814","I1001_GDP_PPP",427,"Hong Kong SAR"
"7815","I1002_imports",195.3,"Hong Kong SAR"
"7816","P11_dynamism",NA,"Hong Kong SAR"
"7817","Sub20_Administrative_Requirements",NA,"Hong Kong SAR"
"7818","I1101_starting_business_cost",1.1,"Hong Kong SAR"
"7819","I1102_starting_business_time",1.5,"Hong Kong SAR"
"7820","I1103_insolvency_recovery_rate",87.2,"Hong Kong SAR"
"7821","I1104_insolvency_regulations",6,"Hong Kong SAR"
"7822","Sub21_Entrepreneurial_Culture",NA,"Hong Kong SAR"
"7823","I1105_risk_attitudes",5.2,"Hong Kong SAR"
"7824","I1106_delegating_authority",5.4,"Hong Kong SAR"
"7825","I1107_innovating_companies",5,"Hong Kong SAR"
"7826","I1108_disruptive_ideas",4.8,"Hong Kong SAR"
"7827","P12_innovation",NA,"Hong Kong SAR"
"7828","Sub22_Diversity",NA,"Hong Kong SAR"
"7829","I1201_workforce_diversity",5.2,"Hong Kong SAR"
"7830","I1202_cluster_development",5.3,"Hong Kong SAR"
"7831","I1203_international_inventions",4.59,"Hong Kong SAR"
"7832","I1204_stakeholder_collaboration",4.9,"Hong Kong SAR"
"7833","Sub23_Research_Development",NA,"Hong Kong SAR"
"7834","I1205_scientific_publications",481,"Hong Kong SAR"
"7835","I1206_patents",48.61,"Hong Kong SAR"
"7836","I1207_RnD_expenditures",0.8,"Hong Kong SAR"
"7837","I1208_research_institutions",0.06,"Hong Kong SAR"
"7838","Sub24_Commercialization",NA,"Hong Kong SAR"
"7839","I1209_buyer_sophistication",5.3,"Hong Kong SAR"
"7840","I1210_trademarks",7336.74,"Hong Kong SAR"
"7841","P1_institutions",NA,"Hungary"
"7842","Sub1_Security",NA,"Hungary"
"7843","I101_organized_crime",4.5,"Hungary"
"7844","I102_homicide",2.5,"Hungary"
"7845","I103_terrorism",100,"Hungary"
"7846","I104_police",4.5,"Hungary"
"7847","Sub2_Social_Capital",NA,"Hungary"
"7848","Sub2_Social_Capital",49.4,"Hungary"
"7849","Sub3_Checks_Balances",NA,"Hungary"
"7850","I106_transparency",46,"Hungary"
"7851","I107_judicial_independence",3,"Hungary"
"7852","I108_challenging_regulations",2.3,"Hungary"
"7853","I09_press_freedom",30.4,"Hungary"
"7854","Sub4_Public_Sector",NA,"Hungary"
"7855","I110_gov_burden",3,"Hungary"
"7856","I111_settling_disputes",3.4,"Hungary"
"7857","I112_e_participation",0.71,"Hungary"
"7858","Sub5_Transparency",NA,"Hungary"
"7859","I113_corruption",46,"Hungary"
"7860","I114_property_rights",NA,"Hungary"
"7861","I114_property_rights",4,"Hungary"
"7862","I115_intellectual_property_protection",4.1,"Hungary"
"7863","I116_land_administration",26,"Hungary"
"7864","Sub6_Corporate_Governance",NA,"Hungary"
"7865","I117_auditing_accounting_standards",5,"Hungary"
"7866","I118_interest_conflict_regulation",4,"Hungary"
"7867","I119_shareholder_governance",6,"Hungary"
"7868","Sub7_Government_Orientation",NA,"Hungary"
"7869","I120_policy_stability",3.3,"Hungary"
"7870","I121_response_to_change",3.5,"Hungary"
"7871","I122_digital_business_laws",3.4,"Hungary"
"7872","I123_gov_long_term_vision",3.9,"Hungary"
"7873","I124_energy_regulations",81.8,"Hungary"
"7874","I125_renewable_energy",79.9,"Hungary"
"7875","I126_environment_treaties",27,"Hungary"
"7876","P2_infrastructure",NA,"Hungary"
"7877","Sub8_Transport_Infrastructure",NA,"Hungary"
"7878","I201_road_connectivity",86.2,"Hungary"
"7879","I202_quality_of_roads",4,"Hungary"
"7880","I203_railroad_density",80,"Hungary"
"7881","I204_train_efficiency",3.8,"Hungary"
"7882","I205_airport_connectivity",52147.1,"Hungary"
"7883","I206_air_transport_efficiency",4.6,"Hungary"
"7884","I207_shipping_connectivity",NA,"Hungary"
"7885","I208_seaport_efficiency",3.2,"Hungary"
"7886","Sub9_Utility_Infrastructure",NA,"Hungary"
"7887","I209_electricity_access",100,"Hungary"
"7888","I210_electricity_supply",8,"Hungary"
"7889","I211_unsafe_drinking_water",3.3,"Hungary"
"7890","I212_water_supply",6.2,"Hungary"
"7891","P3_ICT_adoption",NA,"Hungary"
"7892","I301_cellular_subscription",103.4,"Hungary"
"7893","I302_mobile_broadband",67.8,"Hungary"
"7894","I303_fixed_broadband",31.7,"Hungary"
"7895","I304_fibre_internet",6.4,"Hungary"
"7896","I305_internet_users",76.1,"Hungary"
"7897","P4_macro_stability",NA,"Hungary"
"7898","I401_inflation",2.6,"Hungary"
"7899","I402_debt_dynamic",80,"Hungary"
"7900","P5_health",NA,"Hungary"
"7901","I501_healthy_life_expectancy",65.8,"Hungary"
"7902","P6_skills",NA,"Hungary"
"7903","Sub10_Workforce",NA,"Hungary"
"7904","I601_years_of_schooling",11.9,"Hungary"
"7905","Sub11_Workforce_Skills",NA,"Hungary"
"7906","I602_staff_training",3.7,"Hungary"
"7907","I603_vocational_training",3.6,"Hungary"
"7908","I604_graduates_skillset",3.9,"Hungary"
"7909","I605_digital_skills",4,"Hungary"
"7910","I606_skilled_employees",3,"Hungary"
"7911","Sub12_Future_Workforce",NA,"Hungary"
"7912","I501_healthy_life_expectancy",15.1,"Hungary"
"7913","Sub13_Future_Workforce_Skills",NA,"Hungary"
"7914","I608_critical_thinking",3.4,"Hungary"
"7915","I609_pupil_teacher_ratio",10.8,"Hungary"
"7916","P7_product_market",NA,"Hungary"
"7917","Sub14_Domestic_Competition",NA,"Hungary"
"7918","I701_distortive_taxes",3.1,"Hungary"
"7919","I702_market_dominance",3.3,"Hungary"
"7920","I703_competition_services",4.7,"Hungary"
"7921","Sub15_Trade_Openess",NA,"Hungary"
"7922","I704_non_tariff_barriers",4.4,"Hungary"
"7923","I705_trade_tariffs",1.12,"Hungary"
"7924","I706_tariffs_complexity",2.9,"Hungary"
"7925","I707_border_clearance",3.4,"Hungary"
"7926","P8_labour_market",NA,"Hungary"
"7927","Sub16_Flexibility",NA,"Hungary"
"7928","I801_redundancy_costs",13.4,"Hungary"
"7929","I802_hiring_firing_practices",4,"Hungary"
"7930","I803_labour_employer_relations",4.2,"Hungary"
"7931","I804_wage_flexibility",4.7,"Hungary"
"7932","I805_labour_market_policies",3.4,"Hungary"
"7933","I806_workers_rights",82,"Hungary"
"7934","I807_foreign_labour_hiring",4.8,"Hungary"
"7935","I808_internal_labour_mobility",3.1,"Hungary"
"7936","Sub17_Meritocracy",NA,"Hungary"
"7937","I809_reliance_on_management",4,"Hungary"
"7938","I810_pay_productivity",3.5,"Hungary"
"7939","I811_gender_pay_gap",0.79,"Hungary"
"7940","I812_labour_tax",29,"Hungary"
"7941","P9_financial_system",NA,"Hungary"
"7942","Sub18_Depth",NA,"Hungary"
"7943","I901_credit_to_private_sector",34.4,"Hungary"
"7944","I902_financing_SME",4,"Hungary"
"7945","I903_venture_capital",3.5,"Hungary"
"7946","I904_market_capitalization",18.3,"Hungary"
"7947","I905_insurance_premium",2.5,"Hungary"
"7948","Sub19_Stability",NA,"Hungary"
"7949","I906_banks_soundness",5.4,"Hungary"
"7950","I907_non_performing_loans",4.2,"Hungary"
"7951","I908_credit_gap",-10.1,"Hungary"
"7952","I909_regulatory_capital",17.7,"Hungary"
"7953","P10_market_size",NA,"Hungary"
"7954","I1001_GDP_PPP",277,"Hungary"
"7955","I1002_imports",90.8,"Hungary"
"7956","P11_dynamism",NA,"Hungary"
"7957","Sub20_Administrative_Requirements",NA,"Hungary"
"7958","I1101_starting_business_cost",4.9,"Hungary"
"7959","I1102_starting_business_time",7,"Hungary"
"7960","I1103_insolvency_recovery_rate",44.2,"Hungary"
"7961","I1104_insolvency_regulations",10,"Hungary"
"7962","Sub21_Entrepreneurial_Culture",NA,"Hungary"
"7963","I1105_risk_attitudes",3.1,"Hungary"
"7964","I1106_delegating_authority",4,"Hungary"
"7965","I1107_innovating_companies",3.6,"Hungary"
"7966","I1108_disruptive_ideas",3,"Hungary"
"7967","P12_innovation",NA,"Hungary"
"7968","Sub22_Diversity",NA,"Hungary"
"7969","I1201_workforce_diversity",2.6,"Hungary"
"7970","I1202_cluster_development",3.8,"Hungary"
"7971","I1203_international_inventions",4.51,"Hungary"
"7972","I1204_stakeholder_collaboration",3.3,"Hungary"
"7973","Sub23_Research_Development",NA,"Hungary"
"7974","I1205_scientific_publications",390.7,"Hungary"
"7975","I1206_patents",20.24,"Hungary"
"7976","I1207_RnD_expenditures",1.2,"Hungary"
"7977","I1208_research_institutions",0.04,"Hungary"
"7978","Sub24_Commercialization",NA,"Hungary"
"7979","I1209_buyer_sophistication",2.9,"Hungary"
"7980","I1210_trademarks",2410.49,"Hungary"
"7981","P1_institutions",NA,"Iceland"
"7982","Sub1_Security",NA,"Iceland"
"7983","I101_organized_crime",6.6,"Iceland"
"7984","I102_homicide",0.9,"Iceland"
"7985","I103_terrorism",100,"Iceland"
"7986","I104_police",6.4,"Iceland"
"7987","Sub2_Social_Capital",NA,"Iceland"
"7988","Sub2_Social_Capital",66,"Iceland"
"7989","Sub3_Checks_Balances",NA,"Iceland"
"7990","I106_transparency",NA,"Iceland"
"7991","I107_judicial_independence",5.5,"Iceland"
"7992","I108_challenging_regulations",4.9,"Iceland"
"7993","I09_press_freedom",14.7,"Iceland"
"7994","Sub4_Public_Sector",NA,"Iceland"
"7995","I110_gov_burden",4,"Iceland"
"7996","I111_settling_disputes",5.2,"Iceland"
"7997","I112_e_participation",0.69,"Iceland"
"7998","Sub5_Transparency",NA,"Iceland"
"7999","I113_corruption",76,"Iceland"
"8000","I114_property_rights",NA,"Iceland"
"8001","I114_property_rights",5.9,"Iceland"
"8002","I115_intellectual_property_protection",5.5,"Iceland"
"8003","I116_land_administration",26.5,"Iceland"
"8004","Sub6_Corporate_Governance",NA,"Iceland"
"8005","I117_auditing_accounting_standards",5.8,"Iceland"
"8006","I118_interest_conflict_regulation",6.7,"Iceland"
"8007","I119_shareholder_governance",7.3,"Iceland"
"8008","Sub7_Government_Orientation",NA,"Iceland"
"8009","I120_policy_stability",4.8,"Iceland"
"8010","I121_response_to_change",4.5,"Iceland"
"8011","I122_digital_business_laws",4.7,"Iceland"
"8012","I123_gov_long_term_vision",4.2,"Iceland"
"8013","I124_energy_regulations",NA,"Iceland"
"8014","I125_renewable_energy",NA,"Iceland"
"8015","I126_environment_treaties",21,"Iceland"
"8016","P2_infrastructure",NA,"Iceland"
"8017","Sub8_Transport_Infrastructure",NA,"Iceland"
"8018","I201_road_connectivity",58.2,"Iceland"
"8019","I202_quality_of_roads",4.1,"Iceland"
"8020","I203_railroad_density",NA,"Iceland"
"8021","I204_train_efficiency",NA,"Iceland"
"8022","I205_airport_connectivity",53237.5,"Iceland"
"8023","I206_air_transport_efficiency",5.6,"Iceland"
"8024","I207_shipping_connectivity",5.3,"Iceland"
"8025","I208_seaport_efficiency",5.4,"Iceland"
"8026","Sub9_Utility_Infrastructure",NA,"Iceland"
"8027","I209_electricity_access",100,"Iceland"
"8028","I210_electricity_supply",2.6,"Iceland"
"8029","I211_unsafe_drinking_water",0.2,"Iceland"
"8030","I212_water_supply",6.9,"Iceland"
"8031","P3_ICT_adoption",NA,"Iceland"
"8032","I301_cellular_subscription",126.1,"Iceland"
"8033","I302_mobile_broadband",125.5,"Iceland"
"8034","I303_fixed_broadband",40.6,"Iceland"
"8035","I304_fibre_internet",16.9,"Iceland"
"8036","I305_internet_users",99,"Iceland"
"8037","P4_macro_stability",NA,"Iceland"
"8038","I401_inflation",2.2,"Iceland"
"8039","I402_debt_dynamic",100,"Iceland"
"8040","P5_health",NA,"Iceland"
"8041","I501_healthy_life_expectancy",71.3,"Iceland"
"8042","P6_skills",NA,"Iceland"
"8043","Sub10_Workforce",NA,"Iceland"
"8044","I601_years_of_schooling",12.5,"Iceland"
"8045","Sub11_Workforce_Skills",NA,"Iceland"
"8046","I602_staff_training",4.9,"Iceland"
"8047","I603_vocational_training",5.2,"Iceland"
"8048","I604_graduates_skillset",5.2,"Iceland"
"8049","I605_digital_skills",5.7,"Iceland"
"8050","I606_skilled_employees",5.2,"Iceland"
"8051","Sub12_Future_Workforce",NA,"Iceland"
"8052","I501_healthy_life_expectancy",19.2,"Iceland"
"8053","Sub13_Future_Workforce_Skills",NA,"Iceland"
"8054","I608_critical_thinking",4.6,"Iceland"
"8055","I609_pupil_teacher_ratio",10.1,"Iceland"
"8056","P7_product_market",NA,"Iceland"
"8057","Sub14_Domestic_Competition",NA,"Iceland"
"8058","I701_distortive_taxes",4.5,"Iceland"
"8059","I702_market_dominance",3.8,"Iceland"
"8060","I703_competition_services",5.4,"Iceland"
"8061","Sub15_Trade_Openess",NA,"Iceland"
"8062","I704_non_tariff_barriers",4.3,"Iceland"
"8063","I705_trade_tariffs",2.68,"Iceland"
"8064","I706_tariffs_complexity",4.3,"Iceland"
"8065","I707_border_clearance",2.8,"Iceland"
"8066","P8_labour_market",NA,"Iceland"
"8067","Sub16_Flexibility",NA,"Iceland"
"8068","I801_redundancy_costs",13,"Iceland"
"8069","I802_hiring_firing_practices",5.3,"Iceland"
"8070","I803_labour_employer_relations",5.4,"Iceland"
"8071","I804_wage_flexibility",3.8,"Iceland"
"8072","I805_labour_market_policies",5.4,"Iceland"
"8073","I806_workers_rights",99,"Iceland"
"8074","I807_foreign_labour_hiring",4.6,"Iceland"
"8075","I808_internal_labour_mobility",4.2,"Iceland"
"8076","Sub17_Meritocracy",NA,"Iceland"
"8077","I809_reliance_on_management",5.4,"Iceland"
"8078","I810_pay_productivity",4.6,"Iceland"
"8079","I811_gender_pay_gap",0.99,"Iceland"
"8080","I812_labour_tax",17.4,"Iceland"
"8081","P9_financial_system",NA,"Iceland"
"8082","Sub18_Depth",NA,"Iceland"
"8083","I901_credit_to_private_sector",88.7,"Iceland"
"8084","I902_financing_SME",4.5,"Iceland"
"8085","I903_venture_capital",3.7,"Iceland"
"8086","I904_market_capitalization",38.2,"Iceland"
"8087","I905_insurance_premium",2.2,"Iceland"
"8088","Sub19_Stability",NA,"Iceland"
"8089","I906_banks_soundness",5.5,"Iceland"
"8090","I907_non_performing_loans",2.9,"Iceland"
"8091","I908_credit_gap",-13.5,"Iceland"
"8092","I909_regulatory_capital",27,"Iceland"
"8093","P10_market_size",NA,"Iceland"
"8094","I1001_GDP_PPP",17,"Iceland"
"8095","I1002_imports",45.8,"Iceland"
"8096","P11_dynamism",NA,"Iceland"
"8097","Sub20_Administrative_Requirements",NA,"Iceland"
"8098","I1101_starting_business_cost",1.7,"Iceland"
"8099","I1102_starting_business_time",11.5,"Iceland"
"8100","I1103_insolvency_recovery_rate",85.3,"Iceland"
"8101","I1104_insolvency_regulations",11.5,"Iceland"
"8102","Sub21_Entrepreneurial_Culture",NA,"Iceland"
"8103","I1105_risk_attitudes",5,"Iceland"
"8104","I1106_delegating_authority",5.4,"Iceland"
"8105","I1107_innovating_companies",4.8,"Iceland"
"8106","I1108_disruptive_ideas",4.6,"Iceland"
"8107","P12_innovation",NA,"Iceland"
"8108","Sub22_Diversity",NA,"Iceland"
"8109","I1201_workforce_diversity",5,"Iceland"
"8110","I1202_cluster_development",4.1,"Iceland"
"8111","I1203_international_inventions",13.26,"Iceland"
"8112","I1204_stakeholder_collaboration",4.8,"Iceland"
"8113","Sub23_Research_Development",NA,"Iceland"
"8114","I1205_scientific_publications",270,"Iceland"
"8115","I1206_patents",92.42,"Iceland"
"8116","I1207_RnD_expenditures",2.1,"Iceland"
"8117","I1208_research_institutions",0.01,"Iceland"
"8118","Sub24_Commercialization",NA,"Iceland"
"8119","I1209_buyer_sophistication",4.3,"Iceland"
"8120","I1210_trademarks",7987,"Iceland"
"8121","P1_institutions",NA,"India"
"8122","Sub1_Security",NA,"India"
"8123","I101_organized_crime",4.3,"India"
"8124","I102_homicide",3.2,"India"
"8125","I103_terrorism",26.3,"India"
"8126","I104_police",4.2,"India"
"8127","Sub2_Social_Capital",NA,"India"
"8128","Sub2_Social_Capital",46.8,"India"
"8129","Sub3_Checks_Balances",NA,"India"
"8130","I106_transparency",48,"India"
"8131","I107_judicial_independence",4.3,"India"
"8132","I108_challenging_regulations",4,"India"
"8133","I09_press_freedom",45.7,"India"
"8134","Sub4_Public_Sector",NA,"India"
"8135","I110_gov_burden",4.1,"India"
"8136","I111_settling_disputes",4.1,"India"
"8137","I112_e_participation",0.96,"India"
"8138","Sub5_Transparency",NA,"India"
"8139","I113_corruption",41,"India"
"8140","I114_property_rights",NA,"India"
"8141","I114_property_rights",4.4,"India"
"8142","I115_intellectual_property_protection",4.4,"India"
"8143","I116_land_administration",8.7,"India"
"8144","Sub6_Corporate_Governance",NA,"India"
"8145","I117_auditing_accounting_standards",4.7,"India"
"8146","I118_interest_conflict_regulation",7.3,"India"
"8147","I119_shareholder_governance",8.7,"India"
"8148","Sub7_Government_Orientation",NA,"India"
"8149","I120_policy_stability",4.5,"India"
"8150","I121_response_to_change",4.4,"India"
"8151","I122_digital_business_laws",4.5,"India"
"8152","I123_gov_long_term_vision",4.6,"India"
"8153","I124_energy_regulations",66.4,"India"
"8154","I125_renewable_energy",87.3,"India"
"8155","I126_environment_treaties",26,"India"
"8156","P2_infrastructure",NA,"India"
"8157","Sub8_Transport_Infrastructure",NA,"India"
"8158","I201_road_connectivity",75.8,"India"
"8159","I202_quality_of_roads",4.5,"India"
"8160","I203_railroad_density",22.7,"India"
"8161","I204_train_efficiency",4.4,"India"
"8162","I205_airport_connectivity",1224525.6,"India"
"8163","I206_air_transport_efficiency",4.9,"India"
"8164","I207_shipping_connectivity",59.9,"India"
"8165","I208_seaport_efficiency",4.5,"India"
"8166","Sub9_Utility_Infrastructure",NA,"India"
"8167","I209_electricity_access",87.5,"India"
"8168","I210_electricity_supply",17.6,"India"
"8169","I211_unsafe_drinking_water",51.1,"India"
"8170","I212_water_supply",4.4,"India"
"8171","P3_ICT_adoption",NA,"India"
"8172","I301_cellular_subscription",86.9,"India"
"8173","I302_mobile_broadband",37.5,"India"
"8174","I303_fixed_broadband",1.3,"India"
"8175","I304_fibre_internet",0,"India"
"8176","I305_internet_users",34.5,"India"
"8177","P4_macro_stability",NA,"India"
"8178","I401_inflation",3.5,"India"
"8179","I402_debt_dynamic",80,"India"
"8180","P5_health",NA,"India"
"8181","I501_healthy_life_expectancy",59.4,"India"
"8182","P6_skills",NA,"India"
"8183","Sub10_Workforce",NA,"India"
"8184","I601_years_of_schooling",6,"India"
"8185","Sub11_Workforce_Skills",NA,"India"
"8186","I602_staff_training",4.3,"India"
"8187","I603_vocational_training",4.2,"India"
"8188","I604_graduates_skillset",3.8,"India"
"8189","I605_digital_skills",4.4,"India"
"8190","I606_skilled_employees",4.2,"India"
"8191","Sub12_Future_Workforce",NA,"India"
"8192","I501_healthy_life_expectancy",12.3,"India"
"8193","Sub13_Future_Workforce_Skills",NA,"India"
"8194","I608_critical_thinking",3.6,"India"
"8195","I609_pupil_teacher_ratio",35.2,"India"
"8196","P7_product_market",NA,"India"
"8197","Sub14_Domestic_Competition",NA,"India"
"8198","I701_distortive_taxes",4,"India"
"8199","I702_market_dominance",4.2,"India"
"8200","I703_competition_services",5,"India"
"8201","Sub15_Trade_Openess",NA,"India"
"8202","I704_non_tariff_barriers",4.5,"India"
"8203","I705_trade_tariffs",14.43,"India"
"8204","I706_tariffs_complexity",4.9,"India"
"8205","I707_border_clearance",3,"India"
"8206","P8_labour_market",NA,"India"
"8207","Sub16_Flexibility",NA,"India"
"8208","I801_redundancy_costs",15.7,"India"
"8209","I802_hiring_firing_practices",4.2,"India"
"8210","I803_labour_employer_relations",4.5,"India"
"8211","I804_wage_flexibility",4.8,"India"
"8212","I805_labour_market_policies",3.5,"India"
"8213","I806_workers_rights",58,"India"
"8214","I807_foreign_labour_hiring",3.7,"India"
"8215","I808_internal_labour_mobility",4.7,"India"
"8216","Sub17_Meritocracy",NA,"India"
"8217","I809_reliance_on_management",4.8,"India"
"8218","I810_pay_productivity",4.1,"India"
"8219","I811_gender_pay_gap",0.26,"India"
"8220","I812_labour_tax",20.3,"India"
"8221","P9_financial_system",NA,"India"
"8222","Sub18_Depth",NA,"India"
"8223","I901_credit_to_private_sector",50.4,"India"
"8224","I902_financing_SME",4.7,"India"
"8225","I903_venture_capital",4.2,"India"
"8226","I904_market_capitalization",76.9,"India"
"8227","I905_insurance_premium",3,"India"
"8228","Sub19_Stability",NA,"India"
"8229","I906_banks_soundness",4.6,"India"
"8230","I907_non_performing_loans",10,"India"
"8231","I908_credit_gap",-5.4,"India"
"8232","I909_regulatory_capital",12.8,"India"
"8233","P10_market_size",NA,"India"
"8234","I1001_GDP_PPP",9338,"India"
"8235","I1002_imports",25.3,"India"
"8236","P11_dynamism",NA,"India"
"8237","Sub20_Administrative_Requirements",NA,"India"
"8238","I1101_starting_business_cost",14.4,"India"
"8239","I1102_starting_business_time",16.5,"India"
"8240","I1103_insolvency_recovery_rate",26.5,"India"
"8241","I1104_insolvency_regulations",8.5,"India"
"8242","Sub21_Entrepreneurial_Culture",NA,"India"
"8243","I1105_risk_attitudes",4.3,"India"
"8244","I1106_delegating_authority",4.3,"India"
"8245","I1107_innovating_companies",4.6,"India"
"8246","I1108_disruptive_ideas",4.1,"India"
"8247","P12_innovation",NA,"India"
"8248","Sub22_Diversity",NA,"India"
"8249","I1201_workforce_diversity",4.3,"India"
"8250","I1202_cluster_development",4.3,"India"
"8251","I1203_international_inventions",0.39,"India"
"8252","I1204_stakeholder_collaboration",4.2,"India"
"8253","Sub23_Research_Development",NA,"India"
"8254","I1205_scientific_publications",523,"India"
"8255","I1206_patents",1.5,"India"
"8256","I1207_RnD_expenditures",0.6,"India"
"8257","I1208_research_institutions",0.42,"India"
"8258","Sub24_Commercialization",NA,"India"
"8259","I1209_buyer_sophistication",4,"India"
"8260","I1210_trademarks",209.34,"India"
"8261","P1_institutions",NA,"Indonesia"
"8262","Sub1_Security",NA,"Indonesia"
"8263","I101_organized_crime",4.3,"Indonesia"
"8264","I102_homicide",0.4,"Indonesia"
"8265","I103_terrorism",96.8,"Indonesia"
"8266","I104_police",4.4,"Indonesia"
"8267","Sub2_Social_Capital",NA,"Indonesia"
"8268","Sub2_Social_Capital",63.2,"Indonesia"
"8269","Sub3_Checks_Balances",NA,"Indonesia"
"8270","I106_transparency",64,"Indonesia"
"8271","I107_judicial_independence",4.1,"Indonesia"
"8272","I108_challenging_regulations",4,"Indonesia"
"8273","I09_press_freedom",36.8,"Indonesia"
"8274","Sub4_Public_Sector",NA,"Indonesia"
"8275","I110_gov_burden",4,"Indonesia"
"8276","I111_settling_disputes",4.1,"Indonesia"
"8277","I112_e_participation",0.62,"Indonesia"
"8278","Sub5_Transparency",NA,"Indonesia"
"8279","I113_corruption",38,"Indonesia"
"8280","I114_property_rights",NA,"Indonesia"
"8281","I114_property_rights",4.7,"Indonesia"
"8282","I115_intellectual_property_protection",4.6,"Indonesia"
"8283","I116_land_administration",14.5,"Indonesia"
"8284","Sub6_Corporate_Governance",NA,"Indonesia"
"8285","I117_auditing_accounting_standards",4.6,"Indonesia"
"8286","I118_interest_conflict_regulation",5.7,"Indonesia"
"8287","I119_shareholder_governance",7,"Indonesia"
"8288","Sub7_Government_Orientation",NA,"Indonesia"
"8289","I120_policy_stability",4.6,"Indonesia"
"8290","I121_response_to_change",4.7,"Indonesia"
"8291","I122_digital_business_laws",4.5,"Indonesia"
"8292","I123_gov_long_term_vision",4.6,"Indonesia"
"8293","I124_energy_regulations",25.7,"Indonesia"
"8294","I125_renewable_energy",53.7,"Indonesia"
"8295","I126_environment_treaties",22,"Indonesia"
"8296","P2_infrastructure",NA,"Indonesia"
"8297","Sub8_Transport_Infrastructure",NA,"Indonesia"
"8298","I201_road_connectivity",59.8,"Indonesia"
"8299","I202_quality_of_roads",4.2,"Indonesia"
"8300","I203_railroad_density",2.6,"Indonesia"
"8301","I204_train_efficiency",4.7,"Indonesia"
"8302","I205_airport_connectivity",972336.6,"Indonesia"
"8303","I206_air_transport_efficiency",4.9,"Indonesia"
"8304","I207_shipping_connectivity",47.8,"Indonesia"
"8305","I208_seaport_efficiency",4.3,"Indonesia"
"8306","Sub9_Utility_Infrastructure",NA,"Indonesia"
"8307","I209_electricity_access",94.8,"Indonesia"
"8308","I210_electricity_supply",9.1,"Indonesia"
"8309","I211_unsafe_drinking_water",35.8,"Indonesia"
"8310","I212_water_supply",4.8,"Indonesia"
"8311","P3_ICT_adoption",NA,"Indonesia"
"8312","I301_cellular_subscription",119.8,"Indonesia"
"8313","I302_mobile_broadband",87.2,"Indonesia"
"8314","I303_fixed_broadband",3.3,"Indonesia"
"8315","I304_fibre_internet",1.5,"Indonesia"
"8316","I305_internet_users",39.8,"Indonesia"
"8317","P4_macro_stability",NA,"Indonesia"
"8318","I401_inflation",3.5,"Indonesia"
"8319","I402_debt_dynamic",80,"Indonesia"
"8320","P5_health",NA,"Indonesia"
"8321","I501_healthy_life_expectancy",62.7,"Indonesia"
"8322","P6_skills",NA,"Indonesia"
"8323","Sub10_Workforce",NA,"Indonesia"
"8324","I601_years_of_schooling",8,"Indonesia"
"8325","Sub11_Workforce_Skills",NA,"Indonesia"
"8326","I602_staff_training",4.6,"Indonesia"
"8327","I603_vocational_training",4.6,"Indonesia"
"8328","I604_graduates_skillset",4.5,"Indonesia"
"8329","I605_digital_skills",4.5,"Indonesia"
"8330","I606_skilled_employees",4.6,"Indonesia"
"8331","Sub12_Future_Workforce",NA,"Indonesia"
"8332","I501_healthy_life_expectancy",13.4,"Indonesia"
"8333","Sub13_Future_Workforce_Skills",NA,"Indonesia"
"8334","I608_critical_thinking",4.2,"Indonesia"
"8335","I609_pupil_teacher_ratio",16.1,"Indonesia"
"8336","P7_product_market",NA,"Indonesia"
"8337","Sub14_Domestic_Competition",NA,"Indonesia"
"8338","I701_distortive_taxes",4.3,"Indonesia"
"8339","I702_market_dominance",4,"Indonesia"
"8340","I703_competition_services",5,"Indonesia"
"8341","Sub15_Trade_Openess",NA,"Indonesia"
"8342","I704_non_tariff_barriers",4.3,"Indonesia"
"8343","I705_trade_tariffs",5.58,"Indonesia"
"8344","I706_tariffs_complexity",5.7,"Indonesia"
"8345","I707_border_clearance",2.7,"Indonesia"
"8346","P8_labour_market",NA,"Indonesia"
"8347","Sub16_Flexibility",NA,"Indonesia"
"8348","I801_redundancy_costs",57.8,"Indonesia"
"8349","I802_hiring_firing_practices",4.5,"Indonesia"
"8350","I803_labour_employer_relations",4.5,"Indonesia"
"8351","I804_wage_flexibility",4.8,"Indonesia"
"8352","I805_labour_market_policies",4,"Indonesia"
"8353","I806_workers_rights",64,"Indonesia"
"8354","I807_foreign_labour_hiring",4.4,"Indonesia"
"8355","I808_internal_labour_mobility",4.7,"Indonesia"
"8356","Sub17_Meritocracy",NA,"Indonesia"
"8357","I809_reliance_on_management",4.7,"Indonesia"
"8358","I810_pay_productivity",4.6,"Indonesia"
"8359","I811_gender_pay_gap",0.51,"Indonesia"
"8360","I812_labour_tax",11.6,"Indonesia"
"8361","P9_financial_system",NA,"Indonesia"
"8362","Sub18_Depth",NA,"Indonesia"
"8363","I901_credit_to_private_sector",39.1,"Indonesia"
"8364","I902_financing_SME",4.5,"Indonesia"
"8365","I903_venture_capital",3.8,"Indonesia"
"8366","I904_market_capitalization",46,"Indonesia"
"8367","I905_insurance_premium",1.5,"Indonesia"
"8368","Sub19_Stability",NA,"Indonesia"
"8369","I906_banks_soundness",4.8,"Indonesia"
"8370","I907_non_performing_loans",2.6,"Indonesia"
"8371","I908_credit_gap",-0.8,"Indonesia"
"8372","I909_regulatory_capital",22.3,"Indonesia"
"8373","P10_market_size",NA,"Indonesia"
"8374","I1001_GDP_PPP",3106,"Indonesia"
"8375","I1002_imports",21.9,"Indonesia"
"8376","P11_dynamism",NA,"Indonesia"
"8377","Sub20_Administrative_Requirements",NA,"Indonesia"
"8378","I1101_starting_business_cost",6.1,"Indonesia"
"8379","I1102_starting_business_time",19.6,"Indonesia"
"8380","I1103_insolvency_recovery_rate",65.2,"Indonesia"
"8381","I1104_insolvency_regulations",10.5,"Indonesia"
"8382","Sub21_Entrepreneurial_Culture",NA,"Indonesia"
"8383","I1105_risk_attitudes",4.5,"Indonesia"
"8384","I1106_delegating_authority",4.9,"Indonesia"
"8385","I1107_innovating_companies",4.8,"Indonesia"
"8386","I1108_disruptive_ideas",4.3,"Indonesia"
"8387","P12_innovation",NA,"Indonesia"
"8388","Sub22_Diversity",NA,"Indonesia"
"8389","I1201_workforce_diversity",4.9,"Indonesia"
"8390","I1202_cluster_development",4.6,"Indonesia"
"8391","I1203_international_inventions",0.03,"Indonesia"
"8392","I1204_stakeholder_collaboration",4.6,"Indonesia"
"8393","Sub23_Research_Development",NA,"Indonesia"
"8394","I1205_scientific_publications",195,"Indonesia"
"8395","I1206_patents",0.07,"Indonesia"
"8396","I1207_RnD_expenditures",0.1,"Indonesia"
"8397","I1208_research_institutions",0.04,"Indonesia"
"8398","Sub24_Commercialization",NA,"Indonesia"
"8399","I1209_buyer_sophistication",3.6,"Indonesia"
"8400","I1210_trademarks",185.34,"Indonesia"
"8401","P1_institutions",NA,"Iran, Islamic Rep."
"8402","Sub1_Security",NA,"Iran, Islamic Rep."
"8403","I101_organized_crime",3.9,"Iran, Islamic Rep."
"8404","I102_homicide",2.5,"Iran, Islamic Rep."
"8405","I103_terrorism",97.6,"Iran, Islamic Rep."
"8406","I104_police",4.1,"Iran, Islamic Rep."
"8407","Sub2_Social_Capital",NA,"Iran, Islamic Rep."
"8408","Sub2_Social_Capital",52.8,"Iran, Islamic Rep."
"8409","Sub3_Checks_Balances",NA,"Iran, Islamic Rep."
"8410","I106_transparency",NA,"Iran, Islamic Rep."
"8411","I107_judicial_independence",3.1,"Iran, Islamic Rep."
"8412","I108_challenging_regulations",2.4,"Iran, Islamic Rep."
"8413","I09_press_freedom",64.4,"Iran, Islamic Rep."
"8414","Sub4_Public_Sector",NA,"Iran, Islamic Rep."
"8415","I110_gov_burden",2.4,"Iran, Islamic Rep."
"8416","I111_settling_disputes",2.7,"Iran, Islamic Rep."
"8417","I112_e_participation",0.53,"Iran, Islamic Rep."
"8418","Sub5_Transparency",NA,"Iran, Islamic Rep."
"8419","I113_corruption",28,"Iran, Islamic Rep."
"8420","I114_property_rights",NA,"Iran, Islamic Rep."
"8421","I114_property_rights",3.5,"Iran, Islamic Rep."
"8422","I115_intellectual_property_protection",2.7,"Iran, Islamic Rep."
"8423","I116_land_administration",15,"Iran, Islamic Rep."
"8424","Sub6_Corporate_Governance",NA,"Iran, Islamic Rep."
"8425","I117_auditing_accounting_standards",3.6,"Iran, Islamic Rep."
"8426","I118_interest_conflict_regulation",4,"Iran, Islamic Rep."
"8427","I119_shareholder_governance",2.7,"Iran, Islamic Rep."
"8428","Sub7_Government_Orientation",NA,"Iran, Islamic Rep."
"8429","I120_policy_stability",2.4,"Iran, Islamic Rep."
"8430","I121_response_to_change",2.9,"Iran, Islamic Rep."
"8431","I122_digital_business_laws",3.3,"Iran, Islamic Rep."
"8432","I123_gov_long_term_vision",2.7,"Iran, Islamic Rep."
"8433","I124_energy_regulations",75.7,"Iran, Islamic Rep."
"8434","I125_renewable_energy",59,"Iran, Islamic Rep."
"8435","I126_environment_treaties",21,"Iran, Islamic Rep."
"8436","P2_infrastructure",NA,"Iran, Islamic Rep."
"8437","Sub8_Transport_Infrastructure",NA,"Iran, Islamic Rep."
"8438","I201_road_connectivity",85.4,"Iran, Islamic Rep."
"8439","I202_quality_of_roads",3.9,"Iran, Islamic Rep."
"8440","I203_railroad_density",5.5,"Iran, Islamic Rep."
"8441","I204_train_efficiency",3.7,"Iran, Islamic Rep."
"8442","I205_airport_connectivity",80533.3,"Iran, Islamic Rep."
"8443","I206_air_transport_efficiency",3.1,"Iran, Islamic Rep."
"8444","I207_shipping_connectivity",42.5,"Iran, Islamic Rep."
"8445","I208_seaport_efficiency",3.7,"Iran, Islamic Rep."
"8446","Sub9_Utility_Infrastructure",NA,"Iran, Islamic Rep."
"8447","I209_electricity_access",99.1,"Iran, Islamic Rep."
"8448","I210_electricity_supply",11.7,"Iran, Islamic Rep."
"8449","I211_unsafe_drinking_water",14.3,"Iran, Islamic Rep."
"8450","I212_water_supply",4.1,"Iran, Islamic Rep."
"8451","P3_ICT_adoption",NA,"Iran, Islamic Rep."
"8452","I301_cellular_subscription",108.5,"Iran, Islamic Rep."
"8453","I302_mobile_broadband",68.2,"Iran, Islamic Rep."
"8454","I303_fixed_broadband",12,"Iran, Islamic Rep."
"8455","I304_fibre_internet",0,"Iran, Islamic Rep."
"8456","I305_internet_users",70,"Iran, Islamic Rep."
"8457","P4_macro_stability",NA,"Iran, Islamic Rep."
"8458","I401_inflation",20.4,"Iran, Islamic Rep."
"8459","I402_debt_dynamic",50,"Iran, Islamic Rep."
"8460","P5_health",NA,"Iran, Islamic Rep."
"8461","I501_healthy_life_expectancy",65.7,"Iran, Islamic Rep."
"8462","P6_skills",NA,"Iran, Islamic Rep."
"8463","Sub10_Workforce",NA,"Iran, Islamic Rep."
"8464","I601_years_of_schooling",10,"Iran, Islamic Rep."
"8465","Sub11_Workforce_Skills",NA,"Iran, Islamic Rep."
"8466","I602_staff_training",3.1,"Iran, Islamic Rep."
"8467","I603_vocational_training",3.5,"Iran, Islamic Rep."
"8468","I604_graduates_skillset",3,"Iran, Islamic Rep."
"8469","I605_digital_skills",4.1,"Iran, Islamic Rep."
"8470","I606_skilled_employees",3.9,"Iran, Islamic Rep."
"8471","Sub12_Future_Workforce",NA,"Iran, Islamic Rep."
"8472","I501_healthy_life_expectancy",14.9,"Iran, Islamic Rep."
"8473","Sub13_Future_Workforce_Skills",NA,"Iran, Islamic Rep."
"8474","I608_critical_thinking",2.6,"Iran, Islamic Rep."
"8475","I609_pupil_teacher_ratio",28.5,"Iran, Islamic Rep."
"8476","P7_product_market",NA,"Iran, Islamic Rep."
"8477","Sub14_Domestic_Competition",NA,"Iran, Islamic Rep."
"8478","I701_distortive_taxes",2.8,"Iran, Islamic Rep."
"8479","I702_market_dominance",3.8,"Iran, Islamic Rep."
"8480","I703_competition_services",4.1,"Iran, Islamic Rep."
"8481","Sub15_Trade_Openess",NA,"Iran, Islamic Rep."
"8482","I704_non_tariff_barriers",4,"Iran, Islamic Rep."
"8483","I705_trade_tariffs",26.95,"Iran, Islamic Rep."
"8484","I706_tariffs_complexity",5.2,"Iran, Islamic Rep."
"8485","I707_border_clearance",2.6,"Iran, Islamic Rep."
"8486","P8_labour_market",NA,"Iran, Islamic Rep."
"8487","Sub16_Flexibility",NA,"Iran, Islamic Rep."
"8488","I801_redundancy_costs",23.1,"Iran, Islamic Rep."
"8489","I802_hiring_firing_practices",3.3,"Iran, Islamic Rep."
"8490","I803_labour_employer_relations",3.6,"Iran, Islamic Rep."
"8491","I804_wage_flexibility",4.2,"Iran, Islamic Rep."
"8492","I805_labour_market_policies",2.5,"Iran, Islamic Rep."
"8493","I806_workers_rights",64,"Iran, Islamic Rep."
"8494","I807_foreign_labour_hiring",2.8,"Iran, Islamic Rep."
"8495","I808_internal_labour_mobility",3.9,"Iran, Islamic Rep."
"8496","Sub17_Meritocracy",NA,"Iran, Islamic Rep."
"8497","I809_reliance_on_management",3.1,"Iran, Islamic Rep."
"8498","I810_pay_productivity",3.2,"Iran, Islamic Rep."
"8499","I811_gender_pay_gap",0.22,"Iran, Islamic Rep."
"8500","I812_labour_tax",25.9,"Iran, Islamic Rep."
"8501","P9_financial_system",NA,"Iran, Islamic Rep."
"8502","Sub18_Depth",NA,"Iran, Islamic Rep."
"8503","I901_credit_to_private_sector",62.9,"Iran, Islamic Rep."
"8504","I902_financing_SME",2.9,"Iran, Islamic Rep."
"8505","I903_venture_capital",2.2,"Iran, Islamic Rep."
"8506","I904_market_capitalization",24.6,"Iran, Islamic Rep."
"8507","I905_insurance_premium",1.3,"Iran, Islamic Rep."
"8508","Sub19_Stability",NA,"Iran, Islamic Rep."
"8509","I906_banks_soundness",2.8,"Iran, Islamic Rep."
"8510","I907_non_performing_loans",11.4,"Iran, Islamic Rep."
"8511","I908_credit_gap",4.4,"Iran, Islamic Rep."
"8512","I909_regulatory_capital",5.1,"Iran, Islamic Rep."
"8513","P10_market_size",NA,"Iran, Islamic Rep."
"8514","I1001_GDP_PPP",1432,"Iran, Islamic Rep."
"8515","I1002_imports",15.9,"Iran, Islamic Rep."
"8516","P11_dynamism",NA,"Iran, Islamic Rep."
"8517","Sub20_Administrative_Requirements",NA,"Iran, Islamic Rep."
"8518","I1101_starting_business_cost",1.2,"Iran, Islamic Rep."
"8519","I1102_starting_business_time",72.5,"Iran, Islamic Rep."
"8520","I1103_insolvency_recovery_rate",37.1,"Iran, Islamic Rep."
"8521","I1104_insolvency_regulations",5,"Iran, Islamic Rep."
"8522","Sub21_Entrepreneurial_Culture",NA,"Iran, Islamic Rep."
"8523","I1105_risk_attitudes",3,"Iran, Islamic Rep."
"8524","I1106_delegating_authority",3.3,"Iran, Islamic Rep."
"8525","I1107_innovating_companies",3.8,"Iran, Islamic Rep."
"8526","I1108_disruptive_ideas",3.3,"Iran, Islamic Rep."
"8527","P12_innovation",NA,"Iran, Islamic Rep."
"8528","Sub22_Diversity",NA,"Iran, Islamic Rep."
"8529","I1201_workforce_diversity",3.7,"Iran, Islamic Rep."
"8530","I1202_cluster_development",3.5,"Iran, Islamic Rep."
"8531","I1203_international_inventions",0.07,"Iran, Islamic Rep."
"8532","I1204_stakeholder_collaboration",2.9,"Iran, Islamic Rep."
"8533","Sub23_Research_Development",NA,"Iran, Islamic Rep."
"8534","I1205_scientific_publications",261,"Iran, Islamic Rep."
"8535","I1206_patents",0.11,"Iran, Islamic Rep."
"8536","I1207_RnD_expenditures",0.3,"Iran, Islamic Rep."
"8537","I1208_research_institutions",0.2,"Iran, Islamic Rep."
"8538","Sub24_Commercialization",NA,"Iran, Islamic Rep."
"8539","I1209_buyer_sophistication",3.4,"Iran, Islamic Rep."
"8540","I1210_trademarks",948.85,"Iran, Islamic Rep."
"8541","P1_institutions",NA,"Ireland"
"8542","Sub1_Security",NA,"Ireland"
"8543","I101_organized_crime",5.4,"Ireland"
"8544","I102_homicide",0.9,"Ireland"
"8545","I103_terrorism",98.9,"Ireland"
"8546","I104_police",5.7,"Ireland"
"8547","Sub2_Social_Capital",NA,"Ireland"
"8548","Sub2_Social_Capital",64.9,"Ireland"
"8549","Sub3_Checks_Balances",NA,"Ireland"
"8550","I106_transparency",NA,"Ireland"
"8551","I107_judicial_independence",5.6,"Ireland"
"8552","I108_challenging_regulations",4,"Ireland"
"8553","I09_press_freedom",15,"Ireland"
"8554","Sub4_Public_Sector",NA,"Ireland"
"8555","I110_gov_burden",3.9,"Ireland"
"8556","I111_settling_disputes",4.2,"Ireland"
"8557","I112_e_participation",0.93,"Ireland"
"8558","Sub5_Transparency",NA,"Ireland"
"8559","I113_corruption",73,"Ireland"
"8560","I114_property_rights",NA,"Ireland"
"8561","I114_property_rights",5.7,"Ireland"
"8562","I115_intellectual_property_protection",5.6,"Ireland"
"8563","I116_land_administration",21,"Ireland"
"8564","Sub6_Corporate_Governance",NA,"Ireland"
"8565","I117_auditing_accounting_standards",5.3,"Ireland"
"8566","I118_interest_conflict_regulation",8.7,"Ireland"
"8567","I119_shareholder_governance",6.3,"Ireland"
"8568","Sub7_Government_Orientation",NA,"Ireland"
"8569","I120_policy_stability",5.3,"Ireland"
"8570","I121_response_to_change",4.4,"Ireland"
"8571","I122_digital_business_laws",4.1,"Ireland"
"8572","I123_gov_long_term_vision",4.8,"Ireland"
"8573","I124_energy_regulations",85.3,"Ireland"
"8574","I125_renewable_energy",81.4,"Ireland"
"8575","I126_environment_treaties",26,"Ireland"
"8576","P2_infrastructure",NA,"Ireland"
"8577","Sub8_Transport_Infrastructure",NA,"Ireland"
"8578","I201_road_connectivity",88.4,"Ireland"
"8579","I202_quality_of_roads",4.4,"Ireland"
"8580","I203_railroad_density",27.4,"Ireland"
"8581","I204_train_efficiency",4,"Ireland"
"8582","I205_airport_connectivity",139529.5,"Ireland"
"8583","I206_air_transport_efficiency",5.5,"Ireland"
"8584","I207_shipping_connectivity",10.7,"Ireland"
"8585","I208_seaport_efficiency",5,"Ireland"
"8586","Sub9_Utility_Infrastructure",NA,"Ireland"
"8587","I209_electricity_access",100,"Ireland"
"8588","I210_electricity_supply",7.2,"Ireland"
"8589","I211_unsafe_drinking_water",0.3,"Ireland"
"8590","I212_water_supply",5.7,"Ireland"
"8591","P3_ICT_adoption",NA,"Ireland"
"8592","I301_cellular_subscription",103.2,"Ireland"
"8593","I302_mobile_broadband",103.8,"Ireland"
"8594","I303_fixed_broadband",29.7,"Ireland"
"8595","I304_fibre_internet",0.8,"Ireland"
"8596","I305_internet_users",84.5,"Ireland"
"8597","P4_macro_stability",NA,"Ireland"
"8598","I401_inflation",0.5,"Ireland"
"8599","I402_debt_dynamic",100,"Ireland"
"8600","P5_health",NA,"Ireland"
"8601","I501_healthy_life_expectancy",70.4,"Ireland"
"8602","P6_skills",NA,"Ireland"
"8603","Sub10_Workforce",NA,"Ireland"
"8604","I601_years_of_schooling",11.3,"Ireland"
"8605","Sub11_Workforce_Skills",NA,"Ireland"
"8606","I602_staff_training",5,"Ireland"
"8607","I603_vocational_training",4.8,"Ireland"
"8608","I604_graduates_skillset",5.1,"Ireland"
"8609","I605_digital_skills",5,"Ireland"
"8610","I606_skilled_employees",4.7,"Ireland"
"8611","Sub12_Future_Workforce",NA,"Ireland"
"8612","I501_healthy_life_expectancy",18.8,"Ireland"
"8613","Sub13_Future_Workforce_Skills",NA,"Ireland"
"8614","I608_critical_thinking",4.1,"Ireland"
"8615","I609_pupil_teacher_ratio",16.1,"Ireland"
"8616","P7_product_market",NA,"Ireland"
"8617","Sub14_Domestic_Competition",NA,"Ireland"
"8618","I701_distortive_taxes",4.5,"Ireland"
"8619","I702_market_dominance",4.5,"Ireland"
"8620","I703_competition_services",4.7,"Ireland"
"8621","Sub15_Trade_Openess",NA,"Ireland"
"8622","I704_non_tariff_barriers",5,"Ireland"
"8623","I705_trade_tariffs",1.12,"Ireland"
"8624","I706_tariffs_complexity",2.9,"Ireland"
"8625","I707_border_clearance",3.4,"Ireland"
"8626","P8_labour_market",NA,"Ireland"
"8627","Sub16_Flexibility",NA,"Ireland"
"8628","I801_redundancy_costs",14.4,"Ireland"
"8629","I802_hiring_firing_practices",4.1,"Ireland"
"8630","I803_labour_employer_relations",5.2,"Ireland"
"8631","I804_wage_flexibility",5.3,"Ireland"
"8632","I805_labour_market_policies",4.7,"Ireland"
"8633","I806_workers_rights",92,"Ireland"
"8634","I807_foreign_labour_hiring",4.8,"Ireland"
"8635","I808_internal_labour_mobility",4.7,"Ireland"
"8636","Sub17_Meritocracy",NA,"Ireland"
"8637","I809_reliance_on_management",5.8,"Ireland"
"8638","I810_pay_productivity",4.7,"Ireland"
"8639","I811_gender_pay_gap",0.98,"Ireland"
"8640","I812_labour_tax",12.2,"Ireland"
"8641","P9_financial_system",NA,"Ireland"
"8642","Sub18_Depth",NA,"Ireland"
"8643","I901_credit_to_private_sector",48.4,"Ireland"
"8644","I902_financing_SME",3.9,"Ireland"
"8645","I903_venture_capital",3.5,"Ireland"
"8646","I904_market_capitalization",42.4,"Ireland"
"8647","I905_insurance_premium",6.3,"Ireland"
"8648","Sub19_Stability",NA,"Ireland"
"8649","I906_banks_soundness",4.4,"Ireland"
"8650","I907_non_performing_loans",11.5,"Ireland"
"8651","I908_credit_gap",-29,"Ireland"
"8652","I909_regulatory_capital",25.6,"Ireland"
"8653","P10_market_size",NA,"Ireland"
"8654","I1001_GDP_PPP",343,"Ireland"
"8655","I1002_imports",86.9,"Ireland"
"8656","P11_dynamism",NA,"Ireland"
"8657","Sub20_Administrative_Requirements",NA,"Ireland"
"8658","I1101_starting_business_cost",0.1,"Ireland"
"8659","I1102_starting_business_time",5,"Ireland"
"8660","I1103_insolvency_recovery_rate",86,"Ireland"
"8661","I1104_insolvency_regulations",10.5,"Ireland"
"8662","Sub21_Entrepreneurial_Culture",NA,"Ireland"
"8663","I1105_risk_attitudes",4.9,"Ireland"
"8664","I1106_delegating_authority",5.5,"Ireland"
"8665","I1107_innovating_companies",5,"Ireland"
"8666","I1108_disruptive_ideas",4.4,"Ireland"
"8667","P12_innovation",NA,"Ireland"
"8668","Sub22_Diversity",NA,"Ireland"
"8669","I1201_workforce_diversity",5,"Ireland"
"8670","I1202_cluster_development",4.5,"Ireland"
"8671","I1203_international_inventions",19.71,"Ireland"
"8672","I1204_stakeholder_collaboration",4.8,"Ireland"
"8673","Sub23_Research_Development",NA,"Ireland"
"8674","I1205_scientific_publications",451,"Ireland"
"8675","I1206_patents",84.1,"Ireland"
"8676","I1207_RnD_expenditures",1.2,"Ireland"
"8677","I1208_research_institutions",0.04,"Ireland"
"8678","Sub24_Commercialization",NA,"Ireland"
"8679","I1209_buyer_sophistication",4.5,"Ireland"
"8680","I1210_trademarks",7998.46,"Ireland"
"8681","P1_institutions",NA,"Israel"
"8682","Sub1_Security",NA,"Israel"
"8683","I101_organized_crime",5.2,"Israel"
"8684","I102_homicide",1.4,"Israel"
"8685","I103_terrorism",94.2,"Israel"
"8686","I104_police",5.1,"Israel"
"8687","Sub2_Social_Capital",NA,"Israel"
"8688","Sub2_Social_Capital",55.3,"Israel"
"8689","Sub3_Checks_Balances",NA,"Israel"
"8690","I106_transparency",NA,"Israel"
"8691","I107_judicial_independence",5.6,"Israel"
"8692","I108_challenging_regulations",4.3,"Israel"
"8693","I09_press_freedom",30.8,"Israel"
"8694","Sub4_Public_Sector",NA,"Israel"
"8695","I110_gov_burden",3.5,"Israel"
"8696","I111_settling_disputes",4.5,"Israel"
"8697","I112_e_participation",0.83,"Israel"
"8698","Sub5_Transparency",NA,"Israel"
"8699","I113_corruption",61,"Israel"
"8700","I114_property_rights",NA,"Israel"
"8701","I114_property_rights",5.4,"Israel"
"8702","I115_intellectual_property_protection",5.6,"Israel"
"8703","I116_land_administration",19,"Israel"
"8704","Sub6_Corporate_Governance",NA,"Israel"
"8705","I117_auditing_accounting_standards",5.9,"Israel"
"8706","I118_interest_conflict_regulation",8.3,"Israel"
"8707","I119_shareholder_governance",6.3,"Israel"
"8708","Sub7_Government_Orientation",NA,"Israel"
"8709","I120_policy_stability",4.5,"Israel"
"8710","I121_response_to_change",4.3,"Israel"
"8711","I122_digital_business_laws",4.9,"Israel"
"8712","I123_gov_long_term_vision",4.3,"Israel"
"8713","I124_energy_regulations",50.2,"Israel"
"8714","I125_renewable_energy",68.3,"Israel"
"8715","I126_environment_treaties",16,"Israel"
"8716","P2_infrastructure",NA,"Israel"
"8717","Sub8_Transport_Infrastructure",NA,"Israel"
"8718","I201_road_connectivity",88.7,"Israel"
"8719","I202_quality_of_roads",4.9,"Israel"
"8720","I203_railroad_density",69.1,"Israel"
"8721","I204_train_efficiency",3.7,"Israel"
"8722","I205_airport_connectivity",89748.1,"Israel"
"8723","I206_air_transport_efficiency",5.4,"Israel"
"8724","I207_shipping_connectivity",46.7,"Israel"
"8725","I208_seaport_efficiency",4.8,"Israel"
"8726","Sub9_Utility_Infrastructure",NA,"Israel"
"8727","I209_electricity_access",100,"Israel"
"8728","I210_electricity_supply",4.1,"Israel"
"8729","I211_unsafe_drinking_water",0.4,"Israel"
"8730","I212_water_supply",6.6,"Israel"
"8731","P3_ICT_adoption",NA,"Israel"
"8732","I301_cellular_subscription",127.7,"Israel"
"8733","I302_mobile_broadband",106.1,"Israel"
"8734","I303_fixed_broadband",28.8,"Israel"
"8735","I304_fibre_internet",0.1,"Israel"
"8736","I305_internet_users",81.6,"Israel"
"8737","P4_macro_stability",NA,"Israel"
"8738","I401_inflation",0.5,"Israel"
"8739","I402_debt_dynamic",100,"Israel"
"8740","P5_health",NA,"Israel"
"8741","I501_healthy_life_expectancy",71.4,"Israel"
"8742","P6_skills",NA,"Israel"
"8743","Sub10_Workforce",NA,"Israel"
"8744","I601_years_of_schooling",13,"Israel"
"8745","Sub11_Workforce_Skills",NA,"Israel"
"8746","I602_staff_training",4.7,"Israel"
"8747","I603_vocational_training",4.6,"Israel"
"8748","I604_graduates_skillset",5.1,"Israel"
"8749","I605_digital_skills",5.5,"Israel"
"8750","I606_skilled_employees",5.3,"Israel"
"8751","Sub12_Future_Workforce",NA,"Israel"
"8752","I501_healthy_life_expectancy",16,"Israel"
"8753","Sub13_Future_Workforce_Skills",NA,"Israel"
"8754","I608_critical_thinking",4.4,"Israel"
"8755","I609_pupil_teacher_ratio",12.1,"Israel"
"8756","P7_product_market",NA,"Israel"
"8757","Sub14_Domestic_Competition",NA,"Israel"
"8758","I701_distortive_taxes",4.1,"Israel"
"8759","I702_market_dominance",3.8,"Israel"
"8760","I703_competition_services",5.3,"Israel"
"8761","Sub15_Trade_Openess",NA,"Israel"
"8762","I704_non_tariff_barriers",4.5,"Israel"
"8763","I705_trade_tariffs",3.02,"Israel"
"8764","I706_tariffs_complexity",5.2,"Israel"
"8765","I707_border_clearance",3.3,"Israel"
"8766","P8_labour_market",NA,"Israel"
"8767","Sub16_Flexibility",NA,"Israel"
"8768","I801_redundancy_costs",27.4,"Israel"
"8769","I802_hiring_firing_practices",4.5,"Israel"
"8770","I803_labour_employer_relations",5,"Israel"
"8771","I804_wage_flexibility",5.2,"Israel"
"8772","I805_labour_market_policies",4.5,"Israel"
"8773","I806_workers_rights",83,"Israel"
"8774","I807_foreign_labour_hiring",3.5,"Israel"
"8775","I808_internal_labour_mobility",4.2,"Israel"
"8776","Sub17_Meritocracy",NA,"Israel"
"8777","I809_reliance_on_management",5.3,"Israel"
"8778","I810_pay_productivity",4.8,"Israel"
"8779","I811_gender_pay_gap",0.95,"Israel"
"8780","I812_labour_tax",5.8,"Israel"
"8781","P9_financial_system",NA,"Israel"
"8782","Sub18_Depth",NA,"Israel"
"8783","I901_credit_to_private_sector",66.1,"Israel"
"8784","I902_financing_SME",4.7,"Israel"
"8785","I903_venture_capital",5.2,"Israel"
"8786","I904_market_capitalization",71.6,"Israel"
"8787","I905_insurance_premium",4.6,"Israel"
"8788","Sub19_Stability",NA,"Israel"
"8789","I906_banks_soundness",6,"Israel"
"8790","I907_non_performing_loans",1.3,"Israel"
"8791","I908_credit_gap",1.5,"Israel"
"8792","I909_regulatory_capital",14.4,"Israel"
"8793","P10_market_size",NA,"Israel"
"8794","I1001_GDP_PPP",300,"Israel"
"8795","I1002_imports",32,"Israel"
"8796","P11_dynamism",NA,"Israel"
"8797","Sub20_Administrative_Requirements",NA,"Israel"
"8798","I1101_starting_business_cost",2.8,"Israel"
"8799","I1102_starting_business_time",12,"Israel"
"8800","I1103_insolvency_recovery_rate",62.5,"Israel"
"8801","I1104_insolvency_regulations",12.5,"Israel"
"8802","Sub21_Entrepreneurial_Culture",NA,"Israel"
"8803","I1105_risk_attitudes",6,"Israel"
"8804","I1106_delegating_authority",5.3,"Israel"
"8805","I1107_innovating_companies",5.8,"Israel"
"8806","I1108_disruptive_ideas",5.1,"Israel"
"8807","P12_innovation",NA,"Israel"
"8808","Sub22_Diversity",NA,"Israel"
"8809","I1201_workforce_diversity",5.1,"Israel"
"8810","I1202_cluster_development",4.4,"Israel"
"8811","I1203_international_inventions",22.41,"Israel"
"8812","I1204_stakeholder_collaboration",5.4,"Israel"
"8813","Sub23_Research_Development",NA,"Israel"
"8814","I1205_scientific_publications",624.3,"Israel"
"8815","I1206_patents",202.46,"Israel"
"8816","I1207_RnD_expenditures",4.3,"Israel"
"8817","I1208_research_institutions",0.05,"Israel"
"8818","Sub24_Commercialization",NA,"Israel"
"8819","I1209_buyer_sophistication",4.3,"Israel"
"8820","I1210_trademarks",2283.46,"Israel"
"8821","P1_institutions",NA,"Italy"
"8822","Sub1_Security",NA,"Italy"
"8823","I101_organized_crime",3.7,"Italy"
"8824","I102_homicide",0.7,"Italy"
"8825","I103_terrorism",99.3,"Italy"
"8826","I104_police",4.8,"Italy"
"8827","Sub2_Social_Capital",NA,"Italy"
"8828","Sub2_Social_Capital",55.1,"Italy"
"8829","Sub3_Checks_Balances",NA,"Italy"
"8830","I106_transparency",73,"Italy"
"8831","I107_judicial_independence",4,"Italy"
"8832","I108_challenging_regulations",2.4,"Italy"
"8833","I09_press_freedom",25,"Italy"
"8834","Sub4_Public_Sector",NA,"Italy"
"8835","I110_gov_burden",2.1,"Italy"
"8836","I111_settling_disputes",2.4,"Italy"
"8837","I112_e_participation",0.96,"Italy"
"8838","Sub5_Transparency",NA,"Italy"
"8839","I113_corruption",52,"Italy"
"8840","I114_property_rights",NA,"Italy"
"8841","I114_property_rights",4.4,"Italy"
"8842","I115_intellectual_property_protection",4.6,"Italy"
"8843","I116_land_administration",26.5,"Italy"
"8844","Sub6_Corporate_Governance",NA,"Italy"
"8845","I117_auditing_accounting_standards",4.4,"Italy"
"8846","I118_interest_conflict_regulation",5.7,"Italy"
"8847","I119_shareholder_governance",6,"Italy"
"8848","Sub7_Government_Orientation",NA,"Italy"
"8849","I120_policy_stability",2.9,"Italy"
"8850","I121_response_to_change",2.7,"Italy"
"8851","I122_digital_business_laws",3.2,"Italy"
"8852","I123_gov_long_term_vision",2.2,"Italy"
"8853","I124_energy_regulations",89.2,"Italy"
"8854","I125_renewable_energy",84.1,"Italy"
"8855","I126_environment_treaties",24,"Italy"
"8856","P2_infrastructure",NA,"Italy"
"8857","Sub8_Transport_Infrastructure",NA,"Italy"
"8858","I201_road_connectivity",85.9,"Italy"
"8859","I202_quality_of_roads",4.4,"Italy"
"8860","I203_railroad_density",57.1,"Italy"
"8861","I204_train_efficiency",4.1,"Italy"
"8862","I205_airport_connectivity",616580.8,"Italy"
"8863","I206_air_transport_efficiency",4.9,"Italy"
"8864","I207_shipping_connectivity",67.2,"Italy"
"8865","I208_seaport_efficiency",4.7,"Italy"
"8866","Sub9_Utility_Infrastructure",NA,"Italy"
"8867","I209_electricity_access",100,"Italy"
"8868","I210_electricity_supply",5.7,"Italy"
"8869","I211_unsafe_drinking_water",0.5,"Italy"
"8870","I212_water_supply",5.9,"Italy"
"8871","P3_ICT_adoption",NA,"Italy"
"8872","I301_cellular_subscription",137.5,"Italy"
"8873","I302_mobile_broadband",94.5,"Italy"
"8874","I303_fixed_broadband",28,"Italy"
"8875","I304_fibre_internet",1.1,"Italy"
"8876","I305_internet_users",74.4,"Italy"
"8877","P4_macro_stability",NA,"Italy"
"8878","I401_inflation",1.3,"Italy"
"8879","I402_debt_dynamic",69.3,"Italy"
"8880","P5_health",NA,"Italy"
"8881","I501_healthy_life_expectancy",71.9,"Italy"
"8882","P6_skills",NA,"Italy"
"8883","Sub10_Workforce",NA,"Italy"
"8884","I601_years_of_schooling",10.2,"Italy"
"8885","Sub11_Workforce_Skills",NA,"Italy"
"8886","I602_staff_training",3.6,"Italy"
"8887","I603_vocational_training",4.5,"Italy"
"8888","I604_graduates_skillset",4.2,"Italy"
"8889","I605_digital_skills",4.2,"Italy"
"8890","I606_skilled_employees",4.3,"Italy"
"8891","Sub12_Future_Workforce",NA,"Italy"
"8892","I501_healthy_life_expectancy",16.2,"Italy"
"8893","Sub13_Future_Workforce_Skills",NA,"Italy"
"8894","I608_critical_thinking",3.7,"Italy"
"8895","I609_pupil_teacher_ratio",11.1,"Italy"
"8896","P7_product_market",NA,"Italy"
"8897","Sub14_Domestic_Competition",NA,"Italy"
"8898","I701_distortive_taxes",3.6,"Italy"
"8899","I702_market_dominance",5.6,"Italy"
"8900","I703_competition_services",5.1,"Italy"
"8901","Sub15_Trade_Openess",NA,"Italy"
"8902","I704_non_tariff_barriers",4.6,"Italy"
"8903","I705_trade_tariffs",1.12,"Italy"
"8904","I706_tariffs_complexity",2.9,"Italy"
"8905","I707_border_clearance",3.5,"Italy"
"8906","P8_labour_market",NA,"Italy"
"8907","Sub16_Flexibility",NA,"Italy"
"8908","I801_redundancy_costs",4.5,"Italy"
"8909","I802_hiring_firing_practices",3,"Italy"
"8910","I803_labour_employer_relations",4,"Italy"
"8911","I804_wage_flexibility",3.3,"Italy"
"8912","I805_labour_market_policies",2.8,"Italy"
"8913","I806_workers_rights",98,"Italy"
"8914","I807_foreign_labour_hiring",4.3,"Italy"
"8915","I808_internal_labour_mobility",5,"Italy"
"8916","Sub17_Meritocracy",NA,"Italy"
"8917","I809_reliance_on_management",3.8,"Italy"
"8918","I810_pay_productivity",3.1,"Italy"
"8919","I811_gender_pay_gap",0.78,"Italy"
"8920","I812_labour_tax",34.8,"Italy"
"8921","P9_financial_system",NA,"Italy"
"8922","Sub18_Depth",NA,"Italy"
"8923","I901_credit_to_private_sector",85,"Italy"
"8924","I902_financing_SME",3.3,"Italy"
"8925","I903_venture_capital",2.5,"Italy"
"8926","I904_market_capitalization",34.3,"Italy"
"8927","I905_insurance_premium",8.3,"Italy"
"8928","Sub19_Stability",NA,"Italy"
"8929","I906_banks_soundness",4.1,"Italy"
"8930","I907_non_performing_loans",14.4,"Italy"
"8931","I908_credit_gap",-11.5,"Italy"
"8932","I909_regulatory_capital",15.1,"Italy"
"8933","P10_market_size",NA,"Italy"
"8934","I1001_GDP_PPP",2131,"Italy"
"8935","I1002_imports",30.1,"Italy"
"8936","P11_dynamism",NA,"Italy"
"8937","Sub20_Administrative_Requirements",NA,"Italy"
"8938","I1101_starting_business_cost",14.1,"Italy"
"8939","I1102_starting_business_time",6,"Italy"
"8940","I1103_insolvency_recovery_rate",65.2,"Italy"
"8941","I1104_insolvency_regulations",13.5,"Italy"
"8942","Sub21_Entrepreneurial_Culture",NA,"Italy"
"8943","I1105_risk_attitudes",4,"Italy"
"8944","I1106_delegating_authority",4,"Italy"
"8945","I1107_innovating_companies",3.7,"Italy"
"8946","I1108_disruptive_ideas",3.4,"Italy"
"8947","P12_innovation",NA,"Italy"
"8948","Sub22_Diversity",NA,"Italy"
"8949","I1201_workforce_diversity",3.1,"Italy"
"8950","I1202_cluster_development",5.5,"Italy"
"8951","I1203_international_inventions",4.39,"Italy"
"8952","I1204_stakeholder_collaboration",3.7,"Italy"
"8953","Sub23_Research_Development",NA,"Italy"
"8954","I1205_scientific_publications",896.7,"Italy"
"8955","I1206_patents",62.29,"Italy"
"8956","I1207_RnD_expenditures",1.3,"Italy"
"8957","I1208_research_institutions",0.36,"Italy"
"8958","Sub24_Commercialization",NA,"Italy"
"8959","I1209_buyer_sophistication",3.9,"Italy"
"8960","I1210_trademarks",6434.64,"Italy"
"8961","P1_institutions",NA,"Jamaica"
"8962","Sub1_Security",NA,"Jamaica"
"8963","I101_organized_crime",2.8,"Jamaica"
"8964","I102_homicide",57,"Jamaica"
"8965","I103_terrorism",99.9,"Jamaica"
"8966","I104_police",3.5,"Jamaica"
"8967","Sub2_Social_Capital",NA,"Jamaica"
"8968","Sub2_Social_Capital",51.4,"Jamaica"
"8969","Sub3_Checks_Balances",NA,"Jamaica"
"8970","I106_transparency",NA,"Jamaica"
"8971","I107_judicial_independence",4.5,"Jamaica"
"8972","I108_challenging_regulations",3.4,"Jamaica"
"8973","I09_press_freedom",11.1,"Jamaica"
"8974","Sub4_Public_Sector",NA,"Jamaica"
"8975","I110_gov_burden",3.2,"Jamaica"
"8976","I111_settling_disputes",3.6,"Jamaica"
"8977","I112_e_participation",0.31,"Jamaica"
"8978","Sub5_Transparency",NA,"Jamaica"
"8979","I113_corruption",44,"Jamaica"
"8980","I114_property_rights",NA,"Jamaica"
"8981","I114_property_rights",4.4,"Jamaica"
"8982","I115_intellectual_property_protection",4.3,"Jamaica"
"8983","I116_land_administration",14,"Jamaica"
"8984","Sub6_Corporate_Governance",NA,"Jamaica"
"8985","I117_auditing_accounting_standards",5.2,"Jamaica"
"8986","I118_interest_conflict_regulation",5.7,"Jamaica"
"8987","I119_shareholder_governance",5.3,"Jamaica"
"8988","Sub7_Government_Orientation",NA,"Jamaica"
"8989","I120_policy_stability",4.3,"Jamaica"
"8990","I121_response_to_change",3.7,"Jamaica"
"8991","I122_digital_business_laws",3.1,"Jamaica"
"8992","I123_gov_long_term_vision",4.5,"Jamaica"
"8993","I124_energy_regulations",47.2,"Jamaica"
"8994","I125_renewable_energy",54.3,"Jamaica"
"8995","I126_environment_treaties",21,"Jamaica"
"8996","P2_infrastructure",NA,"Jamaica"
"8997","Sub8_Transport_Infrastructure",NA,"Jamaica"
"8998","I201_road_connectivity",60.8,"Jamaica"
"8999","I202_quality_of_roads",3.9,"Jamaica"
"9000","I203_railroad_density",NA,"Jamaica"
"9001","I204_train_efficiency",NA,"Jamaica"
"9002","I205_airport_connectivity",32568.7,"Jamaica"
"9003","I206_air_transport_efficiency",5.1,"Jamaica"
"9004","I207_shipping_connectivity",31.3,"Jamaica"
"9005","I208_seaport_efficiency",4.5,"Jamaica"
"9006","Sub9_Utility_Infrastructure",NA,"Jamaica"
"9007","I209_electricity_access",98,"Jamaica"
"9008","I210_electricity_supply",27.4,"Jamaica"
"9009","I211_unsafe_drinking_water",40.8,"Jamaica"
"9010","I212_water_supply",4.4,"Jamaica"
"9011","P3_ICT_adoption",NA,"Jamaica"
"9012","I301_cellular_subscription",101,"Jamaica"
"9013","I302_mobile_broadband",51.2,"Jamaica"
"9014","I303_fixed_broadband",9.7,"Jamaica"
"9015","I304_fibre_internet",2,"Jamaica"
"9016","I305_internet_users",55.1,"Jamaica"
"9017","P4_macro_stability",NA,"Jamaica"
"9018","I401_inflation",4.1,"Jamaica"
"9019","I402_debt_dynamic",40,"Jamaica"
"9020","P5_health",NA,"Jamaica"
"9021","I501_healthy_life_expectancy",65.6,"Jamaica"
"9022","P6_skills",NA,"Jamaica"
"9023","Sub10_Workforce",NA,"Jamaica"
"9024","I601_years_of_schooling",9.5,"Jamaica"
"9025","Sub11_Workforce_Skills",NA,"Jamaica"
"9026","I602_staff_training",4,"Jamaica"
"9027","I603_vocational_training",4.6,"Jamaica"
"9028","I604_graduates_skillset",4.3,"Jamaica"
"9029","I605_digital_skills",3.8,"Jamaica"
"9030","I606_skilled_employees",4.3,"Jamaica"
"9031","Sub12_Future_Workforce",NA,"Jamaica"
"9032","I501_healthy_life_expectancy",NA,"Jamaica"
"9033","Sub13_Future_Workforce_Skills",NA,"Jamaica"
"9034","I608_critical_thinking",3.7,"Jamaica"
"9035","I609_pupil_teacher_ratio",22.1,"Jamaica"
"9036","P7_product_market",NA,"Jamaica"
"9037","Sub14_Domestic_Competition",NA,"Jamaica"
"9038","I701_distortive_taxes",3.9,"Jamaica"
"9039","I702_market_dominance",3.7,"Jamaica"
"9040","I703_competition_services",5.1,"Jamaica"
"9041","Sub15_Trade_Openess",NA,"Jamaica"
"9042","I704_non_tariff_barriers",4.7,"Jamaica"
"9043","I705_trade_tariffs",10.07,"Jamaica"
"9044","I706_tariffs_complexity",5.4,"Jamaica"
"9045","I707_border_clearance",2.4,"Jamaica"
"9046","P8_labour_market",NA,"Jamaica"
"9047","Sub16_Flexibility",NA,"Jamaica"
"9048","I801_redundancy_costs",14,"Jamaica"
"9049","I802_hiring_firing_practices",3.8,"Jamaica"
"9050","I803_labour_employer_relations",4.3,"Jamaica"
"9051","I804_wage_flexibility",5.2,"Jamaica"
"9052","I805_labour_market_policies",3.1,"Jamaica"
"9053","I806_workers_rights",83,"Jamaica"
"9054","I807_foreign_labour_hiring",4.5,"Jamaica"
"9055","I808_internal_labour_mobility",4.7,"Jamaica"
"9056","Sub17_Meritocracy",NA,"Jamaica"
"9057","I809_reliance_on_management",4.8,"Jamaica"
"9058","I810_pay_productivity",3.7,"Jamaica"
"9059","I811_gender_pay_gap",0.94,"Jamaica"
"9060","I812_labour_tax",13.4,"Jamaica"
"9061","P9_financial_system",NA,"Jamaica"
"9062","Sub18_Depth",NA,"Jamaica"
"9063","I901_credit_to_private_sector",31,"Jamaica"
"9064","I902_financing_SME",3.7,"Jamaica"
"9065","I903_venture_capital",2.6,"Jamaica"
"9066","I904_market_capitalization",62.8,"Jamaica"
"9067","I905_insurance_premium",4.2,"Jamaica"
"9068","Sub19_Stability",NA,"Jamaica"
"9069","I906_banks_soundness",5.6,"Jamaica"
"9070","I907_non_performing_loans",3.5,"Jamaica"
"9071","I908_credit_gap",-0.2,"Jamaica"
"9072","I909_regulatory_capital",14.6,"Jamaica"
"9073","P10_market_size",NA,"Jamaica"
"9074","I1001_GDP_PPP",24,"Jamaica"
"9075","I1002_imports",55.6,"Jamaica"
"9076","P11_dynamism",NA,"Jamaica"
"9077","Sub20_Administrative_Requirements",NA,"Jamaica"
"9078","I1101_starting_business_cost",4.4,"Jamaica"
"9079","I1102_starting_business_time",3,"Jamaica"
"9080","I1103_insolvency_recovery_rate",65.9,"Jamaica"
"9081","I1104_insolvency_regulations",11,"Jamaica"
"9082","Sub21_Entrepreneurial_Culture",NA,"Jamaica"
"9083","I1105_risk_attitudes",4.3,"Jamaica"
"9084","I1106_delegating_authority",4.9,"Jamaica"
"9085","I1107_innovating_companies",4,"Jamaica"
"9086","I1108_disruptive_ideas",3.4,"Jamaica"
"9087","P12_innovation",NA,"Jamaica"
"9088","Sub22_Diversity",NA,"Jamaica"
"9089","I1201_workforce_diversity",5,"Jamaica"
"9090","I1202_cluster_development",3.8,"Jamaica"
"9091","I1203_international_inventions",0.14,"Jamaica"
"9092","I1204_stakeholder_collaboration",3.7,"Jamaica"
"9093","Sub23_Research_Development",NA,"Jamaica"
"9094","I1205_scientific_publications",89.7,"Jamaica"
"9095","I1206_patents",0.62,"Jamaica"
"9096","I1207_RnD_expenditures",0.1,"Jamaica"
"9097","I1208_research_institutions",0,"Jamaica"
"9098","Sub24_Commercialization",NA,"Jamaica"
"9099","I1209_buyer_sophistication",3.5,"Jamaica"
"9100","I1210_trademarks",499.23,"Jamaica"
"9101","P1_institutions",NA,"Japan"
"9102","Sub1_Security",NA,"Japan"
"9103","I101_organized_crime",5.9,"Japan"
"9104","I102_homicide",0.2,"Japan"
"9105","I103_terrorism",99.6,"Japan"
"9106","I104_police",6.2,"Japan"
"9107","Sub2_Social_Capital",NA,"Japan"
"9108","Sub2_Social_Capital",46.9,"Japan"
"9109","Sub3_Checks_Balances",NA,"Japan"
"9110","I106_transparency",60,"Japan"
"9111","I107_judicial_independence",6.2,"Japan"
"9112","I108_challenging_regulations",4.5,"Japan"
"9113","I09_press_freedom",29.4,"Japan"
"9114","Sub4_Public_Sector",NA,"Japan"
"9115","I110_gov_burden",4,"Japan"
"9116","I111_settling_disputes",5.1,"Japan"
"9117","I112_e_participation",0.98,"Japan"
"9118","Sub5_Transparency",NA,"Japan"
"9119","I113_corruption",73,"Japan"
"9120","I114_property_rights",NA,"Japan"
"9121","I114_property_rights",6.2,"Japan"
"9122","I115_intellectual_property_protection",6,"Japan"
"9123","I116_land_administration",24.8,"Japan"
"9124","Sub6_Corporate_Governance",NA,"Japan"
"9125","I117_auditing_accounting_standards",5.8,"Japan"
"9126","I118_interest_conflict_regulation",7,"Japan"
"9127","I119_shareholder_governance",5,"Japan"
"9128","Sub7_Government_Orientation",NA,"Japan"
"9129","I120_policy_stability",5.2,"Japan"
"9130","I121_response_to_change",4.3,"Japan"
"9131","I122_digital_business_laws",4.2,"Japan"
"9132","I123_gov_long_term_vision",4.6,"Japan"
"9133","I124_energy_regulations",68.5,"Japan"
"9134","I125_renewable_energy",77.4,"Japan"
"9135","I126_environment_treaties",26,"Japan"
"9136","P2_infrastructure",NA,"Japan"
"9137","Sub8_Transport_Infrastructure",NA,"Japan"
"9138","I201_road_connectivity",77.8,"Japan"
"9139","I202_quality_of_roads",6.1,"Japan"
"9140","I203_railroad_density",46.6,"Japan"
"9141","I204_train_efficiency",6.8,"Japan"
"9142","I205_airport_connectivity",1610558.4,"Japan"
"9143","I206_air_transport_efficiency",6.2,"Japan"
"9144","I207_shipping_connectivity",76.8,"Japan"
"9145","I208_seaport_efficiency",5.8,"Japan"
"9146","Sub9_Utility_Infrastructure",NA,"Japan"
"9147","I209_electricity_access",100,"Japan"
"9148","I210_electricity_supply",4.3,"Japan"
"9149","I211_unsafe_drinking_water",1.9,"Japan"
"9150","I212_water_supply",6.7,"Japan"
"9151","P3_ICT_adoption",NA,"Japan"
"9152","I301_cellular_subscription",139.2,"Japan"
"9153","I302_mobile_broadband",188.9,"Japan"
"9154","I303_fixed_broadband",32.2,"Japan"
"9155","I304_fibre_internet",23.8,"Japan"
"9156","I305_internet_users",84.6,"Japan"
"9157","P4_macro_stability",NA,"Japan"
"9158","I401_inflation",0.7,"Japan"
"9159","I402_debt_dynamic",89.8,"Japan"
"9160","P5_health",NA,"Japan"
"9161","I501_healthy_life_expectancy",73.1,"Japan"
"9162","P6_skills",NA,"Japan"
"9163","Sub10_Workforce",NA,"Japan"
"9164","I601_years_of_schooling",12.8,"Japan"
"9165","Sub11_Workforce_Skills",NA,"Japan"
"9166","I602_staff_training",5.3,"Japan"
"9167","I603_vocational_training",4.9,"Japan"
"9168","I604_graduates_skillset",4.5,"Japan"
"9169","I605_digital_skills",4.4,"Japan"
"9170","I606_skilled_employees",4.4,"Japan"
"9171","Sub12_Future_Workforce",NA,"Japan"
"9172","I501_healthy_life_expectancy",15.2,"Japan"
"9173","Sub13_Future_Workforce_Skills",NA,"Japan"
"9174","I608_critical_thinking",3.3,"Japan"
"9175","I609_pupil_teacher_ratio",15.9,"Japan"
"9176","P7_product_market",NA,"Japan"
"9177","Sub14_Domestic_Competition",NA,"Japan"
"9178","I701_distortive_taxes",4.7,"Japan"
"9179","I702_market_dominance",5.6,"Japan"
"9180","I703_competition_services",5.6,"Japan"
"9181","Sub15_Trade_Openess",NA,"Japan"
"9182","I704_non_tariff_barriers",4.8,"Japan"
"9183","I705_trade_tariffs",2.16,"Japan"
"9184","I706_tariffs_complexity",4.1,"Japan"
"9185","I707_border_clearance",4,"Japan"
"9186","P8_labour_market",NA,"Japan"
"9187","Sub16_Flexibility",NA,"Japan"
"9188","I801_redundancy_costs",4.3,"Japan"
"9189","I802_hiring_firing_practices",3.5,"Japan"
"9190","I803_labour_employer_relations",5.8,"Japan"
"9191","I804_wage_flexibility",5.8,"Japan"
"9192","I805_labour_market_policies",4.7,"Japan"
"9193","I806_workers_rights",90,"Japan"
"9194","I807_foreign_labour_hiring",4,"Japan"
"9195","I808_internal_labour_mobility",4.4,"Japan"
"9196","Sub17_Meritocracy",NA,"Japan"
"9197","I809_reliance_on_management",5.7,"Japan"
"9198","I810_pay_productivity",4.5,"Japan"
"9199","I811_gender_pay_gap",0.76,"Japan"
"9200","I812_labour_tax",18.6,"Japan"
"9201","P9_financial_system",NA,"Japan"
"9202","Sub18_Depth",NA,"Japan"
"9203","I901_credit_to_private_sector",164.3,"Japan"
"9204","I902_financing_SME",4.9,"Japan"
"9205","I903_venture_capital",4.3,"Japan"
"9206","I904_market_capitalization",113.1,"Japan"
"9207","I905_insurance_premium",8.4,"Japan"
"9208","Sub19_Stability",NA,"Japan"
"9209","I906_banks_soundness",5.7,"Japan"
"9210","I907_non_performing_loans",1.2,"Japan"
"9211","I908_credit_gap",10.4,"Japan"
"9212","I909_regulatory_capital",16,"Japan"
"9213","P10_market_size",NA,"Japan"
"9214","I1001_GDP_PPP",4973,"Japan"
"9215","I1002_imports",19,"Japan"
"9216","P11_dynamism",NA,"Japan"
"9217","Sub20_Administrative_Requirements",NA,"Japan"
"9218","I1101_starting_business_cost",7.5,"Japan"
"9219","I1102_starting_business_time",11.2,"Japan"
"9220","I1103_insolvency_recovery_rate",92.4,"Japan"
"9221","I1104_insolvency_regulations",14,"Japan"
"9222","Sub21_Entrepreneurial_Culture",NA,"Japan"
"9223","I1105_risk_attitudes",4.2,"Japan"
"9224","I1106_delegating_authority",4.9,"Japan"
"9225","I1107_innovating_companies",4.6,"Japan"
"9226","I1108_disruptive_ideas",3.9,"Japan"
"9227","P12_innovation",NA,"Japan"
"9228","Sub22_Diversity",NA,"Japan"
"9229","I1201_workforce_diversity",4,"Japan"
"9230","I1202_cluster_development",5.1,"Japan"
"9231","I1203_international_inventions",5.1,"Japan"
"9232","I1204_stakeholder_collaboration",4.7,"Japan"
"9233","Sub23_Research_Development",NA,"Japan"
"9234","I1205_scientific_publications",919.3,"Japan"
"9235","I1206_patents",490.35,"Japan"
"9236","I1207_RnD_expenditures",3.1,"Japan"
"9237","I1208_research_institutions",0.5,"Japan"
"9238","Sub24_Commercialization",NA,"Japan"
"9239","I1209_buyer_sophistication",5,"Japan"
"9240","I1210_trademarks",1959.89,"Japan"
"9241","P1_institutions",NA,"Jordan"
"9242","Sub1_Security",NA,"Jordan"
"9243","I101_organized_crime",5,"Jordan"
"9244","I102_homicide",1.4,"Jordan"
"9245","I103_terrorism",98.8,"Jordan"
"9246","I104_police",5.8,"Jordan"
"9247","Sub2_Social_Capital",NA,"Jordan"
"9248","Sub2_Social_Capital",49.2,"Jordan"
"9249","Sub3_Checks_Balances",NA,"Jordan"
"9250","I106_transparency",63,"Jordan"
"9251","I107_judicial_independence",5.1,"Jordan"
"9252","I108_challenging_regulations",4.1,"Jordan"
"9253","I09_press_freedom",43.1,"Jordan"
"9254","Sub4_Public_Sector",NA,"Jordan"
"9255","I110_gov_burden",3.8,"Jordan"
"9256","I111_settling_disputes",4.7,"Jordan"
"9257","I112_e_participation",0.48,"Jordan"
"9258","Sub5_Transparency",NA,"Jordan"
"9259","I113_corruption",49,"Jordan"
"9260","I114_property_rights",NA,"Jordan"
"9261","I114_property_rights",5,"Jordan"
"9262","I115_intellectual_property_protection",4.9,"Jordan"
"9263","I116_land_administration",22.5,"Jordan"
"9264","Sub6_Corporate_Governance",NA,"Jordan"
"9265","I117_auditing_accounting_standards",5.1,"Jordan"
"9266","I118_interest_conflict_regulation",3.7,"Jordan"
"9267","I119_shareholder_governance",5.7,"Jordan"
"9268","Sub7_Government_Orientation",NA,"Jordan"
"9269","I120_policy_stability",4,"Jordan"
"9270","I121_response_to_change",4.4,"Jordan"
"9271","I122_digital_business_laws",4.1,"Jordan"
"9272","I123_gov_long_term_vision",4,"Jordan"
"9273","I124_energy_regulations",56.8,"Jordan"
"9274","I125_renewable_energy",63,"Jordan"
"9275","I126_environment_treaties",24,"Jordan"
"9276","P2_infrastructure",NA,"Jordan"
"9277","Sub8_Transport_Infrastructure",NA,"Jordan"
"9278","I201_road_connectivity",76.9,"Jordan"
"9279","I202_quality_of_roads",4.2,"Jordan"
"9280","I203_railroad_density",3.3,"Jordan"
"9281","I204_train_efficiency",2.6,"Jordan"
"9282","I205_airport_connectivity",46927.5,"Jordan"
"9283","I206_air_transport_efficiency",5.2,"Jordan"
"9284","I207_shipping_connectivity",37.8,"Jordan"
"9285","I208_seaport_efficiency",4.4,"Jordan"
"9286","Sub9_Utility_Infrastructure",NA,"Jordan"
"9287","I209_electricity_access",100,"Jordan"
"9288","I210_electricity_supply",10.3,"Jordan"
"9289","I211_unsafe_drinking_water",9.4,"Jordan"
"9290","I212_water_supply",4.9,"Jordan"
"9291","P3_ICT_adoption",NA,"Jordan"
"9292","I301_cellular_subscription",87.6,"Jordan"
"9293","I302_mobile_broadband",87.6,"Jordan"
"9294","I303_fixed_broadband",3.9,"Jordan"
"9295","I304_fibre_internet",0.3,"Jordan"
"9296","I305_internet_users",66.8,"Jordan"
"9297","P4_macro_stability",NA,"Jordan"
"9298","I401_inflation",3.9,"Jordan"
"9299","I402_debt_dynamic",39.7,"Jordan"
"9300","P5_health",NA,"Jordan"
"9301","I501_healthy_life_expectancy",67.7,"Jordan"
"9302","P6_skills",NA,"Jordan"
"9303","Sub10_Workforce",NA,"Jordan"
"9304","I601_years_of_schooling",10.3,"Jordan"
"9305","Sub11_Workforce_Skills",NA,"Jordan"
"9306","I602_staff_training",4.3,"Jordan"
"9307","I603_vocational_training",4.2,"Jordan"
"9308","I604_graduates_skillset",4.1,"Jordan"
"9309","I605_digital_skills",4.9,"Jordan"
"9310","I606_skilled_employees",4.8,"Jordan"
"9311","Sub12_Future_Workforce",NA,"Jordan"
"9312","I501_healthy_life_expectancy",NA,"Jordan"
"9313","Sub13_Future_Workforce_Skills",NA,"Jordan"
"9314","I608_critical_thinking",4,"Jordan"
"9315","I609_pupil_teacher_ratio",21,"Jordan"
"9316","P7_product_market",NA,"Jordan"
"9317","Sub14_Domestic_Competition",NA,"Jordan"
"9318","I701_distortive_taxes",3.8,"Jordan"
"9319","I702_market_dominance",4.3,"Jordan"
"9320","I703_competition_services",5.4,"Jordan"
"9321","Sub15_Trade_Openess",NA,"Jordan"
"9322","I704_non_tariff_barriers",4.5,"Jordan"
"9323","I705_trade_tariffs",6.78,"Jordan"
"9324","I706_tariffs_complexity",4.8,"Jordan"
"9325","I707_border_clearance",2.5,"Jordan"
"9326","P8_labour_market",NA,"Jordan"
"9327","Sub16_Flexibility",NA,"Jordan"
"9328","I801_redundancy_costs",4.3,"Jordan"
"9329","I802_hiring_firing_practices",4.3,"Jordan"
"9330","I803_labour_employer_relations",4.8,"Jordan"
"9331","I804_wage_flexibility",5.3,"Jordan"
"9332","I805_labour_market_policies",3.3,"Jordan"
"9333","I806_workers_rights",75,"Jordan"
"9334","I807_foreign_labour_hiring",3.6,"Jordan"
"9335","I808_internal_labour_mobility",4.9,"Jordan"
"9336","Sub17_Meritocracy",NA,"Jordan"
"9337","I809_reliance_on_management",4.4,"Jordan"
"9338","I810_pay_productivity",4.4,"Jordan"
"9339","I811_gender_pay_gap",0.23,"Jordan"
"9340","I812_labour_tax",16.1,"Jordan"
"9341","P9_financial_system",NA,"Jordan"
"9342","Sub18_Depth",NA,"Jordan"
"9343","I901_credit_to_private_sector",72.7,"Jordan"
"9344","I902_financing_SME",4.7,"Jordan"
"9345","I903_venture_capital",4,"Jordan"
"9346","I904_market_capitalization",63.7,"Jordan"
"9347","I905_insurance_premium",1.5,"Jordan"
"9348","Sub19_Stability",NA,"Jordan"
"9349","I906_banks_soundness",5.5,"Jordan"
"9350","I907_non_performing_loans",4.2,"Jordan"
"9351","I908_credit_gap",2.1,"Jordan"
"9352","I909_regulatory_capital",18.5,"Jordan"
"9353","P10_market_size",NA,"Jordan"
"9354","I1001_GDP_PPP",83,"Jordan"
"9355","I1002_imports",58.7,"Jordan"
"9356","P11_dynamism",NA,"Jordan"
"9357","Sub20_Administrative_Requirements",NA,"Jordan"
"9358","I1101_starting_business_cost",23.9,"Jordan"
"9359","I1102_starting_business_time",12.5,"Jordan"
"9360","I1103_insolvency_recovery_rate",27.3,"Jordan"
"9361","I1104_insolvency_regulations",5,"Jordan"
"9362","Sub21_Entrepreneurial_Culture",NA,"Jordan"
"9363","I1105_risk_attitudes",3.9,"Jordan"
"9364","I1106_delegating_authority",4.5,"Jordan"
"9365","I1107_innovating_companies",4.6,"Jordan"
"9366","I1108_disruptive_ideas",4,"Jordan"
"9367","P12_innovation",NA,"Jordan"
"9368","Sub22_Diversity",NA,"Jordan"
"9369","I1201_workforce_diversity",4.7,"Jordan"
"9370","I1202_cluster_development",4.4,"Jordan"
"9371","I1203_international_inventions",0.18,"Jordan"
"9372","I1204_stakeholder_collaboration",4,"Jordan"
"9373","Sub23_Research_Development",NA,"Jordan"
"9374","I1205_scientific_publications",142.7,"Jordan"
"9375","I1206_patents",0.82,"Jordan"
"9376","I1207_RnD_expenditures",0.3,"Jordan"
"9377","I1208_research_institutions",0.01,"Jordan"
"9378","Sub24_Commercialization",NA,"Jordan"
"9379","I1209_buyer_sophistication",3.9,"Jordan"
"9380","I1210_trademarks",528.94,"Jordan"
"9381","P1_institutions",NA,"Kazakhstan"
"9382","Sub1_Security",NA,"Kazakhstan"
"9383","I101_organized_crime",5,"Kazakhstan"
"9384","I102_homicide",9,"Kazakhstan"
"9385","I103_terrorism",99.8,"Kazakhstan"
"9386","I104_police",4.1,"Kazakhstan"
"9387","Sub2_Social_Capital",NA,"Kazakhstan"
"9388","Sub2_Social_Capital",47.7,"Kazakhstan"
"9389","Sub3_Checks_Balances",NA,"Kazakhstan"
"9390","I106_transparency",53,"Kazakhstan"
"9391","I107_judicial_independence",3.9,"Kazakhstan"
"9392","I108_challenging_regulations",3.5,"Kazakhstan"
"9393","I09_press_freedom",52.8,"Kazakhstan"
"9394","Sub4_Public_Sector",NA,"Kazakhstan"
"9395","I110_gov_burden",4,"Kazakhstan"
"9396","I111_settling_disputes",4.1,"Kazakhstan"
"9397","I112_e_participation",0.84,"Kazakhstan"
"9398","Sub5_Transparency",NA,"Kazakhstan"
"9399","I113_corruption",31,"Kazakhstan"
"9400","I114_property_rights",NA,"Kazakhstan"
"9401","I114_property_rights",4.4,"Kazakhstan"
"9402","I115_intellectual_property_protection",4.1,"Kazakhstan"
"9403","I116_land_administration",17,"Kazakhstan"
"9404","Sub6_Corporate_Governance",NA,"Kazakhstan"
"9405","I117_auditing_accounting_standards",4.2,"Kazakhstan"
"9406","I118_interest_conflict_regulation",8,"Kazakhstan"
"9407","I119_shareholder_governance",9,"Kazakhstan"
"9408","Sub7_Government_Orientation",NA,"Kazakhstan"
"9409","I120_policy_stability",4.5,"Kazakhstan"
"9410","I121_response_to_change",4.2,"Kazakhstan"
"9411","I122_digital_business_laws",4,"Kazakhstan"
"9412","I123_gov_long_term_vision",4.4,"Kazakhstan"
"9413","I124_energy_regulations",48.8,"Kazakhstan"
"9414","I125_renewable_energy",60,"Kazakhstan"
"9415","I126_environment_treaties",17,"Kazakhstan"
"9416","P2_infrastructure",NA,"Kazakhstan"
"9417","Sub8_Transport_Infrastructure",NA,"Kazakhstan"
"9418","I201_road_connectivity",79.3,"Kazakhstan"
"9419","I202_quality_of_roads",3.6,"Kazakhstan"
"9420","I203_railroad_density",5.9,"Kazakhstan"
"9421","I204_train_efficiency",4.2,"Kazakhstan"
"9422","I205_airport_connectivity",33808.6,"Kazakhstan"
"9423","I206_air_transport_efficiency",4.3,"Kazakhstan"
"9424","I207_shipping_connectivity",NA,"Kazakhstan"
"9425","I208_seaport_efficiency",3.3,"Kazakhstan"
"9426","Sub9_Utility_Infrastructure",NA,"Kazakhstan"
"9427","I209_electricity_access",100,"Kazakhstan"
"9428","I210_electricity_supply",5.1,"Kazakhstan"
"9429","I211_unsafe_drinking_water",10,"Kazakhstan"
"9430","I212_water_supply",4.7,"Kazakhstan"
"9431","P3_ICT_adoption",NA,"Kazakhstan"
"9432","I301_cellular_subscription",142,"Kazakhstan"
"9433","I302_mobile_broadband",77.6,"Kazakhstan"
"9434","I303_fixed_broadband",13.4,"Kazakhstan"
"9435","I304_fibre_internet",7.5,"Kazakhstan"
"9436","I305_internet_users",78.9,"Kazakhstan"
"9437","P4_macro_stability",NA,"Kazakhstan"
"9438","I401_inflation",6.7,"Kazakhstan"
"9439","I402_debt_dynamic",80,"Kazakhstan"
"9440","P5_health",NA,"Kazakhstan"
"9441","I501_healthy_life_expectancy",62.7,"Kazakhstan"
"9442","P6_skills",NA,"Kazakhstan"
"9443","Sub10_Workforce",NA,"Kazakhstan"
"9444","I601_years_of_schooling",11,"Kazakhstan"
"9445","Sub11_Workforce_Skills",NA,"Kazakhstan"
"9446","I602_staff_training",3.9,"Kazakhstan"
"9447","I603_vocational_training",3.8,"Kazakhstan"
"9448","I604_graduates_skillset",3.8,"Kazakhstan"
"9449","I605_digital_skills",4.7,"Kazakhstan"
"9450","I606_skilled_employees",4.1,"Kazakhstan"
"9451","Sub12_Future_Workforce",NA,"Kazakhstan"
"9452","I501_healthy_life_expectancy",15.3,"Kazakhstan"
"9453","Sub13_Future_Workforce_Skills",NA,"Kazakhstan"
"9454","I608_critical_thinking",3.8,"Kazakhstan"
"9455","I609_pupil_teacher_ratio",19.6,"Kazakhstan"
"9456","P7_product_market",NA,"Kazakhstan"
"9457","Sub14_Domestic_Competition",NA,"Kazakhstan"
"9458","I701_distortive_taxes",4.2,"Kazakhstan"
"9459","I702_market_dominance",3.8,"Kazakhstan"
"9460","I703_competition_services",4.9,"Kazakhstan"
"9461","Sub15_Trade_Openess",NA,"Kazakhstan"
"9462","I704_non_tariff_barriers",4.5,"Kazakhstan"
"9463","I705_trade_tariffs",4.29,"Kazakhstan"
"9464","I706_tariffs_complexity",4.3,"Kazakhstan"
"9465","I707_border_clearance",2.7,"Kazakhstan"
"9466","P8_labour_market",NA,"Kazakhstan"
"9467","Sub16_Flexibility",NA,"Kazakhstan"
"9468","I801_redundancy_costs",8.6,"Kazakhstan"
"9469","I802_hiring_firing_practices",4.2,"Kazakhstan"
"9470","I803_labour_employer_relations",4.5,"Kazakhstan"
"9471","I804_wage_flexibility",5.7,"Kazakhstan"
"9472","I805_labour_market_policies",4.2,"Kazakhstan"
"9473","I806_workers_rights",64,"Kazakhstan"
"9474","I807_foreign_labour_hiring",4.5,"Kazakhstan"
"9475","I808_internal_labour_mobility",4.6,"Kazakhstan"
"9476","Sub17_Meritocracy",NA,"Kazakhstan"
"9477","I809_reliance_on_management",3.8,"Kazakhstan"
"9478","I810_pay_productivity",4.3,"Kazakhstan"
"9479","I811_gender_pay_gap",0.9,"Kazakhstan"
"9480","I812_labour_tax",11.3,"Kazakhstan"
"9481","P9_financial_system",NA,"Kazakhstan"
"9482","Sub18_Depth",NA,"Kazakhstan"
"9483","I901_credit_to_private_sector",33.5,"Kazakhstan"
"9484","I902_financing_SME",3.7,"Kazakhstan"
"9485","I903_venture_capital",2.9,"Kazakhstan"
"9486","I904_market_capitalization",25.4,"Kazakhstan"
"9487","I905_insurance_premium",0.6,"Kazakhstan"
"9488","Sub19_Stability",NA,"Kazakhstan"
"9489","I906_banks_soundness",3.8,"Kazakhstan"
"9490","I907_non_performing_loans",9.3,"Kazakhstan"
"9491","I908_credit_gap",-8.6,"Kazakhstan"
"9492","I909_regulatory_capital",18,"Kazakhstan"
"9493","P10_market_size",NA,"Kazakhstan"
"9494","I1001_GDP_PPP",452,"Kazakhstan"
"9495","I1002_imports",26,"Kazakhstan"
"9496","P11_dynamism",NA,"Kazakhstan"
"9497","Sub20_Administrative_Requirements",NA,"Kazakhstan"
"9498","I1101_starting_business_cost",0.3,"Kazakhstan"
"9499","I1102_starting_business_time",5,"Kazakhstan"
"9500","I1103_insolvency_recovery_rate",38.9,"Kazakhstan"
"9501","I1104_insolvency_regulations",15,"Kazakhstan"
"9502","Sub21_Entrepreneurial_Culture",NA,"Kazakhstan"
"9503","I1105_risk_attitudes",4.8,"Kazakhstan"
"9504","I1106_delegating_authority",4.2,"Kazakhstan"
"9505","I1107_innovating_companies",3.6,"Kazakhstan"
"9506","I1108_disruptive_ideas",3.6,"Kazakhstan"
"9507","P12_innovation",NA,"Kazakhstan"
"9508","Sub22_Diversity",NA,"Kazakhstan"
"9509","I1201_workforce_diversity",4.6,"Kazakhstan"
"9510","I1202_cluster_development",3,"Kazakhstan"
"9511","I1203_international_inventions",0.05,"Kazakhstan"
"9512","I1204_stakeholder_collaboration",3.7,"Kazakhstan"
"9513","Sub23_Research_Development",NA,"Kazakhstan"
"9514","I1205_scientific_publications",83.7,"Kazakhstan"
"9515","I1206_patents",0.39,"Kazakhstan"
"9516","I1207_RnD_expenditures",0.1,"Kazakhstan"
"9517","I1208_research_institutions",0.01,"Kazakhstan"
"9518","Sub24_Commercialization",NA,"Kazakhstan"
"9519","I1209_buyer_sophistication",3.6,"Kazakhstan"
"9520","I1210_trademarks",194.7,"Kazakhstan"
"9521","P1_institutions",NA,"Kenya"
"9522","Sub1_Security",NA,"Kenya"
"9523","I101_organized_crime",3.5,"Kenya"
"9524","I102_homicide",5,"Kenya"
"9525","I103_terrorism",87,"Kenya"
"9526","I104_police",3.9,"Kenya"
"9527","Sub2_Social_Capital",NA,"Kenya"
"9528","Sub2_Social_Capital",59.3,"Kenya"
"9529","Sub3_Checks_Balances",NA,"Kenya"
"9530","I106_transparency",46,"Kenya"
"9531","I107_judicial_independence",3.8,"Kenya"
"9532","I108_challenging_regulations",3.5,"Kenya"
"9533","I09_press_freedom",32.4,"Kenya"
"9534","Sub4_Public_Sector",NA,"Kenya"
"9535","I110_gov_burden",3.9,"Kenya"
"9536","I111_settling_disputes",3.9,"Kenya"
"9537","I112_e_participation",0.53,"Kenya"
"9538","Sub5_Transparency",NA,"Kenya"
"9539","I113_corruption",27,"Kenya"
"9540","I114_property_rights",NA,"Kenya"
"9541","I114_property_rights",4.4,"Kenya"
"9542","I115_intellectual_property_protection",4.1,"Kenya"
"9543","I116_land_administration",16,"Kenya"
"9544","Sub6_Corporate_Governance",NA,"Kenya"
"9545","I117_auditing_accounting_standards",4.5,"Kenya"
"9546","I118_interest_conflict_regulation",9.7,"Kenya"
"9547","I119_shareholder_governance",6,"Kenya"
"9548","Sub7_Government_Orientation",NA,"Kenya"
"9549","I120_policy_stability",4.4,"Kenya"
"9550","I121_response_to_change",4.1,"Kenya"
"9551","I122_digital_business_laws",4.2,"Kenya"
"9552","I123_gov_long_term_vision",4.8,"Kenya"
"9553","I124_energy_regulations",50.5,"Kenya"
"9554","I125_renewable_energy",56,"Kenya"
"9555","I126_environment_treaties",24,"Kenya"
"9556","P2_infrastructure",NA,"Kenya"
"9557","Sub8_Transport_Infrastructure",NA,"Kenya"
"9558","I201_road_connectivity",72.1,"Kenya"
"9559","I202_quality_of_roads",4.1,"Kenya"
"9560","I203_railroad_density",6.7,"Kenya"
"9561","I204_train_efficiency",4,"Kenya"
"9562","I205_airport_connectivity",28294.2,"Kenya"
"9563","I206_air_transport_efficiency",5,"Kenya"
"9564","I207_shipping_connectivity",21.2,"Kenya"
"9565","I208_seaport_efficiency",4.2,"Kenya"
"9566","Sub9_Utility_Infrastructure",NA,"Kenya"
"9567","I209_electricity_access",73.4,"Kenya"
"9568","I210_electricity_supply",19.5,"Kenya"
"9569","I211_unsafe_drinking_water",61.9,"Kenya"
"9570","I212_water_supply",3.6,"Kenya"
"9571","P3_ICT_adoption",NA,"Kenya"
"9572","I301_cellular_subscription",96.3,"Kenya"
"9573","I302_mobile_broadband",41.9,"Kenya"
"9574","I303_fixed_broadband",0.7,"Kenya"
"9575","I304_fibre_internet",0.2,"Kenya"
"9576","I305_internet_users",17.8,"Kenya"
"9577","P4_macro_stability",NA,"Kenya"
"9578","I401_inflation",6.3,"Kenya"
"9579","I402_debt_dynamic",50,"Kenya"
"9580","P5_health",NA,"Kenya"
"9581","I501_healthy_life_expectancy",57.6,"Kenya"
"9582","P6_skills",NA,"Kenya"
"9583","Sub10_Workforce",NA,"Kenya"
"9584","I601_years_of_schooling",8.4,"Kenya"
"9585","Sub11_Workforce_Skills",NA,"Kenya"
"9586","I602_staff_training",4.2,"Kenya"
"9587","I603_vocational_training",4.3,"Kenya"
"9588","I604_graduates_skillset",4.1,"Kenya"
"9589","I605_digital_skills",4.5,"Kenya"
"9590","I606_skilled_employees",4.9,"Kenya"
"9591","Sub12_Future_Workforce",NA,"Kenya"
"9592","I501_healthy_life_expectancy",NA,"Kenya"
"9593","Sub13_Future_Workforce_Skills",NA,"Kenya"
"9594","I608_critical_thinking",3.4,"Kenya"
"9595","I609_pupil_teacher_ratio",30.7,"Kenya"
"9596","P7_product_market",NA,"Kenya"
"9597","Sub14_Domestic_Competition",NA,"Kenya"
"9598","I701_distortive_taxes",3.7,"Kenya"
"9599","I702_market_dominance",3.7,"Kenya"
"9600","I703_competition_services",5.2,"Kenya"
"9601","Sub15_Trade_Openess",NA,"Kenya"
"9602","I704_non_tariff_barriers",4.1,"Kenya"
"9603","I705_trade_tariffs",10.35,"Kenya"
"9604","I706_tariffs_complexity",6.2,"Kenya"
"9605","I707_border_clearance",2.7,"Kenya"
"9606","P8_labour_market",NA,"Kenya"
"9607","Sub16_Flexibility",NA,"Kenya"
"9608","I801_redundancy_costs",15.7,"Kenya"
"9609","I802_hiring_firing_practices",4.1,"Kenya"
"9610","I803_labour_employer_relations",4.3,"Kenya"
"9611","I804_wage_flexibility",5,"Kenya"
"9612","I805_labour_market_policies",3,"Kenya"
"9613","I806_workers_rights",66,"Kenya"
"9614","I807_foreign_labour_hiring",4,"Kenya"
"9615","I808_internal_labour_mobility",5,"Kenya"
"9616","Sub17_Meritocracy",NA,"Kenya"
"9617","I809_reliance_on_management",4.5,"Kenya"
"9618","I810_pay_productivity",4.3,"Kenya"
"9619","I811_gender_pay_gap",0.41,"Kenya"
"9620","I812_labour_tax",1.9,"Kenya"
"9621","P9_financial_system",NA,"Kenya"
"9622","Sub18_Depth",NA,"Kenya"
"9623","I901_credit_to_private_sector",32.1,"Kenya"
"9624","I902_financing_SME",3.9,"Kenya"
"9625","I903_venture_capital",3,"Kenya"
"9626","I904_market_capitalization",30.4,"Kenya"
"9627","I905_insurance_premium",2.3,"Kenya"
"9628","Sub19_Stability",NA,"Kenya"
"9629","I906_banks_soundness",4.4,"Kenya"
"9630","I907_non_performing_loans",10.1,"Kenya"
"9631","I908_credit_gap",-3.3,"Kenya"
"9632","I909_regulatory_capital",19.5,"Kenya"
"9633","P10_market_size",NA,"Kenya"
"9634","I1001_GDP_PPP",158,"Kenya"
"9635","I1002_imports",23.2,"Kenya"
"9636","P11_dynamism",NA,"Kenya"
"9637","Sub20_Administrative_Requirements",NA,"Kenya"
"9638","I1101_starting_business_cost",24.9,"Kenya"
"9639","I1102_starting_business_time",23,"Kenya"
"9640","I1103_insolvency_recovery_rate",31.2,"Kenya"
"9641","I1104_insolvency_regulations",13,"Kenya"
"9642","Sub21_Entrepreneurial_Culture",NA,"Kenya"
"9643","I1105_risk_attitudes",4.8,"Kenya"
"9644","I1106_delegating_authority",4.5,"Kenya"
"9645","I1107_innovating_companies",4.7,"Kenya"
"9646","I1108_disruptive_ideas",3.9,"Kenya"
"9647","P12_innovation",NA,"Kenya"
"9648","Sub22_Diversity",NA,"Kenya"
"9649","I1201_workforce_diversity",4.5,"Kenya"
"9650","I1202_cluster_development",4.2,"Kenya"
"9651","I1203_international_inventions",0.04,"Kenya"
"9652","I1204_stakeholder_collaboration",4.2,"Kenya"
"9653","Sub23_Research_Development",NA,"Kenya"
"9654","I1205_scientific_publications",216.7,"Kenya"
"9655","I1206_patents",0.13,"Kenya"
"9656","I1207_RnD_expenditures",0.8,"Kenya"
"9657","I1208_research_institutions",0.01,"Kenya"
"9658","Sub24_Commercialization",NA,"Kenya"
"9659","I1209_buyer_sophistication",3.3,"Kenya"
"9660","I1210_trademarks",86.05,"Kenya"
"9661","P1_institutions",NA,"Korea, Rep."
"9662","Sub1_Security",NA,"Korea, Rep."
"9663","I101_organized_crime",5.1,"Korea, Rep."
"9664","I102_homicide",0.6,"Korea, Rep."
"9665","I103_terrorism",100,"Korea, Rep."
"9666","I104_police",5.3,"Korea, Rep."
"9667","Sub2_Social_Capital",NA,"Korea, Rep."
"9668","Sub2_Social_Capital",49.2,"Korea, Rep."
"9669","Sub3_Checks_Balances",NA,"Korea, Rep."
"9670","I106_transparency",60,"Korea, Rep."
"9671","I107_judicial_independence",3.9,"Korea, Rep."
"9672","I108_challenging_regulations",3.4,"Korea, Rep."
"9673","I09_press_freedom",24.9,"Korea, Rep."
"9674","Sub4_Public_Sector",NA,"Korea, Rep."
"9675","I110_gov_burden",3.3,"Korea, Rep."
"9676","I111_settling_disputes",4.2,"Korea, Rep."
"9677","I112_e_participation",1,"Korea, Rep."
"9678","Sub5_Transparency",NA,"Korea, Rep."
"9679","I113_corruption",57,"Korea, Rep."
"9680","I114_property_rights",NA,"Korea, Rep."
"9681","I114_property_rights",5,"Korea, Rep."
"9682","I115_intellectual_property_protection",4.6,"Korea, Rep."
"9683","I116_land_administration",27.5,"Korea, Rep."
"9684","Sub6_Corporate_Governance",NA,"Korea, Rep."
"9685","I117_auditing_accounting_standards",5.3,"Korea, Rep."
"9686","I118_interest_conflict_regulation",7.3,"Korea, Rep."
"9687","I119_shareholder_governance",7.3,"Korea, Rep."
"9688","Sub7_Government_Orientation",NA,"Korea, Rep."
"9689","I120_policy_stability",3.8,"Korea, Rep."
"9690","I121_response_to_change",4.3,"Korea, Rep."
"9691","I122_digital_business_laws",4.3,"Korea, Rep."
"9692","I123_gov_long_term_vision",4.4,"Korea, Rep."
"9693","I124_energy_regulations",87.2,"Korea, Rep."
"9694","I125_renewable_energy",83.1,"Korea, Rep."
"9695","I126_environment_treaties",25,"Korea, Rep."
"9696","P2_infrastructure",NA,"Korea, Rep."
"9697","Sub8_Transport_Infrastructure",NA,"Korea, Rep."
"9698","I201_road_connectivity",89.5,"Korea, Rep."
"9699","I202_quality_of_roads",5.9,"Korea, Rep."
"9700","I203_railroad_density",43,"Korea, Rep."
"9701","I204_train_efficiency",5.9,"Korea, Rep."
"9702","I205_airport_connectivity",481087.8,"Korea, Rep."
"9703","I206_air_transport_efficiency",5.9,"Korea, Rep."
"9704","I207_shipping_connectivity",118.8,"Korea, Rep."
"9705","I208_seaport_efficiency",5.5,"Korea, Rep."
"9706","Sub9_Utility_Infrastructure",NA,"Korea, Rep."
"9707","I209_electricity_access",100,"Korea, Rep."
"9708","I210_electricity_supply",3.3,"Korea, Rep."
"9709","I211_unsafe_drinking_water",1.8,"Korea, Rep."
"9710","I212_water_supply",6.2,"Korea, Rep."
"9711","P3_ICT_adoption",NA,"Korea, Rep."
"9712","I301_cellular_subscription",129.7,"Korea, Rep."
"9713","I302_mobile_broadband",113.6,"Korea, Rep."
"9714","I303_fixed_broadband",41.6,"Korea, Rep."
"9715","I304_fibre_internet",31.9,"Korea, Rep."
"9716","I305_internet_users",95.9,"Korea, Rep."
"9717","P4_macro_stability",NA,"Korea, Rep."
"9718","I401_inflation",1.7,"Korea, Rep."
"9719","I402_debt_dynamic",100,"Korea, Rep."
"9720","P5_health",NA,"Korea, Rep."
"9721","I501_healthy_life_expectancy",71.7,"Korea, Rep."
"9722","P6_skills",NA,"Korea, Rep."
"9723","Sub10_Workforce",NA,"Korea, Rep."
"9724","I601_years_of_schooling",12.1,"Korea, Rep."
"9725","Sub11_Workforce_Skills",NA,"Korea, Rep."
"9726","I602_staff_training",4.5,"Korea, Rep."
"9727","I603_vocational_training",4.8,"Korea, Rep."
"9728","I604_graduates_skillset",4.6,"Korea, Rep."
"9729","I605_digital_skills",5,"Korea, Rep."
"9730","I606_skilled_employees",4.9,"Korea, Rep."
"9731","Sub12_Future_Workforce",NA,"Korea, Rep."
"9732","I501_healthy_life_expectancy",16.4,"Korea, Rep."
"9733","Sub13_Future_Workforce_Skills",NA,"Korea, Rep."
"9734","I608_critical_thinking",3.3,"Korea, Rep."
"9735","I609_pupil_teacher_ratio",16.3,"Korea, Rep."
"9736","P7_product_market",NA,"Korea, Rep."
"9737","Sub14_Domestic_Competition",NA,"Korea, Rep."
"9738","I701_distortive_taxes",3.9,"Korea, Rep."
"9739","I702_market_dominance",3.6,"Korea, Rep."
"9740","I703_competition_services",5.2,"Korea, Rep."
"9741","Sub15_Trade_Openess",NA,"Korea, Rep."
"9742","I704_non_tariff_barriers",4.4,"Korea, Rep."
"9743","I705_trade_tariffs",7.36,"Korea, Rep."
"9744","I706_tariffs_complexity",5,"Korea, Rep."
"9745","I707_border_clearance",3.4,"Korea, Rep."
"9746","P8_labour_market",NA,"Korea, Rep."
"9747","Sub16_Flexibility",NA,"Korea, Rep."
"9748","I801_redundancy_costs",27.4,"Korea, Rep."
"9749","I802_hiring_firing_practices",3.5,"Korea, Rep."
"9750","I803_labour_employer_relations",3.6,"Korea, Rep."
"9751","I804_wage_flexibility",4.8,"Korea, Rep."
"9752","I805_labour_market_policies",4.8,"Korea, Rep."
"9753","I806_workers_rights",64,"Korea, Rep."
"9754","I807_foreign_labour_hiring",3.8,"Korea, Rep."
"9755","I808_internal_labour_mobility",4.5,"Korea, Rep."
"9756","Sub17_Meritocracy",NA,"Korea, Rep."
"9757","I809_reliance_on_management",4.5,"Korea, Rep."
"9758","I810_pay_productivity",4.8,"Korea, Rep."
"9759","I811_gender_pay_gap",0.78,"Korea, Rep."
"9760","I812_labour_tax",13.5,"Korea, Rep."
"9761","P9_financial_system",NA,"Korea, Rep."
"9762","Sub18_Depth",NA,"Korea, Rep."
"9763","I901_credit_to_private_sector",142.6,"Korea, Rep."
"9764","I902_financing_SME",4.3,"Korea, Rep."
"9765","I903_venture_capital",3.4,"Korea, Rep."
"9766","I904_market_capitalization",97.8,"Korea, Rep."
"9767","I905_insurance_premium",12.4,"Korea, Rep."
"9768","Sub19_Stability",NA,"Korea, Rep."
"9769","I906_banks_soundness",5.3,"Korea, Rep."
"9770","I907_non_performing_loans",0.5,"Korea, Rep."
"9771","I908_credit_gap",-4.4,"Korea, Rep."
"9772","I909_regulatory_capital",14.7,"Korea, Rep."
"9773","P10_market_size",NA,"Korea, Rep."
"9774","I1001_GDP_PPP",1899,"Korea, Rep."
"9775","I1002_imports",40.6,"Korea, Rep."
"9776","P11_dynamism",NA,"Korea, Rep."
"9777","Sub20_Administrative_Requirements",NA,"Korea, Rep."
"9778","I1101_starting_business_cost",14.6,"Korea, Rep."
"9779","I1102_starting_business_time",4,"Korea, Rep."
"9780","I1103_insolvency_recovery_rate",84.6,"Korea, Rep."
"9781","I1104_insolvency_regulations",12,"Korea, Rep."
"9782","Sub21_Entrepreneurial_Culture",NA,"Korea, Rep."
"9783","I1105_risk_attitudes",3.8,"Korea, Rep."
"9784","I1106_delegating_authority",4.2,"Korea, Rep."
"9785","I1107_innovating_companies",4.5,"Korea, Rep."
"9786","I1108_disruptive_ideas",4,"Korea, Rep."
"9787","P12_innovation",NA,"Korea, Rep."
"9788","Sub22_Diversity",NA,"Korea, Rep."
"9789","I1201_workforce_diversity",4.3,"Korea, Rep."
"9790","I1202_cluster_development",4.6,"Korea, Rep."
"9791","I1203_international_inventions",14.85,"Korea, Rep."
"9792","I1204_stakeholder_collaboration",4.4,"Korea, Rep."
"9793","Sub23_Research_Development",NA,"Korea, Rep."
"9794","I1205_scientific_publications",578.7,"Korea, Rep."
"9795","I1206_patents",461.15,"Korea, Rep."
"9796","I1207_RnD_expenditures",4.2,"Korea, Rep."
"9797","I1208_research_institutions",0.31,"Korea, Rep."
"9798","Sub24_Commercialization",NA,"Korea, Rep."
"9799","I1209_buyer_sophistication",5.4,"Korea, Rep."
"9800","I1210_trademarks",4504.77,"Korea, Rep."
"9801","P1_institutions",NA,"Kuwait"
"9802","Sub1_Security",NA,"Kuwait"
"9803","I101_organized_crime",5.1,"Kuwait"
"9804","I102_homicide",1.8,"Kuwait"
"9805","I103_terrorism",99.3,"Kuwait"
"9806","I104_police",5,"Kuwait"
"9807","Sub2_Social_Capital",NA,"Kuwait"
"9808","Sub2_Social_Capital",56.6,"Kuwait"
"9809","Sub3_Checks_Balances",NA,"Kuwait"
"9810","I106_transparency",NA,"Kuwait"
"9811","I107_judicial_independence",4.6,"Kuwait"
"9812","I108_challenging_regulations",4.3,"Kuwait"
"9813","I09_press_freedom",33.9,"Kuwait"
"9814","Sub4_Public_Sector",NA,"Kuwait"
"9815","I110_gov_burden",3.9,"Kuwait"
"9816","I111_settling_disputes",4.4,"Kuwait"
"9817","I112_e_participation",0.69,"Kuwait"
"9818","Sub5_Transparency",NA,"Kuwait"
"9819","I113_corruption",41,"Kuwait"
"9820","I114_property_rights",NA,"Kuwait"
"9821","I114_property_rights",4.4,"Kuwait"
"9822","I115_intellectual_property_protection",4.1,"Kuwait"
"9823","I116_land_administration",17,"Kuwait"
"9824","Sub6_Corporate_Governance",NA,"Kuwait"
"9825","I117_auditing_accounting_standards",4.5,"Kuwait"
"9826","I118_interest_conflict_regulation",6,"Kuwait"
"9827","I119_shareholder_governance",5.7,"Kuwait"
"9828","Sub7_Government_Orientation",NA,"Kuwait"
"9829","I120_policy_stability",4.1,"Kuwait"
"9830","I121_response_to_change",4,"Kuwait"
"9831","I122_digital_business_laws",3.7,"Kuwait"
"9832","I123_gov_long_term_vision",4,"Kuwait"
"9833","I124_energy_regulations",28.4,"Kuwait"
"9834","I125_renewable_energy",13.1,"Kuwait"
"9835","I126_environment_treaties",20,"Kuwait"
"9836","P2_infrastructure",NA,"Kuwait"
"9837","Sub8_Transport_Infrastructure",NA,"Kuwait"
"9838","I201_road_connectivity",82.4,"Kuwait"
"9839","I202_quality_of_roads",3.7,"Kuwait"
"9840","I203_railroad_density",NA,"Kuwait"
"9841","I204_train_efficiency",NA,"Kuwait"
"9842","I205_airport_connectivity",84589.8,"Kuwait"
"9843","I206_air_transport_efficiency",3.6,"Kuwait"
"9844","I207_shipping_connectivity",11.4,"Kuwait"
"9845","I208_seaport_efficiency",3.5,"Kuwait"
"9846","Sub9_Utility_Infrastructure",NA,"Kuwait"
"9847","I209_electricity_access",100,"Kuwait"
"9848","I210_electricity_supply",11.7,"Kuwait"
"9849","I211_unsafe_drinking_water",9.3,"Kuwait"
"9850","I212_water_supply",5.3,"Kuwait"
"9851","P3_ICT_adoption",NA,"Kuwait"
"9852","I301_cellular_subscription",NA,"Kuwait"
"9853","I302_mobile_broadband",NA,"Kuwait"
"9854","I303_fixed_broadband",NA,"Kuwait"
"9855","I304_fibre_internet",NA,"Kuwait"
"9856","I305_internet_users",NA,"Kuwait"
"9857","P4_macro_stability",NA,"Kuwait"
"9858","I401_inflation",NA,"Kuwait"
"9859","I402_debt_dynamic",NA,"Kuwait"
"9860","P5_health",NA,"Kuwait"
"9861","I501_healthy_life_expectancy",NA,"Kuwait"
"9862","P6_skills",NA,"Kuwait"
"9863","Sub10_Workforce",NA,"Kuwait"
"9864","I601_years_of_schooling",NA,"Kuwait"
"9865","Sub11_Workforce_Skills",NA,"Kuwait"
"9866","I602_staff_training",NA,"Kuwait"
"9867","I603_vocational_training",NA,"Kuwait"
"9868","I604_graduates_skillset",NA,"Kuwait"
"9869","I605_digital_skills",NA,"Kuwait"
"9870","I606_skilled_employees",NA,"Kuwait"
"9871","Sub12_Future_Workforce",NA,"Kuwait"
"9872","I501_healthy_life_expectancy",NA,"Kuwait"
"9873","Sub13_Future_Workforce_Skills",NA,"Kuwait"
"9874","I608_critical_thinking",NA,"Kuwait"
"9875","I609_pupil_teacher_ratio",NA,"Kuwait"
"9876","P7_product_market",NA,"Kuwait"
"9877","Sub14_Domestic_Competition",NA,"Kuwait"
"9878","I701_distortive_taxes",NA,"Kuwait"
"9879","I702_market_dominance",NA,"Kuwait"
"9880","I703_competition_services",NA,"Kuwait"
"9881","Sub15_Trade_Openess",NA,"Kuwait"
"9882","I704_non_tariff_barriers",NA,"Kuwait"
"9883","I705_trade_tariffs",NA,"Kuwait"
"9884","I706_tariffs_complexity",NA,"Kuwait"
"9885","I707_border_clearance",NA,"Kuwait"
"9886","P8_labour_market",NA,"Kuwait"
"9887","Sub16_Flexibility",NA,"Kuwait"
"9888","I801_redundancy_costs",NA,"Kuwait"
"9889","I802_hiring_firing_practices",NA,"Kuwait"
"9890","I803_labour_employer_relations",NA,"Kuwait"
"9891","I804_wage_flexibility",NA,"Kuwait"
"9892","I805_labour_market_policies",NA,"Kuwait"
"9893","I806_workers_rights",NA,"Kuwait"
"9894","I807_foreign_labour_hiring",NA,"Kuwait"
"9895","I808_internal_labour_mobility",NA,"Kuwait"
"9896","Sub17_Meritocracy",NA,"Kuwait"
"9897","I809_reliance_on_management",NA,"Kuwait"
"9898","I810_pay_productivity",NA,"Kuwait"
"9899","I811_gender_pay_gap",NA,"Kuwait"
"9900","I812_labour_tax",NA,"Kuwait"
"9901","P9_financial_system",NA,"Kuwait"
"9902","Sub18_Depth",NA,"Kuwait"
"9903","I901_credit_to_private_sector",100.5,"Kuwait"
"9904","I902_financing_SME",4.4,"Kuwait"
"9905","I903_venture_capital",4.2,"Kuwait"
"9906","I904_market_capitalization",78.2,"Kuwait"
"9907","I905_insurance_premium",0.4,"Kuwait"
"9908","Sub19_Stability",NA,"Kuwait"
"9909","I906_banks_soundness",5.2,"Kuwait"
"9910","I907_non_performing_loans",1.9,"Kuwait"
"9911","I908_credit_gap",9,"Kuwait"
"9912","I909_regulatory_capital",18.2,"Kuwait"
"9913","P10_market_size",NA,"Kuwait"
"9914","I1001_GDP_PPP",272,"Kuwait"
"9915","I1002_imports",49.8,"Kuwait"
"9916","P11_dynamism",NA,"Kuwait"
"9917","Sub20_Administrative_Requirements",NA,"Kuwait"
"9918","I1101_starting_business_cost",2,"Kuwait"
"9919","I1102_starting_business_time",35.5,"Kuwait"
"9920","I1103_insolvency_recovery_rate",32.4,"Kuwait"
"9921","I1104_insolvency_regulations",7,"Kuwait"
"9922","Sub21_Entrepreneurial_Culture",NA,"Kuwait"
"9923","I1105_risk_attitudes",4.2,"Kuwait"
"9924","I1106_delegating_authority",4.1,"Kuwait"
"9925","I1107_innovating_companies",4.2,"Kuwait"
"9926","I1108_disruptive_ideas",3.8,"Kuwait"
"9927","P12_innovation",NA,"Kuwait"
"9928","Sub22_Diversity",NA,"Kuwait"
"9929","I1201_workforce_diversity",4.5,"Kuwait"
"9930","I1202_cluster_development",4.1,"Kuwait"
"9931","I1203_international_inventions",0.11,"Kuwait"
"9932","I1204_stakeholder_collaboration",3.9,"Kuwait"
"9933","Sub23_Research_Development",NA,"Kuwait"
"9934","I1205_scientific_publications",133.7,"Kuwait"
"9935","I1206_patents",1.22,"Kuwait"
"9936","I1207_RnD_expenditures",0.1,"Kuwait"
"9937","I1208_research_institutions",0.01,"Kuwait"
"9938","Sub24_Commercialization",NA,"Kuwait"
"9939","I1209_buyer_sophistication",4,"Kuwait"
"9940","I1210_trademarks",0,"Kuwait"
"9941","P1_institutions",NA,"Kyrgyz Republic"
"9942","Sub1_Security",NA,"Kyrgyz Republic"
"9943","I101_organized_crime",3.7,"Kyrgyz Republic"
"9944","I102_homicide",4.2,"Kyrgyz Republic"
"9945","I103_terrorism",99.8,"Kyrgyz Republic"
"9946","I104_police",3.3,"Kyrgyz Republic"
"9947","Sub2_Social_Capital",NA,"Kyrgyz Republic"
"9948","Sub2_Social_Capital",51.5,"Kyrgyz Republic"
"9949","Sub3_Checks_Balances",NA,"Kyrgyz Republic"
"9950","I106_transparency",55,"Kyrgyz Republic"
"9951","I107_judicial_independence",3,"Kyrgyz Republic"
"9952","I108_challenging_regulations",2.9,"Kyrgyz Republic"
"9953","I09_press_freedom",29.9,"Kyrgyz Republic"
"9954","Sub4_Public_Sector",NA,"Kyrgyz Republic"
"9955","I110_gov_burden",3.3,"Kyrgyz Republic"
"9956","I111_settling_disputes",3,"Kyrgyz Republic"
"9957","I112_e_participation",0.69,"Kyrgyz Republic"
"9958","Sub5_Transparency",NA,"Kyrgyz Republic"
"9959","I113_corruption",29,"Kyrgyz Republic"
"9960","I114_property_rights",NA,"Kyrgyz Republic"
"9961","I114_property_rights",3.5,"Kyrgyz Republic"
"9962","I115_intellectual_property_protection",3.4,"Kyrgyz Republic"
"9963","I116_land_administration",24,"Kyrgyz Republic"
"9964","Sub6_Corporate_Governance",NA,"Kyrgyz Republic"
"9965","I117_auditing_accounting_standards",3.5,"Kyrgyz Republic"
"9966","I118_interest_conflict_regulation",6.7,"Kyrgyz Republic"
"9967","I119_shareholder_governance",6.7,"Kyrgyz Republic"
"9968","Sub7_Government_Orientation",NA,"Kyrgyz Republic"
"9969","I120_policy_stability",3.2,"Kyrgyz Republic"
"9970","I121_response_to_change",3.1,"Kyrgyz Republic"
"9971","I122_digital_business_laws",3,"Kyrgyz Republic"
"9972","I123_gov_long_term_vision",3,"Kyrgyz Republic"
"9973","I124_energy_regulations",31.6,"Kyrgyz Republic"
"9974","I125_renewable_energy",32.1,"Kyrgyz Republic"
"9975","I126_environment_treaties",16,"Kyrgyz Republic"
"9976","P2_infrastructure",NA,"Kyrgyz Republic"
"9977","Sub8_Transport_Infrastructure",NA,"Kyrgyz Republic"
"9978","I201_road_connectivity",59.6,"Kyrgyz Republic"
"9979","I202_quality_of_roads",3.1,"Kyrgyz Republic"
"9980","I203_railroad_density",2.2,"Kyrgyz Republic"
"9981","I204_train_efficiency",2.8,"Kyrgyz Republic"
"9982","I205_airport_connectivity",8251.2,"Kyrgyz Republic"
"9983","I206_air_transport_efficiency",3,"Kyrgyz Republic"
"9984","I207_shipping_connectivity",NA,"Kyrgyz Republic"
"9985","I208_seaport_efficiency",1.5,"Kyrgyz Republic"
"9986","Sub9_Utility_Infrastructure",NA,"Kyrgyz Republic"
"9987","I209_electricity_access",100,"Kyrgyz Republic"
"9988","I210_electricity_supply",19.8,"Kyrgyz Republic"
"9989","I211_unsafe_drinking_water",15.7,"Kyrgyz Republic"
"9990","I212_water_supply",3.9,"Kyrgyz Republic"
"9991","P3_ICT_adoption",NA,"Kyrgyz Republic"
"9992","I301_cellular_subscription",122.6,"Kyrgyz Republic"
"9993","I302_mobile_broadband",94,"Kyrgyz Republic"
"9994","I303_fixed_broadband",3.8,"Kyrgyz Republic"
"9995","I304_fibre_internet",2.1,"Kyrgyz Republic"
"9996","I305_internet_users",38,"Kyrgyz Republic"
"9997","P4_macro_stability",NA,"Kyrgyz Republic"
"9998","I401_inflation",2.4,"Kyrgyz Republic"
"9999","I402_debt_dynamic",50,"Kyrgyz Republic"
"10000","P5_health",NA,"Kyrgyz Republic"
"10001","I501_healthy_life_expectancy",63.4,"Kyrgyz Republic"
"10002","P6_skills",NA,"Kyrgyz Republic"
"10003","Sub10_Workforce",NA,"Kyrgyz Republic"
"10004","I601_years_of_schooling",10.6,"Kyrgyz Republic"
"10005","Sub11_Workforce_Skills",NA,"Kyrgyz Republic"
"10006","I602_staff_training",3.4,"Kyrgyz Republic"
"10007","I603_vocational_training",3.3,"Kyrgyz Republic"
"10008","I604_graduates_skillset",3.2,"Kyrgyz Republic"
"10009","I605_digital_skills",3.9,"Kyrgyz Republic"
"10010","I606_skilled_employees",3.6,"Kyrgyz Republic"
"10011","Sub12_Future_Workforce",NA,"Kyrgyz Republic"
"10012","I501_healthy_life_expectancy",13.4,"Kyrgyz Republic"
"10013","Sub13_Future_Workforce_Skills",NA,"Kyrgyz Republic"
"10014","I608_critical_thinking",3,"Kyrgyz Republic"
"10015","I609_pupil_teacher_ratio",24.9,"Kyrgyz Republic"
"10016","P7_product_market",NA,"Kyrgyz Republic"
"10017","Sub14_Domestic_Competition",NA,"Kyrgyz Republic"
"10018","I701_distortive_taxes",3.5,"Kyrgyz Republic"
"10019","I702_market_dominance",3.4,"Kyrgyz Republic"
"10020","I703_competition_services",4.1,"Kyrgyz Republic"
"10021","Sub15_Trade_Openess",NA,"Kyrgyz Republic"
"10022","I704_non_tariff_barriers",4.1,"Kyrgyz Republic"
"10023","I705_trade_tariffs",4.52,"Kyrgyz Republic"
"10024","I706_tariffs_complexity",3.6,"Kyrgyz Republic"
"10025","I707_border_clearance",2.8,"Kyrgyz Republic"
"10026","P8_labour_market",NA,"Kyrgyz Republic"
"10027","Sub16_Flexibility",NA,"Kyrgyz Republic"
"10028","I801_redundancy_costs",17.3,"Kyrgyz Republic"
"10029","I802_hiring_firing_practices",3.6,"Kyrgyz Republic"
"10030","I803_labour_employer_relations",4,"Kyrgyz Republic"
"10031","I804_wage_flexibility",5.4,"Kyrgyz Republic"
"10032","I805_labour_market_policies",2.6,"Kyrgyz Republic"
"10033","I806_workers_rights",NA,"Kyrgyz Republic"
"10034","I807_foreign_labour_hiring",3.9,"Kyrgyz Republic"
"10035","I808_internal_labour_mobility",4.6,"Kyrgyz Republic"
"10036","Sub17_Meritocracy",NA,"Kyrgyz Republic"
"10037","I809_reliance_on_management",3.3,"Kyrgyz Republic"
"10038","I810_pay_productivity",4.1,"Kyrgyz Republic"
"10039","I811_gender_pay_gap",0.74,"Kyrgyz Republic"
"10040","I812_labour_tax",19.5,"Kyrgyz Republic"
"10041","P9_financial_system",NA,"Kyrgyz Republic"
"10042","Sub18_Depth",NA,"Kyrgyz Republic"
"10043","I901_credit_to_private_sector",21.7,"Kyrgyz Republic"
"10044","I902_financing_SME",3.5,"Kyrgyz Republic"
"10045","I903_venture_capital",2.7,"Kyrgyz Republic"
"10046","I904_market_capitalization",3.4,"Kyrgyz Republic"
"10047","I905_insurance_premium",NA,"Kyrgyz Republic"
"10048","Sub19_Stability",NA,"Kyrgyz Republic"
"10049","I906_banks_soundness",3.9,"Kyrgyz Republic"
"10050","I907_non_performing_loans",7.4,"Kyrgyz Republic"
"10051","I908_credit_gap",-0.1,"Kyrgyz Republic"
"10052","I909_regulatory_capital",23.8,"Kyrgyz Republic"
"10053","P10_market_size",NA,"Kyrgyz Republic"
"10054","I1001_GDP_PPP",22,"Kyrgyz Republic"
"10055","I1002_imports",72.4,"Kyrgyz Republic"
"10056","P11_dynamism",NA,"Kyrgyz Republic"
"10057","Sub20_Administrative_Requirements",NA,"Kyrgyz Republic"
"10058","I1101_starting_business_cost",1.9,"Kyrgyz Republic"
"10059","I1102_starting_business_time",10,"Kyrgyz Republic"
"10060","I1103_insolvency_recovery_rate",36.2,"Kyrgyz Republic"
"10061","I1104_insolvency_regulations",9,"Kyrgyz Republic"
"10062","Sub21_Entrepreneurial_Culture",NA,"Kyrgyz Republic"
"10063","I1105_risk_attitudes",4.6,"Kyrgyz Republic"
"10064","I1106_delegating_authority",3.8,"Kyrgyz Republic"
"10065","I1107_innovating_companies",3.3,"Kyrgyz Republic"
"10066","I1108_disruptive_ideas",3.4,"Kyrgyz Republic"
"10067","P12_innovation",NA,"Kyrgyz Republic"
"10068","Sub22_Diversity",NA,"Kyrgyz Republic"
"10069","I1201_workforce_diversity",4.1,"Kyrgyz Republic"
"10070","I1202_cluster_development",2.7,"Kyrgyz Republic"
"10071","I1203_international_inventions",0.01,"Kyrgyz Republic"
"10072","I1204_stakeholder_collaboration",3.3,"Kyrgyz Republic"
"10073","Sub23_Research_Development",NA,"Kyrgyz Republic"
"10074","I1205_scientific_publications",57.7,"Kyrgyz Republic"
"10075","I1206_patents",0.01,"Kyrgyz Republic"
"10076","I1207_RnD_expenditures",0.1,"Kyrgyz Republic"
"10077","I1208_research_institutions",0,"Kyrgyz Republic"
"10078","Sub24_Commercialization",NA,"Kyrgyz Republic"
"10079","I1209_buyer_sophistication",3.3,"Kyrgyz Republic"
"10080","I1210_trademarks",46.92,"Kyrgyz Republic"
"10081","P1_institutions",NA,"Lao PDR"
"10082","Sub1_Security",NA,"Lao PDR"
"10083","I101_organized_crime",4.4,"Lao PDR"
"10084","I102_homicide",4.5,"Lao PDR"
"10085","I103_terrorism",99.7,"Lao PDR"
"10086","I104_police",4.2,"Lao PDR"
"10087","Sub2_Social_Capital",NA,"Lao PDR"
"10088","Sub2_Social_Capital",40.4,"Lao PDR"
"10089","Sub3_Checks_Balances",NA,"Lao PDR"
"10090","I106_transparency",NA,"Lao PDR"
"10091","I107_judicial_independence",4,"Lao PDR"
"10092","I108_challenging_regulations",3.2,"Lao PDR"
"10093","I09_press_freedom",64.5,"Lao PDR"
"10094","Sub4_Public_Sector",NA,"Lao PDR"
"10095","I110_gov_burden",3.6,"Lao PDR"
"10096","I111_settling_disputes",4.1,"Lao PDR"
"10097","I112_e_participation",0.17,"Lao PDR"
"10098","Sub5_Transparency",NA,"Lao PDR"
"10099","I113_corruption",29,"Lao PDR"
"10100","I114_property_rights",NA,"Lao PDR"
"10101","I114_property_rights",3.9,"Lao PDR"
"10102","I115_intellectual_property_protection",4,"Lao PDR"
"10103","I116_land_administration",10.5,"Lao PDR"
"10104","Sub6_Corporate_Governance",NA,"Lao PDR"
"10105","I117_auditing_accounting_standards",3.9,"Lao PDR"
"10106","I118_interest_conflict_regulation",3.3,"Lao PDR"
"10107","I119_shareholder_governance",3,"Lao PDR"
"10108","Sub7_Government_Orientation",NA,"Lao PDR"
"10109","I120_policy_stability",3.8,"Lao PDR"
"10110","I121_response_to_change",4.1,"Lao PDR"
"10111","I122_digital_business_laws",3.7,"Lao PDR"
"10112","I123_gov_long_term_vision",4.8,"Lao PDR"
"10113","I124_energy_regulations",11.4,"Lao PDR"
"10114","I125_renewable_energy",30.6,"Lao PDR"
"10115","I126_environment_treaties",20,"Lao PDR"
"10116","P2_infrastructure",NA,"Lao PDR"
"10117","Sub8_Transport_Infrastructure",NA,"Lao PDR"
"10118","I201_road_connectivity",51.5,"Lao PDR"
"10119","I202_quality_of_roads",3.7,"Lao PDR"
"10120","I203_railroad_density",NA,"Lao PDR"
"10121","I204_train_efficiency",NA,"Lao PDR"
"10122","I205_airport_connectivity",14364.3,"Lao PDR"
"10123","I206_air_transport_efficiency",4,"Lao PDR"
"10124","I207_shipping_connectivity",NA,"Lao PDR"
"10125","I208_seaport_efficiency",3,"Lao PDR"
"10126","Sub9_Utility_Infrastructure",NA,"Lao PDR"
"10127","I209_electricity_access",94.2,"Lao PDR"
"10128","I210_electricity_supply",NA,"Lao PDR"
"10129","I211_unsafe_drinking_water",53.7,"Lao PDR"
"10130","I212_water_supply",4.4,"Lao PDR"
"10131","P3_ICT_adoption",NA,"Lao PDR"
"10132","I301_cellular_subscription",51.9,"Lao PDR"
"10133","I302_mobile_broadband",42,"Lao PDR"
"10134","I303_fixed_broadband",0.6,"Lao PDR"
"10135","I304_fibre_internet",0.4,"Lao PDR"
"10136","I305_internet_users",25.5,"Lao PDR"
"10137","P4_macro_stability",NA,"Lao PDR"
"10138","I401_inflation",1.4,"Lao PDR"
"10139","I402_debt_dynamic",39.4,"Lao PDR"
"10140","P5_health",NA,"Lao PDR"
"10141","I501_healthy_life_expectancy",59.5,"Lao PDR"
"10142","P6_skills",NA,"Lao PDR"
"10143","Sub10_Workforce",NA,"Lao PDR"
"10144","I601_years_of_schooling",5.6,"Lao PDR"
"10145","Sub11_Workforce_Skills",NA,"Lao PDR"
"10146","I602_staff_training",4,"Lao PDR"
"10147","I603_vocational_training",3.7,"Lao PDR"
"10148","I604_graduates_skillset",4.3,"Lao PDR"
"10149","I605_digital_skills",4.1,"Lao PDR"
"10150","I606_skilled_employees",4.2,"Lao PDR"
"10151","Sub12_Future_Workforce",NA,"Lao PDR"
"10152","I501_healthy_life_expectancy",11.1,"Lao PDR"
"10153","Sub13_Future_Workforce_Skills",NA,"Lao PDR"
"10154","I608_critical_thinking",3.5,"Lao PDR"
"10155","I609_pupil_teacher_ratio",22.3,"Lao PDR"
"10156","P7_product_market",NA,"Lao PDR"
"10157","Sub14_Domestic_Competition",NA,"Lao PDR"
"10158","I701_distortive_taxes",3.5,"Lao PDR"
"10159","I702_market_dominance",4.1,"Lao PDR"
"10160","I703_competition_services",4.1,"Lao PDR"
"10161","Sub15_Trade_Openess",NA,"Lao PDR"
"10162","I704_non_tariff_barriers",4.3,"Lao PDR"
"10163","I705_trade_tariffs",6.58,"Lao PDR"
"10164","I706_tariffs_complexity",6.3,"Lao PDR"
"10165","I707_border_clearance",2.6,"Lao PDR"
"10166","P8_labour_market",NA,"Lao PDR"
"10167","Sub16_Flexibility",NA,"Lao PDR"
"10168","I801_redundancy_costs",34.1,"Lao PDR"
"10169","I802_hiring_firing_practices",3.7,"Lao PDR"
"10170","I803_labour_employer_relations",4.7,"Lao PDR"
"10171","I804_wage_flexibility",5,"Lao PDR"
"10172","I805_labour_market_policies",3.2,"Lao PDR"
"10173","I806_workers_rights",62,"Lao PDR"
"10174","I807_foreign_labour_hiring",4,"Lao PDR"
"10175","I808_internal_labour_mobility",4.6,"Lao PDR"
"10176","Sub17_Meritocracy",NA,"Lao PDR"
"10177","I809_reliance_on_management",3.9,"Lao PDR"
"10178","I810_pay_productivity",4.4,"Lao PDR"
"10179","I811_gender_pay_gap",0.54,"Lao PDR"
"10180","I812_labour_tax",6.8,"Lao PDR"
"10181","P9_financial_system",NA,"Lao PDR"
"10182","Sub18_Depth",NA,"Lao PDR"
"10183","I901_credit_to_private_sector",NA,"Lao PDR"
"10184","I902_financing_SME",3.8,"Lao PDR"
"10185","I903_venture_capital",3.2,"Lao PDR"
"10186","I904_market_capitalization",12.7,"Lao PDR"
"10187","I905_insurance_premium",0.5,"Lao PDR"
"10188","Sub19_Stability",NA,"Lao PDR"
"10189","I906_banks_soundness",4.5,"Lao PDR"
"10190","I907_non_performing_loans",9.3,"Lao PDR"
"10191","I908_credit_gap",1.5,"Lao PDR"
"10192","I909_regulatory_capital",15.8,"Lao PDR"
"10193","P10_market_size",NA,"Lao PDR"
"10194","I1001_GDP_PPP",48,"Lao PDR"
"10195","I1002_imports",40.6,"Lao PDR"
"10196","P11_dynamism",NA,"Lao PDR"
"10197","Sub20_Administrative_Requirements",NA,"Lao PDR"
"10198","I1101_starting_business_cost",6.6,"Lao PDR"
"10199","I1102_starting_business_time",174,"Lao PDR"
"10200","I1103_insolvency_recovery_rate",0,"Lao PDR"
"10201","I1104_insolvency_regulations",0,"Lao PDR"
"10202","Sub21_Entrepreneurial_Culture",NA,"Lao PDR"
"10203","I1105_risk_attitudes",3.8,"Lao PDR"
"10204","I1106_delegating_authority",4.1,"Lao PDR"
"10205","I1107_innovating_companies",4.1,"Lao PDR"
"10206","I1108_disruptive_ideas",3.8,"Lao PDR"
"10207","P12_innovation",NA,"Lao PDR"
"10208","Sub22_Diversity",NA,"Lao PDR"
"10209","I1201_workforce_diversity",4.7,"Lao PDR"
"10210","I1202_cluster_development",4,"Lao PDR"
"10211","I1203_international_inventions",0.03,"Lao PDR"
"10212","I1204_stakeholder_collaboration",3.9,"Lao PDR"
"10213","Sub23_Research_Development",NA,"Lao PDR"
"10214","I1205_scientific_publications",73.3,"Lao PDR"
"10215","I1206_patents",0.08,"Lao PDR"
"10216","I1207_RnD_expenditures",NA,"Lao PDR"
"10217","I1208_research_institutions",0,"Lao PDR"
"10218","Sub24_Commercialization",NA,"Lao PDR"
"10219","I1209_buyer_sophistication",3.8,"Lao PDR"
"10220","I1210_trademarks",0,"Lao PDR"
"10221","P1_institutions",NA,"Latvia"
"10222","Sub1_Security",NA,"Latvia"
"10223","I101_organized_crime",5.2,"Latvia"
"10224","I102_homicide",4.2,"Latvia"
"10225","I103_terrorism",100,"Latvia"
"10226","I104_police",4.7,"Latvia"
"10227","Sub2_Social_Capital",NA,"Latvia"
"10228","Sub2_Social_Capital",45.5,"Latvia"
"10229","Sub3_Checks_Balances",NA,"Latvia"
"10230","I106_transparency",NA,"Latvia"
"10231","I107_judicial_independence",3.7,"Latvia"
"10232","I108_challenging_regulations",3.1,"Latvia"
"10233","I09_press_freedom",19.5,"Latvia"
"10234","Sub4_Public_Sector",NA,"Latvia"
"10235","I110_gov_burden",3.6,"Latvia"
"10236","I111_settling_disputes",3.3,"Latvia"
"10237","I112_e_participation",0.69,"Latvia"
"10238","Sub5_Transparency",NA,"Latvia"
"10239","I113_corruption",58,"Latvia"
"10240","I114_property_rights",NA,"Latvia"
"10241","I114_property_rights",4.7,"Latvia"
"10242","I115_intellectual_property_protection",4.7,"Latvia"
"10243","I116_land_administration",21.5,"Latvia"
"10244","Sub6_Corporate_Governance",NA,"Latvia"
"10245","I117_auditing_accounting_standards",4.9,"Latvia"
"10246","I118_interest_conflict_regulation",6,"Latvia"
"10247","I119_shareholder_governance",6.7,"Latvia"
"10248","Sub7_Government_Orientation",NA,"Latvia"
"10249","I120_policy_stability",3.5,"Latvia"
"10250","I121_response_to_change",3.6,"Latvia"
"10251","I122_digital_business_laws",3.3,"Latvia"
"10252","I123_gov_long_term_vision",3.2,"Latvia"
"10253","I124_energy_regulations",NA,"Latvia"
"10254","I125_renewable_energy",NA,"Latvia"
"10255","I126_environment_treaties",24,"Latvia"
"10256","P2_infrastructure",NA,"Latvia"
"10257","Sub8_Transport_Infrastructure",NA,"Latvia"
"10258","I201_road_connectivity",89.2,"Latvia"
"10259","I202_quality_of_roads",3.6,"Latvia"
"10260","I203_railroad_density",29.9,"Latvia"
"10261","I204_train_efficiency",4.6,"Latvia"
"10262","I205_airport_connectivity",20522.6,"Latvia"
"10263","I206_air_transport_efficiency",5.7,"Latvia"
"10264","I207_shipping_connectivity",8.1,"Latvia"
"10265","I208_seaport_efficiency",4.9,"Latvia"
"10266","Sub9_Utility_Infrastructure",NA,"Latvia"
"10267","I209_electricity_access",100,"Latvia"
"10268","I210_electricity_supply",6.4,"Latvia"
"10269","I211_unsafe_drinking_water",5.8,"Latvia"
"10270","I212_water_supply",6.1,"Latvia"
"10271","P3_ICT_adoption",NA,"Latvia"
"10272","I301_cellular_subscription",107.3,"Latvia"
"10273","I302_mobile_broadband",130.2,"Latvia"
"10274","I303_fixed_broadband",27.3,"Latvia"
"10275","I304_fibre_internet",17.4,"Latvia"
"10276","I305_internet_users",83.6,"Latvia"
"10277","P4_macro_stability",NA,"Latvia"
"10278","I401_inflation",2.7,"Latvia"
"10279","I402_debt_dynamic",100,"Latvia"
"10280","P5_health",NA,"Latvia"
"10281","I501_healthy_life_expectancy",64.6,"Latvia"
"10282","P6_skills",NA,"Latvia"
"10283","Sub10_Workforce",NA,"Latvia"
"10284","I601_years_of_schooling",13.2,"Latvia"
"10285","Sub11_Workforce_Skills",NA,"Latvia"
"10286","I602_staff_training",4.4,"Latvia"
"10287","I603_vocational_training",4.2,"Latvia"
"10288","I604_graduates_skillset",4.2,"Latvia"
"10289","I605_digital_skills",4.8,"Latvia"
"10290","I606_skilled_employees",3.9,"Latvia"
"10291","Sub12_Future_Workforce",NA,"Latvia"
"10292","I501_healthy_life_expectancy",16.2,"Latvia"
"10293","Sub13_Future_Workforce_Skills",NA,"Latvia"
"10294","I608_critical_thinking",3.8,"Latvia"
"10295","I609_pupil_teacher_ratio",11.3,"Latvia"
"10296","P7_product_market",NA,"Latvia"
"10297","Sub14_Domestic_Competition",NA,"Latvia"
"10298","I701_distortive_taxes",4.1,"Latvia"
"10299","I702_market_dominance",4,"Latvia"
"10300","I703_competition_services",5.3,"Latvia"
"10301","Sub15_Trade_Openess",NA,"Latvia"
"10302","I704_non_tariff_barriers",5.1,"Latvia"
"10303","I705_trade_tariffs",1.12,"Latvia"
"10304","I706_tariffs_complexity",2.9,"Latvia"
"10305","I707_border_clearance",2.8,"Latvia"
"10306","P8_labour_market",NA,"Latvia"
"10307","Sub16_Flexibility",NA,"Latvia"
"10308","I801_redundancy_costs",13,"Latvia"
"10309","I802_hiring_firing_practices",4,"Latvia"
"10310","I803_labour_employer_relations",4.9,"Latvia"
"10311","I804_wage_flexibility",5.8,"Latvia"
"10312","I805_labour_market_policies",4.4,"Latvia"
"10313","I806_workers_rights",86,"Latvia"
"10314","I807_foreign_labour_hiring",3.6,"Latvia"
"10315","I808_internal_labour_mobility",4.5,"Latvia"
"10316","Sub17_Meritocracy",NA,"Latvia"
"10317","I809_reliance_on_management",4.5,"Latvia"
"10318","I810_pay_productivity",4.2,"Latvia"
"10319","I811_gender_pay_gap",0.91,"Latvia"
"10320","I812_labour_tax",26.6,"Latvia"
"10321","P9_financial_system",NA,"Latvia"
"10322","Sub18_Depth",NA,"Latvia"
"10323","I901_credit_to_private_sector",58.9,"Latvia"
"10324","I902_financing_SME",4,"Latvia"
"10325","I903_venture_capital",3.5,"Latvia"
"10326","I904_market_capitalization",4.3,"Latvia"
"10327","I905_insurance_premium",1.1,"Latvia"
"10328","Sub19_Stability",NA,"Latvia"
"10329","I906_banks_soundness",4.9,"Latvia"
"10330","I907_non_performing_loans",5.5,"Latvia"
"10331","I908_credit_gap",9.2,"Latvia"
"10332","I909_regulatory_capital",21,"Latvia"
"10333","P10_market_size",NA,"Latvia"
"10334","I1001_GDP_PPP",51,"Latvia"
"10335","I1002_imports",64.9,"Latvia"
"10336","P11_dynamism",NA,"Latvia"
"10337","Sub20_Administrative_Requirements",NA,"Latvia"
"10338","I1101_starting_business_cost",1.6,"Latvia"
"10339","I1102_starting_business_time",5.5,"Latvia"
"10340","I1103_insolvency_recovery_rate",41.1,"Latvia"
"10341","I1104_insolvency_regulations",12,"Latvia"
"10342","Sub21_Entrepreneurial_Culture",NA,"Latvia"
"10343","I1105_risk_attitudes",3.8,"Latvia"
"10344","I1106_delegating_authority",4.8,"Latvia"
"10345","I1107_innovating_companies",4.3,"Latvia"
"10346","I1108_disruptive_ideas",3.9,"Latvia"
"10347","P12_innovation",NA,"Latvia"
"10348","Sub22_Diversity",NA,"Latvia"
"10349","I1201_workforce_diversity",4.1,"Latvia"
"10350","I1202_cluster_development",3.9,"Latvia"
"10351","I1203_international_inventions",0.96,"Latvia"
"10352","I1204_stakeholder_collaboration",3.9,"Latvia"
"10353","Sub23_Research_Development",NA,"Latvia"
"10354","I1205_scientific_publications",140.7,"Latvia"
"10355","I1206_patents",5.82,"Latvia"
"10356","I1207_RnD_expenditures",0.4,"Latvia"
"10357","I1208_research_institutions",0.01,"Latvia"
"10358","Sub24_Commercialization",NA,"Latvia"
"10359","I1209_buyer_sophistication",3.5,"Latvia"
"10360","I1210_trademarks",3767.99,"Latvia"
"10361","P1_institutions",NA,"Lebanon"
"10362","Sub1_Security",NA,"Lebanon"
"10363","I101_organized_crime",4.1,"Lebanon"
"10364","I102_homicide",4,"Lebanon"
"10365","I103_terrorism",92.5,"Lebanon"
"10366","I104_police",3.8,"Lebanon"
"10367","Sub2_Social_Capital",NA,"Lebanon"
"10368","Sub2_Social_Capital",46.9,"Lebanon"
"10369","Sub3_Checks_Balances",NA,"Lebanon"
"10370","I106_transparency",3,"Lebanon"
"10371","I107_judicial_independence",3.1,"Lebanon"
"10372","I108_challenging_regulations",2.7,"Lebanon"
"10373","I09_press_freedom",32.4,"Lebanon"
"10374","Sub4_Public_Sector",NA,"Lebanon"
"10375","I110_gov_burden",3.1,"Lebanon"
"10376","I111_settling_disputes",3.2,"Lebanon"
"10377","I112_e_participation",0.44,"Lebanon"
"10378","Sub5_Transparency",NA,"Lebanon"
"10379","I113_corruption",28,"Lebanon"
"10380","I114_property_rights",NA,"Lebanon"
"10381","I114_property_rights",4,"Lebanon"
"10382","I115_intellectual_property_protection",3.3,"Lebanon"
"10383","I116_land_administration",16,"Lebanon"
"10384","Sub6_Corporate_Governance",NA,"Lebanon"
"10385","I117_auditing_accounting_standards",4.3,"Lebanon"
"10386","I118_interest_conflict_regulation",5,"Lebanon"
"10387","I119_shareholder_governance",3.3,"Lebanon"
"10388","Sub7_Government_Orientation",NA,"Lebanon"
"10389","I120_policy_stability",2.9,"Lebanon"
"10390","I121_response_to_change",2.7,"Lebanon"
"10391","I122_digital_business_laws",3,"Lebanon"
"10392","I123_gov_long_term_vision",2.5,"Lebanon"
"10393","I124_energy_regulations",51.5,"Lebanon"
"10394","I125_renewable_energy",56,"Lebanon"
"10395","I126_environment_treaties",21,"Lebanon"
"10396","P2_infrastructure",NA,"Lebanon"
"10397","Sub8_Transport_Infrastructure",NA,"Lebanon"
"10398","I201_road_connectivity",73.5,"Lebanon"
"10399","I202_quality_of_roads",2.6,"Lebanon"
"10400","I203_railroad_density",NA,"Lebanon"
"10401","I204_train_efficiency",NA,"Lebanon"
"10402","I205_airport_connectivity",48359.6,"Lebanon"
"10403","I206_air_transport_efficiency",4.3,"Lebanon"
"10404","I207_shipping_connectivity",47.2,"Lebanon"
"10405","I208_seaport_efficiency",3.6,"Lebanon"
"10406","Sub9_Utility_Infrastructure",NA,"Lebanon"
"10407","I209_electricity_access",99.9,"Lebanon"
"10408","I210_electricity_supply",10.4,"Lebanon"
"10409","I211_unsafe_drinking_water",27.3,"Lebanon"
"10410","I212_water_supply",2.5,"Lebanon"
"10411","P3_ICT_adoption",NA,"Lebanon"
"10412","I301_cellular_subscription",64.5,"Lebanon"
"10413","I302_mobile_broadband",45.2,"Lebanon"
"10414","I303_fixed_broadband",0.1,"Lebanon"
"10415","I304_fibre_internet",NA,"Lebanon"
"10416","I305_internet_users",78.2,"Lebanon"
"10417","P4_macro_stability",NA,"Lebanon"
"10418","I401_inflation",5.3,"Lebanon"
"10419","I402_debt_dynamic",36.6,"Lebanon"
"10420","P5_health",NA,"Lebanon"
"10421","I501_healthy_life_expectancy",66.3,"Lebanon"
"10422","P6_skills",NA,"Lebanon"
"10423","Sub10_Workforce",NA,"Lebanon"
"10424","I601_years_of_schooling",9.3,"Lebanon"
"10425","Sub11_Workforce_Skills",NA,"Lebanon"
"10426","I602_staff_training",3.8,"Lebanon"
"10427","I603_vocational_training",3.6,"Lebanon"
"10428","I604_graduates_skillset",4.8,"Lebanon"
"10429","I605_digital_skills",5,"Lebanon"
"10430","I606_skilled_employees",5.1,"Lebanon"
"10431","Sub12_Future_Workforce",NA,"Lebanon"
"10432","I501_healthy_life_expectancy",11.3,"Lebanon"
"10433","Sub13_Future_Workforce_Skills",NA,"Lebanon"
"10434","I608_critical_thinking",4.3,"Lebanon"
"10435","I609_pupil_teacher_ratio",12.5,"Lebanon"
"10436","P7_product_market",NA,"Lebanon"
"10437","Sub14_Domestic_Competition",NA,"Lebanon"
"10438","I701_distortive_taxes",3.2,"Lebanon"
"10439","I702_market_dominance",3.9,"Lebanon"
"10440","I703_competition_services",4.7,"Lebanon"
"10441","Sub15_Trade_Openess",NA,"Lebanon"
"10442","I704_non_tariff_barriers",3.9,"Lebanon"
"10443","I705_trade_tariffs",4.72,"Lebanon"
"10444","I706_tariffs_complexity",4.7,"Lebanon"
"10445","I707_border_clearance",2.4,"Lebanon"
"10446","P8_labour_market",NA,"Lebanon"
"10447","Sub16_Flexibility",NA,"Lebanon"
"10448","I801_redundancy_costs",8.7,"Lebanon"
"10449","I802_hiring_firing_practices",3.9,"Lebanon"
"10450","I803_labour_employer_relations",4.1,"Lebanon"
"10451","I804_wage_flexibility",4.8,"Lebanon"
"10452","I805_labour_market_policies",2.2,"Lebanon"
"10453","I806_workers_rights",72,"Lebanon"
"10454","I807_foreign_labour_hiring",3.8,"Lebanon"
"10455","I808_internal_labour_mobility",4.8,"Lebanon"
"10456","Sub17_Meritocracy",NA,"Lebanon"
"10457","I809_reliance_on_management",3.8,"Lebanon"
"10458","I810_pay_productivity",4,"Lebanon"
"10459","I811_gender_pay_gap",0.46,"Lebanon"
"10460","I812_labour_tax",24.5,"Lebanon"
"10461","P9_financial_system",NA,"Lebanon"
"10462","Sub18_Depth",NA,"Lebanon"
"10463","I901_credit_to_private_sector",103.1,"Lebanon"
"10464","I902_financing_SME",3.8,"Lebanon"
"10465","I903_venture_capital",3.3,"Lebanon"
"10466","I904_market_capitalization",22.6,"Lebanon"
"10467","I905_insurance_premium",1.7,"Lebanon"
"10468","Sub19_Stability",NA,"Lebanon"
"10469","I906_banks_soundness",5,"Lebanon"
"10470","I907_non_performing_loans",5.7,"Lebanon"
"10471","I908_credit_gap",4.9,"Lebanon"
"10472","I909_regulatory_capital",16.3,"Lebanon"
"10473","P10_market_size",NA,"Lebanon"
"10474","I1001_GDP_PPP",80,"Lebanon"
"10475","I1002_imports",61.6,"Lebanon"
"10476","P11_dynamism",NA,"Lebanon"
"10477","Sub20_Administrative_Requirements",NA,"Lebanon"
"10478","I1101_starting_business_cost",40,"Lebanon"
"10479","I1102_starting_business_time",15,"Lebanon"
"10480","I1103_insolvency_recovery_rate",31.7,"Lebanon"
"10481","I1104_insolvency_regulations",4,"Lebanon"
"10482","Sub21_Entrepreneurial_Culture",NA,"Lebanon"
"10483","I1105_risk_attitudes",4.2,"Lebanon"
"10484","I1106_delegating_authority",4.1,"Lebanon"
"10485","I1107_innovating_companies",4,"Lebanon"
"10486","I1108_disruptive_ideas",3.6,"Lebanon"
"10487","P12_innovation",NA,"Lebanon"
"10488","Sub22_Diversity",NA,"Lebanon"
"10489","I1201_workforce_diversity",4.1,"Lebanon"
"10490","I1202_cluster_development",3.9,"Lebanon"
"10491","I1203_international_inventions",0.75,"Lebanon"
"10492","I1204_stakeholder_collaboration",3.6,"Lebanon"
"10493","Sub23_Research_Development",NA,"Lebanon"
"10494","I1205_scientific_publications",172.3,"Lebanon"
"10495","I1206_patents",1.65,"Lebanon"
"10496","I1207_RnD_expenditures",NA,"Lebanon"
"10497","I1208_research_institutions",0.01,"Lebanon"
"10498","Sub24_Commercialization",NA,"Lebanon"
"10499","I1209_buyer_sophistication",3.6,"Lebanon"
"10500","I1210_trademarks",642.68,"Lebanon"
"10501","P1_institutions",NA,"Lesotho"
"10502","Sub1_Security",NA,"Lesotho"
"10503","I101_organized_crime",5.4,"Lesotho"
"10504","I102_homicide",41.2,"Lesotho"
"10505","I103_terrorism",100,"Lesotho"
"10506","I104_police",4.8,"Lesotho"
"10507","Sub2_Social_Capital",NA,"Lesotho"
"10508","Sub2_Social_Capital",48.5,"Lesotho"
"10509","Sub3_Checks_Balances",NA,"Lesotho"
"10510","I106_transparency",0,"Lesotho"
"10511","I107_judicial_independence",3.5,"Lesotho"
"10512","I108_challenging_regulations",3.5,"Lesotho"
"10513","I09_press_freedom",29.7,"Lesotho"
"10514","Sub4_Public_Sector",NA,"Lesotho"
"10515","I110_gov_burden",3.7,"Lesotho"
"10516","I111_settling_disputes",3.5,"Lesotho"
"10517","I112_e_participation",0.08,"Lesotho"
"10518","Sub5_Transparency",NA,"Lesotho"
"10519","I113_corruption",41,"Lesotho"
"10520","I114_property_rights",NA,"Lesotho"
"10521","I114_property_rights",3.4,"Lesotho"
"10522","I115_intellectual_property_protection",3.6,"Lesotho"
"10523","I116_land_administration",9.5,"Lesotho"
"10524","Sub6_Corporate_Governance",NA,"Lesotho"
"10525","I117_auditing_accounting_standards",2.4,"Lesotho"
"10526","I118_interest_conflict_regulation",5.3,"Lesotho"
"10527","I119_shareholder_governance",4.7,"Lesotho"
"10528","Sub7_Government_Orientation",NA,"Lesotho"
"10529","I120_policy_stability",3.4,"Lesotho"
"10530","I121_response_to_change",3.6,"Lesotho"
"10531","I122_digital_business_laws",3.9,"Lesotho"
"10532","I123_gov_long_term_vision",3.8,"Lesotho"
"10533","I124_energy_regulations",NA,"Lesotho"
"10534","I125_renewable_energy",NA,"Lesotho"
"10535","I126_environment_treaties",19,"Lesotho"
"10536","P2_infrastructure",NA,"Lesotho"
"10537","Sub8_Transport_Infrastructure",NA,"Lesotho"
"10538","I201_road_connectivity",44.7,"Lesotho"
"10539","I202_quality_of_roads",2.7,"Lesotho"
"10540","I203_railroad_density",NA,"Lesotho"
"10541","I204_train_efficiency",NA,"Lesotho"
"10542","I205_airport_connectivity",182.5,"Lesotho"
"10543","I206_air_transport_efficiency",1.4,"Lesotho"
"10544","I207_shipping_connectivity",NA,"Lesotho"
"10545","I208_seaport_efficiency",NA,"Lesotho"
"10546","Sub9_Utility_Infrastructure",NA,"Lesotho"
"10547","I209_electricity_access",34.4,"Lesotho"
"10548","I210_electricity_supply",NA,"Lesotho"
"10549","I211_unsafe_drinking_water",72.5,"Lesotho"
"10550","I212_water_supply",3.2,"Lesotho"
"10551","P3_ICT_adoption",NA,"Lesotho"
"10552","I301_cellular_subscription",113.8,"Lesotho"
"10553","I302_mobile_broadband",59,"Lesotho"
"10554","I303_fixed_broadband",0.3,"Lesotho"
"10555","I304_fibre_internet",0.1,"Lesotho"
"10556","I305_internet_users",29,"Lesotho"
"10557","P4_macro_stability",NA,"Lesotho"
"10558","I401_inflation",4.9,"Lesotho"
"10559","I402_debt_dynamic",50,"Lesotho"
"10560","P5_health",NA,"Lesotho"
"10561","I501_healthy_life_expectancy",47,"Lesotho"
"10562","P6_skills",NA,"Lesotho"
"10563","Sub10_Workforce",NA,"Lesotho"
"10564","I601_years_of_schooling",7.1,"Lesotho"
"10565","Sub11_Workforce_Skills",NA,"Lesotho"
"10566","I602_staff_training",3.5,"Lesotho"
"10567","I603_vocational_training",3.4,"Lesotho"
"10568","I604_graduates_skillset",3.5,"Lesotho"
"10569","I605_digital_skills",3.5,"Lesotho"
"10570","I606_skilled_employees",3.4,"Lesotho"
"10571","Sub12_Future_Workforce",NA,"Lesotho"
"10572","I501_healthy_life_expectancy",10.6,"Lesotho"
"10573","Sub13_Future_Workforce_Skills",NA,"Lesotho"
"10574","I608_critical_thinking",4,"Lesotho"
"10575","I609_pupil_teacher_ratio",32.9,"Lesotho"
"10576","P7_product_market",NA,"Lesotho"
"10577","Sub14_Domestic_Competition",NA,"Lesotho"
"10578","I701_distortive_taxes",3.4,"Lesotho"
"10579","I702_market_dominance",3.6,"Lesotho"
"10580","I703_competition_services",5.6,"Lesotho"
"10581","Sub15_Trade_Openess",NA,"Lesotho"
"10582","I704_non_tariff_barriers",3,"Lesotho"
"10583","I705_trade_tariffs",6.49,"Lesotho"
"10584","I706_tariffs_complexity",4.9,"Lesotho"
"10585","I707_border_clearance",2.4,"Lesotho"
"10586","P8_labour_market",NA,"Lesotho"
"10587","Sub16_Flexibility",NA,"Lesotho"
"10588","I801_redundancy_costs",15,"Lesotho"
"10589","I802_hiring_firing_practices",3.6,"Lesotho"
"10590","I803_labour_employer_relations",3.4,"Lesotho"
"10591","I804_wage_flexibility",3.6,"Lesotho"
"10592","I805_labour_market_policies",3.7,"Lesotho"
"10593","I806_workers_rights",79,"Lesotho"
"10594","I807_foreign_labour_hiring",3.5,"Lesotho"
"10595","I808_internal_labour_mobility",3.8,"Lesotho"
"10596","Sub17_Meritocracy",NA,"Lesotho"
"10597","I809_reliance_on_management",3.4,"Lesotho"
"10598","I810_pay_productivity",3.5,"Lesotho"
"10599","I811_gender_pay_gap",1.05,"Lesotho"
"10600","I812_labour_tax",0,"Lesotho"
"10601","P9_financial_system",NA,"Lesotho"
"10602","Sub18_Depth",NA,"Lesotho"
"10603","I901_credit_to_private_sector",17.2,"Lesotho"
"10604","I902_financing_SME",2.8,"Lesotho"
"10605","I903_venture_capital",1.9,"Lesotho"
"10606","I904_market_capitalization",0,"Lesotho"
"10607","I905_insurance_premium",NA,"Lesotho"
"10608","Sub19_Stability",NA,"Lesotho"
"10609","I906_banks_soundness",1.9,"Lesotho"
"10610","I907_non_performing_loans",4.4,"Lesotho"
"10611","I908_credit_gap",-0.3,"Lesotho"
"10612","I909_regulatory_capital",17.6,"Lesotho"
"10613","P10_market_size",NA,"Lesotho"
"10614","I1001_GDP_PPP",6,"Lesotho"
"10615","I1002_imports",95,"Lesotho"
"10616","P11_dynamism",NA,"Lesotho"
"10617","Sub20_Administrative_Requirements",NA,"Lesotho"
"10618","I1101_starting_business_cost",7.1,"Lesotho"
"10619","I1102_starting_business_time",29,"Lesotho"
"10620","I1103_insolvency_recovery_rate",27.9,"Lesotho"
"10621","I1104_insolvency_regulations",7,"Lesotho"
"10622","Sub21_Entrepreneurial_Culture",NA,"Lesotho"
"10623","I1105_risk_attitudes",3.4,"Lesotho"
"10624","I1106_delegating_authority",3.3,"Lesotho"
"10625","I1107_innovating_companies",3.4,"Lesotho"
"10626","I1108_disruptive_ideas",3.4,"Lesotho"
"10627","P12_innovation",NA,"Lesotho"
"10628","Sub22_Diversity",NA,"Lesotho"
"10629","I1201_workforce_diversity",3.3,"Lesotho"
"10630","I1202_cluster_development",3.3,"Lesotho"
"10631","I1203_international_inventions",0,"Lesotho"
"10632","I1204_stakeholder_collaboration",3.3,"Lesotho"
"10633","Sub23_Research_Development",NA,"Lesotho"
"10634","I1205_scientific_publications",33.7,"Lesotho"
"10635","I1206_patents",0,"Lesotho"
"10636","I1207_RnD_expenditures",0,"Lesotho"
"10637","I1208_research_institutions",0,"Lesotho"
"10638","Sub24_Commercialization",NA,"Lesotho"
"10639","I1209_buyer_sophistication",4,"Lesotho"
"10640","I1210_trademarks",0,"Lesotho"
"10641","P1_institutions",NA,"Lithuania"
"10642","Sub1_Security",NA,"Lithuania"
"10643","I101_organized_crime",5.9,"Lithuania"
"10644","I102_homicide",4.5,"Lithuania"
"10645","I103_terrorism",100,"Lithuania"
"10646","I104_police",5.2,"Lithuania"
"10647","Sub2_Social_Capital",NA,"Lithuania"
"10648","Sub2_Social_Capital",47,"Lithuania"
"10649","Sub3_Checks_Balances",NA,"Lithuania"
"10650","I106_transparency",NA,"Lithuania"
"10651","I107_judicial_independence",4.2,"Lithuania"
"10652","I108_challenging_regulations",3.1,"Lithuania"
"10653","I09_press_freedom",22.1,"Lithuania"
"10654","Sub4_Public_Sector",NA,"Lithuania"
"10655","I110_gov_burden",3.3,"Lithuania"
"10656","I111_settling_disputes",4,"Lithuania"
"10657","I112_e_participation",0.8,"Lithuania"
"10658","Sub5_Transparency",NA,"Lithuania"
"10659","I113_corruption",59,"Lithuania"
"10660","I114_property_rights",NA,"Lithuania"
"10661","I114_property_rights",4.7,"Lithuania"
"10662","I115_intellectual_property_protection",4.5,"Lithuania"
"10663","I116_land_administration",28.5,"Lithuania"
"10664","Sub6_Corporate_Governance",NA,"Lithuania"
"10665","I117_auditing_accounting_standards",5.2,"Lithuania"
"10666","I118_interest_conflict_regulation",6,"Lithuania"
"10667","I119_shareholder_governance",7.3,"Lithuania"
"10668","Sub7_Government_Orientation",NA,"Lithuania"
"10669","I120_policy_stability",3.7,"Lithuania"
"10670","I121_response_to_change",3.3,"Lithuania"
"10671","I122_digital_business_laws",4.3,"Lithuania"
"10672","I123_gov_long_term_vision",3.4,"Lithuania"
"10673","I124_energy_regulations",NA,"Lithuania"
"10674","I125_renewable_energy",NA,"Lithuania"
"10675","I126_environment_treaties",25,"Lithuania"
"10676","P2_infrastructure",NA,"Lithuania"
"10677","Sub8_Transport_Infrastructure",NA,"Lithuania"
"10678","I201_road_connectivity",89.9,"Lithuania"
"10679","I202_quality_of_roads",4.8,"Lithuania"
"10680","I203_railroad_density",30.5,"Lithuania"
"10681","I204_train_efficiency",4.6,"Lithuania"
"10682","I205_airport_connectivity",14559.2,"Lithuania"
"10683","I206_air_transport_efficiency",4.9,"Lithuania"
"10684","I207_shipping_connectivity",21,"Lithuania"
"10685","I208_seaport_efficiency",4.8,"Lithuania"
"10686","Sub9_Utility_Infrastructure",NA,"Lithuania"
"10687","I209_electricity_access",100,"Lithuania"
"10688","I210_electricity_supply",7.2,"Lithuania"
"10689","I211_unsafe_drinking_water",5.7,"Lithuania"
"10690","I212_water_supply",6.2,"Lithuania"
"10691","P3_ICT_adoption",NA,"Lithuania"
"10692","I301_cellular_subscription",164.3,"Lithuania"
"10693","I302_mobile_broadband",100.6,"Lithuania"
"10694","I303_fixed_broadband",28.2,"Lithuania"
"10695","I304_fibre_internet",19.9,"Lithuania"
"10696","I305_internet_users",79.7,"Lithuania"
"10697","P4_macro_stability",NA,"Lithuania"
"10698","I401_inflation",3.1,"Lithuania"
"10699","I402_debt_dynamic",100,"Lithuania"
"10700","P5_health",NA,"Lithuania"
"10701","I501_healthy_life_expectancy",64.3,"Lithuania"
"10702","P6_skills",NA,"Lithuania"
"10703","Sub10_Workforce",NA,"Lithuania"
"10704","I601_years_of_schooling",13.2,"Lithuania"
"10705","Sub11_Workforce_Skills",NA,"Lithuania"
"10706","I602_staff_training",4.8,"Lithuania"
"10707","I603_vocational_training",4.2,"Lithuania"
"10708","I604_graduates_skillset",3.9,"Lithuania"
"10709","I605_digital_skills",4.9,"Lithuania"
"10710","I606_skilled_employees",3.5,"Lithuania"
"10711","Sub12_Future_Workforce",NA,"Lithuania"
"10712","I501_healthy_life_expectancy",16.5,"Lithuania"
"10713","Sub13_Future_Workforce_Skills",NA,"Lithuania"
"10714","I608_critical_thinking",3.7,"Lithuania"
"10715","I609_pupil_teacher_ratio",13.2,"Lithuania"
"10716","P7_product_market",NA,"Lithuania"
"10717","Sub14_Domestic_Competition",NA,"Lithuania"
"10718","I701_distortive_taxes",3.7,"Lithuania"
"10719","I702_market_dominance",3.7,"Lithuania"
"10720","I703_competition_services",5.4,"Lithuania"
"10721","Sub15_Trade_Openess",NA,"Lithuania"
"10722","I704_non_tariff_barriers",4.7,"Lithuania"
"10723","I705_trade_tariffs",1.12,"Lithuania"
"10724","I706_tariffs_complexity",2.9,"Lithuania"
"10725","I707_border_clearance",2.8,"Lithuania"
"10726","P8_labour_market",NA,"Lithuania"
"10727","Sub16_Flexibility",NA,"Lithuania"
"10728","I801_redundancy_costs",13,"Lithuania"
"10729","I802_hiring_firing_practices",4,"Lithuania"
"10730","I803_labour_employer_relations",4.9,"Lithuania"
"10731","I804_wage_flexibility",6,"Lithuania"
"10732","I805_labour_market_policies",4.3,"Lithuania"
"10733","I806_workers_rights",91,"Lithuania"
"10734","I807_foreign_labour_hiring",3.6,"Lithuania"
"10735","I808_internal_labour_mobility",5,"Lithuania"
"10736","Sub17_Meritocracy",NA,"Lithuania"
"10737","I809_reliance_on_management",5.1,"Lithuania"
"10738","I810_pay_productivity",4.6,"Lithuania"
"10739","I811_gender_pay_gap",0.94,"Lithuania"
"10740","I812_labour_tax",35.2,"Lithuania"
"10741","P9_financial_system",NA,"Lithuania"
"10742","Sub18_Depth",NA,"Lithuania"
"10743","I901_credit_to_private_sector",41.9,"Lithuania"
"10744","I902_financing_SME",3.8,"Lithuania"
"10745","I903_venture_capital",3.3,"Lithuania"
"10746","I904_market_capitalization",9,"Lithuania"
"10747","I905_insurance_premium",1.6,"Lithuania"
"10748","Sub19_Stability",NA,"Lithuania"
"10749","I906_banks_soundness",5.1,"Lithuania"
"10750","I907_non_performing_loans",3.2,"Lithuania"
"10751","I908_credit_gap",2.9,"Lithuania"
"10752","I909_regulatory_capital",21.1,"Lithuania"
"10753","P10_market_size",NA,"Lithuania"
"10754","I1001_GDP_PPP",86,"Lithuania"
"10755","I1002_imports",81.2,"Lithuania"
"10756","P11_dynamism",NA,"Lithuania"
"10757","Sub20_Administrative_Requirements",NA,"Lithuania"
"10758","I1101_starting_business_cost",0.5,"Lithuania"
"10759","I1102_starting_business_time",5.5,"Lithuania"
"10760","I1103_insolvency_recovery_rate",40.6,"Lithuania"
"10761","I1104_insolvency_regulations",8,"Lithuania"
"10762","Sub21_Entrepreneurial_Culture",NA,"Lithuania"
"10763","I1105_risk_attitudes",4.3,"Lithuania"
"10764","I1106_delegating_authority",5,"Lithuania"
"10765","I1107_innovating_companies",4.7,"Lithuania"
"10766","I1108_disruptive_ideas",4.2,"Lithuania"
"10767","P12_innovation",NA,"Lithuania"
"10768","Sub22_Diversity",NA,"Lithuania"
"10769","I1201_workforce_diversity",5,"Lithuania"
"10770","I1202_cluster_development",3.5,"Lithuania"
"10771","I1203_international_inventions",1.21,"Lithuania"
"10772","I1204_stakeholder_collaboration",4.3,"Lithuania"
"10773","Sub23_Research_Development",NA,"Lithuania"
"10774","I1205_scientific_publications",182.3,"Lithuania"
"10775","I1206_patents",10.28,"Lithuania"
"10776","I1207_RnD_expenditures",0.8,"Lithuania"
"10777","I1208_research_institutions",0.01,"Lithuania"
"10778","Sub24_Commercialization",NA,"Lithuania"
"10779","I1209_buyer_sophistication",3.4,"Lithuania"
"10780","I1210_trademarks",4294.25,"Lithuania"
"10781","P1_institutions",NA,"Luxembourg"
"10782","Sub1_Security",NA,"Luxembourg"
"10783","I101_organized_crime",5.6,"Luxembourg"
"10784","I102_homicide",0.3,"Luxembourg"
"10785","I103_terrorism",100,"Luxembourg"
"10786","I104_police",6.2,"Luxembourg"
"10787","Sub2_Social_Capital",NA,"Luxembourg"
"10788","Sub2_Social_Capital",60.5,"Luxembourg"
"10789","Sub3_Checks_Balances",NA,"Luxembourg"
"10790","I106_transparency",NA,"Luxembourg"
"10791","I107_judicial_independence",6.1,"Luxembourg"
"10792","I108_challenging_regulations",5.1,"Luxembourg"
"10793","I09_press_freedom",15.7,"Luxembourg"
"10794","Sub4_Public_Sector",NA,"Luxembourg"
"10795","I110_gov_burden",4.5,"Luxembourg"
"10796","I111_settling_disputes",5.2,"Luxembourg"
"10797","I112_e_participation",0.94,"Luxembourg"
"10798","Sub5_Transparency",NA,"Luxembourg"
"10799","I113_corruption",81,"Luxembourg"
"10800","I114_property_rights",NA,"Luxembourg"
"10801","I114_property_rights",6.1,"Luxembourg"
"10802","I115_intellectual_property_protection",6.1,"Luxembourg"
"10803","I116_land_administration",25.5,"Luxembourg"
"10804","Sub6_Corporate_Governance",NA,"Luxembourg"
"10805","I117_auditing_accounting_standards",6.1,"Luxembourg"
"10806","I118_interest_conflict_regulation",5,"Luxembourg"
"10807","I119_shareholder_governance",4.7,"Luxembourg"
"10808","Sub7_Government_Orientation",NA,"Luxembourg"
"10809","I120_policy_stability",6.2,"Luxembourg"
"10810","I121_response_to_change",5.7,"Luxembourg"
"10811","I122_digital_business_laws",5.6,"Luxembourg"
"10812","I123_gov_long_term_vision",5.9,"Luxembourg"
"10813","I124_energy_regulations",NA,"Luxembourg"
"10814","I125_renewable_energy",NA,"Luxembourg"
"10815","I126_environment_treaties",27,"Luxembourg"
"10816","P2_infrastructure",NA,"Luxembourg"
"10817","Sub8_Transport_Infrastructure",NA,"Luxembourg"
"10818","I201_road_connectivity",71.3,"Luxembourg"
"10819","I202_quality_of_roads",5.5,"Luxembourg"
"10820","I203_railroad_density",113.2,"Luxembourg"
"10821","I204_train_efficiency",5,"Luxembourg"
"10822","I205_airport_connectivity",16936.4,"Luxembourg"
"10823","I206_air_transport_efficiency",5.6,"Luxembourg"
"10824","I207_shipping_connectivity",NA,"Luxembourg"
"10825","I208_seaport_efficiency",4.4,"Luxembourg"
"10826","Sub9_Utility_Infrastructure",NA,"Luxembourg"
"10827","I209_electricity_access",100,"Luxembourg"
"10828","I210_electricity_supply",1.9,"Luxembourg"
"10829","I211_unsafe_drinking_water",0.3,"Luxembourg"
"10830","I212_water_supply",6.7,"Luxembourg"
"10831","P3_ICT_adoption",NA,"Luxembourg"
"10832","I301_cellular_subscription",132.2,"Luxembourg"
"10833","I302_mobile_broadband",94,"Luxembourg"
"10834","I303_fixed_broadband",37.1,"Luxembourg"
"10835","I304_fibre_internet",10.8,"Luxembourg"
"10836","I305_internet_users",97.1,"Luxembourg"
"10837","P4_macro_stability",NA,"Luxembourg"
"10838","I401_inflation",2.1,"Luxembourg"
"10839","I402_debt_dynamic",100,"Luxembourg"
"10840","P5_health",NA,"Luxembourg"
"10841","I501_healthy_life_expectancy",69.7,"Luxembourg"
"10842","P6_skills",NA,"Luxembourg"
"10843","Sub10_Workforce",NA,"Luxembourg"
"10844","I601_years_of_schooling",13.5,"Luxembourg"
"10845","Sub11_Workforce_Skills",NA,"Luxembourg"
"10846","I602_staff_training",5.5,"Luxembourg"
"10847","I603_vocational_training",5.2,"Luxembourg"
"10848","I604_graduates_skillset",5.3,"Luxembourg"
"10849","I605_digital_skills",5.2,"Luxembourg"
"10850","I606_skilled_employees",4.4,"Luxembourg"
"10851","Sub12_Future_Workforce",NA,"Luxembourg"
"10852","I501_healthy_life_expectancy",14.2,"Luxembourg"
"10853","Sub13_Future_Workforce_Skills",NA,"Luxembourg"
"10854","I608_critical_thinking",4.5,"Luxembourg"
"10855","I609_pupil_teacher_ratio",8.3,"Luxembourg"
"10856","P7_product_market",NA,"Luxembourg"
"10857","Sub14_Domestic_Competition",NA,"Luxembourg"
"10858","I701_distortive_taxes",5.4,"Luxembourg"
"10859","I702_market_dominance",4.9,"Luxembourg"
"10860","I703_competition_services",5.3,"Luxembourg"
"10861","Sub15_Trade_Openess",NA,"Luxembourg"
"10862","I704_non_tariff_barriers",5.5,"Luxembourg"
"10863","I705_trade_tariffs",1.12,"Luxembourg"
"10864","I706_tariffs_complexity",2.9,"Luxembourg"
"10865","I707_border_clearance",3.5,"Luxembourg"
"10866","P8_labour_market",NA,"Luxembourg"
"10867","Sub16_Flexibility",NA,"Luxembourg"
"10868","I801_redundancy_costs",21.6,"Luxembourg"
"10869","I802_hiring_firing_practices",4.4,"Luxembourg"
"10870","I803_labour_employer_relations",5.7,"Luxembourg"
"10871","I804_wage_flexibility",5.1,"Luxembourg"
"10872","I805_labour_market_policies",5.5,"Luxembourg"
"10873","I806_workers_rights",NA,"Luxembourg"
"10874","I807_foreign_labour_hiring",5.4,"Luxembourg"
"10875","I808_internal_labour_mobility",4.8,"Luxembourg"
"10876","Sub17_Meritocracy",NA,"Luxembourg"
"10877","I809_reliance_on_management",5.5,"Luxembourg"
"10878","I810_pay_productivity",4.6,"Luxembourg"
"10879","I811_gender_pay_gap",0.87,"Luxembourg"
"10880","I812_labour_tax",15.6,"Luxembourg"
"10881","P9_financial_system",NA,"Luxembourg"
"10882","Sub18_Depth",NA,"Luxembourg"
"10883","I901_credit_to_private_sector",101.2,"Luxembourg"
"10884","I902_financing_SME",4.8,"Luxembourg"
"10885","I903_venture_capital",4.5,"Luxembourg"
"10886","I904_market_capitalization",98.5,"Luxembourg"
"10887","I905_insurance_premium",4.8,"Luxembourg"
"10888","Sub19_Stability",NA,"Luxembourg"
"10889","I906_banks_soundness",6.2,"Luxembourg"
"10890","I907_non_performing_loans",0.8,"Luxembourg"
"10891","I908_credit_gap",3.1,"Luxembourg"
"10892","I909_regulatory_capital",24.2,"Luxembourg"
"10893","P10_market_size",NA,"Luxembourg"
"10894","I1001_GDP_PPP",57,"Luxembourg"
"10895","I1002_imports",160.2,"Luxembourg"
"10896","P11_dynamism",NA,"Luxembourg"
"10897","Sub20_Administrative_Requirements",NA,"Luxembourg"
"10898","I1101_starting_business_cost",1.7,"Luxembourg"
"10899","I1102_starting_business_time",16.5,"Luxembourg"
"10900","I1103_insolvency_recovery_rate",43.8,"Luxembourg"
"10901","I1104_insolvency_regulations",7,"Luxembourg"
"10902","Sub21_Entrepreneurial_Culture",NA,"Luxembourg"
"10903","I1105_risk_attitudes",4.3,"Luxembourg"
"10904","I1106_delegating_authority",5.5,"Luxembourg"
"10905","I1107_innovating_companies",5,"Luxembourg"
"10906","I1108_disruptive_ideas",4.3,"Luxembourg"
"10907","P12_innovation",NA,"Luxembourg"
"10908","Sub22_Diversity",NA,"Luxembourg"
"10909","I1201_workforce_diversity",5.4,"Luxembourg"
"10910","I1202_cluster_development",5.1,"Luxembourg"
"10911","I1203_international_inventions",50.5,"Luxembourg"
"10912","I1204_stakeholder_collaboration",5,"Luxembourg"
"10913","Sub23_Research_Development",NA,"Luxembourg"
"10914","I1205_scientific_publications",153.3,"Luxembourg"
"10915","I1206_patents",127.47,"Luxembourg"
"10916","I1207_RnD_expenditures",1.2,"Luxembourg"
"10917","I1208_research_institutions",0,"Luxembourg"
"10918","Sub24_Commercialization",NA,"Luxembourg"
"10919","I1209_buyer_sophistication",5.2,"Luxembourg"
"10920","I1210_trademarks",18107.51,"Luxembourg"
"10921","P1_institutions",NA,"Madagascar"
"10922","Sub1_Security",NA,"Madagascar"
"10923","I101_organized_crime",3,"Madagascar"
"10924","I102_homicide",7,"Madagascar"
"10925","I103_terrorism",99.4,"Madagascar"
"10926","I104_police",2.5,"Madagascar"
"10927","Sub2_Social_Capital",NA,"Madagascar"
"10928","Sub2_Social_Capital",46.2,"Madagascar"
"10929","Sub3_Checks_Balances",NA,"Madagascar"
"10930","I106_transparency",34,"Madagascar"
"10931","I107_judicial_independence",2.4,"Madagascar"
"10932","I108_challenging_regulations",2.6,"Madagascar"
"10933","I09_press_freedom",27.8,"Madagascar"
"10934","Sub4_Public_Sector",NA,"Madagascar"
"10935","I110_gov_burden",2.9,"Madagascar"
"10936","I111_settling_disputes",2.6,"Madagascar"
"10937","I112_e_participation",0.33,"Madagascar"
"10938","Sub5_Transparency",NA,"Madagascar"
"10939","I113_corruption",25,"Madagascar"
"10940","I114_property_rights",NA,"Madagascar"
"10941","I114_property_rights",3.2,"Madagascar"
"10942","I115_intellectual_property_protection",3.1,"Madagascar"
"10943","I116_land_administration",8.5,"Madagascar"
"10944","Sub6_Corporate_Governance",NA,"Madagascar"
"10945","I117_auditing_accounting_standards",4,"Madagascar"
"10946","I118_interest_conflict_regulation",6,"Madagascar"
"10947","I119_shareholder_governance",4.3,"Madagascar"
"10948","Sub7_Government_Orientation",NA,"Madagascar"
"10949","I120_policy_stability",2.8,"Madagascar"
"10950","I121_response_to_change",2.8,"Madagascar"
"10951","I122_digital_business_laws",NA,"Madagascar"
"10952","I123_gov_long_term_vision",3,"Madagascar"
"10953","I124_energy_regulations",17.4,"Madagascar"
"10954","I125_renewable_energy",20.7,"Madagascar"
"10955","I126_environment_treaties",24,"Madagascar"
"10956","P2_infrastructure",NA,"Madagascar"
"10957","Sub8_Transport_Infrastructure",NA,"Madagascar"
"10958","I201_road_connectivity",49,"Madagascar"
"10959","I202_quality_of_roads",2,"Madagascar"
"10960","I203_railroad_density",1.2,"Madagascar"
"10961","I204_train_efficiency",2,"Madagascar"
"10962","I205_airport_connectivity",2720.6,"Madagascar"
"10963","I206_air_transport_efficiency",3.5,"Madagascar"
"10964","I207_shipping_connectivity",9,"Madagascar"
"10965","I208_seaport_efficiency",3.4,"Madagascar"
"10966","Sub9_Utility_Infrastructure",NA,"Madagascar"
"10967","I209_electricity_access",23.3,"Madagascar"
"10968","I210_electricity_supply",NA,"Madagascar"
"10969","I211_unsafe_drinking_water",74.8,"Madagascar"
"10970","I212_water_supply",2.3,"Madagascar"
"10971","P3_ICT_adoption",NA,"Madagascar"
"10972","I301_cellular_subscription",40.6,"Madagascar"
"10973","I302_mobile_broadband",15.6,"Madagascar"
"10974","I303_fixed_broadband",0.1,"Madagascar"
"10975","I304_fibre_internet",0,"Madagascar"
"10976","I305_internet_users",9.8,"Madagascar"
"10977","P4_macro_stability",NA,"Madagascar"
"10978","I401_inflation",7.8,"Madagascar"
"10979","I402_debt_dynamic",49.3,"Madagascar"
"10980","P5_health",NA,"Madagascar"
"10981","I501_healthy_life_expectancy",55.4,"Madagascar"
"10982","P6_skills",NA,"Madagascar"
"10983","Sub10_Workforce",NA,"Madagascar"
"10984","I601_years_of_schooling",4.2,"Madagascar"
"10985","Sub11_Workforce_Skills",NA,"Madagascar"
"10986","I602_staff_training",3.5,"Madagascar"
"10987","I603_vocational_training",3.6,"Madagascar"
"10988","I604_graduates_skillset",3.6,"Madagascar"
"10989","I605_digital_skills",3.1,"Madagascar"
"10990","I606_skilled_employees",3.8,"Madagascar"
"10991","Sub12_Future_Workforce",NA,"Madagascar"
"10992","I501_healthy_life_expectancy",10.4,"Madagascar"
"10993","Sub13_Future_Workforce_Skills",NA,"Madagascar"
"10994","I608_critical_thinking",2.7,"Madagascar"
"10995","I609_pupil_teacher_ratio",40.6,"Madagascar"
"10996","P7_product_market",NA,"Madagascar"
"10997","Sub14_Domestic_Competition",NA,"Madagascar"
"10998","I701_distortive_taxes",2.7,"Madagascar"
"10999","I702_market_dominance",3.2,"Madagascar"
"11000","I703_competition_services",4.3,"Madagascar"
"11001","Sub15_Trade_Openess",NA,"Madagascar"
"11002","I704_non_tariff_barriers",3.9,"Madagascar"
"11003","I705_trade_tariffs",7.86,"Madagascar"
"11004","I706_tariffs_complexity",6.7,"Madagascar"
"11005","I707_border_clearance",2.3,"Madagascar"
"11006","P8_labour_market",NA,"Madagascar"
"11007","Sub16_Flexibility",NA,"Madagascar"
"11008","I801_redundancy_costs",14.7,"Madagascar"
"11009","I802_hiring_firing_practices",3.7,"Madagascar"
"11010","I803_labour_employer_relations",4.2,"Madagascar"
"11011","I804_wage_flexibility",5.3,"Madagascar"
"11012","I805_labour_market_policies",1.7,"Madagascar"
"11013","I806_workers_rights",82,"Madagascar"
"11014","I807_foreign_labour_hiring",4.2,"Madagascar"
"11015","I808_internal_labour_mobility",4.3,"Madagascar"
"11016","Sub17_Meritocracy",NA,"Madagascar"
"11017","I809_reliance_on_management",3.4,"Madagascar"
"11018","I810_pay_productivity",3,"Madagascar"
"11019","I811_gender_pay_gap",0.59,"Madagascar"
"11020","I812_labour_tax",20.3,"Madagascar"
"11021","P9_financial_system",NA,"Madagascar"
"11022","Sub18_Depth",NA,"Madagascar"
"11023","I901_credit_to_private_sector",13.4,"Madagascar"
"11024","I902_financing_SME",3.3,"Madagascar"
"11025","I903_venture_capital",2.5,"Madagascar"
"11026","I904_market_capitalization",NA,"Madagascar"
"11027","I905_insurance_premium",0.6,"Madagascar"
"11028","Sub19_Stability",NA,"Madagascar"
"11029","I906_banks_soundness",4,"Madagascar"
"11030","I907_non_performing_loans",7.7,"Madagascar"
"11031","I908_credit_gap",0.2,"Madagascar"
"11032","I909_regulatory_capital",13.5,"Madagascar"
"11033","P10_market_size",NA,"Madagascar"
"11034","I1001_GDP_PPP",38,"Madagascar"
"11035","I1002_imports",44.7,"Madagascar"
"11036","P11_dynamism",NA,"Madagascar"
"11037","Sub20_Administrative_Requirements",NA,"Madagascar"
"11038","I1101_starting_business_cost",33,"Madagascar"
"11039","I1102_starting_business_time",8,"Madagascar"
"11040","I1103_insolvency_recovery_rate",11.4,"Madagascar"
"11041","I1104_insolvency_regulations",9,"Madagascar"
"11042","Sub21_Entrepreneurial_Culture",NA,"Madagascar"
"11043","I1105_risk_attitudes",3,"Madagascar"
"11044","I1106_delegating_authority",4,"Madagascar"
"11045","I1107_innovating_companies",3.6,"Madagascar"
"11046","I1108_disruptive_ideas",3.4,"Madagascar"
"11047","P12_innovation",NA,"Madagascar"
"11048","Sub22_Diversity",NA,"Madagascar"
"11049","I1201_workforce_diversity",3.7,"Madagascar"
"11050","I1202_cluster_development",3.3,"Madagascar"
"11051","I1203_international_inventions",0,"Madagascar"
"11052","I1204_stakeholder_collaboration",3.5,"Madagascar"
"11053","Sub23_Research_Development",NA,"Madagascar"
"11054","I1205_scientific_publications",85.7,"Madagascar"
"11055","I1206_patents",0,"Madagascar"
"11056","I1207_RnD_expenditures",0,"Madagascar"
"11057","I1208_research_institutions",0,"Madagascar"
"11058","Sub24_Commercialization",NA,"Madagascar"
"11059","I1209_buyer_sophistication",2.3,"Madagascar"
"11060","I1210_trademarks",32.36,"Madagascar"
"11061","P1_institutions",NA,"Malawi"
"11062","Sub1_Security",NA,"Malawi"
"11063","I101_organized_crime",4.6,"Malawi"
"11064","I102_homicide",1.7,"Malawi"
"11065","I103_terrorism",100,"Malawi"
"11066","I104_police",3.6,"Malawi"
"11067","Sub2_Social_Capital",NA,"Malawi"
"11068","Sub2_Social_Capital",45.1,"Malawi"
"11069","Sub3_Checks_Balances",NA,"Malawi"
"11070","I106_transparency",26,"Malawi"
"11071","I107_judicial_independence",3.6,"Malawi"
"11072","I108_challenging_regulations",3.1,"Malawi"
"11073","I09_press_freedom",29.4,"Malawi"
"11074","Sub4_Public_Sector",NA,"Malawi"
"11075","I110_gov_burden",3.6,"Malawi"
"11076","I111_settling_disputes",3.2,"Malawi"
"11077","I112_e_participation",0.2,"Malawi"
"11078","Sub5_Transparency",NA,"Malawi"
"11079","I113_corruption",32,"Malawi"
"11080","I114_property_rights",NA,"Malawi"
"11081","I114_property_rights",4.2,"Malawi"
"11082","I115_intellectual_property_protection",3.5,"Malawi"
"11083","I116_land_administration",10.5,"Malawi"
"11084","Sub6_Corporate_Governance",NA,"Malawi"
"11085","I117_auditing_accounting_standards",4.5,"Malawi"
"11086","I118_interest_conflict_regulation",6,"Malawi"
"11087","I119_shareholder_governance",4,"Malawi"
"11088","Sub7_Government_Orientation",NA,"Malawi"
"11089","I120_policy_stability",3.7,"Malawi"
"11090","I121_response_to_change",3,"Malawi"
"11091","I122_digital_business_laws",2.8,"Malawi"
"11092","I123_gov_long_term_vision",3.2,"Malawi"
"11093","I124_energy_regulations",14.4,"Malawi"
"11094","I125_renewable_energy",55.7,"Malawi"
"11095","I126_environment_treaties",19,"Malawi"
"11096","P2_infrastructure",NA,"Malawi"
"11097","Sub8_Transport_Infrastructure",NA,"Malawi"
"11098","I201_road_connectivity",78.4,"Malawi"
"11099","I202_quality_of_roads",2.8,"Malawi"
"11100","I203_railroad_density",8.1,"Malawi"
"11101","I204_train_efficiency",2.1,"Malawi"
"11102","I205_airport_connectivity",883,"Malawi"
"11103","I206_air_transport_efficiency",3.3,"Malawi"
"11104","I207_shipping_connectivity",NA,"Malawi"
"11105","I208_seaport_efficiency",2.2,"Malawi"
"11106","Sub9_Utility_Infrastructure",NA,"Malawi"
"11107","I209_electricity_access",10.9,"Malawi"
"11108","I210_electricity_supply",NA,"Malawi"
"11109","I211_unsafe_drinking_water",72.3,"Malawi"
"11110","I212_water_supply",3,"Malawi"
"11111","P3_ICT_adoption",NA,"Malawi"
"11112","I301_cellular_subscription",39,"Malawi"
"11113","I302_mobile_broadband",27.2,"Malawi"
"11114","I303_fixed_broadband",0.1,"Malawi"
"11115","I304_fibre_internet",0,"Malawi"
"11116","I305_internet_users",13.8,"Malawi"
"11117","P4_macro_stability",NA,"Malawi"
"11118","I401_inflation",10.4,"Malawi"
"11119","I402_debt_dynamic",50,"Malawi"
"11120","P5_health",NA,"Malawi"
"11121","I501_healthy_life_expectancy",55,"Malawi"
"11122","P6_skills",NA,"Malawi"
"11123","Sub10_Workforce",NA,"Malawi"
"11124","I601_years_of_schooling",5.7,"Malawi"
"11125","Sub11_Workforce_Skills",NA,"Malawi"
"11126","I602_staff_training",3.6,"Malawi"
"11127","I603_vocational_training",3.5,"Malawi"
"11128","I604_graduates_skillset",3.4,"Malawi"
"11129","I605_digital_skills",2.8,"Malawi"
"11130","I606_skilled_employees",3.8,"Malawi"
"11131","Sub12_Future_Workforce",NA,"Malawi"
"11132","I501_healthy_life_expectancy",10.4,"Malawi"
"11133","Sub13_Future_Workforce_Skills",NA,"Malawi"
"11134","I608_critical_thinking",3,"Malawi"
"11135","I609_pupil_teacher_ratio",69.5,"Malawi"
"11136","P7_product_market",NA,"Malawi"
"11137","Sub14_Domestic_Competition",NA,"Malawi"
"11138","I701_distortive_taxes",3.2,"Malawi"
"11139","I702_market_dominance",2.9,"Malawi"
"11140","I703_competition_services",4.1,"Malawi"
"11141","Sub15_Trade_Openess",NA,"Malawi"
"11142","I704_non_tariff_barriers",4.5,"Malawi"
"11143","I705_trade_tariffs",9.86,"Malawi"
"11144","I706_tariffs_complexity",6.5,"Malawi"
"11145","I707_border_clearance",2.4,"Malawi"
"11146","P8_labour_market",NA,"Malawi"
"11147","Sub16_Flexibility",NA,"Malawi"
"11148","I801_redundancy_costs",16.6,"Malawi"
"11149","I802_hiring_firing_practices",3.7,"Malawi"
"11150","I803_labour_employer_relations",4.1,"Malawi"
"11151","I804_wage_flexibility",5.1,"Malawi"
"11152","I805_labour_market_policies",2.2,"Malawi"
"11153","I806_workers_rights",87,"Malawi"
"11154","I807_foreign_labour_hiring",3.8,"Malawi"
"11155","I808_internal_labour_mobility",4.9,"Malawi"
"11156","Sub17_Meritocracy",NA,"Malawi"
"11157","I809_reliance_on_management",4.3,"Malawi"
"11158","I810_pay_productivity",3.5,"Malawi"
"11159","I811_gender_pay_gap",0.67,"Malawi"
"11160","I812_labour_tax",12.4,"Malawi"
"11161","P9_financial_system",NA,"Malawi"
"11162","Sub18_Depth",NA,"Malawi"
"11163","I901_credit_to_private_sector",11.4,"Malawi"
"11164","I902_financing_SME",2.8,"Malawi"
"11165","I903_venture_capital",2,"Malawi"
"11166","I904_market_capitalization",18.1,"Malawi"
"11167","I905_insurance_premium",1.4,"Malawi"
"11168","Sub19_Stability",NA,"Malawi"
"11169","I906_banks_soundness",4.4,"Malawi"
"11170","I907_non_performing_loans",8.6,"Malawi"
"11171","I908_credit_gap",-2.8,"Malawi"
"11172","I909_regulatory_capital",17.3,"Malawi"
"11173","P10_market_size",NA,"Malawi"
"11174","I1001_GDP_PPP",21,"Malawi"
"11175","I1002_imports",45.6,"Malawi"
"11176","P11_dynamism",NA,"Malawi"
"11177","Sub20_Administrative_Requirements",NA,"Malawi"
"11178","I1101_starting_business_cost",38.6,"Malawi"
"11179","I1102_starting_business_time",37,"Malawi"
"11180","I1103_insolvency_recovery_rate",12.5,"Malawi"
"11181","I1104_insolvency_regulations",8.5,"Malawi"
"11182","Sub21_Entrepreneurial_Culture",NA,"Malawi"
"11183","I1105_risk_attitudes",3.3,"Malawi"
"11184","I1106_delegating_authority",4.4,"Malawi"
"11185","I1107_innovating_companies",3.7,"Malawi"
"11186","I1108_disruptive_ideas",3.3,"Malawi"
"11187","P12_innovation",NA,"Malawi"
"11188","Sub22_Diversity",NA,"Malawi"
"11189","I1201_workforce_diversity",4.1,"Malawi"
"11190","I1202_cluster_development",3.2,"Malawi"
"11191","I1203_international_inventions",0,"Malawi"
"11192","I1204_stakeholder_collaboration",3.1,"Malawi"
"11193","Sub23_Research_Development",NA,"Malawi"
"11194","I1205_scientific_publications",125.7,"Malawi"
"11195","I1206_patents",0,"Malawi"
"11196","I1207_RnD_expenditures",NA,"Malawi"
"11197","I1208_research_institutions",0,"Malawi"
"11198","Sub24_Commercialization",NA,"Malawi"
"11199","I1209_buyer_sophistication",2.7,"Malawi"
"11200","I1210_trademarks",25.81,"Malawi"
"11201","P1_institutions",NA,"Malaysia"
"11202","Sub1_Security",NA,"Malaysia"
"11203","I101_organized_crime",5.1,"Malaysia"
"11204","I102_homicide",2.1,"Malaysia"
"11205","I103_terrorism",99.3,"Malaysia"
"11206","I104_police",5.4,"Malaysia"
"11207","Sub2_Social_Capital",NA,"Malaysia"
"11208","Sub2_Social_Capital",56.7,"Malaysia"
"11209","Sub3_Checks_Balances",NA,"Malaysia"
"11210","I106_transparency",46,"Malaysia"
"11211","I107_judicial_independence",5.1,"Malaysia"
"11212","I108_challenging_regulations",4.8,"Malaysia"
"11213","I09_press_freedom",36.7,"Malaysia"
"11214","Sub4_Public_Sector",NA,"Malaysia"
"11215","I110_gov_burden",5,"Malaysia"
"11216","I111_settling_disputes",5.1,"Malaysia"
"11217","I112_e_participation",0.89,"Malaysia"
"11218","Sub5_Transparency",NA,"Malaysia"
"11219","I113_corruption",47,"Malaysia"
"11220","I114_property_rights",NA,"Malaysia"
"11221","I114_property_rights",5.5,"Malaysia"
"11222","I115_intellectual_property_protection",5.4,"Malaysia"
"11223","I116_land_administration",27.5,"Malaysia"
"11224","Sub6_Corporate_Governance",NA,"Malaysia"
"11225","I117_auditing_accounting_standards",5.4,"Malaysia"
"11226","I118_interest_conflict_regulation",9,"Malaysia"
"11227","I119_shareholder_governance",7.3,"Malaysia"
"11228","Sub7_Government_Orientation",NA,"Malaysia"
"11229","I120_policy_stability",5.3,"Malaysia"
"11230","I121_response_to_change",5.1,"Malaysia"
"11231","I122_digital_business_laws",5.2,"Malaysia"
"11232","I123_gov_long_term_vision",5.4,"Malaysia"
"11233","I124_energy_regulations",57.8,"Malaysia"
"11234","I125_renewable_energy",57.7,"Malaysia"
"11235","I126_environment_treaties",21,"Malaysia"
"11236","P2_infrastructure",NA,"Malaysia"
"11237","Sub8_Transport_Infrastructure",NA,"Malaysia"
"11238","I201_road_connectivity",40,"Malaysia"
"11239","I202_quality_of_roads",5.3,"Malaysia"
"11240","I203_railroad_density",6.8,"Malaysia"
"11241","I204_train_efficiency",5.1,"Malaysia"
"11242","I205_airport_connectivity",420239.6,"Malaysia"
"11243","I206_air_transport_efficiency",5.5,"Malaysia"
"11244","I207_shipping_connectivity",109.9,"Malaysia"
"11245","I208_seaport_efficiency",5.2,"Malaysia"
"11246","Sub9_Utility_Infrastructure",NA,"Malaysia"
"11247","I209_electricity_access",98.2,"Malaysia"
"11248","I210_electricity_supply",6.9,"Malaysia"
"11249","I211_unsafe_drinking_water",12,"Malaysia"
"11250","I212_water_supply",5.4,"Malaysia"
"11251","P3_ICT_adoption",NA,"Malaysia"
"11252","I301_cellular_subscription",134.5,"Malaysia"
"11253","I302_mobile_broadband",116.7,"Malaysia"
"11254","I303_fixed_broadband",8.6,"Malaysia"
"11255","I304_fibre_internet",4.6,"Malaysia"
"11256","I305_internet_users",81.2,"Malaysia"
"11257","P4_macro_stability",NA,"Malaysia"
"11258","I401_inflation",2.4,"Malaysia"
"11259","I402_debt_dynamic",100,"Malaysia"
"11260","P5_health",NA,"Malaysia"
"11261","I501_healthy_life_expectancy",66,"Malaysia"
"11262","P6_skills",NA,"Malaysia"
"11263","Sub10_Workforce",NA,"Malaysia"
"11264","I601_years_of_schooling",10.2,"Malaysia"
"11265","Sub11_Workforce_Skills",NA,"Malaysia"
"11266","I602_staff_training",5.3,"Malaysia"
"11267","I603_vocational_training",5.1,"Malaysia"
"11268","I604_graduates_skillset",5.1,"Malaysia"
"11269","I605_digital_skills",5.4,"Malaysia"
"11270","I606_skilled_employees",5.1,"Malaysia"
"11271","Sub12_Future_Workforce",NA,"Malaysia"
"11272","I501_healthy_life_expectancy",13.5,"Malaysia"
"11273","Sub13_Future_Workforce_Skills",NA,"Malaysia"
"11274","I608_critical_thinking",4.6,"Malaysia"
"11275","I609_pupil_teacher_ratio",11.7,"Malaysia"
"11276","P7_product_market",NA,"Malaysia"
"11277","Sub14_Domestic_Competition",NA,"Malaysia"
"11278","I701_distortive_taxes",4.8,"Malaysia"
"11279","I702_market_dominance",5,"Malaysia"
"11280","I703_competition_services",5.5,"Malaysia"
"11281","Sub15_Trade_Openess",NA,"Malaysia"
"11282","I704_non_tariff_barriers",5.1,"Malaysia"
"11283","I705_trade_tariffs",4.59,"Malaysia"
"11284","I706_tariffs_complexity",4.4,"Malaysia"
"11285","I707_border_clearance",2.9,"Malaysia"
"11286","P8_labour_market",NA,"Malaysia"
"11287","Sub16_Flexibility",NA,"Malaysia"
"11288","I801_redundancy_costs",23.9,"Malaysia"
"11289","I802_hiring_firing_practices",5,"Malaysia"
"11290","I803_labour_employer_relations",5.4,"Malaysia"
"11291","I804_wage_flexibility",5.4,"Malaysia"
"11292","I805_labour_market_policies",4.9,"Malaysia"
"11293","I806_workers_rights",73,"Malaysia"
"11294","I807_foreign_labour_hiring",4.8,"Malaysia"
"11295","I808_internal_labour_mobility",5.5,"Malaysia"
"11296","Sub17_Meritocracy",NA,"Malaysia"
"11297","I809_reliance_on_management",5.5,"Malaysia"
"11298","I810_pay_productivity",5.2,"Malaysia"
"11299","I811_gender_pay_gap",0.64,"Malaysia"
"11300","I812_labour_tax",16.4,"Malaysia"
"11301","P9_financial_system",NA,"Malaysia"
"11302","Sub18_Depth",NA,"Malaysia"
"11303","I901_credit_to_private_sector",122.5,"Malaysia"
"11304","I902_financing_SME",5,"Malaysia"
"11305","I903_venture_capital",4.6,"Malaysia"
"11306","I904_market_capitalization",131.7,"Malaysia"
"11307","I905_insurance_premium",4.1,"Malaysia"
"11308","Sub19_Stability",NA,"Malaysia"
"11309","I906_banks_soundness",5.5,"Malaysia"
"11310","I907_non_performing_loans",1.5,"Malaysia"
"11311","I908_credit_gap",1.2,"Malaysia"
"11312","I909_regulatory_capital",16.6,"Malaysia"
"11313","P10_market_size",NA,"Malaysia"
"11314","I1001_GDP_PPP",888,"Malaysia"
"11315","I1002_imports",73.9,"Malaysia"
"11316","P11_dynamism",NA,"Malaysia"
"11317","Sub20_Administrative_Requirements",NA,"Malaysia"
"11318","I1101_starting_business_cost",11.6,"Malaysia"
"11319","I1102_starting_business_time",13.5,"Malaysia"
"11320","I1103_insolvency_recovery_rate",81.3,"Malaysia"
"11321","I1104_insolvency_regulations",7.5,"Malaysia"
"11322","Sub21_Entrepreneurial_Culture",NA,"Malaysia"
"11323","I1105_risk_attitudes",5.2,"Malaysia"
"11324","I1106_delegating_authority",5.5,"Malaysia"
"11325","I1107_innovating_companies",5.2,"Malaysia"
"11326","I1108_disruptive_ideas",5.1,"Malaysia"
"11327","P12_innovation",NA,"Malaysia"
"11328","Sub22_Diversity",NA,"Malaysia"
"11329","I1201_workforce_diversity",5.1,"Malaysia"
"11330","I1202_cluster_development",5.2,"Malaysia"
"11331","I1203_international_inventions",1.89,"Malaysia"
"11332","I1204_stakeholder_collaboration",5.1,"Malaysia"
"11333","Sub23_Research_Development",NA,"Malaysia"
"11334","I1205_scientific_publications",251.3,"Malaysia"
"11335","I1206_patents",6.3,"Malaysia"
"11336","I1207_RnD_expenditures",1.3,"Malaysia"
"11337","I1208_research_institutions",0.05,"Malaysia"
"11338","Sub24_Commercialization",NA,"Malaysia"
"11339","I1209_buyer_sophistication",4.8,"Malaysia"
"11340","I1210_trademarks",731.05,"Malaysia"
"11341","P1_institutions",NA,"Mali"
"11342","Sub1_Security",NA,"Mali"
"11343","I101_organized_crime",3.2,"Mali"
"11344","I102_homicide",0.3,"Mali"
"11345","I103_terrorism",77.3,"Mali"
"11346","I104_police",3.4,"Mali"
"11347","Sub2_Social_Capital",NA,"Mali"
"11348","Sub2_Social_Capital",46.6,"Mali"
"11349","Sub3_Checks_Balances",NA,"Mali"
"11350","I106_transparency",39,"Mali"
"11351","I107_judicial_independence",2.9,"Mali"
"11352","I108_challenging_regulations",3.2,"Mali"
"11353","I09_press_freedom",35.2,"Mali"
"11354","Sub4_Public_Sector",NA,"Mali"
"11355","I110_gov_burden",3.4,"Mali"
"11356","I111_settling_disputes",3.3,"Mali"
"11357","I112_e_participation",0.24,"Mali"
"11358","Sub5_Transparency",NA,"Mali"
"11359","I113_corruption",32,"Mali"
"11360","I114_property_rights",NA,"Mali"
"11361","I114_property_rights",3.6,"Mali"
"11362","I115_intellectual_property_protection",3.4,"Mali"
"11363","I116_land_administration",8,"Mali"
"11364","Sub6_Corporate_Governance",NA,"Mali"
"11365","I117_auditing_accounting_standards",3.3,"Mali"
"11366","I118_interest_conflict_regulation",4.3,"Mali"
"11367","I119_shareholder_governance",3.7,"Mali"
"11368","Sub7_Government_Orientation",NA,"Mali"
"11369","I120_policy_stability",3.4,"Mali"
"11370","I121_response_to_change",3.2,"Mali"
"11371","I122_digital_business_laws",3.3,"Mali"
"11372","I123_gov_long_term_vision",3.3,"Mali"
"11373","I124_energy_regulations",12.4,"Mali"
"11374","I125_renewable_energy",17,"Mali"
"11375","I126_environment_treaties",22,"Mali"
"11376","P2_infrastructure",NA,"Mali"
"11377","Sub8_Transport_Infrastructure",NA,"Mali"
"11378","I201_road_connectivity",69.7,"Mali"
"11379","I202_quality_of_roads",3.2,"Mali"
"11380","I203_railroad_density",NA,"Mali"
"11381","I204_train_efficiency",NA,"Mali"
"11382","I205_airport_connectivity",2524.9,"Mali"
"11383","I206_air_transport_efficiency",4.1,"Mali"
"11384","I207_shipping_connectivity",NA,"Mali"
"11385","I208_seaport_efficiency",2.2,"Mali"
"11386","Sub9_Utility_Infrastructure",NA,"Mali"
"11387","I209_electricity_access",38.3,"Mali"
"11388","I210_electricity_supply",NA,"Mali"
"11389","I211_unsafe_drinking_water",75.7,"Mali"
"11390","I212_water_supply",2.6,"Mali"
"11391","P3_ICT_adoption",NA,"Mali"
"11392","I301_cellular_subscription",115.1,"Mali"
"11393","I302_mobile_broadband",30.3,"Mali"
"11394","I303_fixed_broadband",0.6,"Mali"
"11395","I304_fibre_internet",0,"Mali"
"11396","I305_internet_users",13,"Mali"
"11397","P4_macro_stability",NA,"Mali"
"11398","I401_inflation",1.7,"Mali"
"11399","I402_debt_dynamic",49.8,"Mali"
"11400","P5_health",NA,"Mali"
"11401","I501_healthy_life_expectancy",53.1,"Mali"
"11402","P6_skills",NA,"Mali"
"11403","Sub10_Workforce",NA,"Mali"
"11404","I601_years_of_schooling",1.6,"Mali"
"11405","Sub11_Workforce_Skills",NA,"Mali"
"11406","I602_staff_training",3.6,"Mali"
"11407","I603_vocational_training",3.7,"Mali"
"11408","I604_graduates_skillset",3.9,"Mali"
"11409","I605_digital_skills",3.6,"Mali"
"11410","I606_skilled_employees",4,"Mali"
"11411","Sub12_Future_Workforce",NA,"Mali"
"11412","I501_healthy_life_expectancy",7.3,"Mali"
"11413","Sub13_Future_Workforce_Skills",NA,"Mali"
"11414","I608_critical_thinking",3.3,"Mali"
"11415","I609_pupil_teacher_ratio",38.2,"Mali"
"11416","P7_product_market",NA,"Mali"
"11417","Sub14_Domestic_Competition",NA,"Mali"
"11418","I701_distortive_taxes",3.2,"Mali"
"11419","I702_market_dominance",3.8,"Mali"
"11420","I703_competition_services",4.3,"Mali"
"11421","Sub15_Trade_Openess",NA,"Mali"
"11422","I704_non_tariff_barriers",3.7,"Mali"
"11423","I705_trade_tariffs",10.19,"Mali"
"11424","I706_tariffs_complexity",6.7,"Mali"
"11425","I707_border_clearance",2.2,"Mali"
"11426","P8_labour_market",NA,"Mali"
"11427","Sub16_Flexibility",NA,"Mali"
"11428","I801_redundancy_costs",13.6,"Mali"
"11429","I802_hiring_firing_practices",3.9,"Mali"
"11430","I803_labour_employer_relations",3.9,"Mali"
"11431","I804_wage_flexibility",4.3,"Mali"
"11432","I805_labour_market_policies",3,"Mali"
"11433","I806_workers_rights",71,"Mali"
"11434","I807_foreign_labour_hiring",3.9,"Mali"
"11435","I808_internal_labour_mobility",4.6,"Mali"
"11436","Sub17_Meritocracy",NA,"Mali"
"11437","I809_reliance_on_management",3.3,"Mali"
"11438","I810_pay_productivity",3.2,"Mali"
"11439","I811_gender_pay_gap",0.27,"Mali"
"11440","I812_labour_tax",34.3,"Mali"
"11441","P9_financial_system",NA,"Mali"
"11442","Sub18_Depth",NA,"Mali"
"11443","I901_credit_to_private_sector",26.2,"Mali"
"11444","I902_financing_SME",3.3,"Mali"
"11445","I903_venture_capital",2.7,"Mali"
"11446","I904_market_capitalization",5.7,"Mali"
"11447","I905_insurance_premium",0.6,"Mali"
"11448","Sub19_Stability",NA,"Mali"
"11449","I906_banks_soundness",3.7,"Mali"
"11450","I907_non_performing_loans",17.5,"Mali"
"11451","I908_credit_gap",1.9,"Mali"
"11452","I909_regulatory_capital",15.2,"Mali"
"11453","P10_market_size",NA,"Mali"
"11454","I1001_GDP_PPP",39,"Mali"
"11455","I1002_imports",38,"Mali"
"11456","P11_dynamism",NA,"Mali"
"11457","Sub20_Administrative_Requirements",NA,"Mali"
"11458","I1101_starting_business_cost",56.8,"Mali"
"11459","I1102_starting_business_time",11,"Mali"
"11460","I1103_insolvency_recovery_rate",28.5,"Mali"
"11461","I1104_insolvency_regulations",9,"Mali"
"11462","Sub21_Entrepreneurial_Culture",NA,"Mali"
"11463","I1105_risk_attitudes",3.5,"Mali"
"11464","I1106_delegating_authority",3.6,"Mali"
"11465","I1107_innovating_companies",3.6,"Mali"
"11466","I1108_disruptive_ideas",3.3,"Mali"
"11467","P12_innovation",NA,"Mali"
"11468","Sub22_Diversity",NA,"Mali"
"11469","I1201_workforce_diversity",4,"Mali"
"11470","I1202_cluster_development",3.7,"Mali"
"11471","I1203_international_inventions",0.01,"Mali"
"11472","I1204_stakeholder_collaboration",3.6,"Mali"
"11473","Sub23_Research_Development",NA,"Mali"
"11474","I1205_scientific_publications",88,"Mali"
"11475","I1206_patents",0.01,"Mali"
"11476","I1207_RnD_expenditures",0.3,"Mali"
"11477","I1208_research_institutions",0,"Mali"
"11478","Sub24_Commercialization",NA,"Mali"
"11479","I1209_buyer_sophistication",2.4,"Mali"
"11480","I1210_trademarks",113,"Mali"
"11481","P1_institutions",NA,"Malta"
"11482","Sub1_Security",NA,"Malta"
"11483","I101_organized_crime",5.4,"Malta"
"11484","I102_homicide",0.9,"Malta"
"11485","I103_terrorism",99.9,"Malta"
"11486","I104_police",4.2,"Malta"
"11487","Sub2_Social_Capital",NA,"Malta"
"11488","Sub2_Social_Capital",63.9,"Malta"
"11489","Sub3_Checks_Balances",NA,"Malta"
"11490","I106_transparency",NA,"Malta"
"11491","I107_judicial_independence",4,"Malta"
"11492","I108_challenging_regulations",3.7,"Malta"
"11493","I09_press_freedom",29.7,"Malta"
"11494","Sub4_Public_Sector",NA,"Malta"
"11495","I110_gov_burden",3.9,"Malta"
"11496","I111_settling_disputes",3.6,"Malta"
"11497","I112_e_participation",0.85,"Malta"
"11498","Sub5_Transparency",NA,"Malta"
"11499","I113_corruption",54,"Malta"
"11500","I114_property_rights",NA,"Malta"
"11501","I114_property_rights",5.1,"Malta"
"11502","I115_intellectual_property_protection",4.7,"Malta"
"11503","I116_land_administration",12.5,"Malta"
"11504","Sub6_Corporate_Governance",NA,"Malta"
"11505","I117_auditing_accounting_standards",5.5,"Malta"
"11506","I118_interest_conflict_regulation",5.7,"Malta"
"11507","I119_shareholder_governance",6.7,"Malta"
"11508","Sub7_Government_Orientation",NA,"Malta"
"11509","I120_policy_stability",4.7,"Malta"
"11510","I121_response_to_change",4.9,"Malta"
"11511","I122_digital_business_laws",4.5,"Malta"
"11512","I123_gov_long_term_vision",4.5,"Malta"
"11513","I124_energy_regulations",NA,"Malta"
"11514","I125_renewable_energy",NA,"Malta"
"11515","I126_environment_treaties",26,"Malta"
"11516","P2_infrastructure",NA,"Malta"
"11517","Sub8_Transport_Infrastructure",NA,"Malta"
"11518","I201_road_connectivity",58.5,"Malta"
"11519","I202_quality_of_roads",3.3,"Malta"
"11520","I203_railroad_density",NA,"Malta"
"11521","I204_train_efficiency",NA,"Malta"
"11522","I205_airport_connectivity",23551.5,"Malta"
"11523","I206_air_transport_efficiency",5.5,"Malta"
"11524","I207_shipping_connectivity",52,"Malta"
"11525","I208_seaport_efficiency",5.1,"Malta"
"11526","Sub9_Utility_Infrastructure",NA,"Malta"
"11527","I209_electricity_access",100,"Malta"
"11528","I210_electricity_supply",9.1,"Malta"
"11529","I211_unsafe_drinking_water",0.3,"Malta"
"11530","I212_water_supply",5.9,"Malta"
"11531","P3_ICT_adoption",NA,"Malta"
"11532","I301_cellular_subscription",NA,"Malta"
"11533","I302_mobile_broadband",NA,"Malta"
"11534","I303_fixed_broadband",NA,"Malta"
"11535","I304_fibre_internet",NA,"Malta"
"11536","I305_internet_users",NA,"Malta"
"11537","P4_macro_stability",NA,"Malta"
"11538","I401_inflation",NA,"Malta"
"11539","I402_debt_dynamic",NA,"Malta"
"11540","P5_health",NA,"Malta"
"11541","I501_healthy_life_expectancy",NA,"Malta"
"11542","P6_skills",NA,"Malta"
"11543","Sub10_Workforce",NA,"Malta"
"11544","I601_years_of_schooling",NA,"Malta"
"11545","Sub11_Workforce_Skills",NA,"Malta"
"11546","I602_staff_training",NA,"Malta"
"11547","I603_vocational_training",NA,"Malta"
"11548","I604_graduates_skillset",NA,"Malta"
"11549","I605_digital_skills",NA,"Malta"
"11550","I606_skilled_employees",NA,"Malta"
"11551","Sub12_Future_Workforce",NA,"Malta"
"11552","I501_healthy_life_expectancy",NA,"Malta"
"11553","Sub13_Future_Workforce_Skills",NA,"Malta"
"11554","I608_critical_thinking",NA,"Malta"
"11555","I609_pupil_teacher_ratio",NA,"Malta"
"11556","P7_product_market",NA,"Malta"
"11557","Sub14_Domestic_Competition",NA,"Malta"
"11558","I701_distortive_taxes",NA,"Malta"
"11559","I702_market_dominance",NA,"Malta"
"11560","I703_competition_services",NA,"Malta"
"11561","Sub15_Trade_Openess",NA,"Malta"
"11562","I704_non_tariff_barriers",NA,"Malta"
"11563","I705_trade_tariffs",NA,"Malta"
"11564","I706_tariffs_complexity",NA,"Malta"
"11565","I707_border_clearance",NA,"Malta"
"11566","P8_labour_market",NA,"Malta"
"11567","Sub16_Flexibility",NA,"Malta"
"11568","I801_redundancy_costs",NA,"Malta"
"11569","I802_hiring_firing_practices",NA,"Malta"
"11570","I803_labour_employer_relations",NA,"Malta"
"11571","I804_wage_flexibility",NA,"Malta"
"11572","I805_labour_market_policies",NA,"Malta"
"11573","I806_workers_rights",NA,"Malta"
"11574","I807_foreign_labour_hiring",NA,"Malta"
"11575","I808_internal_labour_mobility",NA,"Malta"
"11576","Sub17_Meritocracy",NA,"Malta"
"11577","I809_reliance_on_management",NA,"Malta"
"11578","I810_pay_productivity",NA,"Malta"
"11579","I811_gender_pay_gap",NA,"Malta"
"11580","I812_labour_tax",NA,"Malta"
"11581","P9_financial_system",NA,"Malta"
"11582","Sub18_Depth",NA,"Malta"
"11583","I901_credit_to_private_sector",84.6,"Malta"
"11584","I902_financing_SME",4,"Malta"
"11585","I903_venture_capital",3,"Malta"
"11586","I904_market_capitalization",40.8,"Malta"
"11587","I905_insurance_premium",4.3,"Malta"
"11588","Sub19_Stability",NA,"Malta"
"11589","I906_banks_soundness",5.4,"Malta"
"11590","I907_non_performing_loans",4.1,"Malta"
"11591","I908_credit_gap",-11.4,"Malta"
"11592","I909_regulatory_capital",16.1,"Malta"
"11593","P10_market_size",NA,"Malta"
"11594","I1001_GDP_PPP",19,"Malta"
"11595","I1002_imports",117,"Malta"
"11596","P11_dynamism",NA,"Malta"
"11597","Sub20_Administrative_Requirements",NA,"Malta"
"11598","I1101_starting_business_cost",7.1,"Malta"
"11599","I1102_starting_business_time",16,"Malta"
"11600","I1103_insolvency_recovery_rate",38.8,"Malta"
"11601","I1104_insolvency_regulations",5.5,"Malta"
"11602","Sub21_Entrepreneurial_Culture",NA,"Malta"
"11603","I1105_risk_attitudes",4.5,"Malta"
"11604","I1106_delegating_authority",4.6,"Malta"
"11605","I1107_innovating_companies",4.3,"Malta"
"11606","I1108_disruptive_ideas",3.7,"Malta"
"11607","P12_innovation",NA,"Malta"
"11608","Sub22_Diversity",NA,"Malta"
"11609","I1201_workforce_diversity",4.8,"Malta"
"11610","I1202_cluster_development",4.2,"Malta"
"11611","I1203_international_inventions",3.22,"Malta"
"11612","I1204_stakeholder_collaboration",3.8,"Malta"
"11613","Sub23_Research_Development",NA,"Malta"
"11614","I1205_scientific_publications",104,"Malta"
"11615","I1206_patents",25.96,"Malta"
"11616","I1207_RnD_expenditures",0.6,"Malta"
"11617","I1208_research_institutions",0,"Malta"
"11618","Sub24_Commercialization",NA,"Malta"
"11619","I1209_buyer_sophistication",3.9,"Malta"
"11620","I1210_trademarks",33702.96,"Malta"
"11621","P1_institutions",NA,"Mauritania"
"11622","Sub1_Security",NA,"Mauritania"
"11623","I101_organized_crime",5.2,"Mauritania"
"11624","I102_homicide",10.2,"Mauritania"
"11625","I103_terrorism",100,"Mauritania"
"11626","I104_police",4.7,"Mauritania"
"11627","Sub2_Social_Capital",NA,"Mauritania"
"11628","Sub2_Social_Capital",41.9,"Mauritania"
"11629","Sub3_Checks_Balances",NA,"Mauritania"
"11630","I106_transparency",NA,"Mauritania"
"11631","I107_judicial_independence",2.1,"Mauritania"
"11632","I108_challenging_regulations",2.1,"Mauritania"
"11633","I09_press_freedom",31.6,"Mauritania"
"11634","Sub4_Public_Sector",NA,"Mauritania"
"11635","I110_gov_burden",2.5,"Mauritania"
"11636","I111_settling_disputes",2.2,"Mauritania"
"11637","I112_e_participation",0.18,"Mauritania"
"11638","Sub5_Transparency",NA,"Mauritania"
"11639","I113_corruption",27,"Mauritania"
"11640","I114_property_rights",NA,"Mauritania"
"11641","I114_property_rights",2.2,"Mauritania"
"11642","I115_intellectual_property_protection",3.4,"Mauritania"
"11643","I116_land_administration",7,"Mauritania"
"11644","Sub6_Corporate_Governance",NA,"Mauritania"
"11645","I117_auditing_accounting_standards",2.2,"Mauritania"
"11646","I118_interest_conflict_regulation",5.3,"Mauritania"
"11647","I119_shareholder_governance",4.7,"Mauritania"
"11648","Sub7_Government_Orientation",NA,"Mauritania"
"11649","I120_policy_stability",2.1,"Mauritania"
"11650","I121_response_to_change",2,"Mauritania"
"11651","I122_digital_business_laws",2.2,"Mauritania"
"11652","I123_gov_long_term_vision",2.1,"Mauritania"
"11653","I124_energy_regulations",10.7,"Mauritania"
"11654","I125_renewable_energy",17.7,"Mauritania"
"11655","I126_environment_treaties",23,"Mauritania"
"11656","P2_infrastructure",NA,"Mauritania"
"11657","Sub8_Transport_Infrastructure",NA,"Mauritania"
"11658","I201_road_connectivity",65.7,"Mauritania"
"11659","I202_quality_of_roads",2,"Mauritania"
"11660","I203_railroad_density",0.7,"Mauritania"
"11661","I204_train_efficiency",2.1,"Mauritania"
"11662","I205_airport_connectivity",999.5,"Mauritania"
"11663","I206_air_transport_efficiency",2.3,"Mauritania"
"11664","I207_shipping_connectivity",11.1,"Mauritania"
"11665","I208_seaport_efficiency",2.3,"Mauritania"
"11666","Sub9_Utility_Infrastructure",NA,"Mauritania"
"11667","I209_electricity_access",30.1,"Mauritania"
"11668","I210_electricity_supply",NA,"Mauritania"
"11669","I211_unsafe_drinking_water",64,"Mauritania"
"11670","I212_water_supply",2.5,"Mauritania"
"11671","P3_ICT_adoption",NA,"Mauritania"
"11672","I301_cellular_subscription",103.7,"Mauritania"
"11673","I302_mobile_broadband",49.7,"Mauritania"
"11674","I303_fixed_broadband",0.3,"Mauritania"
"11675","I304_fibre_internet",NA,"Mauritania"
"11676","I305_internet_users",20.8,"Mauritania"
"11677","P4_macro_stability",NA,"Mauritania"
"11678","I401_inflation",2.7,"Mauritania"
"11679","I402_debt_dynamic",40,"Mauritania"
"11680","P5_health",NA,"Mauritania"
"11681","I501_healthy_life_expectancy",60.9,"Mauritania"
"11682","P6_skills",NA,"Mauritania"
"11683","Sub10_Workforce",NA,"Mauritania"
"11684","I601_years_of_schooling",3.8,"Mauritania"
"11685","Sub11_Workforce_Skills",NA,"Mauritania"
"11686","I602_staff_training",2.4,"Mauritania"
"11687","I603_vocational_training",3.5,"Mauritania"
"11688","I604_graduates_skillset",2.9,"Mauritania"
"11689","I605_digital_skills",3.9,"Mauritania"
"11690","I606_skilled_employees",3.7,"Mauritania"
"11691","Sub12_Future_Workforce",NA,"Mauritania"
"11692","I501_healthy_life_expectancy",8.5,"Mauritania"
"11693","Sub13_Future_Workforce_Skills",NA,"Mauritania"
"11694","I608_critical_thinking",2.4,"Mauritania"
"11695","I609_pupil_teacher_ratio",36.4,"Mauritania"
"11696","P7_product_market",NA,"Mauritania"
"11697","Sub14_Domestic_Competition",NA,"Mauritania"
"11698","I701_distortive_taxes",2.3,"Mauritania"
"11699","I702_market_dominance",2.2,"Mauritania"
"11700","I703_competition_services",3.4,"Mauritania"
"11701","Sub15_Trade_Openess",NA,"Mauritania"
"11702","I704_non_tariff_barriers",3,"Mauritania"
"11703","I705_trade_tariffs",10.89,"Mauritania"
"11704","I706_tariffs_complexity",6.7,"Mauritania"
"11705","I707_border_clearance",2.2,"Mauritania"
"11706","P8_labour_market",NA,"Mauritania"
"11707","Sub16_Flexibility",NA,"Mauritania"
"11708","I801_redundancy_costs",10.4,"Mauritania"
"11709","I802_hiring_firing_practices",3.1,"Mauritania"
"11710","I803_labour_employer_relations",4.2,"Mauritania"
"11711","I804_wage_flexibility",4.6,"Mauritania"
"11712","I805_labour_market_policies",2.2,"Mauritania"
"11713","I806_workers_rights",67,"Mauritania"
"11714","I807_foreign_labour_hiring",3.6,"Mauritania"
"11715","I808_internal_labour_mobility",2.5,"Mauritania"
"11716","Sub17_Meritocracy",NA,"Mauritania"
"11717","I809_reliance_on_management",2.2,"Mauritania"
"11718","I810_pay_productivity",2.7,"Mauritania"
"11719","I811_gender_pay_gap",0.27,"Mauritania"
"11720","I812_labour_tax",10.3,"Mauritania"
"11721","P9_financial_system",NA,"Mauritania"
"11722","Sub18_Depth",NA,"Mauritania"
"11723","I901_credit_to_private_sector",2.8,"Mauritania"
"11724","I902_financing_SME",2.3,"Mauritania"
"11725","I903_venture_capital",2.1,"Mauritania"
"11726","I904_market_capitalization",0,"Mauritania"
"11727","I905_insurance_premium",NA,"Mauritania"
"11728","Sub19_Stability",NA,"Mauritania"
"11729","I906_banks_soundness",2.2,"Mauritania"
"11730","I907_non_performing_loans",22.4,"Mauritania"
"11731","I908_credit_gap",3.3,"Mauritania"
"11732","I909_regulatory_capital",25.6,"Mauritania"
"11733","P10_market_size",NA,"Mauritania"
"11734","I1001_GDP_PPP",16,"Mauritania"
"11735","I1002_imports",66.6,"Mauritania"
"11736","P11_dynamism",NA,"Mauritania"
"11737","Sub20_Administrative_Requirements",NA,"Mauritania"
"11738","I1101_starting_business_cost",16.2,"Mauritania"
"11739","I1102_starting_business_time",6,"Mauritania"
"11740","I1103_insolvency_recovery_rate",0,"Mauritania"
"11741","I1104_insolvency_regulations",0,"Mauritania"
"11742","Sub21_Entrepreneurial_Culture",NA,"Mauritania"
"11743","I1105_risk_attitudes",2.4,"Mauritania"
"11744","I1106_delegating_authority",2.7,"Mauritania"
"11745","I1107_innovating_companies",2.9,"Mauritania"
"11746","I1108_disruptive_ideas",3.5,"Mauritania"
"11747","P12_innovation",NA,"Mauritania"
"11748","Sub22_Diversity",NA,"Mauritania"
"11749","I1201_workforce_diversity",3.9,"Mauritania"
"11750","I1202_cluster_development",3.6,"Mauritania"
"11751","I1203_international_inventions",0.01,"Mauritania"
"11752","I1204_stakeholder_collaboration",2.8,"Mauritania"
"11753","Sub23_Research_Development",NA,"Mauritania"
"11754","I1205_scientific_publications",39.3,"Mauritania"
"11755","I1206_patents",0.01,"Mauritania"
"11756","I1207_RnD_expenditures",NA,"Mauritania"
"11757","I1208_research_institutions",0,"Mauritania"
"11758","Sub24_Commercialization",NA,"Mauritania"
"11759","I1209_buyer_sophistication",2.2,"Mauritania"
"11760","I1210_trademarks",151.98,"Mauritania"
"11761","P1_institutions",NA,"Mauritius"
"11762","Sub1_Security",NA,"Mauritius"
"11763","I101_organized_crime",5.5,"Mauritius"
"11764","I102_homicide",1.8,"Mauritius"
"11765","I103_terrorism",100,"Mauritius"
"11766","I104_police",4.7,"Mauritius"
"11767","Sub2_Social_Capital",NA,"Mauritius"
"11768","Sub2_Social_Capital",59.6,"Mauritius"
"11769","Sub3_Checks_Balances",NA,"Mauritius"
"11770","I106_transparency",NA,"Mauritius"
"11771","I107_judicial_independence",5.2,"Mauritius"
"11772","I108_challenging_regulations",4.1,"Mauritius"
"11773","I09_press_freedom",28.5,"Mauritius"
"11774","Sub4_Public_Sector",NA,"Mauritius"
"11775","I110_gov_burden",4,"Mauritius"
"11776","I111_settling_disputes",4.5,"Mauritius"
"11777","I112_e_participation",0.69,"Mauritius"
"11778","Sub5_Transparency",NA,"Mauritius"
"11779","I113_corruption",51,"Mauritius"
"11780","I114_property_rights",NA,"Mauritius"
"11781","I114_property_rights",5.3,"Mauritius"
"11782","I115_intellectual_property_protection",4.5,"Mauritius"
"11783","I116_land_administration",18,"Mauritius"
"11784","Sub6_Corporate_Governance",NA,"Mauritius"
"11785","I117_auditing_accounting_standards",5.4,"Mauritius"
"11786","I118_interest_conflict_regulation",8,"Mauritius"
"11787","I119_shareholder_governance",7,"Mauritius"
"11788","Sub7_Government_Orientation",NA,"Mauritius"
"11789","I120_policy_stability",5.1,"Mauritius"
"11790","I121_response_to_change",3.9,"Mauritius"
"11791","I122_digital_business_laws",3.7,"Mauritius"
"11792","I123_gov_long_term_vision",4.2,"Mauritius"
"11793","I124_energy_regulations",NA,"Mauritius"
"11794","I125_renewable_energy",NA,"Mauritius"
"11795","I126_environment_treaties",24,"Mauritius"
"11796","P2_infrastructure",NA,"Mauritius"
"11797","Sub8_Transport_Infrastructure",NA,"Mauritius"
"11798","I201_road_connectivity",36.3,"Mauritius"
"11799","I202_quality_of_roads",4.7,"Mauritius"
"11800","I203_railroad_density",NA,"Mauritius"
"11801","I204_train_efficiency",NA,"Mauritius"
"11802","I205_airport_connectivity",16860.2,"Mauritius"
"11803","I206_air_transport_efficiency",5,"Mauritius"
"11804","I207_shipping_connectivity",34.5,"Mauritius"
"11805","I208_seaport_efficiency",4.5,"Mauritius"
"11806","Sub9_Utility_Infrastructure",NA,"Mauritius"
"11807","I209_electricity_access",100,"Mauritius"
"11808","I210_electricity_supply",5.7,"Mauritius"
"11809","I211_unsafe_drinking_water",2.3,"Mauritius"
"11810","I212_water_supply",4.3,"Mauritius"
"11811","P3_ICT_adoption",NA,"Mauritius"
"11812","I301_cellular_subscription",151.4,"Mauritius"
"11813","I302_mobile_broadband",65.3,"Mauritius"
"11814","I303_fixed_broadband",21.6,"Mauritius"
"11815","I304_fibre_internet",15.4,"Mauritius"
"11816","I305_internet_users",58.6,"Mauritius"
"11817","P4_macro_stability",NA,"Mauritius"
"11818","I401_inflation",3.5,"Mauritius"
"11819","I402_debt_dynamic",78.9,"Mauritius"
"11820","P5_health",NA,"Mauritius"
"11821","I501_healthy_life_expectancy",64.8,"Mauritius"
"11822","P6_skills",NA,"Mauritius"
"11823","Sub10_Workforce",NA,"Mauritius"
"11824","I601_years_of_schooling",6.8,"Mauritius"
"11825","Sub11_Workforce_Skills",NA,"Mauritius"
"11826","I602_staff_training",4.4,"Mauritius"
"11827","I603_vocational_training",4.3,"Mauritius"
"11828","I604_graduates_skillset",4.1,"Mauritius"
"11829","I605_digital_skills",4.3,"Mauritius"
"11830","I606_skilled_employees",4,"Mauritius"
"11831","Sub12_Future_Workforce",NA,"Mauritius"
"11832","I501_healthy_life_expectancy",15,"Mauritius"
"11833","Sub13_Future_Workforce_Skills",NA,"Mauritius"
"11834","I608_critical_thinking",3.4,"Mauritius"
"11835","I609_pupil_teacher_ratio",17.9,"Mauritius"
"11836","P7_product_market",NA,"Mauritius"
"11837","Sub14_Domestic_Competition",NA,"Mauritius"
"11838","I701_distortive_taxes",5,"Mauritius"
"11839","I702_market_dominance",3.3,"Mauritius"
"11840","I703_competition_services",4.9,"Mauritius"
"11841","Sub15_Trade_Openess",NA,"Mauritius"
"11842","I704_non_tariff_barriers",4.9,"Mauritius"
"11843","I705_trade_tariffs",0.57,"Mauritius"
"11844","I706_tariffs_complexity",6.2,"Mauritius"
"11845","I707_border_clearance",2.7,"Mauritius"
"11846","P8_labour_market",NA,"Mauritius"
"11847","Sub16_Flexibility",NA,"Mauritius"
"11848","I801_redundancy_costs",73.6,"Mauritius"
"11849","I802_hiring_firing_practices",4.6,"Mauritius"
"11850","I803_labour_employer_relations",4.8,"Mauritius"
"11851","I804_wage_flexibility",4.7,"Mauritius"
"11852","I805_labour_market_policies",3.7,"Mauritius"
"11853","I806_workers_rights",74,"Mauritius"
"11854","I807_foreign_labour_hiring",4.4,"Mauritius"
"11855","I808_internal_labour_mobility",4.4,"Mauritius"
"11856","Sub17_Meritocracy",NA,"Mauritius"
"11857","I809_reliance_on_management",4.3,"Mauritius"
"11858","I810_pay_productivity",4,"Mauritius"
"11859","I811_gender_pay_gap",0.67,"Mauritius"
"11860","I812_labour_tax",8.1,"Mauritius"
"11861","P9_financial_system",NA,"Mauritius"
"11862","Sub18_Depth",NA,"Mauritius"
"11863","I901_credit_to_private_sector",100.4,"Mauritius"
"11864","I902_financing_SME",4,"Mauritius"
"11865","I903_venture_capital",3.1,"Mauritius"
"11866","I904_market_capitalization",65.7,"Mauritius"
"11867","I905_insurance_premium",4.7,"Mauritius"
"11868","Sub19_Stability",NA,"Mauritius"
"11869","I906_banks_soundness",5.7,"Mauritius"
"11870","I907_non_performing_loans",7,"Mauritius"
"11871","I908_credit_gap",-3.9,"Mauritius"
"11872","I909_regulatory_capital",18.5,"Mauritius"
"11873","P10_market_size",NA,"Mauritius"
"11874","I1001_GDP_PPP",27,"Mauritius"
"11875","I1002_imports",55,"Mauritius"
"11876","P11_dynamism",NA,"Mauritius"
"11877","Sub20_Administrative_Requirements",NA,"Mauritius"
"11878","I1101_starting_business_cost",0.9,"Mauritius"
"11879","I1102_starting_business_time",5,"Mauritius"
"11880","I1103_insolvency_recovery_rate",67.4,"Mauritius"
"11881","I1104_insolvency_regulations",10.5,"Mauritius"
"11882","Sub21_Entrepreneurial_Culture",NA,"Mauritius"
"11883","I1105_risk_attitudes",4,"Mauritius"
"11884","I1106_delegating_authority",4.5,"Mauritius"
"11885","I1107_innovating_companies",3.8,"Mauritius"
"11886","I1108_disruptive_ideas",3.4,"Mauritius"
"11887","P12_innovation",NA,"Mauritius"
"11888","Sub22_Diversity",NA,"Mauritius"
"11889","I1201_workforce_diversity",5.1,"Mauritius"
"11890","I1202_cluster_development",3.9,"Mauritius"
"11891","I1203_international_inventions",0.44,"Mauritius"
"11892","I1204_stakeholder_collaboration",3.3,"Mauritius"
"11893","Sub23_Research_Development",NA,"Mauritius"
"11894","I1205_scientific_publications",67.7,"Mauritius"
"11895","I1206_patents",0.97,"Mauritius"
"11896","I1207_RnD_expenditures",0.2,"Mauritius"
"11897","I1208_research_institutions",0,"Mauritius"
"11898","Sub24_Commercialization",NA,"Mauritius"
"11899","I1209_buyer_sophistication",3.8,"Mauritius"
"11900","I1210_trademarks",3066.46,"Mauritius"
"11901","P1_institutions",NA,"Mexico"
"11902","Sub1_Security",NA,"Mexico"
"11903","I101_organized_crime",2.2,"Mexico"
"11904","I102_homicide",24.8,"Mexico"
"11905","I103_terrorism",98.1,"Mexico"
"11906","I104_police",2.5,"Mexico"
"11907","Sub2_Social_Capital",NA,"Mexico"
"11908","Sub2_Social_Capital",44.7,"Mexico"
"11909","Sub3_Checks_Balances",NA,"Mexico"
"11910","I106_transparency",79,"Mexico"
"11911","I107_judicial_independence",3,"Mexico"
"11912","I108_challenging_regulations",2.9,"Mexico"
"11913","I09_press_freedom",46.8,"Mexico"
"11914","Sub4_Public_Sector",NA,"Mexico"
"11915","I110_gov_burden",2.9,"Mexico"
"11916","I111_settling_disputes",3,"Mexico"
"11917","I112_e_participation",0.94,"Mexico"
"11918","Sub5_Transparency",NA,"Mexico"
"11919","I113_corruption",28,"Mexico"
"11920","I114_property_rights",NA,"Mexico"
"11921","I114_property_rights",4.1,"Mexico"
"11922","I115_intellectual_property_protection",4.1,"Mexico"
"11923","I116_land_administration",16.3,"Mexico"
"11924","Sub6_Corporate_Governance",NA,"Mexico"
"11925","I117_auditing_accounting_standards",5.2,"Mexico"
"11926","I118_interest_conflict_regulation",6,"Mexico"
"11927","I119_shareholder_governance",5.7,"Mexico"
"11928","Sub7_Government_Orientation",NA,"Mexico"
"11929","I120_policy_stability",3.6,"Mexico"
"11930","I121_response_to_change",3,"Mexico"
"11931","I122_digital_business_laws",3.8,"Mexico"
"11932","I123_gov_long_term_vision",3,"Mexico"
"11933","I124_energy_regulations",68.6,"Mexico"
"11934","I125_renewable_energy",68.7,"Mexico"
"11935","I126_environment_treaties",24,"Mexico"
"11936","P2_infrastructure",NA,"Mexico"
"11937","Sub8_Transport_Infrastructure",NA,"Mexico"
"11938","I201_road_connectivity",90.3,"Mexico"
"11939","I202_quality_of_roads",4.5,"Mexico"
"11940","I203_railroad_density",7.3,"Mexico"
"11941","I204_train_efficiency",3.3,"Mexico"
"11942","I205_airport_connectivity",497154,"Mexico"
"11943","I206_air_transport_efficiency",4.4,"Mexico"
"11944","I207_shipping_connectivity",49.1,"Mexico"
"11945","I208_seaport_efficiency",4.3,"Mexico"
"11946","Sub9_Utility_Infrastructure",NA,"Mexico"
"11947","I209_electricity_access",100,"Mexico"
"11948","I210_electricity_supply",12.5,"Mexico"
"11949","I211_unsafe_drinking_water",6.8,"Mexico"
"11950","I212_water_supply",4.8,"Mexico"
"11951","P3_ICT_adoption",NA,"Mexico"
"11952","I301_cellular_subscription",93,"Mexico"
"11953","I302_mobile_broadband",70,"Mexico"
"11954","I303_fixed_broadband",14.6,"Mexico"
"11955","I304_fibre_internet",2.5,"Mexico"
"11956","I305_internet_users",65.8,"Mexico"
"11957","P4_macro_stability",NA,"Mexico"
"11958","I401_inflation",5.5,"Mexico"
"11959","I402_debt_dynamic",99.7,"Mexico"
"11960","P5_health",NA,"Mexico"
"11961","I501_healthy_life_expectancy",66.2,"Mexico"
"11962","P6_skills",NA,"Mexico"
"11963","Sub10_Workforce",NA,"Mexico"
"11964","I601_years_of_schooling",8.6,"Mexico"
"11965","Sub11_Workforce_Skills",NA,"Mexico"
"11966","I602_staff_training",3.8,"Mexico"
"11967","I603_vocational_training",4.2,"Mexico"
"11968","I604_graduates_skillset",4.1,"Mexico"
"11969","I605_digital_skills",3.8,"Mexico"
"11970","I606_skilled_employees",4.2,"Mexico"
"11971","Sub12_Future_Workforce",NA,"Mexico"
"11972","I501_healthy_life_expectancy",14.3,"Mexico"
"11973","Sub13_Future_Workforce_Skills",NA,"Mexico"
"11974","I608_critical_thinking",3,"Mexico"
"11975","I609_pupil_teacher_ratio",26.6,"Mexico"
"11976","P7_product_market",NA,"Mexico"
"11977","Sub14_Domestic_Competition",NA,"Mexico"
"11978","I701_distortive_taxes",3.4,"Mexico"
"11979","I702_market_dominance",3.6,"Mexico"
"11980","I703_competition_services",5.1,"Mexico"
"11981","Sub15_Trade_Openess",NA,"Mexico"
"11982","I704_non_tariff_barriers",4.7,"Mexico"
"11983","I705_trade_tariffs",5.12,"Mexico"
"11984","I706_tariffs_complexity",6.3,"Mexico"
"11985","I707_border_clearance",2.8,"Mexico"
"11986","P8_labour_market",NA,"Mexico"
"11987","Sub16_Flexibility",NA,"Mexico"
"11988","I801_redundancy_costs",22,"Mexico"
"11989","I802_hiring_firing_practices",3.4,"Mexico"
"11990","I803_labour_employer_relations",4.5,"Mexico"
"11991","I804_wage_flexibility",5.2,"Mexico"
"11992","I805_labour_market_policies",2.8,"Mexico"
"11993","I806_workers_rights",71,"Mexico"
"11994","I807_foreign_labour_hiring",4.4,"Mexico"
"11995","I808_internal_labour_mobility",4.9,"Mexico"
"11996","Sub17_Meritocracy",NA,"Mexico"
"11997","I809_reliance_on_management",4.2,"Mexico"
"11998","I810_pay_productivity",3.8,"Mexico"
"11999","I811_gender_pay_gap",0.56,"Mexico"
"12000","I812_labour_tax",26.9,"Mexico"
"12001","P9_financial_system",NA,"Mexico"
"12002","Sub18_Depth",NA,"Mexico"
"12003","I901_credit_to_private_sector",33.8,"Mexico"
"12004","I902_financing_SME",3.7,"Mexico"
"12005","I903_venture_capital",3.3,"Mexico"
"12006","I904_market_capitalization",34.4,"Mexico"
"12007","I905_insurance_premium",1.8,"Mexico"
"12008","Sub19_Stability",NA,"Mexico"
"12009","I906_banks_soundness",5.7,"Mexico"
"12010","I907_non_performing_loans",2.1,"Mexico"
"12011","I908_credit_gap",1.3,"Mexico"
"12012","I909_regulatory_capital",15.1,"Mexico"
"12013","P10_market_size",NA,"Mexico"
"12014","I1001_GDP_PPP",2284,"Mexico"
"12015","I1002_imports",42,"Mexico"
"12016","P11_dynamism",NA,"Mexico"
"12017","Sub20_Administrative_Requirements",NA,"Mexico"
"12018","I1101_starting_business_cost",16.2,"Mexico"
"12019","I1102_starting_business_time",8.4,"Mexico"
"12020","I1103_insolvency_recovery_rate",64.7,"Mexico"
"12021","I1104_insolvency_regulations",11.5,"Mexico"
"12022","Sub21_Entrepreneurial_Culture",NA,"Mexico"
"12023","I1105_risk_attitudes",4.1,"Mexico"
"12024","I1106_delegating_authority",4.4,"Mexico"
"12025","I1107_innovating_companies",4,"Mexico"
"12026","I1108_disruptive_ideas",3.6,"Mexico"
"12027","P12_innovation",NA,"Mexico"
"12028","Sub22_Diversity",NA,"Mexico"
"12029","I1201_workforce_diversity",4.4,"Mexico"
"12030","I1202_cluster_development",4.3,"Mexico"
"12031","I1203_international_inventions",0.34,"Mexico"
"12032","I1204_stakeholder_collaboration",3.7,"Mexico"
"12033","Sub23_Research_Development",NA,"Mexico"
"12034","I1205_scientific_publications",380.3,"Mexico"
"12035","I1206_patents",1.84,"Mexico"
"12036","I1207_RnD_expenditures",0.5,"Mexico"
"12037","I1208_research_institutions",0.11,"Mexico"
"12038","Sub24_Commercialization",NA,"Mexico"
"12039","I1209_buyer_sophistication",3.6,"Mexico"
"12040","I1210_trademarks",950.38,"Mexico"
"12041","P1_institutions",NA,"Moldova"
"12042","Sub1_Security",NA,"Moldova"
"12043","I101_organized_crime",4.5,"Moldova"
"12044","I102_homicide",3.2,"Moldova"
"12045","I103_terrorism",100,"Moldova"
"12046","I104_police",3.7,"Moldova"
"12047","Sub2_Social_Capital",NA,"Moldova"
"12048","Sub2_Social_Capital",45,"Moldova"
"12049","Sub3_Checks_Balances",NA,"Moldova"
"12050","I106_transparency",58,"Moldova"
"12051","I107_judicial_independence",2.3,"Moldova"
"12052","I108_challenging_regulations",2.6,"Moldova"
"12053","I09_press_freedom",31.2,"Moldova"
"12054","Sub4_Public_Sector",NA,"Moldova"
"12055","I110_gov_burden",3.4,"Moldova"
"12056","I111_settling_disputes",2.8,"Moldova"
"12057","I112_e_participation",0.86,"Moldova"
"12058","Sub5_Transparency",NA,"Moldova"
"12059","I113_corruption",33,"Moldova"
"12060","I114_property_rights",NA,"Moldova"
"12061","I114_property_rights",3.9,"Moldova"
"12062","I115_intellectual_property_protection",3.8,"Moldova"
"12063","I116_land_administration",22,"Moldova"
"12064","Sub6_Corporate_Governance",NA,"Moldova"
"12065","I117_auditing_accounting_standards",4.3,"Moldova"
"12066","I118_interest_conflict_regulation",6.3,"Moldova"
"12067","I119_shareholder_governance",7.3,"Moldova"
"12068","Sub7_Government_Orientation",NA,"Moldova"
"12069","I120_policy_stability",3,"Moldova"
"12070","I121_response_to_change",3.1,"Moldova"
"12071","I122_digital_business_laws",3.2,"Moldova"
"12072","I123_gov_long_term_vision",2.9,"Moldova"
"12073","I124_energy_regulations",NA,"Moldova"
"12074","I125_renewable_energy",NA,"Moldova"
"12075","I126_environment_treaties",22,"Moldova"
"12076","P2_infrastructure",NA,"Moldova"
"12077","Sub8_Transport_Infrastructure",NA,"Moldova"
"12078","I201_road_connectivity",76,"Moldova"
"12079","I202_quality_of_roads",2.6,"Moldova"
"12080","I203_railroad_density",35,"Moldova"
"12081","I204_train_efficiency",3,"Moldova"
"12082","I205_airport_connectivity",10407.5,"Moldova"
"12083","I206_air_transport_efficiency",4.4,"Moldova"
"12084","I207_shipping_connectivity",NA,"Moldova"
"12085","I208_seaport_efficiency",2.3,"Moldova"
"12086","Sub9_Utility_Infrastructure",NA,"Moldova"
"12087","I209_electricity_access",100,"Moldova"
"12088","I210_electricity_supply",18.8,"Moldova"
"12089","I211_unsafe_drinking_water",22.3,"Moldova"
"12090","I212_water_supply",4.4,"Moldova"
"12091","P3_ICT_adoption",NA,"Moldova"
"12092","I301_cellular_subscription",88,"Moldova"
"12093","I302_mobile_broadband",72.8,"Moldova"
"12094","I303_fixed_broadband",15.4,"Moldova"
"12095","I304_fibre_internet",8.6,"Moldova"
"12096","I305_internet_users",76.1,"Moldova"
"12097","P4_macro_stability",NA,"Moldova"
"12098","I401_inflation",4.8,"Moldova"
"12099","I402_debt_dynamic",49.1,"Moldova"
"12100","P5_health",NA,"Moldova"
"12101","I501_healthy_life_expectancy",63,"Moldova"
"12102","P6_skills",NA,"Moldova"
"12103","Sub10_Workforce",NA,"Moldova"
"12104","I601_years_of_schooling",11.6,"Moldova"
"12105","Sub11_Workforce_Skills",NA,"Moldova"
"12106","I602_staff_training",3.6,"Moldova"
"12107","I603_vocational_training",3.5,"Moldova"
"12108","I604_graduates_skillset",3.6,"Moldova"
"12109","I605_digital_skills",4.5,"Moldova"
"12110","I606_skilled_employees",3.2,"Moldova"
"12111","Sub12_Future_Workforce",NA,"Moldova"
"12112","I501_healthy_life_expectancy",11.6,"Moldova"
"12113","Sub13_Future_Workforce_Skills",NA,"Moldova"
"12114","I608_critical_thinking",3.3,"Moldova"
"12115","I609_pupil_teacher_ratio",17.7,"Moldova"
"12116","P7_product_market",NA,"Moldova"
"12117","Sub14_Domestic_Competition",NA,"Moldova"
"12118","I701_distortive_taxes",3.7,"Moldova"
"12119","I702_market_dominance",3.2,"Moldova"
"12120","I703_competition_services",4.9,"Moldova"
"12121","Sub15_Trade_Openess",NA,"Moldova"
"12122","I704_non_tariff_barriers",4.7,"Moldova"
"12123","I705_trade_tariffs",3.37,"Moldova"
"12124","I706_tariffs_complexity",5.4,"Moldova"
"12125","I707_border_clearance",2.3,"Moldova"
"12126","P8_labour_market",NA,"Moldova"
"12127","Sub16_Flexibility",NA,"Moldova"
"12128","I801_redundancy_costs",23.7,"Moldova"
"12129","I802_hiring_firing_practices",3.8,"Moldova"
"12130","I803_labour_employer_relations",4.4,"Moldova"
"12131","I804_wage_flexibility",5.5,"Moldova"
"12132","I805_labour_market_policies",3.1,"Moldova"
"12133","I806_workers_rights",83,"Moldova"
"12134","I807_foreign_labour_hiring",4.1,"Moldova"
"12135","I808_internal_labour_mobility",4.1,"Moldova"
"12136","Sub17_Meritocracy",NA,"Moldova"
"12137","I809_reliance_on_management",3.7,"Moldova"
"12138","I810_pay_productivity",4.1,"Moldova"
"12139","I811_gender_pay_gap",1.01,"Moldova"
"12140","I812_labour_tax",31.3,"Moldova"
"12141","P9_financial_system",NA,"Moldova"
"12142","Sub18_Depth",NA,"Moldova"
"12143","I901_credit_to_private_sector",30.7,"Moldova"
"12144","I902_financing_SME",3.6,"Moldova"
"12145","I903_venture_capital",2.5,"Moldova"
"12146","I904_market_capitalization",0.3,"Moldova"
"12147","I905_insurance_premium",1,"Moldova"
"12148","Sub19_Stability",NA,"Moldova"
"12149","I906_banks_soundness",3.4,"Moldova"
"12150","I907_non_performing_loans",18.4,"Moldova"
"12151","I908_credit_gap",-10.9,"Moldova"
"12152","I909_regulatory_capital",29,"Moldova"
"12153","P10_market_size",NA,"Moldova"
"12154","I1001_GDP_PPP",23,"Moldova"
"12155","I1002_imports",59.9,"Moldova"
"12156","P11_dynamism",NA,"Moldova"
"12157","Sub20_Administrative_Requirements",NA,"Moldova"
"12158","I1101_starting_business_cost",5,"Moldova"
"12159","I1102_starting_business_time",4,"Moldova"
"12160","I1103_insolvency_recovery_rate",30.9,"Moldova"
"12161","I1104_insolvency_regulations",12,"Moldova"
"12162","Sub21_Entrepreneurial_Culture",NA,"Moldova"
"12163","I1105_risk_attitudes",3.9,"Moldova"
"12164","I1106_delegating_authority",4.2,"Moldova"
"12165","I1107_innovating_companies",3.3,"Moldova"
"12166","I1108_disruptive_ideas",3.4,"Moldova"
"12167","P12_innovation",NA,"Moldova"
"12168","Sub22_Diversity",NA,"Moldova"
"12169","I1201_workforce_diversity",4,"Moldova"
"12170","I1202_cluster_development",2.6,"Moldova"
"12171","I1203_international_inventions",0.14,"Moldova"
"12172","I1204_stakeholder_collaboration",3.2,"Moldova"
"12173","Sub23_Research_Development",NA,"Moldova"
"12174","I1205_scientific_publications",97.7,"Moldova"
"12175","I1206_patents",0.33,"Moldova"
"12176","I1207_RnD_expenditures",0.3,"Moldova"
"12177","I1208_research_institutions",0,"Moldova"
"12178","Sub24_Commercialization",NA,"Moldova"
"12179","I1209_buyer_sophistication",2.9,"Moldova"
"12180","I1210_trademarks",553.47,"Moldova"
"12181","P1_institutions",NA,"Mongolia"
"12182","Sub1_Security",NA,"Mongolia"
"12183","I101_organized_crime",4.9,"Mongolia"
"12184","I102_homicide",6.2,"Mongolia"
"12185","I103_terrorism",100,"Mongolia"
"12186","I104_police",4,"Mongolia"
"12187","Sub2_Social_Capital",NA,"Mongolia"
"12188","Sub2_Social_Capital",55.9,"Mongolia"
"12189","Sub3_Checks_Balances",NA,"Mongolia"
"12190","I106_transparency",46,"Mongolia"
"12191","I107_judicial_independence",2.6,"Mongolia"
"12192","I108_challenging_regulations",3.3,"Mongolia"
"12193","I09_press_freedom",29.5,"Mongolia"
"12194","Sub4_Public_Sector",NA,"Mongolia"
"12195","I110_gov_burden",2.8,"Mongolia"
"12196","I111_settling_disputes",3,"Mongolia"
"12197","I112_e_participation",0.74,"Mongolia"
"12198","Sub5_Transparency",NA,"Mongolia"
"12199","I113_corruption",37,"Mongolia"
"12200","I114_property_rights",NA,"Mongolia"
"12201","I114_property_rights",3.5,"Mongolia"
"12202","I115_intellectual_property_protection",3.1,"Mongolia"
"12203","I116_land_administration",14.5,"Mongolia"
"12204","Sub6_Corporate_Governance",NA,"Mongolia"
"12205","I117_auditing_accounting_standards",3.9,"Mongolia"
"12206","I118_interest_conflict_regulation",7.3,"Mongolia"
"12207","I119_shareholder_governance",6.3,"Mongolia"
"12208","Sub7_Government_Orientation",NA,"Mongolia"
"12209","I120_policy_stability",2.9,"Mongolia"
"12210","I121_response_to_change",2.6,"Mongolia"
"12211","I122_digital_business_laws",3,"Mongolia"
"12212","I123_gov_long_term_vision",2.2,"Mongolia"
"12213","I124_energy_regulations",32.5,"Mongolia"
"12214","I125_renewable_energy",28.7,"Mongolia"
"12215","I126_environment_treaties",23,"Mongolia"
"12216","P2_infrastructure",NA,"Mongolia"
"12217","Sub8_Transport_Infrastructure",NA,"Mongolia"
"12218","I201_road_connectivity",59.2,"Mongolia"
"12219","I202_quality_of_roads",3.1,"Mongolia"
"12220","I203_railroad_density",1.2,"Mongolia"
"12221","I204_train_efficiency",3.5,"Mongolia"
"12222","I205_airport_connectivity",9490.1,"Mongolia"
"12223","I206_air_transport_efficiency",3.6,"Mongolia"
"12224","I207_shipping_connectivity",NA,"Mongolia"
"12225","I208_seaport_efficiency",1.6,"Mongolia"
"12226","Sub9_Utility_Infrastructure",NA,"Mongolia"
"12227","I209_electricity_access",90.8,"Mongolia"
"12228","I210_electricity_supply",11.5,"Mongolia"
"12229","I211_unsafe_drinking_water",30.1,"Mongolia"
"12230","I212_water_supply",4.4,"Mongolia"
"12231","P3_ICT_adoption",NA,"Mongolia"
"12232","I301_cellular_subscription",133.2,"Mongolia"
"12233","I302_mobile_broadband",83.7,"Mongolia"
"12234","I303_fixed_broadband",9.7,"Mongolia"
"12235","I304_fibre_internet",1.1,"Mongolia"
"12236","I305_internet_users",23.7,"Mongolia"
"12237","P4_macro_stability",NA,"Mongolia"
"12238","I401_inflation",6.1,"Mongolia"
"12239","I402_debt_dynamic",39.3,"Mongolia"
"12240","P5_health",NA,"Mongolia"
"12241","I501_healthy_life_expectancy",60.3,"Mongolia"
"12242","P6_skills",NA,"Mongolia"
"12243","Sub10_Workforce",NA,"Mongolia"
"12244","I601_years_of_schooling",9.5,"Mongolia"
"12245","Sub11_Workforce_Skills",NA,"Mongolia"
"12246","I602_staff_training",3.7,"Mongolia"
"12247","I603_vocational_training",3.7,"Mongolia"
"12248","I604_graduates_skillset",3.5,"Mongolia"
"12249","I605_digital_skills",3.8,"Mongolia"
"12250","I606_skilled_employees",2.8,"Mongolia"
"12251","Sub12_Future_Workforce",NA,"Mongolia"
"12252","I501_healthy_life_expectancy",14.6,"Mongolia"
"12253","Sub13_Future_Workforce_Skills",NA,"Mongolia"
"12254","I608_critical_thinking",2.9,"Mongolia"
"12255","I609_pupil_teacher_ratio",30.4,"Mongolia"
"12256","P7_product_market",NA,"Mongolia"
"12257","Sub14_Domestic_Competition",NA,"Mongolia"
"12258","I701_distortive_taxes",2.9,"Mongolia"
"12259","I702_market_dominance",2.4,"Mongolia"
"12260","I703_competition_services",4.6,"Mongolia"
"12261","Sub15_Trade_Openess",NA,"Mongolia"
"12262","I704_non_tariff_barriers",4,"Mongolia"
"12263","I705_trade_tariffs",4.43,"Mongolia"
"12264","I706_tariffs_complexity",6.8,"Mongolia"
"12265","I707_border_clearance",2.2,"Mongolia"
"12266","P8_labour_market",NA,"Mongolia"
"12267","Sub16_Flexibility",NA,"Mongolia"
"12268","I801_redundancy_costs",8.6,"Mongolia"
"12269","I802_hiring_firing_practices",3.8,"Mongolia"
"12270","I803_labour_employer_relations",4.3,"Mongolia"
"12271","I804_wage_flexibility",5.7,"Mongolia"
"12272","I805_labour_market_policies",2.9,"Mongolia"
"12273","I806_workers_rights",NA,"Mongolia"
"12274","I807_foreign_labour_hiring",3.4,"Mongolia"
"12275","I808_internal_labour_mobility",4.3,"Mongolia"
"12276","Sub17_Meritocracy",NA,"Mongolia"
"12277","I809_reliance_on_management",4.1,"Mongolia"
"12278","I810_pay_productivity",3.6,"Mongolia"
"12279","I811_gender_pay_gap",0.94,"Mongolia"
"12280","I812_labour_tax",12.4,"Mongolia"
"12281","P9_financial_system",NA,"Mongolia"
"12282","Sub18_Depth",NA,"Mongolia"
"12283","I901_credit_to_private_sector",54.6,"Mongolia"
"12284","I902_financing_SME",2.9,"Mongolia"
"12285","I903_venture_capital",2.2,"Mongolia"
"12286","I904_market_capitalization",7,"Mongolia"
"12287","I905_insurance_premium",0.4,"Mongolia"
"12288","Sub19_Stability",NA,"Mongolia"
"12289","I906_banks_soundness",3.8,"Mongolia"
"12290","I907_non_performing_loans",8.5,"Mongolia"
"12291","I908_credit_gap",-8,"Mongolia"
"12292","I909_regulatory_capital",17.4,"Mongolia"
"12293","P10_market_size",NA,"Mongolia"
"12294","I1001_GDP_PPP",39,"Mongolia"
"12295","I1002_imports",68.6,"Mongolia"
"12296","P11_dynamism",NA,"Mongolia"
"12297","Sub20_Administrative_Requirements",NA,"Mongolia"
"12298","I1101_starting_business_cost",1.3,"Mongolia"
"12299","I1102_starting_business_time",11,"Mongolia"
"12300","I1103_insolvency_recovery_rate",16.9,"Mongolia"
"12301","I1104_insolvency_regulations",6.5,"Mongolia"
"12302","Sub21_Entrepreneurial_Culture",NA,"Mongolia"
"12303","I1105_risk_attitudes",3.7,"Mongolia"
"12304","I1106_delegating_authority",3.4,"Mongolia"
"12305","I1107_innovating_companies",4,"Mongolia"
"12306","I1108_disruptive_ideas",3.5,"Mongolia"
"12307","P12_innovation",NA,"Mongolia"
"12308","Sub22_Diversity",NA,"Mongolia"
"12309","I1201_workforce_diversity",4.9,"Mongolia"
"12310","I1202_cluster_development",3,"Mongolia"
"12311","I1203_international_inventions",0.15,"Mongolia"
"12312","I1204_stakeholder_collaboration",3.3,"Mongolia"
"12313","Sub23_Research_Development",NA,"Mongolia"
"12314","I1205_scientific_publications",84.3,"Mongolia"
"12315","I1206_patents",0.72,"Mongolia"
"12316","I1207_RnD_expenditures",0.1,"Mongolia"
"12317","I1208_research_institutions",0,"Mongolia"
"12318","Sub24_Commercialization",NA,"Mongolia"
"12319","I1209_buyer_sophistication",3.2,"Mongolia"
"12320","I1210_trademarks",410.97,"Mongolia"
"12321","P1_institutions",NA,"Montenegro"
"12322","Sub1_Security",NA,"Montenegro"
"12323","I101_organized_crime",4.9,"Montenegro"
"12324","I102_homicide",2.4,"Montenegro"
"12325","I103_terrorism",100,"Montenegro"
"12326","I104_police",4.5,"Montenegro"
"12327","Sub2_Social_Capital",NA,"Montenegro"
"12328","Sub2_Social_Capital",48.9,"Montenegro"
"12329","Sub3_Checks_Balances",NA,"Montenegro"
"12330","I106_transparency",NA,"Montenegro"
"12331","I107_judicial_independence",4.1,"Montenegro"
"12332","I108_challenging_regulations",3.8,"Montenegro"
"12333","I09_press_freedom",32.7,"Montenegro"
"12334","Sub4_Public_Sector",NA,"Montenegro"
"12335","I110_gov_burden",4,"Montenegro"
"12336","I111_settling_disputes",4.2,"Montenegro"
"12337","I112_e_participation",0.74,"Montenegro"
"12338","Sub5_Transparency",NA,"Montenegro"
"12339","I113_corruption",45,"Montenegro"
"12340","I114_property_rights",NA,"Montenegro"
"12341","I114_property_rights",4.3,"Montenegro"
"12342","I115_intellectual_property_protection",3.9,"Montenegro"
"12343","I116_land_administration",17.5,"Montenegro"
"12344","Sub6_Corporate_Governance",NA,"Montenegro"
"12345","I117_auditing_accounting_standards",4.3,"Montenegro"
"12346","I118_interest_conflict_regulation",6.3,"Montenegro"
"12347","I119_shareholder_governance",6,"Montenegro"
"12348","Sub7_Government_Orientation",NA,"Montenegro"
"12349","I120_policy_stability",4.4,"Montenegro"
"12350","I121_response_to_change",4.1,"Montenegro"
"12351","I122_digital_business_laws",3.6,"Montenegro"
"12352","I123_gov_long_term_vision",4.4,"Montenegro"
"12353","I124_energy_regulations",NA,"Montenegro"
"12354","I125_renewable_energy",NA,"Montenegro"
"12355","I126_environment_treaties",21,"Montenegro"
"12356","P2_infrastructure",NA,"Montenegro"
"12357","Sub8_Transport_Infrastructure",NA,"Montenegro"
"12358","I201_road_connectivity",45.1,"Montenegro"
"12359","I202_quality_of_roads",3.9,"Montenegro"
"12360","I203_railroad_density",18.5,"Montenegro"
"12361","I204_train_efficiency",3.1,"Montenegro"
"12362","I205_airport_connectivity",9813,"Montenegro"
"12363","I206_air_transport_efficiency",4.6,"Montenegro"
"12364","I207_shipping_connectivity",3,"Montenegro"
"12365","I208_seaport_efficiency",4.2,"Montenegro"
"12366","Sub9_Utility_Infrastructure",NA,"Montenegro"
"12367","I209_electricity_access",100,"Montenegro"
"12368","I210_electricity_supply",15.7,"Montenegro"
"12369","I211_unsafe_drinking_water",13,"Montenegro"
"12370","I212_water_supply",5.2,"Montenegro"
"12371","P3_ICT_adoption",NA,"Montenegro"
"12372","I301_cellular_subscription",180.7,"Montenegro"
"12373","I302_mobile_broadband",73.6,"Montenegro"
"12374","I303_fixed_broadband",25.3,"Montenegro"
"12375","I304_fibre_internet",5.6,"Montenegro"
"12376","I305_internet_users",71.5,"Montenegro"
"12377","P4_macro_stability",NA,"Montenegro"
"12378","I401_inflation",2.5,"Montenegro"
"12379","I402_debt_dynamic",40,"Montenegro"
"12380","P5_health",NA,"Montenegro"
"12381","I501_healthy_life_expectancy",66,"Montenegro"
"12382","P6_skills",NA,"Montenegro"
"12383","Sub10_Workforce",NA,"Montenegro"
"12384","I601_years_of_schooling",11.2,"Montenegro"
"12385","Sub11_Workforce_Skills",NA,"Montenegro"
"12386","I602_staff_training",4,"Montenegro"
"12387","I603_vocational_training",4,"Montenegro"
"12388","I604_graduates_skillset",3.8,"Montenegro"
"12389","I605_digital_skills",4.3,"Montenegro"
"12390","I606_skilled_employees",4,"Montenegro"
"12391","Sub12_Future_Workforce",NA,"Montenegro"
"12392","I501_healthy_life_expectancy",15,"Montenegro"
"12393","Sub13_Future_Workforce_Skills",NA,"Montenegro"
"12394","I608_critical_thinking",3.6,"Montenegro"
"12395","I609_pupil_teacher_ratio",14.2,"Montenegro"
"12396","P7_product_market",NA,"Montenegro"
"12397","Sub14_Domestic_Competition",NA,"Montenegro"
"12398","I701_distortive_taxes",4.4,"Montenegro"
"12399","I702_market_dominance",3.8,"Montenegro"
"12400","I703_competition_services",4.7,"Montenegro"
"12401","Sub15_Trade_Openess",NA,"Montenegro"
"12402","I704_non_tariff_barriers",4.4,"Montenegro"
"12403","I705_trade_tariffs",2.69,"Montenegro"
"12404","I706_tariffs_complexity",5.4,"Montenegro"
"12405","I707_border_clearance",2.6,"Montenegro"
"12406","P8_labour_market",NA,"Montenegro"
"12407","Sub16_Flexibility",NA,"Montenegro"
"12408","I801_redundancy_costs",11.2,"Montenegro"
"12409","I802_hiring_firing_practices",4.1,"Montenegro"
"12410","I803_labour_employer_relations",4.2,"Montenegro"
"12411","I804_wage_flexibility",4.9,"Montenegro"
"12412","I805_labour_market_policies",4,"Montenegro"
"12413","I806_workers_rights",89,"Montenegro"
"12414","I807_foreign_labour_hiring",4.2,"Montenegro"
"12415","I808_internal_labour_mobility",5.5,"Montenegro"
"12416","Sub17_Meritocracy",NA,"Montenegro"
"12417","I809_reliance_on_management",4.2,"Montenegro"
"12418","I810_pay_productivity",3.9,"Montenegro"
"12419","I811_gender_pay_gap",0.88,"Montenegro"
"12420","I812_labour_tax",13.4,"Montenegro"
"12421","P9_financial_system",NA,"Montenegro"
"12422","Sub18_Depth",NA,"Montenegro"
"12423","I901_credit_to_private_sector",49.3,"Montenegro"
"12424","I902_financing_SME",4.2,"Montenegro"
"12425","I903_venture_capital",3.7,"Montenegro"
"12426","I904_market_capitalization",73,"Montenegro"
"12427","I905_insurance_premium",NA,"Montenegro"
"12428","Sub19_Stability",NA,"Montenegro"
"12429","I906_banks_soundness",4.9,"Montenegro"
"12430","I907_non_performing_loans",7.3,"Montenegro"
"12431","I908_credit_gap",-15.7,"Montenegro"
"12432","I909_regulatory_capital",16.1,"Montenegro"
"12433","P10_market_size",NA,"Montenegro"
"12434","I1001_GDP_PPP",11,"Montenegro"
"12435","I1002_imports",69.1,"Montenegro"
"12436","P11_dynamism",NA,"Montenegro"
"12437","Sub20_Administrative_Requirements",NA,"Montenegro"
"12438","I1101_starting_business_cost",1.3,"Montenegro"
"12439","I1102_starting_business_time",12,"Montenegro"
"12440","I1103_insolvency_recovery_rate",50,"Montenegro"
"12441","I1104_insolvency_regulations",12.5,"Montenegro"
"12442","Sub21_Entrepreneurial_Culture",NA,"Montenegro"
"12443","I1105_risk_attitudes",3.8,"Montenegro"
"12444","I1106_delegating_authority",4.1,"Montenegro"
"12445","I1107_innovating_companies",4,"Montenegro"
"12446","I1108_disruptive_ideas",3.7,"Montenegro"
"12447","P12_innovation",NA,"Montenegro"
"12448","Sub22_Diversity",NA,"Montenegro"
"12449","I1201_workforce_diversity",4.7,"Montenegro"
"12450","I1202_cluster_development",3.7,"Montenegro"
"12451","I1203_international_inventions",0.83,"Montenegro"
"12452","I1204_stakeholder_collaboration",3.9,"Montenegro"
"12453","Sub23_Research_Development",NA,"Montenegro"
"12454","I1205_scientific_publications",45.3,"Montenegro"
"12455","I1206_patents",2.97,"Montenegro"
"12456","I1207_RnD_expenditures",0.4,"Montenegro"
"12457","I1208_research_institutions",0,"Montenegro"
"12458","Sub24_Commercialization",NA,"Montenegro"
"12459","I1209_buyer_sophistication",3.7,"Montenegro"
"12460","I1210_trademarks",660.42,"Montenegro"
"12461","P1_institutions",NA,"Morocco"
"12462","Sub1_Security",NA,"Morocco"
"12463","I101_organized_crime",5.8,"Morocco"
"12464","I102_homicide",2.1,"Morocco"
"12465","I103_terrorism",100,"Morocco"
"12466","I104_police",5.8,"Morocco"
"12467","Sub2_Social_Capital",NA,"Morocco"
"12468","Sub2_Social_Capital",42,"Morocco"
"12469","Sub3_Checks_Balances",NA,"Morocco"
"12470","I106_transparency",45,"Morocco"
"12471","I107_judicial_independence",4.1,"Morocco"
"12472","I108_challenging_regulations",4.4,"Morocco"
"12473","I09_press_freedom",44,"Morocco"
"12474","Sub4_Public_Sector",NA,"Morocco"
"12475","I110_gov_burden",4.1,"Morocco"
"12476","I111_settling_disputes",4.3,"Morocco"
"12477","I112_e_participation",0.78,"Morocco"
"12478","Sub5_Transparency",NA,"Morocco"
"12479","I113_corruption",43,"Morocco"
"12480","I114_property_rights",NA,"Morocco"
"12481","I114_property_rights",5.3,"Morocco"
"12482","I115_intellectual_property_protection",4.9,"Morocco"
"12483","I116_land_administration",19.5,"Morocco"
"12484","Sub6_Corporate_Governance",NA,"Morocco"
"12485","I117_auditing_accounting_standards",5.4,"Morocco"
"12486","I118_interest_conflict_regulation",6,"Morocco"
"12487","I119_shareholder_governance",6,"Morocco"
"12488","Sub7_Government_Orientation",NA,"Morocco"
"12489","I120_policy_stability",5.1,"Morocco"
"12490","I121_response_to_change",4,"Morocco"
"12491","I122_digital_business_laws",3.5,"Morocco"
"12492","I123_gov_long_term_vision",3.9,"Morocco"
"12493","I124_energy_regulations",55.5,"Morocco"
"12494","I125_renewable_energy",66.6,"Morocco"
"12495","I126_environment_treaties",24,"Morocco"
"12496","P2_infrastructure",NA,"Morocco"
"12497","Sub8_Transport_Infrastructure",NA,"Morocco"
"12498","I201_road_connectivity",88.5,"Morocco"
"12499","I202_quality_of_roads",4.7,"Morocco"
"12500","I203_railroad_density",4.7,"Morocco"
"12501","I204_train_efficiency",3.9,"Morocco"
"12502","I205_airport_connectivity",71958,"Morocco"
"12503","I206_air_transport_efficiency",5.3,"Morocco"
"12504","I207_shipping_connectivity",71.5,"Morocco"
"12505","I208_seaport_efficiency",5.1,"Morocco"
"12506","Sub9_Utility_Infrastructure",NA,"Morocco"
"12507","I209_electricity_access",99,"Morocco"
"12508","I210_electricity_supply",15.2,"Morocco"
"12509","I211_unsafe_drinking_water",28.2,"Morocco"
"12510","I212_water_supply",5.8,"Morocco"
"12511","P3_ICT_adoption",NA,"Morocco"
"12512","I301_cellular_subscription",124.2,"Morocco"
"12513","I302_mobile_broadband",59.1,"Morocco"
"12514","I303_fixed_broadband",4.3,"Morocco"
"12515","I304_fibre_internet",0.1,"Morocco"
"12516","I305_internet_users",64.8,"Morocco"
"12517","P4_macro_stability",NA,"Morocco"
"12518","I401_inflation",1.3,"Morocco"
"12519","I402_debt_dynamic",80,"Morocco"
"12520","P5_health",NA,"Morocco"
"12521","I501_healthy_life_expectancy",63.1,"Morocco"
"12522","P6_skills",NA,"Morocco"
"12523","Sub10_Workforce",NA,"Morocco"
"12524","I601_years_of_schooling",4.8,"Morocco"
"12525","Sub11_Workforce_Skills",NA,"Morocco"
"12526","I602_staff_training",3.6,"Morocco"
"12527","I603_vocational_training",3.8,"Morocco"
"12528","I604_graduates_skillset",3.5,"Morocco"
"12529","I605_digital_skills",3.9,"Morocco"
"12530","I606_skilled_employees",4,"Morocco"
"12531","Sub12_Future_Workforce",NA,"Morocco"
"12532","I501_healthy_life_expectancy",13.5,"Morocco"
"12533","Sub13_Future_Workforce_Skills",NA,"Morocco"
"12534","I608_critical_thinking",2.7,"Morocco"
"12535","I609_pupil_teacher_ratio",28,"Morocco"
"12536","P7_product_market",NA,"Morocco"
"12537","Sub14_Domestic_Competition",NA,"Morocco"
"12538","I701_distortive_taxes",4.6,"Morocco"
"12539","I702_market_dominance",3.8,"Morocco"
"12540","I703_competition_services",5.2,"Morocco"
"12541","Sub15_Trade_Openess",NA,"Morocco"
"12542","I704_non_tariff_barriers",5,"Morocco"
"12543","I705_trade_tariffs",9.82,"Morocco"
"12544","I706_tariffs_complexity",5.6,"Morocco"
"12545","I707_border_clearance",2.3,"Morocco"
"12546","P8_labour_market",NA,"Morocco"
"12547","Sub16_Flexibility",NA,"Morocco"
"12548","I801_redundancy_costs",20.7,"Morocco"
"12549","I802_hiring_firing_practices",3.8,"Morocco"
"12550","I803_labour_employer_relations",4.1,"Morocco"
"12551","I804_wage_flexibility",5.4,"Morocco"
"12552","I805_labour_market_policies",2.4,"Morocco"
"12553","I806_workers_rights",75,"Morocco"
"12554","I807_foreign_labour_hiring",4.3,"Morocco"
"12555","I808_internal_labour_mobility",4.9,"Morocco"
"12556","Sub17_Meritocracy",NA,"Morocco"
"12557","I809_reliance_on_management",4.5,"Morocco"
"12558","I810_pay_productivity",3.7,"Morocco"
"12559","I811_gender_pay_gap",0.21,"Morocco"
"12560","I812_labour_tax",23.3,"Morocco"
"12561","P9_financial_system",NA,"Morocco"
"12562","Sub18_Depth",NA,"Morocco"
"12563","I901_credit_to_private_sector",63.6,"Morocco"
"12564","I902_financing_SME",4,"Morocco"
"12565","I903_venture_capital",3,"Morocco"
"12566","I904_market_capitalization",54.1,"Morocco"
"12567","I905_insurance_premium",2.7,"Morocco"
"12568","Sub19_Stability",NA,"Morocco"
"12569","I906_banks_soundness",5.7,"Morocco"
"12570","I907_non_performing_loans",7.5,"Morocco"
"12571","I908_credit_gap",-7.8,"Morocco"
"12572","I909_regulatory_capital",13.7,"Morocco"
"12573","P10_market_size",NA,"Morocco"
"12574","I1001_GDP_PPP",280,"Morocco"
"12575","I1002_imports",51,"Morocco"
"12576","P11_dynamism",NA,"Morocco"
"12577","Sub20_Administrative_Requirements",NA,"Morocco"
"12578","I1101_starting_business_cost",3.7,"Morocco"
"12579","I1102_starting_business_time",9,"Morocco"
"12580","I1103_insolvency_recovery_rate",28.5,"Morocco"
"12581","I1104_insolvency_regulations",12,"Morocco"
"12582","Sub21_Entrepreneurial_Culture",NA,"Morocco"
"12583","I1105_risk_attitudes",3.8,"Morocco"
"12584","I1106_delegating_authority",4.1,"Morocco"
"12585","I1107_innovating_companies",3.7,"Morocco"
"12586","I1108_disruptive_ideas",3.4,"Morocco"
"12587","P12_innovation",NA,"Morocco"
"12588","Sub22_Diversity",NA,"Morocco"
"12589","I1201_workforce_diversity",4.3,"Morocco"
"12590","I1202_cluster_development",3.6,"Morocco"
"12591","I1203_international_inventions",0.06,"Morocco"
"12592","I1204_stakeholder_collaboration",3.3,"Morocco"
"12593","Sub23_Research_Development",NA,"Morocco"
"12594","I1205_scientific_publications",164,"Morocco"
"12595","I1206_patents",0.13,"Morocco"
"12596","I1207_RnD_expenditures",0.7,"Morocco"
"12597","I1208_research_institutions",0.02,"Morocco"
"12598","Sub24_Commercialization",NA,"Morocco"
"12599","I1209_buyer_sophistication",3.7,"Morocco"
"12600","I1210_trademarks",313.64,"Morocco"
"12601","P1_institutions",NA,"Mozambique"
"12602","Sub1_Security",NA,"Mozambique"
"12603","I101_organized_crime",3.2,"Mozambique"
"12604","I102_homicide",3.4,"Mozambique"
"12605","I103_terrorism",96.1,"Mozambique"
"12606","I104_police",2.7,"Mozambique"
"12607","Sub2_Social_Capital",NA,"Mozambique"
"12608","Sub2_Social_Capital",47.5,"Mozambique"
"12609","Sub3_Checks_Balances",NA,"Mozambique"
"12610","I106_transparency",41,"Mozambique"
"12611","I107_judicial_independence",2.3,"Mozambique"
"12612","I108_challenging_regulations",2.5,"Mozambique"
"12613","I09_press_freedom",32.7,"Mozambique"
"12614","Sub4_Public_Sector",NA,"Mozambique"
"12615","I110_gov_burden",3,"Mozambique"
"12616","I111_settling_disputes",2.9,"Mozambique"
"12617","I112_e_participation",0.44,"Mozambique"
"12618","Sub5_Transparency",NA,"Mozambique"
"12619","I113_corruption",23,"Mozambique"
"12620","I114_property_rights",NA,"Mozambique"
"12621","I114_property_rights",3.4,"Mozambique"
"12622","I115_intellectual_property_protection",3,"Mozambique"
"12623","I116_land_administration",7.5,"Mozambique"
"12624","Sub6_Corporate_Governance",NA,"Mozambique"
"12625","I117_auditing_accounting_standards",3.2,"Mozambique"
"12626","I118_interest_conflict_regulation",5.3,"Mozambique"
"12627","I119_shareholder_governance",3,"Mozambique"
"12628","Sub7_Government_Orientation",NA,"Mozambique"
"12629","I120_policy_stability",3.4,"Mozambique"
"12630","I121_response_to_change",2.9,"Mozambique"
"12631","I122_digital_business_laws",2.5,"Mozambique"
"12632","I123_gov_long_term_vision",3,"Mozambique"
"12633","I124_energy_regulations",5.8,"Mozambique"
"12634","I125_renewable_energy",24.7,"Mozambique"
"12635","I126_environment_treaties",22,"Mozambique"
"12636","P2_infrastructure",NA,"Mozambique"
"12637","Sub8_Transport_Infrastructure",NA,"Mozambique"
"12638","I201_road_connectivity",68,"Mozambique"
"12639","I202_quality_of_roads",2.4,"Mozambique"
"12640","I203_railroad_density",4,"Mozambique"
"12641","I204_train_efficiency",2.6,"Mozambique"
"12642","I205_airport_connectivity",2267.5,"Mozambique"
"12643","I206_air_transport_efficiency",3,"Mozambique"
"12644","I207_shipping_connectivity",10.5,"Mozambique"
"12645","I208_seaport_efficiency",3.3,"Mozambique"
"12646","Sub9_Utility_Infrastructure",NA,"Mozambique"
"12647","I209_electricity_access",28,"Mozambique"
"12648","I210_electricity_supply",17.2,"Mozambique"
"12649","I211_unsafe_drinking_water",74.8,"Mozambique"
"12650","I212_water_supply",2.6,"Mozambique"
"12651","P3_ICT_adoption",NA,"Mozambique"
"12652","I301_cellular_subscription",47.7,"Mozambique"
"12653","I302_mobile_broadband",15.1,"Mozambique"
"12654","I303_fixed_broadband",0.2,"Mozambique"
"12655","I304_fibre_internet",0.1,"Mozambique"
"12656","I305_internet_users",10,"Mozambique"
"12657","P4_macro_stability",NA,"Mozambique"
"12658","I401_inflation",9.5,"Mozambique"
"12659","I402_debt_dynamic",0,"Mozambique"
"12660","P5_health",NA,"Mozambique"
"12661","I501_healthy_life_expectancy",50.6,"Mozambique"
"12662","P6_skills",NA,"Mozambique"
"12663","Sub10_Workforce",NA,"Mozambique"
"12664","I601_years_of_schooling",3.1,"Mozambique"
"12665","Sub11_Workforce_Skills",NA,"Mozambique"
"12666","I602_staff_training",3,"Mozambique"
"12667","I603_vocational_training",3,"Mozambique"
"12668","I604_graduates_skillset",2.9,"Mozambique"
"12669","I605_digital_skills",2.7,"Mozambique"
"12670","I606_skilled_employees",3.3,"Mozambique"
"12671","Sub12_Future_Workforce",NA,"Mozambique"
"12672","I501_healthy_life_expectancy",9.7,"Mozambique"
"12673","Sub13_Future_Workforce_Skills",NA,"Mozambique"
"12674","I608_critical_thinking",2.6,"Mozambique"
"12675","I609_pupil_teacher_ratio",52.4,"Mozambique"
"12676","P7_product_market",NA,"Mozambique"
"12677","Sub14_Domestic_Competition",NA,"Mozambique"
"12678","I701_distortive_taxes",3,"Mozambique"
"12679","I702_market_dominance",2.9,"Mozambique"
"12680","I703_competition_services",4,"Mozambique"
"12681","Sub15_Trade_Openess",NA,"Mozambique"
"12682","I704_non_tariff_barriers",3.4,"Mozambique"
"12683","I705_trade_tariffs",8.07,"Mozambique"
"12684","I706_tariffs_complexity",6.7,"Mozambique"
"12685","I707_border_clearance",2.5,"Mozambique"
"12686","P8_labour_market",NA,"Mozambique"
"12687","Sub16_Flexibility",NA,"Mozambique"
"12688","I801_redundancy_costs",37.5,"Mozambique"
"12689","I802_hiring_firing_practices",3.2,"Mozambique"
"12690","I803_labour_employer_relations",3.6,"Mozambique"
"12691","I804_wage_flexibility",4.3,"Mozambique"
"12692","I805_labour_market_policies",2,"Mozambique"
"12693","I806_workers_rights",76,"Mozambique"
"12694","I807_foreign_labour_hiring",3.3,"Mozambique"
"12695","I808_internal_labour_mobility",4.3,"Mozambique"
"12696","Sub17_Meritocracy",NA,"Mozambique"
"12697","I809_reliance_on_management",3.1,"Mozambique"
"12698","I810_pay_productivity",2.8,"Mozambique"
"12699","I811_gender_pay_gap",0.25,"Mozambique"
"12700","I812_labour_tax",4.5,"Mozambique"
"12701","P9_financial_system",NA,"Mozambique"
"12702","Sub18_Depth",NA,"Mozambique"
"12703","I901_credit_to_private_sector",31.8,"Mozambique"
"12704","I902_financing_SME",3,"Mozambique"
"12705","I903_venture_capital",2,"Mozambique"
"12706","I904_market_capitalization",8,"Mozambique"
"12707","I905_insurance_premium",1.3,"Mozambique"
"12708","Sub19_Stability",NA,"Mozambique"
"12709","I906_banks_soundness",3.6,"Mozambique"
"12710","I907_non_performing_loans",11.4,"Mozambique"
"12711","I908_credit_gap",-7.5,"Mozambique"
"12712","I909_regulatory_capital",21.3,"Mozambique"
"12713","P10_market_size",NA,"Mozambique"
"12714","I1001_GDP_PPP",35,"Mozambique"
"12715","I1002_imports",75.7,"Mozambique"
"12716","P11_dynamism",NA,"Mozambique"
"12717","Sub20_Administrative_Requirements",NA,"Mozambique"
"12718","I1101_starting_business_cost",120.5,"Mozambique"
"12719","I1102_starting_business_time",17,"Mozambique"
"12720","I1103_insolvency_recovery_rate",29.1,"Mozambique"
"12721","I1104_insolvency_regulations",10,"Mozambique"
"12722","Sub21_Entrepreneurial_Culture",NA,"Mozambique"
"12723","I1105_risk_attitudes",3.3,"Mozambique"
"12724","I1106_delegating_authority",3.4,"Mozambique"
"12725","I1107_innovating_companies",3.5,"Mozambique"
"12726","I1108_disruptive_ideas",3.2,"Mozambique"
"12727","P12_innovation",NA,"Mozambique"
"12728","Sub22_Diversity",NA,"Mozambique"
"12729","I1201_workforce_diversity",4.2,"Mozambique"
"12730","I1202_cluster_development",3.1,"Mozambique"
"12731","I1203_international_inventions",NA,"Mozambique"
"12732","I1204_stakeholder_collaboration",3.2,"Mozambique"
"12733","Sub23_Research_Development",NA,"Mozambique"
"12734","I1205_scientific_publications",89,"Mozambique"
"12735","I1206_patents",NA,"Mozambique"
"12736","I1207_RnD_expenditures",0.3,"Mozambique"
"12737","I1208_research_institutions",0,"Mozambique"
"12738","Sub24_Commercialization",NA,"Mozambique"
"12739","I1209_buyer_sophistication",2.7,"Mozambique"
"12740","I1210_trademarks",48.3,"Mozambique"
"12741","P1_institutions",NA,"Namibia"
"12742","Sub1_Security",NA,"Namibia"
"12743","I101_organized_crime",4.4,"Namibia"
"12744","I102_homicide",17.1,"Namibia"
"12745","I103_terrorism",100,"Namibia"
"12746","I104_police",4.3,"Namibia"
"12747","Sub2_Social_Capital",NA,"Namibia"
"12748","Sub2_Social_Capital",52.6,"Namibia"
"12749","Sub3_Checks_Balances",NA,"Namibia"
"12750","I106_transparency",50,"Namibia"
"12751","I107_judicial_independence",4.9,"Namibia"
"12752","I108_challenging_regulations",4.3,"Namibia"
"12753","I09_press_freedom",19,"Namibia"
"12754","Sub4_Public_Sector",NA,"Namibia"
"12755","I110_gov_burden",3.9,"Namibia"
"12756","I111_settling_disputes",4.4,"Namibia"
"12757","I112_e_participation",0.39,"Namibia"
"12758","Sub5_Transparency",NA,"Namibia"
"12759","I113_corruption",53,"Namibia"
"12760","I114_property_rights",NA,"Namibia"
"12761","I114_property_rights",5,"Namibia"
"12762","I115_intellectual_property_protection",4.7,"Namibia"
"12763","I116_land_administration",9.5,"Namibia"
"12764","Sub6_Corporate_Governance",NA,"Namibia"
"12765","I117_auditing_accounting_standards",4.9,"Namibia"
"12766","I118_interest_conflict_regulation",5.3,"Namibia"
"12767","I119_shareholder_governance",5,"Namibia"
"12768","Sub7_Government_Orientation",NA,"Namibia"
"12769","I120_policy_stability",4.5,"Namibia"
"12770","I121_response_to_change",3.8,"Namibia"
"12771","I122_digital_business_laws",3.5,"Namibia"
"12772","I123_gov_long_term_vision",4.7,"Namibia"
"12773","I124_energy_regulations",NA,"Namibia"
"12774","I125_renewable_energy",NA,"Namibia"
"12775","I126_environment_treaties",23,"Namibia"
"12776","P2_infrastructure",NA,"Namibia"
"12777","Sub8_Transport_Infrastructure",NA,"Namibia"
"12778","I201_road_connectivity",98.1,"Namibia"
"12779","I202_quality_of_roads",5.3,"Namibia"
"12780","I203_railroad_density",3.2,"Namibia"
"12781","I204_train_efficiency",3.4,"Namibia"
"12782","I205_airport_connectivity",4338.9,"Namibia"
"12783","I206_air_transport_efficiency",4.8,"Namibia"
"12784","I207_shipping_connectivity",15.3,"Namibia"
"12785","I208_seaport_efficiency",4.9,"Namibia"
"12786","Sub9_Utility_Infrastructure",NA,"Namibia"
"12787","I209_electricity_access",55.6,"Namibia"
"12788","I210_electricity_supply",11.1,"Namibia"
"12789","I211_unsafe_drinking_water",46.1,"Namibia"
"12790","I212_water_supply",5.3,"Namibia"
"12791","P3_ICT_adoption",NA,"Namibia"
"12792","I301_cellular_subscription",112.7,"Namibia"
"12793","I302_mobile_broadband",91.5,"Namibia"
"12794","I303_fixed_broadband",2.5,"Namibia"
"12795","I304_fibre_internet",0,"Namibia"
"12796","I305_internet_users",51,"Namibia"
"12797","P4_macro_stability",NA,"Namibia"
"12798","I401_inflation",5.2,"Namibia"
"12799","I402_debt_dynamic",47.7,"Namibia"
"12800","P5_health",NA,"Namibia"
"12801","I501_healthy_life_expectancy",57.1,"Namibia"
"12802","P6_skills",NA,"Namibia"
"12803","Sub10_Workforce",NA,"Namibia"
"12804","I601_years_of_schooling",8.5,"Namibia"
"12805","Sub11_Workforce_Skills",NA,"Namibia"
"12806","I602_staff_training",4.4,"Namibia"
"12807","I603_vocational_training",4,"Namibia"
"12808","I604_graduates_skillset",3.8,"Namibia"
"12809","I605_digital_skills",3.6,"Namibia"
"12810","I606_skilled_employees",3.9,"Namibia"
"12811","Sub12_Future_Workforce",NA,"Namibia"
"12812","I501_healthy_life_expectancy",NA,"Namibia"
"12813","Sub13_Future_Workforce_Skills",NA,"Namibia"
"12814","I608_critical_thinking",3.4,"Namibia"
"12815","I609_pupil_teacher_ratio",29.8,"Namibia"
"12816","P7_product_market",NA,"Namibia"
"12817","Sub14_Domestic_Competition",NA,"Namibia"
"12818","I701_distortive_taxes",4.2,"Namibia"
"12819","I702_market_dominance",3.6,"Namibia"
"12820","I703_competition_services",4.7,"Namibia"
"12821","Sub15_Trade_Openess",NA,"Namibia"
"12822","I704_non_tariff_barriers",4.2,"Namibia"
"12823","I705_trade_tariffs",6.37,"Namibia"
"12824","I706_tariffs_complexity",4.9,"Namibia"
"12825","I707_border_clearance",2.6,"Namibia"
"12826","P8_labour_market",NA,"Namibia"
"12827","Sub16_Flexibility",NA,"Namibia"
"12828","I801_redundancy_costs",9.6,"Namibia"
"12829","I802_hiring_firing_practices",3.8,"Namibia"
"12830","I803_labour_employer_relations",4.5,"Namibia"
"12831","I804_wage_flexibility",4.7,"Namibia"
"12832","I805_labour_market_policies",3.1,"Namibia"
"12833","I806_workers_rights",82,"Namibia"
"12834","I807_foreign_labour_hiring",3.3,"Namibia"
"12835","I808_internal_labour_mobility",4.7,"Namibia"
"12836","Sub17_Meritocracy",NA,"Namibia"
"12837","I809_reliance_on_management",4.5,"Namibia"
"12838","I810_pay_productivity",4,"Namibia"
"12839","I811_gender_pay_gap",0.73,"Namibia"
"12840","I812_labour_tax",1.9,"Namibia"
"12841","P9_financial_system",NA,"Namibia"
"12842","Sub18_Depth",NA,"Namibia"
"12843","I901_credit_to_private_sector",64.3,"Namibia"
"12844","I902_financing_SME",3.5,"Namibia"
"12845","I903_venture_capital",3,"Namibia"
"12846","I904_market_capitalization",19.7,"Namibia"
"12847","I905_insurance_premium",6.2,"Namibia"
"12848","Sub19_Stability",NA,"Namibia"
"12849","I906_banks_soundness",5.3,"Namibia"
"12850","I907_non_performing_loans",2.5,"Namibia"
"12851","I908_credit_gap",3.5,"Namibia"
"12852","I909_regulatory_capital",15,"Namibia"
"12853","P10_market_size",NA,"Namibia"
"12854","I1001_GDP_PPP",24,"Namibia"
"12855","I1002_imports",63.4,"Namibia"
"12856","P11_dynamism",NA,"Namibia"
"12857","Sub20_Administrative_Requirements",NA,"Namibia"
"12858","I1101_starting_business_cost",10,"Namibia"
"12859","I1102_starting_business_time",66,"Namibia"
"12860","I1103_insolvency_recovery_rate",33.8,"Namibia"
"12861","I1104_insolvency_regulations",6,"Namibia"
"12862","Sub21_Entrepreneurial_Culture",NA,"Namibia"
"12863","I1105_risk_attitudes",4.2,"Namibia"
"12864","I1106_delegating_authority",4.6,"Namibia"
"12865","I1107_innovating_companies",3.9,"Namibia"
"12866","I1108_disruptive_ideas",3.7,"Namibia"
"12867","P12_innovation",NA,"Namibia"
"12868","Sub22_Diversity",NA,"Namibia"
"12869","I1201_workforce_diversity",4.8,"Namibia"
"12870","I1202_cluster_development",3.7,"Namibia"
"12871","I1203_international_inventions",0.13,"Namibia"
"12872","I1204_stakeholder_collaboration",3.8,"Namibia"
"12873","Sub23_Research_Development",NA,"Namibia"
"12874","I1205_scientific_publications",84.7,"Namibia"
"12875","I1206_patents",0.13,"Namibia"
"12876","I1207_RnD_expenditures",0.3,"Namibia"
"12877","I1208_research_institutions",0,"Namibia"
"12878","Sub24_Commercialization",NA,"Namibia"
"12879","I1209_buyer_sophistication",3.7,"Namibia"
"12880","I1210_trademarks",914.97,"Namibia"
"12881","P1_institutions",NA,"Nepal"
"12882","Sub1_Security",NA,"Nepal"
"12883","I101_organized_crime",4,"Nepal"
"12884","I102_homicide",2.2,"Nepal"
"12885","I103_terrorism",89.6,"Nepal"
"12886","I104_police",4.1,"Nepal"
"12887","Sub2_Social_Capital",NA,"Nepal"
"12888","Sub2_Social_Capital",51.5,"Nepal"
"12889","Sub3_Checks_Balances",NA,"Nepal"
"12890","I106_transparency",52,"Nepal"
"12891","I107_judicial_independence",3.3,"Nepal"
"12892","I108_challenging_regulations",3.1,"Nepal"
"12893","I09_press_freedom",33.4,"Nepal"
"12894","Sub4_Public_Sector",NA,"Nepal"
"12895","I110_gov_burden",3.1,"Nepal"
"12896","I111_settling_disputes",3.4,"Nepal"
"12897","I112_e_participation",0.78,"Nepal"
"12898","Sub5_Transparency",NA,"Nepal"
"12899","I113_corruption",31,"Nepal"
"12900","I114_property_rights",NA,"Nepal"
"12901","I114_property_rights",4,"Nepal"
"12902","I115_intellectual_property_protection",3.4,"Nepal"
"12903","I116_land_administration",5.5,"Nepal"
"12904","Sub6_Corporate_Governance",NA,"Nepal"
"12905","I117_auditing_accounting_standards",4,"Nepal"
"12906","I118_interest_conflict_regulation",5.3,"Nepal"
"12907","I119_shareholder_governance",6.3,"Nepal"
"12908","Sub7_Government_Orientation",NA,"Nepal"
"12909","I120_policy_stability",3.2,"Nepal"
"12910","I121_response_to_change",3.1,"Nepal"
"12911","I122_digital_business_laws",3,"Nepal"
"12912","I123_gov_long_term_vision",3.2,"Nepal"
"12913","I124_energy_regulations",26,"Nepal"
"12914","I125_renewable_energy",39.7,"Nepal"
"12915","I126_environment_treaties",17,"Nepal"
"12916","P2_infrastructure",NA,"Nepal"
"12917","Sub8_Transport_Infrastructure",NA,"Nepal"
"12918","I201_road_connectivity",64,"Nepal"
"12919","I202_quality_of_roads",2.9,"Nepal"
"12920","I203_railroad_density",NA,"Nepal"
"12921","I204_train_efficiency",NA,"Nepal"
"12922","I205_airport_connectivity",27598.5,"Nepal"
"12923","I206_air_transport_efficiency",3.2,"Nepal"
"12924","I207_shipping_connectivity",NA,"Nepal"
"12925","I208_seaport_efficiency",2,"Nepal"
"12926","Sub9_Utility_Infrastructure",NA,"Nepal"
"12927","I209_electricity_access",90.7,"Nepal"
"12928","I210_electricity_supply",22.3,"Nepal"
"12929","I211_unsafe_drinking_water",67,"Nepal"
"12930","I212_water_supply",3,"Nepal"
"12931","P3_ICT_adoption",NA,"Nepal"
"12932","I301_cellular_subscription",139.4,"Nepal"
"12933","I302_mobile_broadband",47.5,"Nepal"
"12934","I303_fixed_broadband",2.8,"Nepal"
"12935","I304_fibre_internet",0.2,"Nepal"
"12936","I305_internet_users",34,"Nepal"
"12937","P4_macro_stability",NA,"Nepal"
"12938","I401_inflation",4.3,"Nepal"
"12939","I402_debt_dynamic",48.7,"Nepal"
"12940","P5_health",NA,"Nepal"
"12941","I501_healthy_life_expectancy",61.1,"Nepal"
"12942","P6_skills",NA,"Nepal"
"12943","Sub10_Workforce",NA,"Nepal"
"12944","I601_years_of_schooling",4.7,"Nepal"
"12945","Sub11_Workforce_Skills",NA,"Nepal"
"12946","I602_staff_training",3.5,"Nepal"
"12947","I603_vocational_training",3.3,"Nepal"
"12948","I604_graduates_skillset",3.7,"Nepal"
"12949","I605_digital_skills",3.7,"Nepal"
"12950","I606_skilled_employees",4,"Nepal"
"12951","Sub12_Future_Workforce",NA,"Nepal"
"12952","I501_healthy_life_expectancy",12.2,"Nepal"
"12953","Sub13_Future_Workforce_Skills",NA,"Nepal"
"12954","I608_critical_thinking",3.2,"Nepal"
"12955","I609_pupil_teacher_ratio",20.9,"Nepal"
"12956","P7_product_market",NA,"Nepal"
"12957","Sub14_Domestic_Competition",NA,"Nepal"
"12958","I701_distortive_taxes",3.5,"Nepal"
"12959","I702_market_dominance",3,"Nepal"
"12960","I703_competition_services",4.4,"Nepal"
"12961","Sub15_Trade_Openess",NA,"Nepal"
"12962","I704_non_tariff_barriers",3.9,"Nepal"
"12963","I705_trade_tariffs",16.57,"Nepal"
"12964","I706_tariffs_complexity",6.3,"Nepal"
"12965","I707_border_clearance",2.3,"Nepal"
"12966","P8_labour_market",NA,"Nepal"
"12967","Sub16_Flexibility",NA,"Nepal"
"12968","I801_redundancy_costs",27.2,"Nepal"
"12969","I802_hiring_firing_practices",3.4,"Nepal"
"12970","I803_labour_employer_relations",3.9,"Nepal"
"12971","I804_wage_flexibility",4.4,"Nepal"
"12972","I805_labour_market_policies",3,"Nepal"
"12973","I806_workers_rights",77,"Nepal"
"12974","I807_foreign_labour_hiring",3.5,"Nepal"
"12975","I808_internal_labour_mobility",4.8,"Nepal"
"12976","Sub17_Meritocracy",NA,"Nepal"
"12977","I809_reliance_on_management",3.6,"Nepal"
"12978","I810_pay_productivity",3.7,"Nepal"
"12979","I811_gender_pay_gap",0.32,"Nepal"
"12980","I812_labour_tax",19.9,"Nepal"
"12981","P9_financial_system",NA,"Nepal"
"12982","Sub18_Depth",NA,"Nepal"
"12983","I901_credit_to_private_sector",75.1,"Nepal"
"12984","I902_financing_SME",3.9,"Nepal"
"12985","I903_venture_capital",2.9,"Nepal"
"12986","I904_market_capitalization",71.3,"Nepal"
"12987","I905_insurance_premium",1.7,"Nepal"
"12988","Sub19_Stability",NA,"Nepal"
"12989","I906_banks_soundness",4.2,"Nepal"
"12990","I907_non_performing_loans",1.7,"Nepal"
"12991","I908_credit_gap",3.6,"Nepal"
"12992","I909_regulatory_capital",13.5,"Nepal"
"12993","P10_market_size",NA,"Nepal"
"12994","I1001_GDP_PPP",77,"Nepal"
"12995","I1002_imports",54.6,"Nepal"
"12996","P11_dynamism",NA,"Nepal"
"12997","Sub20_Administrative_Requirements",NA,"Nepal"
"12998","I1101_starting_business_cost",22.2,"Nepal"
"12999","I1102_starting_business_time",16.5,"Nepal"
"13000","I1103_insolvency_recovery_rate",41.2,"Nepal"
"13001","I1104_insolvency_regulations",8,"Nepal"
"13002","Sub21_Entrepreneurial_Culture",NA,"Nepal"
"13003","I1105_risk_attitudes",3.7,"Nepal"
"13004","I1106_delegating_authority",3.9,"Nepal"
"13005","I1107_innovating_companies",3.8,"Nepal"
"13006","I1108_disruptive_ideas",3.3,"Nepal"
"13007","P12_innovation",NA,"Nepal"
"13008","Sub22_Diversity",NA,"Nepal"
"13009","I1201_workforce_diversity",3.9,"Nepal"
"13010","I1202_cluster_development",3.3,"Nepal"
"13011","I1203_international_inventions",0.03,"Nepal"
"13012","I1204_stakeholder_collaboration",3.2,"Nepal"
"13013","Sub23_Research_Development",NA,"Nepal"
"13014","I1205_scientific_publications",117,"Nepal"
"13015","I1206_patents",0.03,"Nepal"
"13016","I1207_RnD_expenditures",0.3,"Nepal"
"13017","I1208_research_institutions",0,"Nepal"
"13018","Sub24_Commercialization",NA,"Nepal"
"13019","I1209_buyer_sophistication",3.2,"Nepal"
"13020","I1210_trademarks",113.53,"Nepal"
"13021","P1_institutions",NA,"Netherlands"
"13022","Sub1_Security",NA,"Netherlands"
"13023","I101_organized_crime",5.7,"Netherlands"
"13024","I102_homicide",0.8,"Netherlands"
"13025","I103_terrorism",99.8,"Netherlands"
"13026","I104_police",6,"Netherlands"
"13027","Sub2_Social_Capital",NA,"Netherlands"
"13028","Sub2_Social_Capital",64.1,"Netherlands"
"13029","Sub3_Checks_Balances",NA,"Netherlands"
"13030","I106_transparency",NA,"Netherlands"
"13031","I107_judicial_independence",6.2,"Netherlands"
"13032","I108_challenging_regulations",5.1,"Netherlands"
"13033","I09_press_freedom",8.6,"Netherlands"
"13034","Sub4_Public_Sector",NA,"Netherlands"
"13035","I110_gov_burden",4.4,"Netherlands"
"13036","I111_settling_disputes",5.5,"Netherlands"
"13037","I112_e_participation",0.99,"Netherlands"
"13038","Sub5_Transparency",NA,"Netherlands"
"13039","I113_corruption",82,"Netherlands"
"13040","I114_property_rights",NA,"Netherlands"
"13041","I114_property_rights",6.1,"Netherlands"
"13042","I115_intellectual_property_protection",6.1,"Netherlands"
"13043","I116_land_administration",28.5,"Netherlands"
"13044","Sub6_Corporate_Governance",NA,"Netherlands"
"13045","I117_auditing_accounting_standards",6.2,"Netherlands"
"13046","I118_interest_conflict_regulation",4.7,"Netherlands"
"13047","I119_shareholder_governance",7,"Netherlands"
"13048","Sub7_Government_Orientation",NA,"Netherlands"
"13049","I120_policy_stability",5.7,"Netherlands"
"13050","I121_response_to_change",4.8,"Netherlands"
"13051","I122_digital_business_laws",4.9,"Netherlands"
"13052","I123_gov_long_term_vision",4.9,"Netherlands"
"13053","I124_energy_regulations",83.5,"Netherlands"
"13054","I125_renewable_energy",82.3,"Netherlands"
"13055","I126_environment_treaties",29,"Netherlands"
"13056","P2_infrastructure",NA,"Netherlands"
"13057","Sub8_Transport_Infrastructure",NA,"Netherlands"
"13058","I201_road_connectivity",89,"Netherlands"
"13059","I202_quality_of_roads",6.4,"Netherlands"
"13060","I203_railroad_density",89.4,"Netherlands"
"13061","I204_train_efficiency",5.7,"Netherlands"
"13062","I205_airport_connectivity",228866,"Netherlands"
"13063","I206_air_transport_efficiency",6.4,"Netherlands"
"13064","I207_shipping_connectivity",98,"Netherlands"
"13065","I208_seaport_efficiency",6.4,"Netherlands"
"13066","Sub9_Utility_Infrastructure",NA,"Netherlands"
"13067","I209_electricity_access",100,"Netherlands"
"13068","I210_electricity_supply",4.5,"Netherlands"
"13069","I211_unsafe_drinking_water",0.2,"Netherlands"
"13070","I212_water_supply",6.9,"Netherlands"
"13071","P3_ICT_adoption",NA,"Netherlands"
"13072","I301_cellular_subscription",120.6,"Netherlands"
"13073","I302_mobile_broadband",90.9,"Netherlands"
"13074","I303_fixed_broadband",42.4,"Netherlands"
"13075","I304_fibre_internet",6.8,"Netherlands"
"13076","I305_internet_users",94.7,"Netherlands"
"13077","P4_macro_stability",NA,"Netherlands"
"13078","I401_inflation",1.5,"Netherlands"
"13079","I402_debt_dynamic",100,"Netherlands"
"13080","P5_health",NA,"Netherlands"
"13081","I501_healthy_life_expectancy",70.2,"Netherlands"
"13082","P6_skills",NA,"Netherlands"
"13083","Sub10_Workforce",NA,"Netherlands"
"13084","I601_years_of_schooling",12.2,"Netherlands"
"13085","Sub11_Workforce_Skills",NA,"Netherlands"
"13086","I602_staff_training",5.3,"Netherlands"
"13087","I603_vocational_training",5.6,"Netherlands"
"13088","I604_graduates_skillset",5.5,"Netherlands"
"13089","I605_digital_skills",5.6,"Netherlands"
"13090","I606_skilled_employees",4.8,"Netherlands"
"13091","Sub12_Future_Workforce",NA,"Netherlands"
"13092","I501_healthy_life_expectancy",18,"Netherlands"
"13093","Sub13_Future_Workforce_Skills",NA,"Netherlands"
"13094","I608_critical_thinking",5.4,"Netherlands"
"13095","I609_pupil_teacher_ratio",11.7,"Netherlands"
"13096","P7_product_market",NA,"Netherlands"
"13097","Sub14_Domestic_Competition",NA,"Netherlands"
"13098","I701_distortive_taxes",5,"Netherlands"
"13099","I702_market_dominance",5.2,"Netherlands"
"13100","I703_competition_services",5.9,"Netherlands"
"13101","Sub15_Trade_Openess",NA,"Netherlands"
"13102","I704_non_tariff_barriers",5.3,"Netherlands"
"13103","I705_trade_tariffs",1.12,"Netherlands"
"13104","I706_tariffs_complexity",2.9,"Netherlands"
"13105","I707_border_clearance",3.9,"Netherlands"
"13106","P8_labour_market",NA,"Netherlands"
"13107","Sub16_Flexibility",NA,"Netherlands"
"13108","I801_redundancy_costs",15.9,"Netherlands"
"13109","I802_hiring_firing_practices",4.8,"Netherlands"
"13110","I803_labour_employer_relations",5.8,"Netherlands"
"13111","I804_wage_flexibility",4.1,"Netherlands"
"13112","I805_labour_market_policies",5.2,"Netherlands"
"13113","I806_workers_rights",95,"Netherlands"
"13114","I807_foreign_labour_hiring",4.8,"Netherlands"
"13115","I808_internal_labour_mobility",4.5,"Netherlands"
"13116","Sub17_Meritocracy",NA,"Netherlands"
"13117","I809_reliance_on_management",6,"Netherlands"
"13118","I810_pay_productivity",4.8,"Netherlands"
"13119","I811_gender_pay_gap",0.91,"Netherlands"
"13120","I812_labour_tax",19.9,"Netherlands"
"13121","P9_financial_system",NA,"Netherlands"
"13122","Sub18_Depth",NA,"Netherlands"
"13123","I901_credit_to_private_sector",113.4,"Netherlands"
"13124","I902_financing_SME",4.8,"Netherlands"
"13125","I903_venture_capital",4.4,"Netherlands"
"13126","I904_market_capitalization",111,"Netherlands"
"13127","I905_insurance_premium",3.8,"Netherlands"
"13128","Sub19_Stability",NA,"Netherlands"
"13129","I906_banks_soundness",5.9,"Netherlands"
"13130","I907_non_performing_loans",2.3,"Netherlands"
"13131","I908_credit_gap",-3.6,"Netherlands"
"13132","I909_regulatory_capital",21.5,"Netherlands"
"13133","P10_market_size",NA,"Netherlands"
"13134","I1001_GDP_PPP",862,"Netherlands"
"13135","I1002_imports",95.8,"Netherlands"
"13136","P11_dynamism",NA,"Netherlands"
"13137","Sub20_Administrative_Requirements",NA,"Netherlands"
"13138","I1101_starting_business_cost",4.2,"Netherlands"
"13139","I1102_starting_business_time",3.5,"Netherlands"
"13140","I1103_insolvency_recovery_rate",89.8,"Netherlands"
"13141","I1104_insolvency_regulations",11.5,"Netherlands"
"13142","Sub21_Entrepreneurial_Culture",NA,"Netherlands"
"13143","I1105_risk_attitudes",5,"Netherlands"
"13144","I1106_delegating_authority",5.9,"Netherlands"
"13145","I1107_innovating_companies",5.3,"Netherlands"
"13146","I1108_disruptive_ideas",4.7,"Netherlands"
"13147","P12_innovation",NA,"Netherlands"
"13148","Sub22_Diversity",NA,"Netherlands"
"13149","I1201_workforce_diversity",5.3,"Netherlands"
"13150","I1202_cluster_development",5.2,"Netherlands"
"13151","I1203_international_inventions",20.84,"Netherlands"
"13152","I1204_stakeholder_collaboration",5.4,"Netherlands"
"13153","Sub23_Research_Development",NA,"Netherlands"
"13154","I1205_scientific_publications",895,"Netherlands"
"13155","I1206_patents",189.85,"Netherlands"
"13156","I1207_RnD_expenditures",2,"Netherlands"
"13157","I1208_research_institutions",0.18,"Netherlands"
"13158","Sub24_Commercialization",NA,"Netherlands"
"13159","I1209_buyer_sophistication",4.8,"Netherlands"
"13160","I1210_trademarks",1937.84,"Netherlands"
"13161","P1_institutions",NA,"New Zealand"
"13162","Sub1_Security",NA,"New Zealand"
"13163","I101_organized_crime",6,"New Zealand"
"13164","I102_homicide",0.7,"New Zealand"
"13165","I103_terrorism",100,"New Zealand"
"13166","I104_police",6.2,"New Zealand"
"13167","Sub2_Social_Capital",NA,"New Zealand"
"13168","Sub2_Social_Capital",66.8,"New Zealand"
"13169","Sub3_Checks_Balances",NA,"New Zealand"
"13170","I106_transparency",89,"New Zealand"
"13171","I107_judicial_independence",6.3,"New Zealand"
"13172","I108_challenging_regulations",5,"New Zealand"
"13173","I09_press_freedom",10.8,"New Zealand"
"13174","Sub4_Public_Sector",NA,"New Zealand"
"13175","I110_gov_burden",4.1,"New Zealand"
"13176","I111_settling_disputes",5.3,"New Zealand"
"13177","I112_e_participation",0.98,"New Zealand"
"13178","Sub5_Transparency",NA,"New Zealand"
"13179","I113_corruption",87,"New Zealand"
"13180","I114_property_rights",NA,"New Zealand"
"13181","I114_property_rights",5.9,"New Zealand"
"13182","I115_intellectual_property_protection",5.8,"New Zealand"
"13183","I116_land_administration",26.5,"New Zealand"
"13184","Sub6_Corporate_Governance",NA,"New Zealand"
"13185","I117_auditing_accounting_standards",6.1,"New Zealand"
"13186","I118_interest_conflict_regulation",9.3,"New Zealand"
"13187","I119_shareholder_governance",7,"New Zealand"
"13188","Sub7_Government_Orientation",NA,"New Zealand"
"13189","I120_policy_stability",4.9,"New Zealand"
"13190","I121_response_to_change",4.6,"New Zealand"
"13191","I122_digital_business_laws",4.9,"New Zealand"
"13192","I123_gov_long_term_vision",4.4,"New Zealand"
"13193","I124_energy_regulations",46.8,"New Zealand"
"13194","I125_renewable_energy",53.6,"New Zealand"
"13195","I126_environment_treaties",23,"New Zealand"
"13196","P2_infrastructure",NA,"New Zealand"
"13197","Sub8_Transport_Infrastructure",NA,"New Zealand"
"13198","I201_road_connectivity",80.9,"New Zealand"
"13199","I202_quality_of_roads",4.5,"New Zealand"
"13200","I203_railroad_density",15,"New Zealand"
"13201","I204_train_efficiency",3.9,"New Zealand"
"13202","I205_airport_connectivity",96703.9,"New Zealand"
"13203","I206_air_transport_efficiency",5.5,"New Zealand"
"13204","I207_shipping_connectivity",20.2,"New Zealand"
"13205","I208_seaport_efficiency",4.9,"New Zealand"
"13206","Sub9_Utility_Infrastructure",NA,"New Zealand"
"13207","I209_electricity_access",100,"New Zealand"
"13208","I210_electricity_supply",7.1,"New Zealand"
"13209","I211_unsafe_drinking_water",2.2,"New Zealand"
"13210","I212_water_supply",6.1,"New Zealand"
"13211","P3_ICT_adoption",NA,"New Zealand"
"13212","I301_cellular_subscription",134.9,"New Zealand"
"13213","I302_mobile_broadband",114.5,"New Zealand"
"13214","I303_fixed_broadband",34.7,"New Zealand"
"13215","I304_fibre_internet",8.8,"New Zealand"
"13216","I305_internet_users",90.8,"New Zealand"
"13217","P4_macro_stability",NA,"New Zealand"
"13218","I401_inflation",1.8,"New Zealand"
"13219","I402_debt_dynamic",100,"New Zealand"
"13220","P5_health",NA,"New Zealand"
"13221","I501_healthy_life_expectancy",69.1,"New Zealand"
"13222","P6_skills",NA,"New Zealand"
"13223","Sub10_Workforce",NA,"New Zealand"
"13224","I601_years_of_schooling",13.3,"New Zealand"
"13225","Sub11_Workforce_Skills",NA,"New Zealand"
"13226","I602_staff_training",4.8,"New Zealand"
"13227","I603_vocational_training",4.8,"New Zealand"
"13228","I604_graduates_skillset",4.8,"New Zealand"
"13229","I605_digital_skills",4.9,"New Zealand"
"13230","I606_skilled_employees",4.1,"New Zealand"
"13231","Sub12_Future_Workforce",NA,"New Zealand"
"13232","I501_healthy_life_expectancy",18.8,"New Zealand"
"13233","Sub13_Future_Workforce_Skills",NA,"New Zealand"
"13234","I608_critical_thinking",5.1,"New Zealand"
"13235","I609_pupil_teacher_ratio",14.9,"New Zealand"
"13236","P7_product_market",NA,"New Zealand"
"13237","Sub14_Domestic_Competition",NA,"New Zealand"
"13238","I701_distortive_taxes",5,"New Zealand"
"13239","I702_market_dominance",4.2,"New Zealand"
"13240","I703_competition_services",5.4,"New Zealand"
"13241","Sub15_Trade_Openess",NA,"New Zealand"
"13242","I704_non_tariff_barriers",5.5,"New Zealand"
"13243","I705_trade_tariffs",1.59,"New Zealand"
"13244","I706_tariffs_complexity",6.3,"New Zealand"
"13245","I707_border_clearance",3.7,"New Zealand"
"13246","P8_labour_market",NA,"New Zealand"
"13247","Sub16_Flexibility",NA,"New Zealand"
"13248","I801_redundancy_costs",0,"New Zealand"
"13249","I802_hiring_firing_practices",4.2,"New Zealand"
"13250","I803_labour_employer_relations",5.1,"New Zealand"
"13251","I804_wage_flexibility",5.6,"New Zealand"
"13252","I805_labour_market_policies",4.7,"New Zealand"
"13253","I806_workers_rights",89,"New Zealand"
"13254","I807_foreign_labour_hiring",3.7,"New Zealand"
"13255","I808_internal_labour_mobility",5,"New Zealand"
"13256","Sub17_Meritocracy",NA,"New Zealand"
"13257","I809_reliance_on_management",5.8,"New Zealand"
"13258","I810_pay_productivity",4.6,"New Zealand"
"13259","I811_gender_pay_gap",0.94,"New Zealand"
"13260","I812_labour_tax",2.8,"New Zealand"
"13261","P9_financial_system",NA,"New Zealand"
"13262","Sub18_Depth",NA,"New Zealand"
"13263","I901_credit_to_private_sector",153.2,"New Zealand"
"13264","I902_financing_SME",4.9,"New Zealand"
"13265","I903_venture_capital",4.3,"New Zealand"
"13266","I904_market_capitalization",43.4,"New Zealand"
"13267","I905_insurance_premium",3,"New Zealand"
"13268","Sub19_Stability",NA,"New Zealand"
"13269","I906_banks_soundness",6.1,"New Zealand"
"13270","I907_non_performing_loans",0.5,"New Zealand"
"13271","I908_credit_gap",-10,"New Zealand"
"13272","I909_regulatory_capital",13.9,"New Zealand"
"13273","P10_market_size",NA,"New Zealand"
"13274","I1001_GDP_PPP",176,"New Zealand"
"13275","I1002_imports",28.2,"New Zealand"
"13276","P11_dynamism",NA,"New Zealand"
"13277","Sub20_Administrative_Requirements",NA,"New Zealand"
"13278","I1101_starting_business_cost",0.2,"New Zealand"
"13279","I1102_starting_business_time",0.5,"New Zealand"
"13280","I1103_insolvency_recovery_rate",84.1,"New Zealand"
"13281","I1104_insolvency_regulations",8.5,"New Zealand"
"13282","Sub21_Entrepreneurial_Culture",NA,"New Zealand"
"13283","I1105_risk_attitudes",4.7,"New Zealand"
"13284","I1106_delegating_authority",5.5,"New Zealand"
"13285","I1107_innovating_companies",4.9,"New Zealand"
"13286","I1108_disruptive_ideas",4.6,"New Zealand"
"13287","P12_innovation",NA,"New Zealand"
"13288","Sub22_Diversity",NA,"New Zealand"
"13289","I1201_workforce_diversity",5.5,"New Zealand"
"13290","I1202_cluster_development",4,"New Zealand"
"13291","I1203_international_inventions",6.68,"New Zealand"
"13292","I1204_stakeholder_collaboration",4.7,"New Zealand"
"13293","Sub23_Research_Development",NA,"New Zealand"
"13294","I1205_scientific_publications",460.7,"New Zealand"
"13295","I1206_patents",55.79,"New Zealand"
"13296","I1207_RnD_expenditures",1.3,"New Zealand"
"13297","I1208_research_institutions",0.03,"New Zealand"
"13298","Sub24_Commercialization",NA,"New Zealand"
"13299","I1209_buyer_sophistication",4.2,"New Zealand"
"13300","I1210_trademarks",4305.66,"New Zealand"
"13301","P1_institutions",NA,"Nicaragua"
"13302","Sub1_Security",NA,"Nicaragua"
"13303","I101_organized_crime",5.6,"Nicaragua"
"13304","I102_homicide",7.4,"Nicaragua"
"13305","I103_terrorism",99.9,"Nicaragua"
"13306","I104_police",4.1,"Nicaragua"
"13307","Sub2_Social_Capital",NA,"Nicaragua"
"13308","Sub2_Social_Capital",51.3,"Nicaragua"
"13309","Sub3_Checks_Balances",NA,"Nicaragua"
"13310","I106_transparency",43,"Nicaragua"
"13311","I107_judicial_independence",1.6,"Nicaragua"
"13312","I108_challenging_regulations",2.1,"Nicaragua"
"13313","I09_press_freedom",35.5,"Nicaragua"
"13314","Sub4_Public_Sector",NA,"Nicaragua"
"13315","I110_gov_burden",3,"Nicaragua"
"13316","I111_settling_disputes",2.3,"Nicaragua"
"13317","I112_e_participation",0.39,"Nicaragua"
"13318","Sub5_Transparency",NA,"Nicaragua"
"13319","I113_corruption",25,"Nicaragua"
"13320","I114_property_rights",NA,"Nicaragua"
"13321","I114_property_rights",3.6,"Nicaragua"
"13322","I115_intellectual_property_protection",3.2,"Nicaragua"
"13323","I116_land_administration",6.5,"Nicaragua"
"13324","Sub6_Corporate_Governance",NA,"Nicaragua"
"13325","I117_auditing_accounting_standards",4.5,"Nicaragua"
"13326","I118_interest_conflict_regulation",4,"Nicaragua"
"13327","I119_shareholder_governance",3,"Nicaragua"
"13328","Sub7_Government_Orientation",NA,"Nicaragua"
"13329","I120_policy_stability",3.4,"Nicaragua"
"13330","I121_response_to_change",2.8,"Nicaragua"
"13331","I122_digital_business_laws",2.7,"Nicaragua"
"13332","I123_gov_long_term_vision",3,"Nicaragua"
"13333","I124_energy_regulations",31.5,"Nicaragua"
"13334","I125_renewable_energy",48.6,"Nicaragua"
"13335","I126_environment_treaties",20,"Nicaragua"
"13336","P2_infrastructure",NA,"Nicaragua"
"13337","Sub8_Transport_Infrastructure",NA,"Nicaragua"
"13338","I201_road_connectivity",71,"Nicaragua"
"13339","I202_quality_of_roads",4.2,"Nicaragua"
"13340","I203_railroad_density",NA,"Nicaragua"
"13341","I204_train_efficiency",NA,"Nicaragua"
"13342","I205_airport_connectivity",5604.7,"Nicaragua"
"13343","I206_air_transport_efficiency",3.7,"Nicaragua"
"13344","I207_shipping_connectivity",8.9,"Nicaragua"
"13345","I208_seaport_efficiency",3.2,"Nicaragua"
"13346","Sub9_Utility_Infrastructure",NA,"Nicaragua"
"13347","I209_electricity_access",90,"Nicaragua"
"13348","I210_electricity_supply",22,"Nicaragua"
"13349","I211_unsafe_drinking_water",30.1,"Nicaragua"
"13350","I212_water_supply",3.5,"Nicaragua"
"13351","P3_ICT_adoption",NA,"Nicaragua"
"13352","I301_cellular_subscription",115.1,"Nicaragua"
"13353","I302_mobile_broadband",29.6,"Nicaragua"
"13354","I303_fixed_broadband",3,"Nicaragua"
"13355","I304_fibre_internet",NA,"Nicaragua"
"13356","I305_internet_users",27.9,"Nicaragua"
"13357","P4_macro_stability",NA,"Nicaragua"
"13358","I401_inflation",4.4,"Nicaragua"
"13359","I402_debt_dynamic",48.1,"Nicaragua"
"13360","P5_health",NA,"Nicaragua"
"13361","I501_healthy_life_expectancy",68.8,"Nicaragua"
"13362","P6_skills",NA,"Nicaragua"
"13363","Sub10_Workforce",NA,"Nicaragua"
"13364","I601_years_of_schooling",6.3,"Nicaragua"
"13365","Sub11_Workforce_Skills",NA,"Nicaragua"
"13366","I602_staff_training",3.4,"Nicaragua"
"13367","I603_vocational_training",3.1,"Nicaragua"
"13368","I604_graduates_skillset",3.3,"Nicaragua"
"13369","I605_digital_skills",3.2,"Nicaragua"
"13370","I606_skilled_employees",3.3,"Nicaragua"
"13371","Sub12_Future_Workforce",NA,"Nicaragua"
"13372","I501_healthy_life_expectancy",NA,"Nicaragua"
"13373","Sub13_Future_Workforce_Skills",NA,"Nicaragua"
"13374","I608_critical_thinking",2.6,"Nicaragua"
"13375","I609_pupil_teacher_ratio",30.2,"Nicaragua"
"13376","P7_product_market",NA,"Nicaragua"
"13377","Sub14_Domestic_Competition",NA,"Nicaragua"
"13378","I701_distortive_taxes",3.1,"Nicaragua"
"13379","I702_market_dominance",2.7,"Nicaragua"
"13380","I703_competition_services",4.2,"Nicaragua"
"13381","Sub15_Trade_Openess",NA,"Nicaragua"
"13382","I704_non_tariff_barriers",4,"Nicaragua"
"13383","I705_trade_tariffs",3.9,"Nicaragua"
"13384","I706_tariffs_complexity",6.6,"Nicaragua"
"13385","I707_border_clearance",2.5,"Nicaragua"
"13386","P8_labour_market",NA,"Nicaragua"
"13387","Sub16_Flexibility",NA,"Nicaragua"
"13388","I801_redundancy_costs",14.9,"Nicaragua"
"13389","I802_hiring_firing_practices",4,"Nicaragua"
"13390","I803_labour_employer_relations",4.6,"Nicaragua"
"13391","I804_wage_flexibility",4.3,"Nicaragua"
"13392","I805_labour_market_policies",1.7,"Nicaragua"
"13393","I806_workers_rights",NA,"Nicaragua"
"13394","I807_foreign_labour_hiring",4.7,"Nicaragua"
"13395","I808_internal_labour_mobility",4.9,"Nicaragua"
"13396","Sub17_Meritocracy",NA,"Nicaragua"
"13397","I809_reliance_on_management",3.4,"Nicaragua"
"13398","I810_pay_productivity",3.3,"Nicaragua"
"13399","I811_gender_pay_gap",0.54,"Nicaragua"
"13400","I812_labour_tax",23.7,"Nicaragua"
"13401","P9_financial_system",NA,"Nicaragua"
"13402","Sub18_Depth",NA,"Nicaragua"
"13403","I901_credit_to_private_sector",39.6,"Nicaragua"
"13404","I902_financing_SME",3.3,"Nicaragua"
"13405","I903_venture_capital",2.2,"Nicaragua"
"13406","I904_market_capitalization",0.8,"Nicaragua"
"13407","I905_insurance_premium",1.4,"Nicaragua"
"13408","Sub19_Stability",NA,"Nicaragua"
"13409","I906_banks_soundness",5,"Nicaragua"
"13410","I907_non_performing_loans",1,"Nicaragua"
"13411","I908_credit_gap",3.3,"Nicaragua"
"13412","I909_regulatory_capital",13.4,"Nicaragua"
"13413","P10_market_size",NA,"Nicaragua"
"13414","I1001_GDP_PPP",32,"Nicaragua"
"13415","I1002_imports",57.9,"Nicaragua"
"13416","P11_dynamism",NA,"Nicaragua"
"13417","Sub20_Administrative_Requirements",NA,"Nicaragua"
"13418","I1101_starting_business_cost",63.6,"Nicaragua"
"13419","I1102_starting_business_time",14,"Nicaragua"
"13420","I1103_insolvency_recovery_rate",35.8,"Nicaragua"
"13421","I1104_insolvency_regulations",7,"Nicaragua"
"13422","Sub21_Entrepreneurial_Culture",NA,"Nicaragua"
"13423","I1105_risk_attitudes",3.8,"Nicaragua"
"13424","I1106_delegating_authority",3.8,"Nicaragua"
"13425","I1107_innovating_companies",3.3,"Nicaragua"
"13426","I1108_disruptive_ideas",2.9,"Nicaragua"
"13427","P12_innovation",NA,"Nicaragua"
"13428","Sub22_Diversity",NA,"Nicaragua"
"13429","I1201_workforce_diversity",4,"Nicaragua"
"13430","I1202_cluster_development",3,"Nicaragua"
"13431","I1203_international_inventions",0.02,"Nicaragua"
"13432","I1204_stakeholder_collaboration",2.9,"Nicaragua"
"13433","Sub23_Research_Development",NA,"Nicaragua"
"13434","I1205_scientific_publications",74,"Nicaragua"
"13435","I1206_patents",0.02,"Nicaragua"
"13436","I1207_RnD_expenditures",0.1,"Nicaragua"
"13437","I1208_research_institutions",0,"Nicaragua"
"13438","Sub24_Commercialization",NA,"Nicaragua"
"13439","I1209_buyer_sophistication",2.7,"Nicaragua"
"13440","I1210_trademarks",NA,"Nicaragua"
"13441","P1_institutions",NA,"Nigeria"
"13442","Sub1_Security",NA,"Nigeria"
"13443","I101_organized_crime",3.5,"Nigeria"
"13444","I102_homicide",1.1,"Nigeria"
"13445","I103_terrorism",0,"Nigeria"
"13446","I104_police",2.8,"Nigeria"
"13447","Sub2_Social_Capital",NA,"Nigeria"
"13448","Sub2_Social_Capital",54.1,"Nigeria"
"13449","Sub3_Checks_Balances",NA,"Nigeria"
"13450","I106_transparency",17,"Nigeria"
"13451","I107_judicial_independence",3.1,"Nigeria"
"13452","I108_challenging_regulations",2.6,"Nigeria"
"13453","I09_press_freedom",36.5,"Nigeria"
"13454","Sub4_Public_Sector",NA,"Nigeria"
"13455","I110_gov_burden",2.7,"Nigeria"
"13456","I111_settling_disputes",3.1,"Nigeria"
"13457","I112_e_participation",0.48,"Nigeria"
"13458","Sub5_Transparency",NA,"Nigeria"
"13459","I113_corruption",27,"Nigeria"
"13460","I114_property_rights",NA,"Nigeria"
"13461","I114_property_rights",3.6,"Nigeria"
"13462","I115_intellectual_property_protection",3,"Nigeria"
"13463","I116_land_administration",7.2,"Nigeria"
"13464","Sub6_Corporate_Governance",NA,"Nigeria"
"13465","I117_auditing_accounting_standards",4.6,"Nigeria"
"13466","I118_interest_conflict_regulation",7,"Nigeria"
"13467","I119_shareholder_governance",6.3,"Nigeria"
"13468","Sub7_Government_Orientation",NA,"Nigeria"
"13469","I120_policy_stability",3.2,"Nigeria"
"13470","I121_response_to_change",2.7,"Nigeria"
"13471","I122_digital_business_laws",2.5,"Nigeria"
"13472","I123_gov_long_term_vision",3.1,"Nigeria"
"13473","I124_energy_regulations",18.5,"Nigeria"
"13474","I125_renewable_energy",30.4,"Nigeria"
"13475","I126_environment_treaties",23,"Nigeria"
"13476","P2_infrastructure",NA,"Nigeria"
"13477","Sub8_Transport_Infrastructure",NA,"Nigeria"
"13478","I201_road_connectivity",77.5,"Nigeria"
"13479","I202_quality_of_roads",2.5,"Nigeria"
"13480","I203_railroad_density",4.2,"Nigeria"
"13481","I204_train_efficiency",1.8,"Nigeria"
"13482","I205_airport_connectivity",26395.1,"Nigeria"
"13483","I206_air_transport_efficiency",3.4,"Nigeria"
"13484","I207_shipping_connectivity",19,"Nigeria"
"13485","I208_seaport_efficiency",2.5,"Nigeria"
"13486","Sub9_Utility_Infrastructure",NA,"Nigeria"
"13487","I209_electricity_access",59.8,"Nigeria"
"13488","I210_electricity_supply",15,"Nigeria"
"13489","I211_unsafe_drinking_water",75.6,"Nigeria"
"13490","I212_water_supply",2.1,"Nigeria"
"13491","P3_ICT_adoption",NA,"Nigeria"
"13492","I301_cellular_subscription",88.2,"Nigeria"
"13493","I302_mobile_broadband",30.7,"Nigeria"
"13494","I303_fixed_broadband",0,"Nigeria"
"13495","I304_fibre_internet",0,"Nigeria"
"13496","I305_internet_users",42,"Nigeria"
"13497","P4_macro_stability",NA,"Nigeria"
"13498","I401_inflation",14.3,"Nigeria"
"13499","I402_debt_dynamic",49.2,"Nigeria"
"13500","P5_health",NA,"Nigeria"
"13501","I501_healthy_life_expectancy",55.1,"Nigeria"
"13502","P6_skills",NA,"Nigeria"
"13503","Sub10_Workforce",NA,"Nigeria"
"13504","I601_years_of_schooling",6.9,"Nigeria"
"13505","Sub11_Workforce_Skills",NA,"Nigeria"
"13506","I602_staff_training",3.6,"Nigeria"
"13507","I603_vocational_training",2.8,"Nigeria"
"13508","I604_graduates_skillset",2.8,"Nigeria"
"13509","I605_digital_skills",3.4,"Nigeria"
"13510","I606_skilled_employees",3.9,"Nigeria"
"13511","Sub12_Future_Workforce",NA,"Nigeria"
"13512","I501_healthy_life_expectancy",8.7,"Nigeria"
"13513","Sub13_Future_Workforce_Skills",NA,"Nigeria"
"13514","I608_critical_thinking",2.4,"Nigeria"
"13515","I609_pupil_teacher_ratio",37.6,"Nigeria"
"13516","P7_product_market",NA,"Nigeria"
"13517","Sub14_Domestic_Competition",NA,"Nigeria"
"13518","I701_distortive_taxes",3,"Nigeria"
"13519","I702_market_dominance",3.9,"Nigeria"
"13520","I703_competition_services",5.1,"Nigeria"
"13521","Sub15_Trade_Openess",NA,"Nigeria"
"13522","I704_non_tariff_barriers",4.8,"Nigeria"
"13523","I705_trade_tariffs",10.56,"Nigeria"
"13524","I706_tariffs_complexity",6.7,"Nigeria"
"13525","I707_border_clearance",2,"Nigeria"
"13526","P8_labour_market",NA,"Nigeria"
"13527","Sub16_Flexibility",NA,"Nigeria"
"13528","I801_redundancy_costs",3.2,"Nigeria"
"13529","I802_hiring_firing_practices",4.6,"Nigeria"
"13530","I803_labour_employer_relations",4,"Nigeria"
"13531","I804_wage_flexibility",5.6,"Nigeria"
"13532","I805_labour_market_policies",2.1,"Nigeria"
"13533","I806_workers_rights",65,"Nigeria"
"13534","I807_foreign_labour_hiring",4.5,"Nigeria"
"13535","I808_internal_labour_mobility",5.1,"Nigeria"
"13536","Sub17_Meritocracy",NA,"Nigeria"
"13537","I809_reliance_on_management",4.5,"Nigeria"
"13538","I810_pay_productivity",3.7,"Nigeria"
"13539","I811_gender_pay_gap",0.49,"Nigeria"
"13540","I812_labour_tax",13.5,"Nigeria"
"13541","P9_financial_system",NA,"Nigeria"
"13542","Sub18_Depth",NA,"Nigeria"
"13543","I901_credit_to_private_sector",14.7,"Nigeria"
"13544","I902_financing_SME",2.8,"Nigeria"
"13545","I903_venture_capital",2,"Nigeria"
"13546","I904_market_capitalization",9.1,"Nigeria"
"13547","I905_insurance_premium",0.3,"Nigeria"
"13548","Sub19_Stability",NA,"Nigeria"
"13549","I906_banks_soundness",4.3,"Nigeria"
"13550","I907_non_performing_loans",14.8,"Nigeria"
"13551","I908_credit_gap",-1.6,"Nigeria"
"13552","I909_regulatory_capital",14.3,"Nigeria"
"13553","P10_market_size",NA,"Nigeria"
"13554","I1001_GDP_PPP",1039,"Nigeria"
"13555","I1002_imports",18.2,"Nigeria"
"13556","P11_dynamism",NA,"Nigeria"
"13557","Sub20_Administrative_Requirements",NA,"Nigeria"
"13558","I1101_starting_business_cost",27.6,"Nigeria"
"13559","I1102_starting_business_time",10.9,"Nigeria"
"13560","I1103_insolvency_recovery_rate",27.5,"Nigeria"
"13561","I1104_insolvency_regulations",5,"Nigeria"
"13562","Sub21_Entrepreneurial_Culture",NA,"Nigeria"
"13563","I1105_risk_attitudes",5.2,"Nigeria"
"13564","I1106_delegating_authority",4.7,"Nigeria"
"13565","I1107_innovating_companies",4.2,"Nigeria"
"13566","I1108_disruptive_ideas",3.8,"Nigeria"
"13567","P12_innovation",NA,"Nigeria"
"13568","Sub22_Diversity",NA,"Nigeria"
"13569","I1201_workforce_diversity",4.4,"Nigeria"
"13570","I1202_cluster_development",3.8,"Nigeria"
"13571","I1203_international_inventions",0,"Nigeria"
"13572","I1204_stakeholder_collaboration",3.2,"Nigeria"
"13573","Sub23_Research_Development",NA,"Nigeria"
"13574","I1205_scientific_publications",166.7,"Nigeria"
"13575","I1206_patents",0.01,"Nigeria"
"13576","I1207_RnD_expenditures",NA,"Nigeria"
"13577","I1208_research_institutions",0.03,"Nigeria"
"13578","Sub24_Commercialization",NA,"Nigeria"
"13579","I1209_buyer_sophistication",3.2,"Nigeria"
"13580","I1210_trademarks",NA,"Nigeria"
"13581","P1_institutions",NA,"North Macedonia"
"13582","Sub1_Security",NA,"North Macedonia"
"13583","I101_organized_crime",3.5,"North Macedonia"
"13584","I102_homicide",1.5,"North Macedonia"
"13585","I103_terrorism",99.9,"North Macedonia"
"13586","I104_police",3.3,"North Macedonia"
"13587","Sub2_Social_Capital",NA,"North Macedonia"
"13588","Sub2_Social_Capital",44.8,"North Macedonia"
"13589","Sub3_Checks_Balances",NA,"North Macedonia"
"13590","I106_transparency",37,"North Macedonia"
"13591","I107_judicial_independence",2.4,"North Macedonia"
"13592","I108_challenging_regulations",2.4,"North Macedonia"
"13593","I09_press_freedom",31.7,"North Macedonia"
"13594","Sub4_Public_Sector",NA,"North Macedonia"
"13595","I110_gov_burden",3,"North Macedonia"
"13596","I111_settling_disputes",2.5,"North Macedonia"
"13597","I112_e_participation",0.7,"North Macedonia"
"13598","Sub5_Transparency",NA,"North Macedonia"
"13599","I113_corruption",37,"North Macedonia"
"13600","I114_property_rights",NA,"North Macedonia"
"13601","I114_property_rights",3.6,"North Macedonia"
"13602","I115_intellectual_property_protection",3.3,"North Macedonia"
"13603","I116_land_administration",25,"North Macedonia"
"13604","Sub6_Corporate_Governance",NA,"North Macedonia"
"13605","I117_auditing_accounting_standards",3.9,"North Macedonia"
"13606","I118_interest_conflict_regulation",8,"North Macedonia"
"13607","I119_shareholder_governance",8,"North Macedonia"
"13608","Sub7_Government_Orientation",NA,"North Macedonia"
"13609","I120_policy_stability",3,"North Macedonia"
"13610","I121_response_to_change",2.9,"North Macedonia"
"13611","I122_digital_business_laws",3,"North Macedonia"
"13612","I123_gov_long_term_vision",2.8,"North Macedonia"
"13613","I124_energy_regulations",NA,"North Macedonia"
"13614","I125_renewable_energy",NA,"North Macedonia"
"13615","I126_environment_treaties",17,"North Macedonia"
"13616","P2_infrastructure",NA,"North Macedonia"
"13617","Sub8_Transport_Infrastructure",NA,"North Macedonia"
"13618","I201_road_connectivity",67,"North Macedonia"
"13619","I202_quality_of_roads",3.4,"North Macedonia"
"13620","I203_railroad_density",27.1,"North Macedonia"
"13621","I204_train_efficiency",2.1,"North Macedonia"
"13622","I205_airport_connectivity",5203.2,"North Macedonia"
"13623","I206_air_transport_efficiency",4.3,"North Macedonia"
"13624","I207_shipping_connectivity",0.6,"North Macedonia"
"13625","I208_seaport_efficiency",2.4,"North Macedonia"
"13626","Sub9_Utility_Infrastructure",NA,"North Macedonia"
"13627","I209_electricity_access",100,"North Macedonia"
"13628","I210_electricity_supply",13.1,"North Macedonia"
"13629","I211_unsafe_drinking_water",5.9,"North Macedonia"
"13630","I212_water_supply",4.9,"North Macedonia"
"13631","P3_ICT_adoption",NA,"North Macedonia"
"13632","I301_cellular_subscription",98.5,"North Macedonia"
"13633","I302_mobile_broadband",67.4,"North Macedonia"
"13634","I303_fixed_broadband",19.9,"North Macedonia"
"13635","I304_fibre_internet",1.9,"North Macedonia"
"13636","I305_internet_users",79.2,"North Macedonia"
"13637","P4_macro_stability",NA,"North Macedonia"
"13638","I401_inflation",1.4,"North Macedonia"
"13639","I402_debt_dynamic",49.5,"North Macedonia"
"13640","P5_health",NA,"North Macedonia"
"13641","I501_healthy_life_expectancy",66,"North Macedonia"
"13642","P6_skills",NA,"North Macedonia"
"13643","Sub10_Workforce",NA,"North Macedonia"
"13644","I601_years_of_schooling",9.8,"North Macedonia"
"13645","Sub11_Workforce_Skills",NA,"North Macedonia"
"13646","I602_staff_training",3.2,"North Macedonia"
"13647","I603_vocational_training",3.2,"North Macedonia"
"13648","I604_graduates_skillset",3.4,"North Macedonia"
"13649","I605_digital_skills",3.7,"North Macedonia"
"13650","I606_skilled_employees",3.5,"North Macedonia"
"13651","Sub12_Future_Workforce",NA,"North Macedonia"
"13652","I501_healthy_life_expectancy",13.3,"North Macedonia"
"13653","Sub13_Future_Workforce_Skills",NA,"North Macedonia"
"13654","I608_critical_thinking",2.9,"North Macedonia"
"13655","I609_pupil_teacher_ratio",14.4,"North Macedonia"
"13656","P7_product_market",NA,"North Macedonia"
"13657","Sub14_Domestic_Competition",NA,"North Macedonia"
"13658","I701_distortive_taxes",3.2,"North Macedonia"
"13659","I702_market_dominance",3,"North Macedonia"
"13660","I703_competition_services",4.2,"North Macedonia"
"13661","Sub15_Trade_Openess",NA,"North Macedonia"
"13662","I704_non_tariff_barriers",4,"North Macedonia"
"13663","I705_trade_tariffs",4.9,"North Macedonia"
"13664","I706_tariffs_complexity",5.2,"North Macedonia"
"13665","I707_border_clearance",2.5,"North Macedonia"
"13666","P8_labour_market",NA,"North Macedonia"
"13667","Sub16_Flexibility",NA,"North Macedonia"
"13668","I801_redundancy_costs",13,"North Macedonia"
"13669","I802_hiring_firing_practices",3.6,"North Macedonia"
"13670","I803_labour_employer_relations",3.8,"North Macedonia"
"13671","I804_wage_flexibility",4.4,"North Macedonia"
"13672","I805_labour_market_policies",3.3,"North Macedonia"
"13673","I806_workers_rights",73,"North Macedonia"
"13674","I807_foreign_labour_hiring",3.6,"North Macedonia"
"13675","I808_internal_labour_mobility",4.3,"North Macedonia"
"13676","Sub17_Meritocracy",NA,"North Macedonia"
"13677","I809_reliance_on_management",3.3,"North Macedonia"
"13678","I810_pay_productivity",3.6,"North Macedonia"
"13679","I811_gender_pay_gap",0.72,"North Macedonia"
"13680","I812_labour_tax",0,"North Macedonia"
"13681","P9_financial_system",NA,"North Macedonia"
"13682","Sub18_Depth",NA,"North Macedonia"
"13683","I901_credit_to_private_sector",50.3,"North Macedonia"
"13684","I902_financing_SME",3.3,"North Macedonia"
"13685","I903_venture_capital",2.7,"North Macedonia"
"13686","I904_market_capitalization",26.5,"North Macedonia"
"13687","I905_insurance_premium",1.3,"North Macedonia"
"13688","Sub19_Stability",NA,"North Macedonia"
"13689","I906_banks_soundness",4.7,"North Macedonia"
"13690","I907_non_performing_loans",6.1,"North Macedonia"
"13691","I908_credit_gap",-6,"North Macedonia"
"13692","I909_regulatory_capital",15.5,"North Macedonia"
"13693","P10_market_size",NA,"North Macedonia"
"13694","I1001_GDP_PPP",29,"North Macedonia"
"13695","I1002_imports",82.5,"North Macedonia"
"13696","P11_dynamism",NA,"North Macedonia"
"13697","Sub20_Administrative_Requirements",NA,"North Macedonia"
"13698","I1101_starting_business_cost",0.9,"North Macedonia"
"13699","I1102_starting_business_time",14,"North Macedonia"
"13700","I1103_insolvency_recovery_rate",48,"North Macedonia"
"13701","I1104_insolvency_regulations",15,"North Macedonia"
"13702","Sub21_Entrepreneurial_Culture",NA,"North Macedonia"
"13703","I1105_risk_attitudes",3.1,"North Macedonia"
"13704","I1106_delegating_authority",3.9,"North Macedonia"
"13705","I1107_innovating_companies",3.5,"North Macedonia"
"13706","I1108_disruptive_ideas",3,"North Macedonia"
"13707","P12_innovation",NA,"North Macedonia"
"13708","Sub22_Diversity",NA,"North Macedonia"
"13709","I1201_workforce_diversity",4,"North Macedonia"
"13710","I1202_cluster_development",3.3,"North Macedonia"
"13711","I1203_international_inventions",0,"North Macedonia"
"13712","I1204_stakeholder_collaboration",3.1,"North Macedonia"
"13713","Sub23_Research_Development",NA,"North Macedonia"
"13714","I1205_scientific_publications",98.7,"North Macedonia"
"13715","I1206_patents",0.32,"North Macedonia"
"13716","I1207_RnD_expenditures",0.4,"North Macedonia"
"13717","I1208_research_institutions",0,"North Macedonia"
"13718","Sub24_Commercialization",NA,"North Macedonia"
"13719","I1209_buyer_sophistication",2.9,"North Macedonia"
"13720","I1210_trademarks",NA,"North Macedonia"
"13721","P1_institutions",NA,"Norway"
"13722","Sub1_Security",NA,"Norway"
"13723","I101_organized_crime",6,"Norway"
"13724","I102_homicide",0.5,"Norway"
"13725","I103_terrorism",100,"Norway"
"13726","I104_police",5.8,"Norway"
"13727","Sub2_Social_Capital",NA,"Norway"
"13728","Sub2_Social_Capital",66.4,"Norway"
"13729","Sub3_Checks_Balances",NA,"Norway"
"13730","I106_transparency",85,"Norway"
"13731","I107_judicial_independence",6,"Norway"
"13732","I108_challenging_regulations",4.4,"Norway"
"13733","I09_press_freedom",7.8,"Norway"
"13734","Sub4_Public_Sector",NA,"Norway"
"13735","I110_gov_burden",3.8,"Norway"
"13736","I111_settling_disputes",5,"Norway"
"13737","I112_e_participation",0.98,"Norway"
"13738","Sub5_Transparency",NA,"Norway"
"13739","I113_corruption",84,"Norway"
"13740","I114_property_rights",NA,"Norway"
"13741","I114_property_rights",5.8,"Norway"
"13742","I115_intellectual_property_protection",5.5,"Norway"
"13743","I116_land_administration",20,"Norway"
"13744","Sub6_Corporate_Governance",NA,"Norway"
"13745","I117_auditing_accounting_standards",6,"Norway"
"13746","I118_interest_conflict_regulation",6.7,"Norway"
"13747","I119_shareholder_governance",8.3,"Norway"
"13748","Sub7_Government_Orientation",NA,"Norway"
"13749","I120_policy_stability",5.2,"Norway"
"13750","I121_response_to_change",4.5,"Norway"
"13751","I122_digital_business_laws",4.6,"Norway"
"13752","I123_gov_long_term_vision",4.8,"Norway"
"13753","I124_energy_regulations",75.6,"Norway"
"13754","I125_renewable_energy",74,"Norway"
"13755","I126_environment_treaties",29,"Norway"
"13756","P2_infrastructure",NA,"Norway"
"13757","Sub8_Transport_Infrastructure",NA,"Norway"
"13758","I201_road_connectivity",66,"Norway"
"13759","I202_quality_of_roads",4.5,"Norway"
"13760","I203_railroad_density",11.3,"Norway"
"13761","I204_train_efficiency",4.5,"Norway"
"13762","I205_airport_connectivity",135535.8,"Norway"
"13763","I206_air_transport_efficiency",5.6,"Norway"
"13764","I207_shipping_connectivity",7.6,"Norway"
"13765","I208_seaport_efficiency",5.1,"Norway"
"13766","Sub9_Utility_Infrastructure",NA,"Norway"
"13767","I209_electricity_access",100,"Norway"
"13768","I210_electricity_supply",6.9,"Norway"
"13769","I211_unsafe_drinking_water",0.2,"Norway"
"13770","I212_water_supply",6.6,"Norway"
"13771","P3_ICT_adoption",NA,"Norway"
"13772","I301_cellular_subscription",107.2,"Norway"
"13773","I302_mobile_broadband",99.7,"Norway"
"13774","I303_fixed_broadband",41.3,"Norway"
"13775","I304_fibre_internet",17.5,"Norway"
"13776","I305_internet_users",96.5,"Norway"
"13777","P4_macro_stability",NA,"Norway"
"13778","I401_inflation",2.3,"Norway"
"13779","I402_debt_dynamic",100,"Norway"
"13780","P5_health",NA,"Norway"
"13781","I501_healthy_life_expectancy",70.2,"Norway"
"13782","P6_skills",NA,"Norway"
"13783","Sub10_Workforce",NA,"Norway"
"13784","I601_years_of_schooling",12.6,"Norway"
"13785","Sub11_Workforce_Skills",NA,"Norway"
"13786","I602_staff_training",5.1,"Norway"
"13787","I603_vocational_training",5.2,"Norway"
"13788","I604_graduates_skillset",5,"Norway"
"13789","I605_digital_skills",5.3,"Norway"
"13790","I606_skilled_employees",5.2,"Norway"
"13791","Sub12_Future_Workforce",NA,"Norway"
"13792","I501_healthy_life_expectancy",18.1,"Norway"
"13793","Sub13_Future_Workforce_Skills",NA,"Norway"
"13794","I608_critical_thinking",4.8,"Norway"
"13795","I609_pupil_teacher_ratio",9,"Norway"
"13796","P7_product_market",NA,"Norway"
"13797","Sub14_Domestic_Competition",NA,"Norway"
"13798","I701_distortive_taxes",4.5,"Norway"
"13799","I702_market_dominance",4.8,"Norway"
"13800","I703_competition_services",5.2,"Norway"
"13801","Sub15_Trade_Openess",NA,"Norway"
"13802","I704_non_tariff_barriers",4.2,"Norway"
"13803","I705_trade_tariffs",3.36,"Norway"
"13804","I706_tariffs_complexity",3.1,"Norway"
"13805","I707_border_clearance",3.5,"Norway"
"13806","P8_labour_market",NA,"Norway"
"13807","Sub16_Flexibility",NA,"Norway"
"13808","I801_redundancy_costs",8.7,"Norway"
"13809","I802_hiring_firing_practices",3.7,"Norway"
"13810","I803_labour_employer_relations",5.7,"Norway"
"13811","I804_wage_flexibility",3.8,"Norway"
"13812","I805_labour_market_policies",5.2,"Norway"
"13813","I806_workers_rights",97,"Norway"
"13814","I807_foreign_labour_hiring",4.2,"Norway"
"13815","I808_internal_labour_mobility",4.1,"Norway"
"13816","Sub17_Meritocracy",NA,"Norway"
"13817","I809_reliance_on_management",5.6,"Norway"
"13818","I810_pay_productivity",4.5,"Norway"
"13819","I811_gender_pay_gap",0.96,"Norway"
"13820","I812_labour_tax",15.9,"Norway"
"13821","P9_financial_system",NA,"Norway"
"13822","Sub18_Depth",NA,"Norway"
"13823","I901_credit_to_private_sector",143.2,"Norway"
"13824","I902_financing_SME",4.9,"Norway"
"13825","I903_venture_capital",3.9,"Norway"
"13826","I904_market_capitalization",61.5,"Norway"
"13827","I905_insurance_premium",4.8,"Norway"
"13828","Sub19_Stability",NA,"Norway"
"13829","I906_banks_soundness",6.1,"Norway"
"13830","I907_non_performing_loans",1,"Norway"
"13831","I908_credit_gap",1.3,"Norway"
"13832","I909_regulatory_capital",21,"Norway"
"13833","P10_market_size",NA,"Norway"
"13834","I1001_GDP_PPP",352,"Norway"
"13835","I1002_imports",32,"Norway"
"13836","P11_dynamism",NA,"Norway"
"13837","Sub20_Administrative_Requirements",NA,"Norway"
"13838","I1101_starting_business_cost",0.9,"Norway"
"13839","I1102_starting_business_time",4,"Norway"
"13840","I1103_insolvency_recovery_rate",92,"Norway"
"13841","I1104_insolvency_regulations",11.5,"Norway"
"13842","Sub21_Entrepreneurial_Culture",NA,"Norway"
"13843","I1105_risk_attitudes",4.2,"Norway"
"13844","I1106_delegating_authority",5.8,"Norway"
"13845","I1107_innovating_companies",4.4,"Norway"
"13846","I1108_disruptive_ideas",4.5,"Norway"
"13847","P12_innovation",NA,"Norway"
"13848","Sub22_Diversity",NA,"Norway"
"13849","I1201_workforce_diversity",4.8,"Norway"
"13850","I1202_cluster_development",4.9,"Norway"
"13851","I1203_international_inventions",14.28,"Norway"
"13852","I1204_stakeholder_collaboration",4.7,"Norway"
"13853","Sub23_Research_Development",NA,"Norway"
"13854","I1205_scientific_publications",532.3,"Norway"
"13855","I1206_patents",113.69,"Norway"
"13856","I1207_RnD_expenditures",2,"Norway"
"13857","I1208_research_institutions",0.06,"Norway"
"13858","Sub24_Commercialization",NA,"Norway"
"13859","I1209_buyer_sophistication",4.3,"Norway"
"13860","I1210_trademarks",3896.3,"Norway"
"13861","P1_institutions",NA,"Oman"
"13862","Sub1_Security",NA,"Oman"
"13863","I101_organized_crime",6.2,"Oman"
"13864","I102_homicide",0.5,"Oman"
"13865","I103_terrorism",100,"Oman"
"13866","I104_police",6.1,"Oman"
"13867","Sub2_Social_Capital",NA,"Oman"
"13868","Sub2_Social_Capital",51.2,"Oman"
"13869","Sub3_Checks_Balances",NA,"Oman"
"13870","I106_transparency",NA,"Oman"
"13871","I107_judicial_independence",5.6,"Oman"
"13872","I108_challenging_regulations",4.6,"Oman"
"13873","I09_press_freedom",43.4,"Oman"
"13874","Sub4_Public_Sector",NA,"Oman"
"13875","I110_gov_burden",4.4,"Oman"
"13876","I111_settling_disputes",5.4,"Oman"
"13877","I112_e_participation",0.83,"Oman"
"13878","Sub5_Transparency",NA,"Oman"
"13879","I113_corruption",52,"Oman"
"13880","I114_property_rights",NA,"Oman"
"13881","I114_property_rights",5.6,"Oman"
"13882","I115_intellectual_property_protection",5.6,"Oman"
"13883","I116_land_administration",13.5,"Oman"
"13884","Sub6_Corporate_Governance",NA,"Oman"
"13885","I117_auditing_accounting_standards",5.2,"Oman"
"13886","I118_interest_conflict_regulation",5.3,"Oman"
"13887","I119_shareholder_governance",4,"Oman"
"13888","Sub7_Government_Orientation",NA,"Oman"
"13889","I120_policy_stability",5.3,"Oman"
"13890","I121_response_to_change",5.2,"Oman"
"13891","I122_digital_business_laws",4.8,"Oman"
"13892","I123_gov_long_term_vision",5.6,"Oman"
"13893","I124_energy_regulations",34.6,"Oman"
"13894","I125_renewable_energy",13.9,"Oman"
"13895","I126_environment_treaties",21,"Oman"
"13896","P2_infrastructure",NA,"Oman"
"13897","Sub8_Transport_Infrastructure",NA,"Oman"
"13898","I201_road_connectivity",94.2,"Oman"
"13899","I202_quality_of_roads",5.7,"Oman"
"13900","I203_railroad_density",NA,"Oman"
"13901","I204_train_efficiency",NA,"Oman"
"13902","I205_airport_connectivity",81119.1,"Oman"
"13903","I206_air_transport_efficiency",5.5,"Oman"
"13904","I207_shipping_connectivity",63,"Oman"
"13905","I208_seaport_efficiency",5.1,"Oman"
"13906","Sub9_Utility_Infrastructure",NA,"Oman"
"13907","I209_electricity_access",98.7,"Oman"
"13908","I210_electricity_supply",9.5,"Oman"
"13909","I211_unsafe_drinking_water",17.6,"Oman"
"13910","I212_water_supply",5.5,"Oman"
"13911","P3_ICT_adoption",NA,"Oman"
"13912","I301_cellular_subscription",133.4,"Oman"
"13913","I302_mobile_broadband",85.2,"Oman"
"13914","I303_fixed_broadband",8.7,"Oman"
"13915","I304_fibre_internet",1.1,"Oman"
"13916","I305_internet_users",80.2,"Oman"
"13917","P4_macro_stability",NA,"Oman"
"13918","I401_inflation",1.3,"Oman"
"13919","I402_debt_dynamic",34.8,"Oman"
"13920","P5_health",NA,"Oman"
"13921","I501_healthy_life_expectancy",65.8,"Oman"
"13922","P6_skills",NA,"Oman"
"13923","Sub10_Workforce",NA,"Oman"
"13924","I601_years_of_schooling",9.5,"Oman"
"13925","Sub11_Workforce_Skills",NA,"Oman"
"13926","I602_staff_training",4.5,"Oman"
"13927","I603_vocational_training",4.6,"Oman"
"13928","I604_graduates_skillset",4.5,"Oman"
"13929","I605_digital_skills",4.9,"Oman"
"13930","I606_skilled_employees",4.5,"Oman"
"13931","Sub12_Future_Workforce",NA,"Oman"
"13932","I501_healthy_life_expectancy",14.7,"Oman"
"13933","Sub13_Future_Workforce_Skills",NA,"Oman"
"13934","I608_critical_thinking",4.8,"Oman"
"13935","I609_pupil_teacher_ratio",10.1,"Oman"
"13936","P7_product_market",NA,"Oman"
"13937","Sub14_Domestic_Competition",NA,"Oman"
"13938","I701_distortive_taxes",4.8,"Oman"
"13939","I702_market_dominance",4.4,"Oman"
"13940","I703_competition_services",4.9,"Oman"
"13941","Sub15_Trade_Openess",NA,"Oman"
"13942","I704_non_tariff_barriers",4.6,"Oman"
"13943","I705_trade_tariffs",5.51,"Oman"
"13944","I706_tariffs_complexity",6.2,"Oman"
"13945","I707_border_clearance",2.9,"Oman"
"13946","P8_labour_market",NA,"Oman"
"13947","Sub16_Flexibility",NA,"Oman"
"13948","I801_redundancy_costs",NA,"Oman"
"13949","I802_hiring_firing_practices",4.3,"Oman"
"13950","I803_labour_employer_relations",5.3,"Oman"
"13951","I804_wage_flexibility",5.3,"Oman"
"13952","I805_labour_market_policies",4.5,"Oman"
"13953","I806_workers_rights",72,"Oman"
"13954","I807_foreign_labour_hiring",4,"Oman"
"13955","I808_internal_labour_mobility",5,"Oman"
"13956","Sub17_Meritocracy",NA,"Oman"
"13957","I809_reliance_on_management",4.9,"Oman"
"13958","I810_pay_productivity",4.6,"Oman"
"13959","I811_gender_pay_gap",0.25,"Oman"
"13960","I812_labour_tax",13,"Oman"
"13961","P9_financial_system",NA,"Oman"
"13962","Sub18_Depth",NA,"Oman"
"13963","I901_credit_to_private_sector",70.7,"Oman"
"13964","I902_financing_SME",4.6,"Oman"
"13965","I903_venture_capital",4.1,"Oman"
"13966","I904_market_capitalization",41.3,"Oman"
"13967","I905_insurance_premium",1.1,"Oman"
"13968","Sub19_Stability",NA,"Oman"
"13969","I906_banks_soundness",5.4,"Oman"
"13970","I907_non_performing_loans",2.4,"Oman"
"13971","I908_credit_gap",17.1,"Oman"
"13972","I909_regulatory_capital",16.7,"Oman"
"13973","P10_market_size",NA,"Oman"
"13974","I1001_GDP_PPP",176,"Oman"
"13975","I1002_imports",51.2,"Oman"
"13976","P11_dynamism",NA,"Oman"
"13977","Sub20_Administrative_Requirements",NA,"Oman"
"13978","I1101_starting_business_cost",3.7,"Oman"
"13979","I1102_starting_business_time",6.5,"Oman"
"13980","I1103_insolvency_recovery_rate",38,"Oman"
"13981","I1104_insolvency_regulations",7,"Oman"
"13982","Sub21_Entrepreneurial_Culture",NA,"Oman"
"13983","I1105_risk_attitudes",4.2,"Oman"
"13984","I1106_delegating_authority",4.9,"Oman"
"13985","I1107_innovating_companies",4.5,"Oman"
"13986","I1108_disruptive_ideas",4,"Oman"
"13987","P12_innovation",NA,"Oman"
"13988","Sub22_Diversity",NA,"Oman"
"13989","I1201_workforce_diversity",5.6,"Oman"
"13990","I1202_cluster_development",4.6,"Oman"
"13991","I1203_international_inventions",0.09,"Oman"
"13992","I1204_stakeholder_collaboration",4.3,"Oman"
"13993","Sub23_Research_Development",NA,"Oman"
"13994","I1205_scientific_publications",114.7,"Oman"
"13995","I1206_patents",0.27,"Oman"
"13996","I1207_RnD_expenditures",0.2,"Oman"
"13997","I1208_research_institutions",0,"Oman"
"13998","Sub24_Commercialization",NA,"Oman"
"13999","I1209_buyer_sophistication",4.2,"Oman"
"14000","I1210_trademarks",2379.53,"Oman"
"14001","P1_institutions",NA,"Pakistan"
"14002","Sub1_Security",NA,"Pakistan"
"14003","I101_organized_crime",3.8,"Pakistan"
"14004","I102_homicide",4.2,"Pakistan"
"14005","I103_terrorism",0,"Pakistan"
"14006","I104_police",3.8,"Pakistan"
"14007","Sub2_Social_Capital",NA,"Pakistan"
"14008","Sub2_Social_Capital",46.1,"Pakistan"
"14009","Sub3_Checks_Balances",NA,"Pakistan"
"14010","I106_transparency",44,"Pakistan"
"14011","I107_judicial_independence",4,"Pakistan"
"14012","I108_challenging_regulations",3.7,"Pakistan"
"14013","I09_press_freedom",45.8,"Pakistan"
"14014","Sub4_Public_Sector",NA,"Pakistan"
"14015","I110_gov_burden",3.8,"Pakistan"
"14016","I111_settling_disputes",3.8,"Pakistan"
"14017","I112_e_participation",0.5,"Pakistan"
"14018","Sub5_Transparency",NA,"Pakistan"
"14019","I113_corruption",33,"Pakistan"
"14020","I114_property_rights",NA,"Pakistan"
"14021","I114_property_rights",4.1,"Pakistan"
"14022","I115_intellectual_property_protection",4,"Pakistan"
"14023","I116_land_administration",9.5,"Pakistan"
"14024","Sub6_Corporate_Governance",NA,"Pakistan"
"14025","I117_auditing_accounting_standards",4,"Pakistan"
"14026","I118_interest_conflict_regulation",6.3,"Pakistan"
"14027","I119_shareholder_governance",8,"Pakistan"
"14028","Sub7_Government_Orientation",NA,"Pakistan"
"14029","I120_policy_stability",3.8,"Pakistan"
"14030","I121_response_to_change",4,"Pakistan"
"14031","I122_digital_business_laws",4.1,"Pakistan"
"14032","I123_gov_long_term_vision",4,"Pakistan"
"14033","I124_energy_regulations",34.6,"Pakistan"
"14034","I125_renewable_energy",55,"Pakistan"
"14035","I126_environment_treaties",22,"Pakistan"
"14036","P2_infrastructure",NA,"Pakistan"
"14037","Sub8_Transport_Infrastructure",NA,"Pakistan"
"14038","I201_road_connectivity",80.2,"Pakistan"
"14039","I202_quality_of_roads",4,"Pakistan"
"14040","I203_railroad_density",10.1,"Pakistan"
"14041","I204_train_efficiency",3.8,"Pakistan"
"14042","I205_airport_connectivity",98082.1,"Pakistan"
"14043","I206_air_transport_efficiency",4.2,"Pakistan"
"14044","I207_shipping_connectivity",38.2,"Pakistan"
"14045","I208_seaport_efficiency",4.1,"Pakistan"
"14046","Sub9_Utility_Infrastructure",NA,"Pakistan"
"14047","I209_electricity_access",73.6,"Pakistan"
"14048","I210_electricity_supply",15.6,"Pakistan"
"14049","I211_unsafe_drinking_water",71.7,"Pakistan"
"14050","I212_water_supply",4,"Pakistan"
"14051","P3_ICT_adoption",NA,"Pakistan"
"14052","I301_cellular_subscription",72.6,"Pakistan"
"14053","I302_mobile_broadband",29.2,"Pakistan"
"14054","I303_fixed_broadband",0.9,"Pakistan"
"14055","I304_fibre_internet",0,"Pakistan"
"14056","I305_internet_users",15.5,"Pakistan"
"14057","P4_macro_stability",NA,"Pakistan"
"14058","I401_inflation",4,"Pakistan"
"14059","I402_debt_dynamic",37.6,"Pakistan"
"14060","P5_health",NA,"Pakistan"
"14061","I501_healthy_life_expectancy",58,"Pakistan"
"14062","P6_skills",NA,"Pakistan"
"14063","Sub10_Workforce",NA,"Pakistan"
"14064","I601_years_of_schooling",5.1,"Pakistan"
"14065","Sub11_Workforce_Skills",NA,"Pakistan"
"14066","I602_staff_training",4,"Pakistan"
"14067","I603_vocational_training",3.9,"Pakistan"
"14068","I604_graduates_skillset",4.3,"Pakistan"
"14069","I605_digital_skills",4.1,"Pakistan"
"14070","I606_skilled_employees",4.3,"Pakistan"
"14071","Sub12_Future_Workforce",NA,"Pakistan"
"14072","I501_healthy_life_expectancy",8.5,"Pakistan"
"14073","Sub13_Future_Workforce_Skills",NA,"Pakistan"
"14074","I608_critical_thinking",3.8,"Pakistan"
"14075","I609_pupil_teacher_ratio",44.8,"Pakistan"
"14076","P7_product_market",NA,"Pakistan"
"14077","Sub14_Domestic_Competition",NA,"Pakistan"
"14078","I701_distortive_taxes",3.9,"Pakistan"
"14079","I702_market_dominance",3.8,"Pakistan"
"14080","I703_competition_services",4.2,"Pakistan"
"14081","Sub15_Trade_Openess",NA,"Pakistan"
"14082","I704_non_tariff_barriers",4,"Pakistan"
"14083","I705_trade_tariffs",15.69,"Pakistan"
"14084","I706_tariffs_complexity",6.3,"Pakistan"
"14085","I707_border_clearance",2.1,"Pakistan"
"14086","P8_labour_market",NA,"Pakistan"
"14087","Sub16_Flexibility",NA,"Pakistan"
"14088","I801_redundancy_costs",27.2,"Pakistan"
"14089","I802_hiring_firing_practices",4.2,"Pakistan"
"14090","I803_labour_employer_relations",4.1,"Pakistan"
"14091","I804_wage_flexibility",4.3,"Pakistan"
"14092","I805_labour_market_policies",3.8,"Pakistan"
"14093","I806_workers_rights",66,"Pakistan"
"14094","I807_foreign_labour_hiring",4.1,"Pakistan"
"14095","I808_internal_labour_mobility",4.5,"Pakistan"
"14096","Sub17_Meritocracy",NA,"Pakistan"
"14097","I809_reliance_on_management",4,"Pakistan"
"14098","I810_pay_productivity",4.1,"Pakistan"
"14099","I811_gender_pay_gap",0.17,"Pakistan"
"14100","I812_labour_tax",14.8,"Pakistan"
"14101","P9_financial_system",NA,"Pakistan"
"14102","Sub18_Depth",NA,"Pakistan"
"14103","I901_credit_to_private_sector",16.3,"Pakistan"
"14104","I902_financing_SME",3.9,"Pakistan"
"14105","I903_venture_capital",3.8,"Pakistan"
"14106","I904_market_capitalization",28.7,"Pakistan"
"14107","I905_insurance_premium",0.8,"Pakistan"
"14108","Sub19_Stability",NA,"Pakistan"
"14109","I906_banks_soundness",4.5,"Pakistan"
"14110","I907_non_performing_loans",8.4,"Pakistan"
"14111","I908_credit_gap",1.4,"Pakistan"
"14112","I909_regulatory_capital",16.5,"Pakistan"
"14113","P10_market_size",NA,"Pakistan"
"14114","I1001_GDP_PPP",1015,"Pakistan"
"14115","I1002_imports",22.4,"Pakistan"
"14116","P11_dynamism",NA,"Pakistan"
"14117","Sub20_Administrative_Requirements",NA,"Pakistan"
"14118","I1101_starting_business_cost",6.8,"Pakistan"
"14119","I1102_starting_business_time",16.5,"Pakistan"
"14120","I1103_insolvency_recovery_rate",44.5,"Pakistan"
"14121","I1104_insolvency_regulations",11.5,"Pakistan"
"14122","Sub21_Entrepreneurial_Culture",NA,"Pakistan"
"14123","I1105_risk_attitudes",4.1,"Pakistan"
"14124","I1106_delegating_authority",4,"Pakistan"
"14125","I1107_innovating_companies",4.3,"Pakistan"
"14126","I1108_disruptive_ideas",4,"Pakistan"
"14127","P12_innovation",NA,"Pakistan"
"14128","Sub22_Diversity",NA,"Pakistan"
"14129","I1201_workforce_diversity",4.2,"Pakistan"
"14130","I1202_cluster_development",3.9,"Pakistan"
"14131","I1203_international_inventions",0.03,"Pakistan"
"14132","I1204_stakeholder_collaboration",4,"Pakistan"
"14133","Sub23_Research_Development",NA,"Pakistan"
"14134","I1205_scientific_publications",220.3,"Pakistan"
"14135","I1206_patents",0.04,"Pakistan"
"14136","I1207_RnD_expenditures",0.2,"Pakistan"
"14137","I1208_research_institutions",0.06,"Pakistan"
"14138","Sub24_Commercialization",NA,"Pakistan"
"14139","I1209_buyer_sophistication",3.9,"Pakistan"
"14140","I1210_trademarks",145.45,"Pakistan"
"14141","P1_institutions",NA,"Panama"
"14142","Sub1_Security",NA,"Panama"
"14143","I101_organized_crime",4.9,"Panama"
"14144","I102_homicide",9.7,"Panama"
"14145","I103_terrorism",100,"Panama"
"14146","I104_police",4.3,"Panama"
"14147","Sub2_Social_Capital",NA,"Panama"
"14148","Sub2_Social_Capital",52.9,"Panama"
"14149","Sub3_Checks_Balances",NA,"Panama"
"14150","I106_transparency",NA,"Panama"
"14151","I107_judicial_independence",2.3,"Panama"
"14152","I108_challenging_regulations",3.1,"Panama"
"14153","I09_press_freedom",29.8,"Panama"
"14154","Sub4_Public_Sector",NA,"Panama"
"14155","I110_gov_burden",3.4,"Panama"
"14156","I111_settling_disputes",3,"Panama"
"14157","I112_e_participation",0.72,"Panama"
"14158","Sub5_Transparency",NA,"Panama"
"14159","I113_corruption",37,"Panama"
"14160","I114_property_rights",NA,"Panama"
"14161","I114_property_rights",4.5,"Panama"
"14162","I115_intellectual_property_protection",4.4,"Panama"
"14163","I116_land_administration",11,"Panama"
"14164","Sub6_Corporate_Governance",NA,"Panama"
"14165","I117_auditing_accounting_standards",5.2,"Panama"
"14166","I118_interest_conflict_regulation",5.3,"Panama"
"14167","I119_shareholder_governance",5,"Panama"
"14168","Sub7_Government_Orientation",NA,"Panama"
"14169","I120_policy_stability",4,"Panama"
"14170","I121_response_to_change",3.4,"Panama"
"14171","I122_digital_business_laws",3.5,"Panama"
"14172","I123_gov_long_term_vision",3.1,"Panama"
"14173","I124_energy_regulations",52.2,"Panama"
"14174","I125_renewable_energy",55,"Panama"
"14175","I126_environment_treaties",25,"Panama"
"14176","P2_infrastructure",NA,"Panama"
"14177","Sub8_Transport_Infrastructure",NA,"Panama"
"14178","I201_road_connectivity",71.8,"Panama"
"14179","I202_quality_of_roads",4.5,"Panama"
"14180","I203_railroad_density",1,"Panama"
"14181","I204_train_efficiency",4.8,"Panama"
"14182","I205_airport_connectivity",43824.3,"Panama"
"14183","I206_air_transport_efficiency",5.9,"Panama"
"14184","I207_shipping_connectivity",56.6,"Panama"
"14185","I208_seaport_efficiency",5.7,"Panama"
"14186","Sub9_Utility_Infrastructure",NA,"Panama"
"14187","I209_electricity_access",92.4,"Panama"
"14188","I210_electricity_supply",14.5,"Panama"
"14189","I211_unsafe_drinking_water",17.2,"Panama"
"14190","I212_water_supply",4.5,"Panama"
"14191","P3_ICT_adoption",NA,"Panama"
"14192","I301_cellular_subscription",130.1,"Panama"
"14193","I302_mobile_broadband",70.3,"Panama"
"14194","I303_fixed_broadband",10.8,"Panama"
"14195","I304_fibre_internet",0.5,"Panama"
"14196","I305_internet_users",57.9,"Panama"
"14197","P4_macro_stability",NA,"Panama"
"14198","I401_inflation",0.8,"Panama"
"14199","I402_debt_dynamic",80,"Panama"
"14200","P5_health",NA,"Panama"
"14201","I501_healthy_life_expectancy",69.4,"Panama"
"14202","P6_skills",NA,"Panama"
"14203","Sub10_Workforce",NA,"Panama"
"14204","I601_years_of_schooling",9.8,"Panama"
"14205","Sub11_Workforce_Skills",NA,"Panama"
"14206","I602_staff_training",3.8,"Panama"
"14207","I603_vocational_training",3.7,"Panama"
"14208","I604_graduates_skillset",3.8,"Panama"
"14209","I605_digital_skills",3.5,"Panama"
"14210","I606_skilled_employees",3.6,"Panama"
"14211","Sub12_Future_Workforce",NA,"Panama"
"14212","I501_healthy_life_expectancy",12.7,"Panama"
"14213","Sub13_Future_Workforce_Skills",NA,"Panama"
"14214","I608_critical_thinking",3.1,"Panama"
"14215","I609_pupil_teacher_ratio",21.4,"Panama"
"14216","P7_product_market",NA,"Panama"
"14217","Sub14_Domestic_Competition",NA,"Panama"
"14218","I701_distortive_taxes",3.3,"Panama"
"14219","I702_market_dominance",3.8,"Panama"
"14220","I703_competition_services",5.2,"Panama"
"14221","Sub15_Trade_Openess",NA,"Panama"
"14222","I704_non_tariff_barriers",4.5,"Panama"
"14223","I705_trade_tariffs",4.74,"Panama"
"14224","I706_tariffs_complexity",6.5,"Panama"
"14225","I707_border_clearance",2.9,"Panama"
"14226","P8_labour_market",NA,"Panama"
"14227","Sub16_Flexibility",NA,"Panama"
"14228","I801_redundancy_costs",18.1,"Panama"
"14229","I802_hiring_firing_practices",3.2,"Panama"
"14230","I803_labour_employer_relations",4.3,"Panama"
"14231","I804_wage_flexibility",4.6,"Panama"
"14232","I805_labour_market_policies",2.9,"Panama"
"14233","I806_workers_rights",71,"Panama"
"14234","I807_foreign_labour_hiring",3.5,"Panama"
"14235","I808_internal_labour_mobility",4.8,"Panama"
"14236","Sub17_Meritocracy",NA,"Panama"
"14237","I809_reliance_on_management",4.1,"Panama"
"14238","I810_pay_productivity",3.3,"Panama"
"14239","I811_gender_pay_gap",0.7,"Panama"
"14240","I812_labour_tax",20,"Panama"
"14241","P9_financial_system",NA,"Panama"
"14242","Sub18_Depth",NA,"Panama"
"14243","I901_credit_to_private_sector",86.3,"Panama"
"14244","I902_financing_SME",4.2,"Panama"
"14245","I903_venture_capital",3.4,"Panama"
"14246","I904_market_capitalization",24,"Panama"
"14247","I905_insurance_premium",2.1,"Panama"
"14248","Sub19_Stability",NA,"Panama"
"14249","I906_banks_soundness",6,"Panama"
"14250","I907_non_performing_loans",3.1,"Panama"
"14251","I908_credit_gap",5.7,"Panama"
"14252","I909_regulatory_capital",15.4,"Panama"
"14253","P10_market_size",NA,"Panama"
"14254","I1001_GDP_PPP",95,"Panama"
"14255","I1002_imports",42,"Panama"
"14256","P11_dynamism",NA,"Panama"
"14257","Sub20_Administrative_Requirements",NA,"Panama"
"14258","I1101_starting_business_cost",5.4,"Panama"
"14259","I1102_starting_business_time",6,"Panama"
"14260","I1103_insolvency_recovery_rate",27.1,"Panama"
"14261","I1104_insolvency_regulations",8,"Panama"
"14262","Sub21_Entrepreneurial_Culture",NA,"Panama"
"14263","I1105_risk_attitudes",4.1,"Panama"
"14264","I1106_delegating_authority",4.3,"Panama"
"14265","I1107_innovating_companies",4,"Panama"
"14266","I1108_disruptive_ideas",3.6,"Panama"
"14267","P12_innovation",NA,"Panama"
"14268","Sub22_Diversity",NA,"Panama"
"14269","I1201_workforce_diversity",4.7,"Panama"
"14270","I1202_cluster_development",3.7,"Panama"
"14271","I1203_international_inventions",0.24,"Panama"
"14272","I1204_stakeholder_collaboration",3.6,"Panama"
"14273","Sub23_Research_Development",NA,"Panama"
"14274","I1205_scientific_publications",174,"Panama"
"14275","I1206_patents",0.57,"Panama"
"14276","I1207_RnD_expenditures",0.1,"Panama"
"14277","I1208_research_institutions",0,"Panama"
"14278","Sub24_Commercialization",NA,"Panama"
"14279","I1209_buyer_sophistication",3.8,"Panama"
"14280","I1210_trademarks",2032.7,"Panama"
"14281","P1_institutions",NA,"Paraguay"
"14282","Sub1_Security",NA,"Paraguay"
"14283","I101_organized_crime",4.3,"Paraguay"
"14284","I102_homicide",8.9,"Paraguay"
"14285","I103_terrorism",98.9,"Paraguay"
"14286","I104_police",2.7,"Paraguay"
"14287","Sub2_Social_Capital",NA,"Paraguay"
"14288","Sub2_Social_Capital",53.7,"Paraguay"
"14289","Sub3_Checks_Balances",NA,"Paraguay"
"14290","I106_transparency",43,"Paraguay"
"14291","I107_judicial_independence",1.7,"Paraguay"
"14292","I108_challenging_regulations",2.9,"Paraguay"
"14293","I09_press_freedom",32.4,"Paraguay"
"14294","Sub4_Public_Sector",NA,"Paraguay"
"14295","I110_gov_burden",3.6,"Paraguay"
"14296","I111_settling_disputes",2.2,"Paraguay"
"14297","I112_e_participation",0.57,"Paraguay"
"14298","Sub5_Transparency",NA,"Paraguay"
"14299","I113_corruption",29,"Paraguay"
"14300","I114_property_rights",NA,"Paraguay"
"14301","I114_property_rights",4.2,"Paraguay"
"14302","I115_intellectual_property_protection",3.4,"Paraguay"
"14303","I116_land_administration",12,"Paraguay"
"14304","Sub6_Corporate_Governance",NA,"Paraguay"
"14305","I117_auditing_accounting_standards",4.3,"Paraguay"
"14306","I118_interest_conflict_regulation",5.7,"Paraguay"
"14307","I119_shareholder_governance",2.7,"Paraguay"
"14308","Sub7_Government_Orientation",NA,"Paraguay"
"14309","I120_policy_stability",3.8,"Paraguay"
"14310","I121_response_to_change",2.6,"Paraguay"
"14311","I122_digital_business_laws",3,"Paraguay"
"14312","I123_gov_long_term_vision",2.9,"Paraguay"
"14313","I124_energy_regulations",25.7,"Paraguay"
"14314","I125_renewable_energy",38.4,"Paraguay"
"14315","I126_environment_treaties",19,"Paraguay"
"14316","P2_infrastructure",NA,"Paraguay"
"14317","Sub8_Transport_Infrastructure",NA,"Paraguay"
"14318","I201_road_connectivity",76,"Paraguay"
"14319","I202_quality_of_roads",2.6,"Paraguay"
"14320","I203_railroad_density",NA,"Paraguay"
"14321","I204_train_efficiency",NA,"Paraguay"
"14322","I205_airport_connectivity",4647.5,"Paraguay"
"14323","I206_air_transport_efficiency",3.5,"Paraguay"
"14324","I207_shipping_connectivity",0.6,"Paraguay"
"14325","I208_seaport_efficiency",3.5,"Paraguay"
"14326","Sub9_Utility_Infrastructure",NA,"Paraguay"
"14327","I209_electricity_access",99,"Paraguay"
"14328","I210_electricity_supply",24.9,"Paraguay"
"14329","I211_unsafe_drinking_water",18.7,"Paraguay"
"14330","I212_water_supply",4,"Paraguay"
"14331","P3_ICT_adoption",NA,"Paraguay"
"14332","I301_cellular_subscription",107,"Paraguay"
"14333","I302_mobile_broadband",57.7,"Paraguay"
"14334","I303_fixed_broadband",4.6,"Paraguay"
"14335","I304_fibre_internet",0.2,"Paraguay"
"14336","I305_internet_users",65,"Paraguay"
"14337","P4_macro_stability",NA,"Paraguay"
"14338","I401_inflation",3.8,"Paraguay"
"14339","I402_debt_dynamic",49.6,"Paraguay"
"14340","P5_health",NA,"Paraguay"
"14341","I501_healthy_life_expectancy",66,"Paraguay"
"14342","P6_skills",NA,"Paraguay"
"14343","Sub10_Workforce",NA,"Paraguay"
"14344","I601_years_of_schooling",8.4,"Paraguay"
"14345","Sub11_Workforce_Skills",NA,"Paraguay"
"14346","I602_staff_training",3.6,"Paraguay"
"14347","I603_vocational_training",3.1,"Paraguay"
"14348","I604_graduates_skillset",3.1,"Paraguay"
"14349","I605_digital_skills",2.9,"Paraguay"
"14350","I606_skilled_employees",3.2,"Paraguay"
"14351","Sub12_Future_Workforce",NA,"Paraguay"
"14352","I501_healthy_life_expectancy",12.3,"Paraguay"
"14353","Sub13_Future_Workforce_Skills",NA,"Paraguay"
"14354","I608_critical_thinking",2.2,"Paraguay"
"14355","I609_pupil_teacher_ratio",24.2,"Paraguay"
"14356","P7_product_market",NA,"Paraguay"
"14357","Sub14_Domestic_Competition",NA,"Paraguay"
"14358","I701_distortive_taxes",3.7,"Paraguay"
"14359","I702_market_dominance",3.2,"Paraguay"
"14360","I703_competition_services",4.5,"Paraguay"
"14361","Sub15_Trade_Openess",NA,"Paraguay"
"14362","I704_non_tariff_barriers",4.5,"Paraguay"
"14363","I705_trade_tariffs",6.89,"Paraguay"
"14364","I706_tariffs_complexity",6.7,"Paraguay"
"14365","I707_border_clearance",2.6,"Paraguay"
"14366","P8_labour_market",NA,"Paraguay"
"14367","Sub16_Flexibility",NA,"Paraguay"
"14368","I801_redundancy_costs",29.4,"Paraguay"
"14369","I802_hiring_firing_practices",3,"Paraguay"
"14370","I803_labour_employer_relations",4.4,"Paraguay"
"14371","I804_wage_flexibility",5.1,"Paraguay"
"14372","I805_labour_market_policies",2.1,"Paraguay"
"14373","I806_workers_rights",73,"Paraguay"
"14374","I807_foreign_labour_hiring",5.5,"Paraguay"
"14375","I808_internal_labour_mobility",5,"Paraguay"
"14376","Sub17_Meritocracy",NA,"Paraguay"
"14377","I809_reliance_on_management",3.6,"Paraguay"
"14378","I810_pay_productivity",3.4,"Paraguay"
"14379","I811_gender_pay_gap",0.63,"Paraguay"
"14380","I812_labour_tax",18.6,"Paraguay"
"14381","P9_financial_system",NA,"Paraguay"
"14382","Sub18_Depth",NA,"Paraguay"
"14383","I901_credit_to_private_sector",41.6,"Paraguay"
"14384","I902_financing_SME",3.9,"Paraguay"
"14385","I903_venture_capital",2.9,"Paraguay"
"14386","I904_market_capitalization",3.9,"Paraguay"
"14387","I905_insurance_premium",0.3,"Paraguay"
"14388","Sub19_Stability",NA,"Paraguay"
"14389","I906_banks_soundness",5.6,"Paraguay"
"14390","I907_non_performing_loans",2.8,"Paraguay"
"14391","I908_credit_gap",-0.8,"Paraguay"
"14392","I909_regulatory_capital",17.5,"Paraguay"
"14393","P10_market_size",NA,"Paraguay"
"14394","I1001_GDP_PPP",84,"Paraguay"
"14395","I1002_imports",35.1,"Paraguay"
"14396","P11_dynamism",NA,"Paraguay"
"14397","Sub20_Administrative_Requirements",NA,"Paraguay"
"14398","I1101_starting_business_cost",40.3,"Paraguay"
"14399","I1102_starting_business_time",35,"Paraguay"
"14400","I1103_insolvency_recovery_rate",21.6,"Paraguay"
"14401","I1104_insolvency_regulations",9.5,"Paraguay"
"14402","Sub21_Entrepreneurial_Culture",NA,"Paraguay"
"14403","I1105_risk_attitudes",4,"Paraguay"
"14404","I1106_delegating_authority",3.7,"Paraguay"
"14405","I1107_innovating_companies",4,"Paraguay"
"14406","I1108_disruptive_ideas",3.2,"Paraguay"
"14407","P12_innovation",NA,"Paraguay"
"14408","Sub22_Diversity",NA,"Paraguay"
"14409","I1201_workforce_diversity",4,"Paraguay"
"14410","I1202_cluster_development",3.1,"Paraguay"
"14411","I1203_international_inventions",0,"Paraguay"
"14412","I1204_stakeholder_collaboration",3,"Paraguay"
"14413","Sub23_Research_Development",NA,"Paraguay"
"14414","I1205_scientific_publications",75.7,"Paraguay"
"14415","I1206_patents",0,"Paraguay"
"14416","I1207_RnD_expenditures",0.2,"Paraguay"
"14417","I1208_research_institutions",0,"Paraguay"
"14418","Sub24_Commercialization",NA,"Paraguay"
"14419","I1209_buyer_sophistication",3.1,"Paraguay"
"14420","I1210_trademarks",0,"Paraguay"
"14421","P1_institutions",NA,"Peru"
"14422","Sub1_Security",NA,"Peru"
"14423","I101_organized_crime",3,"Peru"
"14424","I102_homicide",7.7,"Peru"
"14425","I103_terrorism",99.1,"Peru"
"14426","I104_police",2.8,"Peru"
"14427","Sub2_Social_Capital",NA,"Peru"
"14428","Sub2_Social_Capital",49.1,"Peru"
"14429","Sub3_Checks_Balances",NA,"Peru"
"14430","I106_transparency",73,"Peru"
"14431","I107_judicial_independence",2.5,"Peru"
"14432","I108_challenging_regulations",2.8,"Peru"
"14433","I09_press_freedom",30.2,"Peru"
"14434","Sub4_Public_Sector",NA,"Peru"
"14435","I110_gov_burden",2.5,"Peru"
"14436","I111_settling_disputes",2.3,"Peru"
"14437","I112_e_participation",0.87,"Peru"
"14438","Sub5_Transparency",NA,"Peru"
"14439","I113_corruption",35,"Peru"
"14440","I114_property_rights",NA,"Peru"
"14441","I114_property_rights",3.5,"Peru"
"14442","I115_intellectual_property_protection",3.2,"Peru"
"14443","I116_land_administration",17.5,"Peru"
"14444","Sub6_Corporate_Governance",NA,"Peru"
"14445","I117_auditing_accounting_standards",4.6,"Peru"
"14446","I118_interest_conflict_regulation",7,"Peru"
"14447","I119_shareholder_governance",5.7,"Peru"
"14448","Sub7_Government_Orientation",NA,"Peru"
"14449","I120_policy_stability",3.8,"Peru"
"14450","I121_response_to_change",2.8,"Peru"
"14451","I122_digital_business_laws",3,"Peru"
"14452","I123_gov_long_term_vision",2.9,"Peru"
"14453","I124_energy_regulations",32.2,"Peru"
"14454","I125_renewable_energy",51.9,"Peru"
"14455","I126_environment_treaties",23,"Peru"
"14456","P2_infrastructure",NA,"Peru"
"14457","Sub8_Transport_Infrastructure",NA,"Peru"
"14458","I201_road_connectivity",64,"Peru"
"14459","I202_quality_of_roads",3.2,"Peru"
"14460","I203_railroad_density",1.4,"Peru"
"14461","I204_train_efficiency",2.9,"Peru"
"14462","I205_airport_connectivity",76200,"Peru"
"14463","I206_air_transport_efficiency",4.3,"Peru"
"14464","I207_shipping_connectivity",43.8,"Peru"
"14465","I208_seaport_efficiency",3.8,"Peru"
"14466","Sub9_Utility_Infrastructure",NA,"Peru"
"14467","I209_electricity_access",95,"Peru"
"14468","I210_electricity_supply",10.6,"Peru"
"14469","I211_unsafe_drinking_water",18.5,"Peru"
"14470","I212_water_supply",4.5,"Peru"
"14471","P3_ICT_adoption",NA,"Peru"
"14472","I301_cellular_subscription",123.8,"Peru"
"14473","I302_mobile_broadband",65.7,"Peru"
"14474","I303_fixed_broadband",7.3,"Peru"
"14475","I304_fibre_internet",0,"Peru"
"14476","I305_internet_users",52.5,"Peru"
"14477","P4_macro_stability",NA,"Peru"
"14478","I401_inflation",2.1,"Peru"
"14479","I402_debt_dynamic",100,"Peru"
"14480","P5_health",NA,"Peru"
"14481","I501_healthy_life_expectancy",70.3,"Peru"
"14482","P6_skills",NA,"Peru"
"14483","Sub10_Workforce",NA,"Peru"
"14484","I601_years_of_schooling",9.2,"Peru"
"14485","Sub11_Workforce_Skills",NA,"Peru"
"14486","I602_staff_training",3.3,"Peru"
"14487","I603_vocational_training",3.8,"Peru"
"14488","I604_graduates_skillset",3.5,"Peru"
"14489","I605_digital_skills",3.4,"Peru"
"14490","I606_skilled_employees",3.6,"Peru"
"14491","Sub12_Future_Workforce",NA,"Peru"
"14492","I501_healthy_life_expectancy",14.6,"Peru"
"14493","Sub13_Future_Workforce_Skills",NA,"Peru"
"14494","I608_critical_thinking",2.9,"Peru"
"14495","I609_pupil_teacher_ratio",17.4,"Peru"
"14496","P7_product_market",NA,"Peru"
"14497","Sub14_Domestic_Competition",NA,"Peru"
"14498","I701_distortive_taxes",3.3,"Peru"
"14499","I702_market_dominance",3.3,"Peru"
"14500","I703_competition_services",5,"Peru"
"14501","Sub15_Trade_Openess",NA,"Peru"
"14502","I704_non_tariff_barriers",4.3,"Peru"
"14503","I705_trade_tariffs",1.48,"Peru"
"14504","I706_tariffs_complexity",6,"Peru"
"14505","I707_border_clearance",2.5,"Peru"
"14506","P8_labour_market",NA,"Peru"
"14507","Sub16_Flexibility",NA,"Peru"
"14508","I801_redundancy_costs",11.4,"Peru"
"14509","I802_hiring_firing_practices",2.7,"Peru"
"14510","I803_labour_employer_relations",4,"Peru"
"14511","I804_wage_flexibility",5.5,"Peru"
"14512","I805_labour_market_policies",2.2,"Peru"
"14513","I806_workers_rights",73,"Peru"
"14514","I807_foreign_labour_hiring",4.1,"Peru"
"14515","I808_internal_labour_mobility",4.9,"Peru"
"14516","Sub17_Meritocracy",NA,"Peru"
"14517","I809_reliance_on_management",4.1,"Peru"
"14518","I810_pay_productivity",3.5,"Peru"
"14519","I811_gender_pay_gap",0.66,"Peru"
"14520","I812_labour_tax",11,"Peru"
"14521","P9_financial_system",NA,"Peru"
"14522","Sub18_Depth",NA,"Peru"
"14523","I901_credit_to_private_sector",43,"Peru"
"14524","I902_financing_SME",3.6,"Peru"
"14525","I903_venture_capital",3.1,"Peru"
"14526","I904_market_capitalization",39.7,"Peru"
"14527","I905_insurance_premium",1.6,"Peru"
"14528","Sub19_Stability",NA,"Peru"
"14529","I906_banks_soundness",5.5,"Peru"
"14530","I907_non_performing_loans",4.7,"Peru"
"14531","I908_credit_gap",-0.7,"Peru"
"14532","I909_regulatory_capital",14.9,"Peru"
"14533","P10_market_size",NA,"Peru"
"14534","I1001_GDP_PPP",407,"Peru"
"14535","I1002_imports",23.5,"Peru"
"14536","P11_dynamism",NA,"Peru"
"14537","Sub20_Administrative_Requirements",NA,"Peru"
"14538","I1101_starting_business_cost",9.9,"Peru"
"14539","I1102_starting_business_time",24.5,"Peru"
"14540","I1103_insolvency_recovery_rate",29.8,"Peru"
"14541","I1104_insolvency_regulations",9.5,"Peru"
"14542","Sub21_Entrepreneurial_Culture",NA,"Peru"
"14543","I1105_risk_attitudes",4,"Peru"
"14544","I1106_delegating_authority",4,"Peru"
"14545","I1107_innovating_companies",3.6,"Peru"
"14546","I1108_disruptive_ideas",3.3,"Peru"
"14547","P12_innovation",NA,"Peru"
"14548","Sub22_Diversity",NA,"Peru"
"14549","I1201_workforce_diversity",4.2,"Peru"
"14550","I1202_cluster_development",3.4,"Peru"
"14551","I1203_international_inventions",0.03,"Peru"
"14552","I1204_stakeholder_collaboration",3.2,"Peru"
"14553","Sub23_Research_Development",NA,"Peru"
"14554","I1205_scientific_publications",195,"Peru"
"14555","I1206_patents",0.27,"Peru"
"14556","I1207_RnD_expenditures",0.1,"Peru"
"14557","I1208_research_institutions",0.01,"Peru"
"14558","Sub24_Commercialization",NA,"Peru"
"14559","I1209_buyer_sophistication",3.3,"Peru"
"14560","I1210_trademarks",631.48,"Peru"
"14561","P1_institutions",NA,"Philippines"
"14562","Sub1_Security",NA,"Philippines"
"14563","I101_organized_crime",3.7,"Philippines"
"14564","I102_homicide",8.4,"Philippines"
"14565","I103_terrorism",26.7,"Philippines"
"14566","I104_police",3,"Philippines"
"14567","Sub2_Social_Capital",NA,"Philippines"
"14568","Sub2_Social_Capital",56.1,"Philippines"
"14569","Sub3_Checks_Balances",NA,"Philippines"
"14570","I106_transparency",67,"Philippines"
"14571","I107_judicial_independence",2.9,"Philippines"
"14572","I108_challenging_regulations",3.1,"Philippines"
"14573","I09_press_freedom",43.9,"Philippines"
"14574","Sub4_Public_Sector",NA,"Philippines"
"14575","I110_gov_burden",3,"Philippines"
"14576","I111_settling_disputes",3,"Philippines"
"14577","I112_e_participation",0.94,"Philippines"
"14578","Sub5_Transparency",NA,"Philippines"
"14579","I113_corruption",36,"Philippines"
"14580","I114_property_rights",NA,"Philippines"
"14581","I114_property_rights",4.5,"Philippines"
"14582","I115_intellectual_property_protection",4.5,"Philippines"
"14583","I116_land_administration",12.5,"Philippines"
"14584","Sub6_Corporate_Governance",NA,"Philippines"
"14585","I117_auditing_accounting_standards",5.1,"Philippines"
"14586","I118_interest_conflict_regulation",4,"Philippines"
"14587","I119_shareholder_governance",4.7,"Philippines"
"14588","Sub7_Government_Orientation",NA,"Philippines"
"14589","I120_policy_stability",3.5,"Philippines"
"14590","I121_response_to_change",3.6,"Philippines"
"14591","I122_digital_business_laws",3.7,"Philippines"
"14592","I123_gov_long_term_vision",4.2,"Philippines"
"14593","I124_energy_regulations",61.4,"Philippines"
"14594","I125_renewable_energy",62.4,"Philippines"
"14595","I126_environment_treaties",24,"Philippines"
"14596","P2_infrastructure",NA,"Philippines"
"14597","Sub8_Transport_Infrastructure",NA,"Philippines"
"14598","I201_road_connectivity",51.6,"Philippines"
"14599","I202_quality_of_roads",3.7,"Philippines"
"14600","I203_railroad_density",1.7,"Philippines"
"14601","I204_train_efficiency",2.4,"Philippines"
"14602","I205_airport_connectivity",306152.8,"Philippines"
"14603","I206_air_transport_efficiency",4.1,"Philippines"
"14604","I207_shipping_connectivity",29,"Philippines"
"14605","I208_seaport_efficiency",3.7,"Philippines"
"14606","Sub9_Utility_Infrastructure",NA,"Philippines"
"14607","I209_electricity_access",88.3,"Philippines"
"14608","I210_electricity_supply",9.1,"Philippines"
"14609","I211_unsafe_drinking_water",49,"Philippines"
"14610","I212_water_supply",4.7,"Philippines"
"14611","P3_ICT_adoption",NA,"Philippines"
"14612","I301_cellular_subscription",110.1,"Philippines"
"14613","I302_mobile_broadband",68.4,"Philippines"
"14614","I303_fixed_broadband",3.2,"Philippines"
"14615","I304_fibre_internet",NA,"Philippines"
"14616","I305_internet_users",60.1,"Philippines"
"14617","P4_macro_stability",NA,"Philippines"
"14618","I401_inflation",4,"Philippines"
"14619","I402_debt_dynamic",80,"Philippines"
"14620","P5_health",NA,"Philippines"
"14621","I501_healthy_life_expectancy",61,"Philippines"
"14622","P6_skills",NA,"Philippines"
"14623","Sub10_Workforce",NA,"Philippines"
"14624","I601_years_of_schooling",9.6,"Philippines"
"14625","Sub11_Workforce_Skills",NA,"Philippines"
"14626","I602_staff_training",4.9,"Philippines"
"14627","I603_vocational_training",4.7,"Philippines"
"14628","I604_graduates_skillset",5,"Philippines"
"14629","I605_digital_skills",5.1,"Philippines"
"14630","I606_skilled_employees",5,"Philippines"
"14631","Sub12_Future_Workforce",NA,"Philippines"
"14632","I501_healthy_life_expectancy",12.7,"Philippines"
"14633","Sub13_Future_Workforce_Skills",NA,"Philippines"
"14634","I608_critical_thinking",4.4,"Philippines"
"14635","I609_pupil_teacher_ratio",29,"Philippines"
"14636","P7_product_market",NA,"Philippines"
"14637","Sub14_Domestic_Competition",NA,"Philippines"
"14638","I701_distortive_taxes",4.1,"Philippines"
"14639","I702_market_dominance",3.2,"Philippines"
"14640","I703_competition_services",5.1,"Philippines"
"14641","Sub15_Trade_Openess",NA,"Philippines"
"14642","I704_non_tariff_barriers",4.6,"Philippines"
"14643","I705_trade_tariffs",3.77,"Philippines"
"14644","I706_tariffs_complexity",5.8,"Philippines"
"14645","I707_border_clearance",2.5,"Philippines"
"14646","P8_labour_market",NA,"Philippines"
"14647","Sub16_Flexibility",NA,"Philippines"
"14648","I801_redundancy_costs",27.4,"Philippines"
"14649","I802_hiring_firing_practices",4,"Philippines"
"14650","I803_labour_employer_relations",5.4,"Philippines"
"14651","I804_wage_flexibility",5.2,"Philippines"
"14652","I805_labour_market_policies",3.8,"Philippines"
"14653","I806_workers_rights",62,"Philippines"
"14654","I807_foreign_labour_hiring",4.1,"Philippines"
"14655","I808_internal_labour_mobility",5.4,"Philippines"
"14656","Sub17_Meritocracy",NA,"Philippines"
"14657","I809_reliance_on_management",5.1,"Philippines"
"14658","I810_pay_productivity",4.9,"Philippines"
"14659","I811_gender_pay_gap",0.58,"Philippines"
"14660","I812_labour_tax",8.7,"Philippines"
"14661","P9_financial_system",NA,"Philippines"
"14662","Sub18_Depth",NA,"Philippines"
"14663","I901_credit_to_private_sector",44.8,"Philippines"
"14664","I902_financing_SME",3.9,"Philippines"
"14665","I903_venture_capital",3.6,"Philippines"
"14666","I904_market_capitalization",84.3,"Philippines"
"14667","I905_insurance_premium",1.8,"Philippines"
"14668","Sub19_Stability",NA,"Philippines"
"14669","I906_banks_soundness",5.9,"Philippines"
"14670","I907_non_performing_loans",1.6,"Philippines"
"14671","I908_credit_gap",6.5,"Philippines"
"14672","I909_regulatory_capital",14.7,"Philippines"
"14673","P10_market_size",NA,"Philippines"
"14674","I1001_GDP_PPP",847,"Philippines"
"14675","I1002_imports",42.7,"Philippines"
"14676","P11_dynamism",NA,"Philippines"
"14677","Sub20_Administrative_Requirements",NA,"Philippines"
"14678","I1101_starting_business_cost",20.3,"Philippines"
"14679","I1102_starting_business_time",31,"Philippines"
"14680","I1103_insolvency_recovery_rate",21.3,"Philippines"
"14681","I1104_insolvency_regulations",14,"Philippines"
"14682","Sub21_Entrepreneurial_Culture",NA,"Philippines"
"14683","I1105_risk_attitudes",4.7,"Philippines"
"14684","I1106_delegating_authority",5,"Philippines"
"14685","I1107_innovating_companies",4.9,"Philippines"
"14686","I1108_disruptive_ideas",4.7,"Philippines"
"14687","P12_innovation",NA,"Philippines"
"14688","Sub22_Diversity",NA,"Philippines"
"14689","I1201_workforce_diversity",5.5,"Philippines"
"14690","I1202_cluster_development",3.9,"Philippines"
"14691","I1203_international_inventions",0.06,"Philippines"
"14692","I1204_stakeholder_collaboration",4.7,"Philippines"
"14693","Sub23_Research_Development",NA,"Philippines"
"14694","I1205_scientific_publications",206,"Philippines"
"14695","I1206_patents",0.36,"Philippines"
"14696","I1207_RnD_expenditures",0.1,"Philippines"
"14697","I1208_research_institutions",0.01,"Philippines"
"14698","Sub24_Commercialization",NA,"Philippines"
"14699","I1209_buyer_sophistication",3.8,"Philippines"
"14700","I1210_trademarks",169.5,"Philippines"
"14701","P1_institutions",NA,"Poland"
"14702","Sub1_Security",NA,"Poland"
"14703","I101_organized_crime",5.1,"Poland"
"14704","I102_homicide",0.8,"Poland"
"14705","I103_terrorism",99.9,"Poland"
"14706","I104_police",4.1,"Poland"
"14707","Sub2_Social_Capital",NA,"Poland"
"14708","Sub2_Social_Capital",49.4,"Poland"
"14709","Sub3_Checks_Balances",NA,"Poland"
"14710","I106_transparency",59,"Poland"
"14711","I107_judicial_independence",2.7,"Poland"
"14712","I108_challenging_regulations",2.5,"Poland"
"14713","I09_press_freedom",28.9,"Poland"
"14714","Sub4_Public_Sector",NA,"Poland"
"14715","I110_gov_burden",2.9,"Poland"
"14716","I111_settling_disputes",3,"Poland"
"14717","I112_e_participation",0.89,"Poland"
"14718","Sub5_Transparency",NA,"Poland"
"14719","I113_corruption",60,"Poland"
"14720","I114_property_rights",NA,"Poland"
"14721","I114_property_rights",4.1,"Poland"
"14722","I115_intellectual_property_protection",4.1,"Poland"
"14723","I116_land_administration",19,"Poland"
"14724","Sub6_Corporate_Governance",NA,"Poland"
"14725","I117_auditing_accounting_standards",4.7,"Poland"
"14726","I118_interest_conflict_regulation",6,"Poland"
"14727","I119_shareholder_governance",6.3,"Poland"
"14728","Sub7_Government_Orientation",NA,"Poland"
"14729","I120_policy_stability",2.9,"Poland"
"14730","I121_response_to_change",3.3,"Poland"
"14731","I122_digital_business_laws",3.5,"Poland"
"14732","I123_gov_long_term_vision",3.2,"Poland"
"14733","I124_energy_regulations",49.7,"Poland"
"14734","I125_renewable_energy",44.9,"Poland"
"14735","I126_environment_treaties",24,"Poland"
"14736","P2_infrastructure",NA,"Poland"
"14737","Sub8_Transport_Infrastructure",NA,"Poland"
"14738","I201_road_connectivity",88,"Poland"
"14739","I202_quality_of_roads",4.3,"Poland"
"14740","I203_railroad_density",60.5,"Poland"
"14741","I204_train_efficiency",3.9,"Poland"
"14742","I205_airport_connectivity",114416.4,"Poland"
"14743","I206_air_transport_efficiency",4.8,"Poland"
"14744","I207_shipping_connectivity",63.1,"Poland"
"14745","I208_seaport_efficiency",4.5,"Poland"
"14746","Sub9_Utility_Infrastructure",NA,"Poland"
"14747","I209_electricity_access",100,"Poland"
"14748","I210_electricity_supply",5.6,"Poland"
"14749","I211_unsafe_drinking_water",4,"Poland"
"14750","I212_water_supply",5.9,"Poland"
"14751","P3_ICT_adoption",NA,"Poland"
"14752","I301_cellular_subscription",134.7,"Poland"
"14753","I302_mobile_broadband",171.7,"Poland"
"14754","I303_fixed_broadband",18.9,"Poland"
"14755","I304_fibre_internet",2,"Poland"
"14756","I305_internet_users",77.5,"Poland"
"14757","P4_macro_stability",NA,"Poland"
"14758","I401_inflation",1.8,"Poland"
"14759","I402_debt_dynamic",100,"Poland"
"14760","P5_health",NA,"Poland"
"14761","I501_healthy_life_expectancy",66.8,"Poland"
"14762","P6_skills",NA,"Poland"
"14763","Sub10_Workforce",NA,"Poland"
"14764","I601_years_of_schooling",12.3,"Poland"
"14765","Sub11_Workforce_Skills",NA,"Poland"
"14766","I602_staff_training",4,"Poland"
"14767","I603_vocational_training",3.5,"Poland"
"14768","I604_graduates_skillset",3.7,"Poland"
"14769","I605_digital_skills",4.3,"Poland"
"14770","I606_skilled_employees",4.1,"Poland"
"14771","Sub12_Future_Workforce",NA,"Poland"
"14772","I501_healthy_life_expectancy",16.4,"Poland"
"14773","Sub13_Future_Workforce_Skills",NA,"Poland"
"14774","I608_critical_thinking",3.1,"Poland"
"14775","I609_pupil_teacher_ratio",10.8,"Poland"
"14776","P7_product_market",NA,"Poland"
"14777","Sub14_Domestic_Competition",NA,"Poland"
"14778","I701_distortive_taxes",3.6,"Poland"
"14779","I702_market_dominance",4.7,"Poland"
"14780","I703_competition_services",4.9,"Poland"
"14781","Sub15_Trade_Openess",NA,"Poland"
"14782","I704_non_tariff_barriers",4.4,"Poland"
"14783","I705_trade_tariffs",1.12,"Poland"
"14784","I706_tariffs_complexity",2.9,"Poland"
"14785","I707_border_clearance",3.3,"Poland"
"14786","P8_labour_market",NA,"Poland"
"14787","Sub16_Flexibility",NA,"Poland"
"14788","I801_redundancy_costs",18.8,"Poland"
"14789","I802_hiring_firing_practices",3.3,"Poland"
"14790","I803_labour_employer_relations",4.3,"Poland"
"14791","I804_wage_flexibility",5.5,"Poland"
"14792","I805_labour_market_policies",3.6,"Poland"
"14793","I806_workers_rights",74,"Poland"
"14794","I807_foreign_labour_hiring",3.5,"Poland"
"14795","I808_internal_labour_mobility",3.4,"Poland"
"14796","Sub17_Meritocracy",NA,"Poland"
"14797","I809_reliance_on_management",4.1,"Poland"
"14798","I810_pay_productivity",4.2,"Poland"
"14799","I811_gender_pay_gap",0.84,"Poland"
"14800","I812_labour_tax",25.2,"Poland"
"14801","P9_financial_system",NA,"Poland"
"14802","Sub18_Depth",NA,"Poland"
"14803","I901_credit_to_private_sector",53.5,"Poland"
"14804","I902_financing_SME",3.9,"Poland"
"14805","I903_venture_capital",2.9,"Poland"
"14806","I904_market_capitalization",32.2,"Poland"
"14807","I905_insurance_premium",2.6,"Poland"
"14808","Sub19_Stability",NA,"Poland"
"14809","I906_banks_soundness",5.3,"Poland"
"14810","I907_non_performing_loans",3.9,"Poland"
"14811","I908_credit_gap",-6.6,"Poland"
"14812","I909_regulatory_capital",17.1,"Poland"
"14813","P10_market_size",NA,"Poland"
"14814","I1001_GDP_PPP",1078,"Poland"
"14815","I1002_imports",52.8,"Poland"
"14816","P11_dynamism",NA,"Poland"
"14817","Sub20_Administrative_Requirements",NA,"Poland"
"14818","I1101_starting_business_cost",11.8,"Poland"
"14819","I1102_starting_business_time",37,"Poland"
"14820","I1103_insolvency_recovery_rate",60.8,"Poland"
"14821","I1104_insolvency_regulations",14,"Poland"
"14822","Sub21_Entrepreneurial_Culture",NA,"Poland"
"14823","I1105_risk_attitudes",3.9,"Poland"
"14824","I1106_delegating_authority",4.1,"Poland"
"14825","I1107_innovating_companies",3.9,"Poland"
"14826","I1108_disruptive_ideas",3.3,"Poland"
"14827","P12_innovation",NA,"Poland"
"14828","Sub22_Diversity",NA,"Poland"
"14829","I1201_workforce_diversity",3.6,"Poland"
"14830","I1202_cluster_development",3.8,"Poland"
"14831","I1203_international_inventions",1.69,"Poland"
"14832","I1204_stakeholder_collaboration",3.2,"Poland"
"14833","Sub23_Research_Development",NA,"Poland"
"14834","I1205_scientific_publications",481,"Poland"
"14835","I1206_patents",12.68,"Poland"
"14836","I1207_RnD_expenditures",1,"Poland"
"14837","I1208_research_institutions",0.14,"Poland"
"14838","Sub24_Commercialization",NA,"Poland"
"14839","I1209_buyer_sophistication",3.6,"Poland"
"14840","I1210_trademarks",3190.73,"Poland"
"14841","P1_institutions",NA,"Portugal"
"14842","Sub1_Security",NA,"Portugal"
"14843","I101_organized_crime",6.1,"Portugal"
"14844","I102_homicide",0.7,"Portugal"
"14845","I103_terrorism",100,"Portugal"
"14846","I104_police",5.8,"Portugal"
"14847","Sub2_Social_Capital",NA,"Portugal"
"14848","Sub2_Social_Capital",55.5,"Portugal"
"14849","Sub3_Checks_Balances",NA,"Portugal"
"14850","I106_transparency",66,"Portugal"
"14851","I107_judicial_independence",4.5,"Portugal"
"14852","I108_challenging_regulations",3.1,"Portugal"
"14853","I09_press_freedom",12.6,"Portugal"
"14854","Sub4_Public_Sector",NA,"Portugal"
"14855","I110_gov_burden",3.1,"Portugal"
"14856","I111_settling_disputes",3,"Portugal"
"14857","I112_e_participation",0.9,"Portugal"
"14858","Sub5_Transparency",NA,"Portugal"
"14859","I113_corruption",64,"Portugal"
"14860","I114_property_rights",NA,"Portugal"
"14861","I114_property_rights",4.9,"Portugal"
"14862","I115_intellectual_property_protection",5.1,"Portugal"
"14863","I116_land_administration",20,"Portugal"
"14864","Sub6_Corporate_Governance",NA,"Portugal"
"14865","I117_auditing_accounting_standards",4.3,"Portugal"
"14866","I118_interest_conflict_regulation",6,"Portugal"
"14867","I119_shareholder_governance",6,"Portugal"
"14868","Sub7_Government_Orientation",NA,"Portugal"
"14869","I120_policy_stability",4,"Portugal"
"14870","I121_response_to_change",3.9,"Portugal"
"14871","I122_digital_business_laws",3.7,"Portugal"
"14872","I123_gov_long_term_vision",3.2,"Portugal"
"14873","I124_energy_regulations",83.5,"Portugal"
"14874","I125_renewable_energy",78.4,"Portugal"
"14875","I126_environment_treaties",28,"Portugal"
"14876","P2_infrastructure",NA,"Portugal"
"14877","Sub8_Transport_Infrastructure",NA,"Portugal"
"14878","I201_road_connectivity",94.2,"Portugal"
"14879","I202_quality_of_roads",6,"Portugal"
"14880","I203_railroad_density",27.8,"Portugal"
"14881","I204_train_efficiency",4.2,"Portugal"
"14882","I205_airport_connectivity",174511.4,"Portugal"
"14883","I206_air_transport_efficiency",5,"Portugal"
"14884","I207_shipping_connectivity",65.1,"Portugal"
"14885","I208_seaport_efficiency",4.9,"Portugal"
"14886","Sub9_Utility_Infrastructure",NA,"Portugal"
"14887","I209_electricity_access",100,"Portugal"
"14888","I210_electricity_supply",8.8,"Portugal"
"14889","I211_unsafe_drinking_water",1.1,"Portugal"
"14890","I212_water_supply",6.3,"Portugal"
"14891","P3_ICT_adoption",NA,"Portugal"
"14892","I301_cellular_subscription",115.6,"Portugal"
"14893","I302_mobile_broadband",73.8,"Portugal"
"14894","I303_fixed_broadband",36.9,"Portugal"
"14895","I304_fibre_internet",13.4,"Portugal"
"14896","I305_internet_users",74.7,"Portugal"
"14897","P4_macro_stability",NA,"Portugal"
"14898","I401_inflation",1.4,"Portugal"
"14899","I402_debt_dynamic",70,"Portugal"
"14900","P5_health",NA,"Portugal"
"14901","I501_healthy_life_expectancy",70.1,"Portugal"
"14902","P6_skills",NA,"Portugal"
"14903","Sub10_Workforce",NA,"Portugal"
"14904","I601_years_of_schooling",9.2,"Portugal"
"14905","Sub11_Workforce_Skills",NA,"Portugal"
"14906","I602_staff_training",4.1,"Portugal"
"14907","I603_vocational_training",4.3,"Portugal"
"14908","I604_graduates_skillset",4.8,"Portugal"
"14909","I605_digital_skills",4.5,"Portugal"
"14910","I606_skilled_employees",4.6,"Portugal"
"14911","Sub12_Future_Workforce",NA,"Portugal"
"14912","I501_healthy_life_expectancy",16.3,"Portugal"
"14913","Sub13_Future_Workforce_Skills",NA,"Portugal"
"14914","I608_critical_thinking",3.9,"Portugal"
"14915","I609_pupil_teacher_ratio",12.8,"Portugal"
"14916","P7_product_market",NA,"Portugal"
"14917","Sub14_Domestic_Competition",NA,"Portugal"
"14918","I701_distortive_taxes",3.7,"Portugal"
"14919","I702_market_dominance",4,"Portugal"
"14920","I703_competition_services",5.4,"Portugal"
"14921","Sub15_Trade_Openess",NA,"Portugal"
"14922","I704_non_tariff_barriers",5.4,"Portugal"
"14923","I705_trade_tariffs",1.12,"Portugal"
"14924","I706_tariffs_complexity",2.9,"Portugal"
"14925","I707_border_clearance",3.2,"Portugal"
"14926","P8_labour_market",NA,"Portugal"
"14927","Sub16_Flexibility",NA,"Portugal"
"14928","I801_redundancy_costs",17,"Portugal"
"14929","I802_hiring_firing_practices",3.1,"Portugal"
"14930","I803_labour_employer_relations",4.5,"Portugal"
"14931","I804_wage_flexibility",4.6,"Portugal"
"14932","I805_labour_market_policies",4,"Portugal"
"14933","I806_workers_rights",90,"Portugal"
"14934","I807_foreign_labour_hiring",4.9,"Portugal"
"14935","I808_internal_labour_mobility",3.8,"Portugal"
"14936","Sub17_Meritocracy",NA,"Portugal"
"14937","I809_reliance_on_management",4.3,"Portugal"
"14938","I810_pay_productivity",3.7,"Portugal"
"14939","I811_gender_pay_gap",0.94,"Portugal"
"14940","I812_labour_tax",26.8,"Portugal"
"14941","P9_financial_system",NA,"Portugal"
"14942","Sub18_Depth",NA,"Portugal"
"14943","I901_credit_to_private_sector",111.9,"Portugal"
"14944","I902_financing_SME",3.9,"Portugal"
"14945","I903_venture_capital",3.4,"Portugal"
"14946","I904_market_capitalization",30.9,"Portugal"
"14947","I905_insurance_premium",6,"Portugal"
"14948","Sub19_Stability",NA,"Portugal"
"14949","I906_banks_soundness",3.7,"Portugal"
"14950","I907_non_performing_loans",13.3,"Portugal"
"14951","I908_credit_gap",-24.5,"Portugal"
"14952","I909_regulatory_capital",13.6,"Portugal"
"14953","P10_market_size",NA,"Portugal"
"14954","I1001_GDP_PPP",293,"Portugal"
"14955","I1002_imports",44.7,"Portugal"
"14956","P11_dynamism",NA,"Portugal"
"14957","Sub20_Administrative_Requirements",NA,"Portugal"
"14958","I1101_starting_business_cost",2,"Portugal"
"14959","I1102_starting_business_time",6.5,"Portugal"
"14960","I1103_insolvency_recovery_rate",64.5,"Portugal"
"14961","I1104_insolvency_regulations",14.5,"Portugal"
"14962","Sub21_Entrepreneurial_Culture",NA,"Portugal"
"14963","I1105_risk_attitudes",3.8,"Portugal"
"14964","I1106_delegating_authority",4.2,"Portugal"
"14965","I1107_innovating_companies",4.4,"Portugal"
"14966","I1108_disruptive_ideas",3.8,"Portugal"
"14967","P12_innovation",NA,"Portugal"
"14968","Sub22_Diversity",NA,"Portugal"
"14969","I1201_workforce_diversity",4.8,"Portugal"
"14970","I1202_cluster_development",4.3,"Portugal"
"14971","I1203_international_inventions",1.55,"Portugal"
"14972","I1204_stakeholder_collaboration",4,"Portugal"
"14973","Sub23_Research_Development",NA,"Portugal"
"14974","I1205_scientific_publications",417.3,"Portugal"
"14975","I1206_patents",12.97,"Portugal"
"14976","I1207_RnD_expenditures",1.3,"Portugal"
"14977","I1208_research_institutions",0.07,"Portugal"
"14978","Sub24_Commercialization",NA,"Portugal"
"14979","I1209_buyer_sophistication",3.9,"Portugal"
"14980","I1210_trademarks",6121.03,"Portugal"
"14981","P1_institutions",NA,"Qatar"
"14982","Sub1_Security",NA,"Qatar"
"14983","I101_organized_crime",5.7,"Qatar"
"14984","I102_homicide",0.4,"Qatar"
"14985","I103_terrorism",100,"Qatar"
"14986","I104_police",5.8,"Qatar"
"14987","Sub2_Social_Capital",NA,"Qatar"
"14988","Sub2_Social_Capital",56.4,"Qatar"
"14989","Sub3_Checks_Balances",NA,"Qatar"
"14990","I106_transparency",0,"Qatar"
"14991","I107_judicial_independence",5.4,"Qatar"
"14992","I108_challenging_regulations",5,"Qatar"
"14993","I09_press_freedom",42.5,"Qatar"
"14994","Sub4_Public_Sector",NA,"Qatar"
"14995","I110_gov_burden",5,"Qatar"
"14996","I111_settling_disputes",5.3,"Qatar"
"14997","I112_e_participation",0.71,"Qatar"
"14998","Sub5_Transparency",NA,"Qatar"
"14999","I113_corruption",62,"Qatar"
"15000","I114_property_rights",NA,"Qatar"
"15001","I114_property_rights",5.4,"Qatar"
"15002","I115_intellectual_property_protection",5.5,"Qatar"
"15003","I116_land_administration",24.5,"Qatar"
"15004","Sub6_Corporate_Governance",NA,"Qatar"
"15005","I117_auditing_accounting_standards",5.4,"Qatar"
"15006","I118_interest_conflict_regulation",2,"Qatar"
"15007","I119_shareholder_governance",3.7,"Qatar"
"15008","Sub7_Government_Orientation",NA,"Qatar"
"15009","I120_policy_stability",5.3,"Qatar"
"15010","I121_response_to_change",5.4,"Qatar"
"15011","I122_digital_business_laws",4.9,"Qatar"
"15012","I123_gov_long_term_vision",5.6,"Qatar"
"15013","I124_energy_regulations",39.9,"Qatar"
"15014","I125_renewable_energy",27.9,"Qatar"
"15015","I126_environment_treaties",20,"Qatar"
"15016","P2_infrastructure",NA,"Qatar"
"15017","Sub8_Transport_Infrastructure",NA,"Qatar"
"15018","I201_road_connectivity",92,"Qatar"
"15019","I202_quality_of_roads",5.5,"Qatar"
"15020","I203_railroad_density",NA,"Qatar"
"15021","I204_train_efficiency",NA,"Qatar"
"15022","I205_airport_connectivity",141531.4,"Qatar"
"15023","I206_air_transport_efficiency",5.7,"Qatar"
"15024","I207_shipping_connectivity",41.7,"Qatar"
"15025","I208_seaport_efficiency",5.4,"Qatar"
"15026","Sub9_Utility_Infrastructure",NA,"Qatar"
"15027","I209_electricity_access",100,"Qatar"
"15028","I210_electricity_supply",6,"Qatar"
"15029","I211_unsafe_drinking_water",10.4,"Qatar"
"15030","I212_water_supply",5.7,"Qatar"
"15031","P3_ICT_adoption",NA,"Qatar"
"15032","I301_cellular_subscription",NA,"Qatar"
"15033","I302_mobile_broadband",NA,"Qatar"
"15034","I303_fixed_broadband",NA,"Qatar"
"15035","I304_fibre_internet",NA,"Qatar"
"15036","I305_internet_users",NA,"Qatar"
"15037","P4_macro_stability",NA,"Qatar"
"15038","I401_inflation",NA,"Qatar"
"15039","I402_debt_dynamic",NA,"Qatar"
"15040","P5_health",NA,"Qatar"
"15041","I501_healthy_life_expectancy",NA,"Qatar"
"15042","P6_skills",NA,"Qatar"
"15043","Sub10_Workforce",NA,"Qatar"
"15044","I601_years_of_schooling",NA,"Qatar"
"15045","Sub11_Workforce_Skills",NA,"Qatar"
"15046","I602_staff_training",NA,"Qatar"
"15047","I603_vocational_training",NA,"Qatar"
"15048","I604_graduates_skillset",NA,"Qatar"
"15049","I605_digital_skills",NA,"Qatar"
"15050","I606_skilled_employees",NA,"Qatar"
"15051","Sub12_Future_Workforce",NA,"Qatar"
"15052","I501_healthy_life_expectancy",NA,"Qatar"
"15053","Sub13_Future_Workforce_Skills",NA,"Qatar"
"15054","I608_critical_thinking",NA,"Qatar"
"15055","I609_pupil_teacher_ratio",NA,"Qatar"
"15056","P7_product_market",NA,"Qatar"
"15057","Sub14_Domestic_Competition",NA,"Qatar"
"15058","I701_distortive_taxes",NA,"Qatar"
"15059","I702_market_dominance",NA,"Qatar"
"15060","I703_competition_services",NA,"Qatar"
"15061","Sub15_Trade_Openess",NA,"Qatar"
"15062","I704_non_tariff_barriers",NA,"Qatar"
"15063","I705_trade_tariffs",NA,"Qatar"
"15064","I706_tariffs_complexity",NA,"Qatar"
"15065","I707_border_clearance",NA,"Qatar"
"15066","P8_labour_market",NA,"Qatar"
"15067","Sub16_Flexibility",NA,"Qatar"
"15068","I801_redundancy_costs",NA,"Qatar"
"15069","I802_hiring_firing_practices",NA,"Qatar"
"15070","I803_labour_employer_relations",NA,"Qatar"
"15071","I804_wage_flexibility",NA,"Qatar"
"15072","I805_labour_market_policies",NA,"Qatar"
"15073","I806_workers_rights",NA,"Qatar"
"15074","I807_foreign_labour_hiring",NA,"Qatar"
"15075","I808_internal_labour_mobility",NA,"Qatar"
"15076","Sub17_Meritocracy",NA,"Qatar"
"15077","I809_reliance_on_management",NA,"Qatar"
"15078","I810_pay_productivity",NA,"Qatar"
"15079","I811_gender_pay_gap",NA,"Qatar"
"15080","I812_labour_tax",NA,"Qatar"
"15081","P9_financial_system",NA,"Qatar"
"15082","Sub18_Depth",NA,"Qatar"
"15083","I901_credit_to_private_sector",76,"Qatar"
"15084","I902_financing_SME",5.2,"Qatar"
"15085","I903_venture_capital",4.8,"Qatar"
"15086","I904_market_capitalization",89.5,"Qatar"
"15087","I905_insurance_premium",NA,"Qatar"
"15088","Sub19_Stability",NA,"Qatar"
"15089","I906_banks_soundness",5.4,"Qatar"
"15090","I907_non_performing_loans",1.7,"Qatar"
"15091","I908_credit_gap",9.9,"Qatar"
"15092","I909_regulatory_capital",15.9,"Qatar"
"15093","P10_market_size",NA,"Qatar"
"15094","I1001_GDP_PPP",315,"Qatar"
"15095","I1002_imports",33.8,"Qatar"
"15096","P11_dynamism",NA,"Qatar"
"15097","Sub20_Administrative_Requirements",NA,"Qatar"
"15098","I1101_starting_business_cost",7.1,"Qatar"
"15099","I1102_starting_business_time",8,"Qatar"
"15100","I1103_insolvency_recovery_rate",30.2,"Qatar"
"15101","I1104_insolvency_regulations",7,"Qatar"
"15102","Sub21_Entrepreneurial_Culture",NA,"Qatar"
"15103","I1105_risk_attitudes",4.9,"Qatar"
"15104","I1106_delegating_authority",5.1,"Qatar"
"15105","I1107_innovating_companies",5,"Qatar"
"15106","I1108_disruptive_ideas",4.8,"Qatar"
"15107","P12_innovation",NA,"Qatar"
"15108","Sub22_Diversity",NA,"Qatar"
"15109","I1201_workforce_diversity",5.5,"Qatar"
"15110","I1202_cluster_development",4.9,"Qatar"
"15111","I1203_international_inventions",1.54,"Qatar"
"15112","I1204_stakeholder_collaboration",4.9,"Qatar"
"15113","Sub23_Research_Development",NA,"Qatar"
"15114","I1205_scientific_publications",124,"Qatar"
"15115","I1206_patents",5.67,"Qatar"
"15116","I1207_RnD_expenditures",0.5,"Qatar"
"15117","I1208_research_institutions",0.01,"Qatar"
"15118","Sub24_Commercialization",NA,"Qatar"
"15119","I1209_buyer_sophistication",4.8,"Qatar"
"15120","I1210_trademarks",1214.7,"Qatar"
"15121","P1_institutions",NA,"Romania"
"15122","Sub1_Security",NA,"Romania"
"15123","I101_organized_crime",4.8,"Romania"
"15124","I102_homicide",1.5,"Romania"
"15125","I103_terrorism",100,"Romania"
"15126","I104_police",5,"Romania"
"15127","Sub2_Social_Capital",NA,"Romania"
"15128","Sub2_Social_Capital",48.7,"Romania"
"15129","Sub3_Checks_Balances",NA,"Romania"
"15130","I106_transparency",75,"Romania"
"15131","I107_judicial_independence",4,"Romania"
"15132","I108_challenging_regulations",2.8,"Romania"
"15133","I09_press_freedom",25.7,"Romania"
"15134","Sub4_Public_Sector",NA,"Romania"
"15135","I110_gov_burden",3,"Romania"
"15136","I111_settling_disputes",3.9,"Romania"
"15137","I112_e_participation",0.71,"Romania"
"15138","Sub5_Transparency",NA,"Romania"
"15139","I113_corruption",47,"Romania"
"15140","I114_property_rights",NA,"Romania"
"15141","I114_property_rights",4.6,"Romania"
"15142","I115_intellectual_property_protection",4.7,"Romania"
"15143","I116_land_administration",17,"Romania"
"15144","Sub6_Corporate_Governance",NA,"Romania"
"15145","I117_auditing_accounting_standards",4.8,"Romania"
"15146","I118_interest_conflict_regulation",6,"Romania"
"15147","I119_shareholder_governance",6,"Romania"
"15148","Sub7_Government_Orientation",NA,"Romania"
"15149","I120_policy_stability",2.8,"Romania"
"15150","I121_response_to_change",3,"Romania"
"15151","I122_digital_business_laws",4.1,"Romania"
"15152","I123_gov_long_term_vision",3,"Romania"
"15153","I124_energy_regulations",85.4,"Romania"
"15154","I125_renewable_energy",68.3,"Romania"
"15155","I126_environment_treaties",25,"Romania"
"15156","P2_infrastructure",NA,"Romania"
"15157","Sub8_Transport_Infrastructure",NA,"Romania"
"15158","I201_road_connectivity",79.3,"Romania"
"15159","I202_quality_of_roads",3,"Romania"
"15160","I203_railroad_density",46.8,"Romania"
"15161","I204_train_efficiency",2.8,"Romania"
"15162","I205_airport_connectivity",59903.7,"Romania"
"15163","I206_air_transport_efficiency",4.6,"Romania"
"15164","I207_shipping_connectivity",29.8,"Romania"
"15165","I208_seaport_efficiency",3.9,"Romania"
"15166","Sub9_Utility_Infrastructure",NA,"Romania"
"15167","I209_electricity_access",100,"Romania"
"15168","I210_electricity_supply",11.9,"Romania"
"15169","I211_unsafe_drinking_water",8.5,"Romania"
"15170","I212_water_supply",5.2,"Romania"
"15171","P3_ICT_adoption",NA,"Romania"
"15172","I301_cellular_subscription",116.2,"Romania"
"15173","I302_mobile_broadband",88,"Romania"
"15174","I303_fixed_broadband",26.1,"Romania"
"15175","I304_fibre_internet",13.2,"Romania"
"15176","I305_internet_users",70.7,"Romania"
"15177","P4_macro_stability",NA,"Romania"
"15178","I401_inflation",3,"Romania"
"15179","I402_debt_dynamic",79.3,"Romania"
"15180","P5_health",NA,"Romania"
"15181","I501_healthy_life_expectancy",64.7,"Romania"
"15182","P6_skills",NA,"Romania"
"15183","Sub10_Workforce",NA,"Romania"
"15184","I601_years_of_schooling",11,"Romania"
"15185","Sub11_Workforce_Skills",NA,"Romania"
"15186","I602_staff_training",3.7,"Romania"
"15187","I603_vocational_training",3.5,"Romania"
"15188","I604_graduates_skillset",3.5,"Romania"
"15189","I605_digital_skills",4.5,"Romania"
"15190","I606_skilled_employees",3.3,"Romania"
"15191","Sub12_Future_Workforce",NA,"Romania"
"15192","I501_healthy_life_expectancy",14.3,"Romania"
"15193","Sub13_Future_Workforce_Skills",NA,"Romania"
"15194","I608_critical_thinking",2.7,"Romania"
"15195","I609_pupil_teacher_ratio",19.3,"Romania"
"15196","P7_product_market",NA,"Romania"
"15197","Sub14_Domestic_Competition",NA,"Romania"
"15198","I701_distortive_taxes",3.5,"Romania"
"15199","I702_market_dominance",3.9,"Romania"
"15200","I703_competition_services",5.4,"Romania"
"15201","Sub15_Trade_Openess",NA,"Romania"
"15202","I704_non_tariff_barriers",4.8,"Romania"
"15203","I705_trade_tariffs",1.12,"Romania"
"15204","I706_tariffs_complexity",2.9,"Romania"
"15205","I707_border_clearance",2.6,"Romania"
"15206","P8_labour_market",NA,"Romania"
"15207","Sub16_Flexibility",NA,"Romania"
"15208","I801_redundancy_costs",4,"Romania"
"15209","I802_hiring_firing_practices",4.4,"Romania"
"15210","I803_labour_employer_relations",4.3,"Romania"
"15211","I804_wage_flexibility",5.2,"Romania"
"15212","I805_labour_market_policies",3.7,"Romania"
"15213","I806_workers_rights",73,"Romania"
"15214","I807_foreign_labour_hiring",4.9,"Romania"
"15215","I808_internal_labour_mobility",3.6,"Romania"
"15216","Sub17_Meritocracy",NA,"Romania"
"15217","I809_reliance_on_management",3.9,"Romania"
"15218","I810_pay_productivity",3.7,"Romania"
"15219","I811_gender_pay_gap",0.77,"Romania"
"15220","I812_labour_tax",25.8,"Romania"
"15221","P9_financial_system",NA,"Romania"
"15222","Sub18_Depth",NA,"Romania"
"15223","I901_credit_to_private_sector",28.1,"Romania"
"15224","I902_financing_SME",3.7,"Romania"
"15225","I903_venture_capital",2.6,"Romania"
"15226","I904_market_capitalization",19.6,"Romania"
"15227","I905_insurance_premium",NA,"Romania"
"15228","Sub19_Stability",NA,"Romania"
"15229","I906_banks_soundness",4.9,"Romania"
"15230","I907_non_performing_loans",6.4,"Romania"
"15231","I908_credit_gap",-9.6,"Romania"
"15232","I909_regulatory_capital",19.6,"Romania"
"15233","P10_market_size",NA,"Romania"
"15234","I1001_GDP_PPP",459,"Romania"
"15235","I1002_imports",47.8,"Romania"
"15236","P11_dynamism",NA,"Romania"
"15237","Sub20_Administrative_Requirements",NA,"Romania"
"15238","I1101_starting_business_cost",0.4,"Romania"
"15239","I1102_starting_business_time",35,"Romania"
"15240","I1103_insolvency_recovery_rate",35.8,"Romania"
"15241","I1104_insolvency_regulations",13,"Romania"
"15242","Sub21_Entrepreneurial_Culture",NA,"Romania"
"15243","I1105_risk_attitudes",3.6,"Romania"
"15244","I1106_delegating_authority",4.1,"Romania"
"15245","I1107_innovating_companies",4.2,"Romania"
"15246","I1108_disruptive_ideas",3.7,"Romania"
"15247","P12_innovation",NA,"Romania"
"15248","Sub22_Diversity",NA,"Romania"
"15249","I1201_workforce_diversity",5.3,"Romania"
"15250","I1202_cluster_development",3.3,"Romania"
"15251","I1203_international_inventions",0.99,"Romania"
"15252","I1204_stakeholder_collaboration",3.4,"Romania"
"15253","Sub23_Research_Development",NA,"Romania"
"15254","I1205_scientific_publications",227.7,"Romania"
"15255","I1206_patents",3.58,"Romania"
"15256","I1207_RnD_expenditures",0.5,"Romania"
"15257","I1208_research_institutions",0.05,"Romania"
"15258","Sub24_Commercialization",NA,"Romania"
"15259","I1209_buyer_sophistication",3.1,"Romania"
"15260","I1210_trademarks",1512.91,"Romania"
"15261","P1_institutions",NA,"Russian Federation"
"15262","Sub1_Security",NA,"Russian Federation"
"15263","I101_organized_crime",4.6,"Russian Federation"
"15264","I102_homicide",9.2,"Russian Federation"
"15265","I103_terrorism",93.1,"Russian Federation"
"15266","I104_police",4,"Russian Federation"
"15267","Sub2_Social_Capital",NA,"Russian Federation"
"15268","Sub2_Social_Capital",45.3,"Russian Federation"
"15269","Sub3_Checks_Balances",NA,"Russian Federation"
"15270","I106_transparency",72,"Russian Federation"
"15271","I107_judicial_independence",3.2,"Russian Federation"
"15272","I108_challenging_regulations",3.1,"Russian Federation"
"15273","I09_press_freedom",50.3,"Russian Federation"
"15274","Sub4_Public_Sector",NA,"Russian Federation"
"15275","I110_gov_burden",3.2,"Russian Federation"
"15276","I111_settling_disputes",3.5,"Russian Federation"
"15277","I112_e_participation",0.92,"Russian Federation"
"15278","Sub5_Transparency",NA,"Russian Federation"
"15279","I113_corruption",28,"Russian Federation"
"15280","I114_property_rights",NA,"Russian Federation"
"15281","I114_property_rights",3.7,"Russian Federation"
"15282","I115_intellectual_property_protection",3.8,"Russian Federation"
"15283","I116_land_administration",26,"Russian Federation"
"15284","Sub6_Corporate_Governance",NA,"Russian Federation"
"15285","I117_auditing_accounting_standards",4.3,"Russian Federation"
"15286","I118_interest_conflict_regulation",5,"Russian Federation"
"15287","I119_shareholder_governance",7.3,"Russian Federation"
"15288","Sub7_Government_Orientation",NA,"Russian Federation"
"15289","I120_policy_stability",3.7,"Russian Federation"
"15290","I121_response_to_change",3.8,"Russian Federation"
"15291","I122_digital_business_laws",3.9,"Russian Federation"
"15292","I123_gov_long_term_vision",4.1,"Russian Federation"
"15293","I124_energy_regulations",59.2,"Russian Federation"
"15294","I125_renewable_energy",59.9,"Russian Federation"
"15295","I126_environment_treaties",19,"Russian Federation"
"15296","P2_infrastructure",NA,"Russian Federation"
"15297","Sub8_Transport_Infrastructure",NA,"Russian Federation"
"15298","I201_road_connectivity",85.7,"Russian Federation"
"15299","I202_quality_of_roads",3.5,"Russian Federation"
"15300","I203_railroad_density",5.2,"Russian Federation"
"15301","I204_train_efficiency",4.9,"Russian Federation"
"15302","I205_airport_connectivity",426396.7,"Russian Federation"
"15303","I206_air_transport_efficiency",5,"Russian Federation"
"15304","I207_shipping_connectivity",40.4,"Russian Federation"
"15305","I208_seaport_efficiency",4.7,"Russian Federation"
"15306","Sub9_Utility_Infrastructure",NA,"Russian Federation"
"15307","I209_electricity_access",100,"Russian Federation"
"15308","I210_electricity_supply",10,"Russian Federation"
"15309","I211_unsafe_drinking_water",7.9,"Russian Federation"
"15310","I212_water_supply",5.3,"Russian Federation"
"15311","P3_ICT_adoption",NA,"Russian Federation"
"15312","I301_cellular_subscription",157.4,"Russian Federation"
"15313","I302_mobile_broadband",87.3,"Russian Federation"
"15314","I303_fixed_broadband",22.2,"Russian Federation"
"15315","I304_fibre_internet",15.8,"Russian Federation"
"15316","I305_internet_users",80.9,"Russian Federation"
"15317","P4_macro_stability",NA,"Russian Federation"
"15318","I401_inflation",3.3,"Russian Federation"
"15319","I402_debt_dynamic",80,"Russian Federation"
"15320","P5_health",NA,"Russian Federation"
"15321","I501_healthy_life_expectancy",62.2,"Russian Federation"
"15322","P6_skills",NA,"Russian Federation"
"15323","Sub10_Workforce",NA,"Russian Federation"
"15324","I601_years_of_schooling",10.7,"Russian Federation"
"15325","Sub11_Workforce_Skills",NA,"Russian Federation"
"15326","I602_staff_training",3.9,"Russian Federation"
"15327","I603_vocational_training",4.1,"Russian Federation"
"15328","I604_graduates_skillset",4,"Russian Federation"
"15329","I605_digital_skills",4.9,"Russian Federation"
"15330","I606_skilled_employees",4.5,"Russian Federation"
"15331","Sub12_Future_Workforce",NA,"Russian Federation"
"15332","I501_healthy_life_expectancy",15.5,"Russian Federation"
"15333","Sub13_Future_Workforce_Skills",NA,"Russian Federation"
"15334","I608_critical_thinking",3.9,"Russian Federation"
"15335","I609_pupil_teacher_ratio",20.6,"Russian Federation"
"15336","P7_product_market",NA,"Russian Federation"
"15337","Sub14_Domestic_Competition",NA,"Russian Federation"
"15338","I701_distortive_taxes",3.8,"Russian Federation"
"15339","I702_market_dominance",3.7,"Russian Federation"
"15340","I703_competition_services",5.5,"Russian Federation"
"15341","Sub15_Trade_Openess",NA,"Russian Federation"
"15342","I704_non_tariff_barriers",4.1,"Russian Federation"
"15343","I705_trade_tariffs",4.38,"Russian Federation"
"15344","I706_tariffs_complexity",3.7,"Russian Federation"
"15345","I707_border_clearance",2.4,"Russian Federation"
"15346","P8_labour_market",NA,"Russian Federation"
"15347","Sub16_Flexibility",NA,"Russian Federation"
"15348","I801_redundancy_costs",17.4,"Russian Federation"
"15349","I802_hiring_firing_practices",4.1,"Russian Federation"
"15350","I803_labour_employer_relations",4.4,"Russian Federation"
"15351","I804_wage_flexibility",5.7,"Russian Federation"
"15352","I805_labour_market_policies",3.6,"Russian Federation"
"15353","I806_workers_rights",77,"Russian Federation"
"15354","I807_foreign_labour_hiring",3.9,"Russian Federation"
"15355","I808_internal_labour_mobility",4.2,"Russian Federation"
"15356","Sub17_Meritocracy",NA,"Russian Federation"
"15357","I809_reliance_on_management",4,"Russian Federation"
"15358","I810_pay_productivity",4.5,"Russian Federation"
"15359","I811_gender_pay_gap",0.83,"Russian Federation"
"15360","I812_labour_tax",36.4,"Russian Federation"
"15361","P9_financial_system",NA,"Russian Federation"
"15362","Sub18_Depth",NA,"Russian Federation"
"15363","I901_credit_to_private_sector",54.2,"Russian Federation"
"15364","I902_financing_SME",3.3,"Russian Federation"
"15365","I903_venture_capital",2.8,"Russian Federation"
"15366","I904_market_capitalization",38.9,"Russian Federation"
"15367","I905_insurance_premium",1.1,"Russian Federation"
"15368","Sub19_Stability",NA,"Russian Federation"
"15369","I906_banks_soundness",3.9,"Russian Federation"
"15370","I907_non_performing_loans",10,"Russian Federation"
"15371","I908_credit_gap",-5.3,"Russian Federation"
"15372","I909_regulatory_capital",12.6,"Russian Federation"
"15373","P10_market_size",NA,"Russian Federation"
"15374","I1001_GDP_PPP",3745,"Russian Federation"
"15375","I1002_imports",21,"Russian Federation"
"15376","P11_dynamism",NA,"Russian Federation"
"15377","Sub20_Administrative_Requirements",NA,"Russian Federation"
"15378","I1101_starting_business_cost",1.1,"Russian Federation"
"15379","I1102_starting_business_time",10.1,"Russian Federation"
"15380","I1103_insolvency_recovery_rate",42.1,"Russian Federation"
"15381","I1104_insolvency_regulations",11.5,"Russian Federation"
"15382","Sub21_Entrepreneurial_Culture",NA,"Russian Federation"
"15383","I1105_risk_attitudes",4.2,"Russian Federation"
"15384","I1106_delegating_authority",4.3,"Russian Federation"
"15385","I1107_innovating_companies",3.7,"Russian Federation"
"15386","I1108_disruptive_ideas",3.6,"Russian Federation"
"15387","P12_innovation",NA,"Russian Federation"
"15388","Sub22_Diversity",NA,"Russian Federation"
"15389","I1201_workforce_diversity",4.9,"Russian Federation"
"15390","I1202_cluster_development",3.4,"Russian Federation"
"15391","I1203_international_inventions",0.68,"Russian Federation"
"15392","I1204_stakeholder_collaboration",4,"Russian Federation"
"15393","Sub23_Research_Development",NA,"Russian Federation"
"15394","I1205_scientific_publications",503.3,"Russian Federation"
"15395","I1206_patents",3.81,"Russian Federation"
"15396","I1207_RnD_expenditures",1.1,"Russian Federation"
"15397","I1208_research_institutions",0.4,"Russian Federation"
"15398","Sub24_Commercialization",NA,"Russian Federation"
"15399","I1209_buyer_sophistication",3.5,"Russian Federation"
"15400","I1210_trademarks",437.57,"Russian Federation"
"15401","P1_institutions",NA,"Rwanda"
"15402","Sub1_Security",NA,"Rwanda"
"15403","I101_organized_crime",5.1,"Rwanda"
"15404","I102_homicide",2.5,"Rwanda"
"15405","I103_terrorism",99.7,"Rwanda"
"15406","I104_police",5.6,"Rwanda"
"15407","Sub2_Social_Capital",NA,"Rwanda"
"15408","Sub2_Social_Capital",45.8,"Rwanda"
"15409","Sub3_Checks_Balances",NA,"Rwanda"
"15410","I106_transparency",22,"Rwanda"
"15411","I107_judicial_independence",4.7,"Rwanda"
"15412","I108_challenging_regulations",4.3,"Rwanda"
"15413","I09_press_freedom",52.4,"Rwanda"
"15414","Sub4_Public_Sector",NA,"Rwanda"
"15415","I110_gov_burden",4.7,"Rwanda"
"15416","I111_settling_disputes",5,"Rwanda"
"15417","I112_e_participation",0.76,"Rwanda"
"15418","Sub5_Transparency",NA,"Rwanda"
"15419","I113_corruption",56,"Rwanda"
"15420","I114_property_rights",NA,"Rwanda"
"15421","I114_property_rights",5,"Rwanda"
"15422","I115_intellectual_property_protection",4.7,"Rwanda"
"15423","I116_land_administration",28.5,"Rwanda"
"15424","Sub6_Corporate_Governance",NA,"Rwanda"
"15425","I117_auditing_accounting_standards",4.7,"Rwanda"
"15426","I118_interest_conflict_regulation",7.3,"Rwanda"
"15427","I119_shareholder_governance",8,"Rwanda"
"15428","Sub7_Government_Orientation",NA,"Rwanda"
"15429","I120_policy_stability",5.4,"Rwanda"
"15430","I121_response_to_change",5.4,"Rwanda"
"15431","I122_digital_business_laws",4.7,"Rwanda"
"15432","I123_gov_long_term_vision",5.8,"Rwanda"
"15433","I124_energy_regulations",27.6,"Rwanda"
"15434","I125_renewable_energy",50.1,"Rwanda"
"15435","I126_environment_treaties",18,"Rwanda"
"15436","P2_infrastructure",NA,"Rwanda"
"15437","Sub8_Transport_Infrastructure",NA,"Rwanda"
"15438","I201_road_connectivity",46.6,"Rwanda"
"15439","I202_quality_of_roads",4.8,"Rwanda"
"15440","I203_railroad_density",NA,"Rwanda"
"15441","I204_train_efficiency",NA,"Rwanda"
"15442","I205_airport_connectivity",2559.9,"Rwanda"
"15443","I206_air_transport_efficiency",5,"Rwanda"
"15444","I207_shipping_connectivity",NA,"Rwanda"
"15445","I208_seaport_efficiency",3.2,"Rwanda"
"15446","Sub9_Utility_Infrastructure",NA,"Rwanda"
"15447","I209_electricity_access",42.7,"Rwanda"
"15448","I210_electricity_supply",NA,"Rwanda"
"15449","I211_unsafe_drinking_water",61.6,"Rwanda"
"15450","I212_water_supply",4.2,"Rwanda"
"15451","P3_ICT_adoption",NA,"Rwanda"
"15452","I301_cellular_subscription",78.9,"Rwanda"
"15453","I302_mobile_broadband",39,"Rwanda"
"15454","I303_fixed_broadband",0.1,"Rwanda"
"15455","I304_fibre_internet",0,"Rwanda"
"15456","I305_internet_users",21.8,"Rwanda"
"15457","P4_macro_stability",NA,"Rwanda"
"15458","I401_inflation",3.1,"Rwanda"
"15459","I402_debt_dynamic",45.3,"Rwanda"
"15460","P5_health",NA,"Rwanda"
"15461","I501_healthy_life_expectancy",59.6,"Rwanda"
"15462","P6_skills",NA,"Rwanda"
"15463","Sub10_Workforce",NA,"Rwanda"
"15464","I601_years_of_schooling",4,"Rwanda"
"15465","Sub11_Workforce_Skills",NA,"Rwanda"
"15466","I602_staff_training",3.8,"Rwanda"
"15467","I603_vocational_training",4,"Rwanda"
"15468","I604_graduates_skillset",3.8,"Rwanda"
"15469","I605_digital_skills",4,"Rwanda"
"15470","I606_skilled_employees",4.1,"Rwanda"
"15471","Sub12_Future_Workforce",NA,"Rwanda"
"15472","I501_healthy_life_expectancy",11.2,"Rwanda"
"15473","Sub13_Future_Workforce_Skills",NA,"Rwanda"
"15474","I608_critical_thinking",3.7,"Rwanda"
"15475","I609_pupil_teacher_ratio",57.9,"Rwanda"
"15476","P7_product_market",NA,"Rwanda"
"15477","Sub14_Domestic_Competition",NA,"Rwanda"
"15478","I701_distortive_taxes",4.5,"Rwanda"
"15479","I702_market_dominance",4,"Rwanda"
"15480","I703_competition_services",4.7,"Rwanda"
"15481","Sub15_Trade_Openess",NA,"Rwanda"
"15482","I704_non_tariff_barriers",4.6,"Rwanda"
"15483","I705_trade_tariffs",10.94,"Rwanda"
"15484","I706_tariffs_complexity",6.3,"Rwanda"
"15485","I707_border_clearance",2.7,"Rwanda"
"15486","P8_labour_market",NA,"Rwanda"
"15487","Sub16_Flexibility",NA,"Rwanda"
"15488","I801_redundancy_costs",13,"Rwanda"
"15489","I802_hiring_firing_practices",4.5,"Rwanda"
"15490","I803_labour_employer_relations",4.9,"Rwanda"
"15491","I804_wage_flexibility",5.1,"Rwanda"
"15492","I805_labour_market_policies",3.5,"Rwanda"
"15493","I806_workers_rights",80,"Rwanda"
"15494","I807_foreign_labour_hiring",4.5,"Rwanda"
"15495","I808_internal_labour_mobility",4.2,"Rwanda"
"15496","Sub17_Meritocracy",NA,"Rwanda"
"15497","I809_reliance_on_management",4.8,"Rwanda"
"15498","I810_pay_productivity",3.9,"Rwanda"
"15499","I811_gender_pay_gap",0.54,"Rwanda"
"15500","I812_labour_tax",6,"Rwanda"
"15501","P9_financial_system",NA,"Rwanda"
"15502","Sub18_Depth",NA,"Rwanda"
"15503","I901_credit_to_private_sector",21,"Rwanda"
"15504","I902_financing_SME",4.1,"Rwanda"
"15505","I903_venture_capital",3.7,"Rwanda"
"15506","I904_market_capitalization",21,"Rwanda"
"15507","I905_insurance_premium",1.3,"Rwanda"
"15508","Sub19_Stability",NA,"Rwanda"
"15509","I906_banks_soundness",4.5,"Rwanda"
"15510","I907_non_performing_loans",7.2,"Rwanda"
"15511","I908_credit_gap",-0.5,"Rwanda"
"15512","I909_regulatory_capital",21.9,"Rwanda"
"15513","P10_market_size",NA,"Rwanda"
"15514","I1001_GDP_PPP",24,"Rwanda"
"15515","I1002_imports",37,"Rwanda"
"15516","P11_dynamism",NA,"Rwanda"
"15517","Sub20_Administrative_Requirements",NA,"Rwanda"
"15518","I1101_starting_business_cost",14.8,"Rwanda"
"15519","I1102_starting_business_time",4,"Rwanda"
"15520","I1103_insolvency_recovery_rate",19.2,"Rwanda"
"15521","I1104_insolvency_regulations",15,"Rwanda"
"15522","Sub21_Entrepreneurial_Culture",NA,"Rwanda"
"15523","I1105_risk_attitudes",4.4,"Rwanda"
"15524","I1106_delegating_authority",4.6,"Rwanda"
"15525","I1107_innovating_companies",4.3,"Rwanda"
"15526","I1108_disruptive_ideas",4,"Rwanda"
"15527","P12_innovation",NA,"Rwanda"
"15528","Sub22_Diversity",NA,"Rwanda"
"15529","I1201_workforce_diversity",4,"Rwanda"
"15530","I1202_cluster_development",3.9,"Rwanda"
"15531","I1203_international_inventions",0.02,"Rwanda"
"15532","I1204_stakeholder_collaboration",3.9,"Rwanda"
"15533","Sub23_Research_Development",NA,"Rwanda"
"15534","I1205_scientific_publications",70,"Rwanda"
"15535","I1206_patents",0.02,"Rwanda"
"15536","I1207_RnD_expenditures",0.9,"Rwanda"
"15537","I1208_research_institutions",0,"Rwanda"
"15538","Sub24_Commercialization",NA,"Rwanda"
"15539","I1209_buyer_sophistication",3.2,"Rwanda"
"15540","I1210_trademarks",21.59,"Rwanda"
"15541","P1_institutions",NA,"Saudi Arabia"
"15542","Sub1_Security",NA,"Saudi Arabia"
"15543","I101_organized_crime",5.9,"Saudi Arabia"
"15544","I102_homicide",1.3,"Saudi Arabia"
"15545","I103_terrorism",89.1,"Saudi Arabia"
"15546","I104_police",6.2,"Saudi Arabia"
"15547","Sub2_Social_Capital",NA,"Saudi Arabia"
"15548","Sub2_Social_Capital",53.9,"Saudi Arabia"
"15549","Sub3_Checks_Balances",NA,"Saudi Arabia"
"15550","I106_transparency",1,"Saudi Arabia"
"15551","I107_judicial_independence",5.6,"Saudi Arabia"
"15552","I108_challenging_regulations",4.5,"Saudi Arabia"
"15553","I09_press_freedom",65.9,"Saudi Arabia"
"15554","Sub4_Public_Sector",NA,"Saudi Arabia"
"15555","I110_gov_burden",4.7,"Saudi Arabia"
"15556","I111_settling_disputes",5.1,"Saudi Arabia"
"15557","I112_e_participation",0.71,"Saudi Arabia"
"15558","Sub5_Transparency",NA,"Saudi Arabia"
"15559","I113_corruption",49,"Saudi Arabia"
"15560","I114_property_rights",NA,"Saudi Arabia"
"15561","I114_property_rights",5.7,"Saudi Arabia"
"15562","I115_intellectual_property_protection",5.3,"Saudi Arabia"
"15563","I116_land_administration",10.5,"Saudi Arabia"
"15564","Sub6_Corporate_Governance",NA,"Saudi Arabia"
"15565","I117_auditing_accounting_standards",5.5,"Saudi Arabia"
"15566","I118_interest_conflict_regulation",7.3,"Saudi Arabia"
"15567","I119_shareholder_governance",8.7,"Saudi Arabia"
"15568","Sub7_Government_Orientation",NA,"Saudi Arabia"
"15569","I120_policy_stability",5.3,"Saudi Arabia"
"15570","I121_response_to_change",5.8,"Saudi Arabia"
"15571","I122_digital_business_laws",4.9,"Saudi Arabia"
"15572","I123_gov_long_term_vision",6.2,"Saudi Arabia"
"15573","I124_energy_regulations",58.8,"Saudi Arabia"
"15574","I125_renewable_energy",31,"Saudi Arabia"
"15575","I126_environment_treaties",19,"Saudi Arabia"
"15576","P2_infrastructure",NA,"Saudi Arabia"
"15577","Sub8_Transport_Infrastructure",NA,"Saudi Arabia"
"15578","I201_road_connectivity",100,"Saudi Arabia"
"15579","I202_quality_of_roads",5.2,"Saudi Arabia"
"15580","I203_railroad_density",0.7,"Saudi Arabia"
"15581","I204_train_efficiency",4.5,"Saudi Arabia"
"15582","I205_airport_connectivity",331405.1,"Saudi Arabia"
"15583","I206_air_transport_efficiency",5.4,"Saudi Arabia"
"15584","I207_shipping_connectivity",66.6,"Saudi Arabia"
"15585","I208_seaport_efficiency",4.8,"Saudi Arabia"
"15586","Sub9_Utility_Infrastructure",NA,"Saudi Arabia"
"15587","I209_electricity_access",99.4,"Saudi Arabia"
"15588","I210_electricity_supply",8.1,"Saudi Arabia"
"15589","I211_unsafe_drinking_water",9.5,"Saudi Arabia"
"15590","I212_water_supply",5.8,"Saudi Arabia"
"15591","P3_ICT_adoption",NA,"Saudi Arabia"
"15592","I301_cellular_subscription",122.6,"Saudi Arabia"
"15593","I302_mobile_broadband",111.1,"Saudi Arabia"
"15594","I303_fixed_broadband",5.6,"Saudi Arabia"
"15595","I304_fibre_internet",2.1,"Saudi Arabia"
"15596","I305_internet_users",93.3,"Saudi Arabia"
"15597","P4_macro_stability",NA,"Saudi Arabia"
"15598","I401_inflation",0.8,"Saudi Arabia"
"15599","I402_debt_dynamic",100,"Saudi Arabia"
"15600","P5_health",NA,"Saudi Arabia"
"15601","I501_healthy_life_expectancy",66.3,"Saudi Arabia"
"15602","P6_skills",NA,"Saudi Arabia"
"15603","Sub10_Workforce",NA,"Saudi Arabia"
"15604","I601_years_of_schooling",10.2,"Saudi Arabia"
"15605","Sub11_Workforce_Skills",NA,"Saudi Arabia"
"15606","I602_staff_training",4.6,"Saudi Arabia"
"15607","I603_vocational_training",4.6,"Saudi Arabia"
"15608","I604_graduates_skillset",4.6,"Saudi Arabia"
"15609","I605_digital_skills",5.3,"Saudi Arabia"
"15610","I606_skilled_employees",5,"Saudi Arabia"
"15611","Sub12_Future_Workforce",NA,"Saudi Arabia"
"15612","I501_healthy_life_expectancy",16.9,"Saudi Arabia"
"15613","Sub13_Future_Workforce_Skills",NA,"Saudi Arabia"
"15614","I608_critical_thinking",4.3,"Saudi Arabia"
"15615","I609_pupil_teacher_ratio",11.7,"Saudi Arabia"
"15616","P7_product_market",NA,"Saudi Arabia"
"15617","Sub14_Domestic_Competition",NA,"Saudi Arabia"
"15618","I701_distortive_taxes",5.1,"Saudi Arabia"
"15619","I702_market_dominance",4.7,"Saudi Arabia"
"15620","I703_competition_services",5.3,"Saudi Arabia"
"15621","Sub15_Trade_Openess",NA,"Saudi Arabia"
"15622","I704_non_tariff_barriers",4.7,"Saudi Arabia"
"15623","I705_trade_tariffs",5.71,"Saudi Arabia"
"15624","I706_tariffs_complexity",6.1,"Saudi Arabia"
"15625","I707_border_clearance",2.7,"Saudi Arabia"
"15626","P8_labour_market",NA,"Saudi Arabia"
"15627","Sub16_Flexibility",NA,"Saudi Arabia"
"15628","I801_redundancy_costs",23.8,"Saudi Arabia"
"15629","I802_hiring_firing_practices",4.7,"Saudi Arabia"
"15630","I803_labour_employer_relations",5.1,"Saudi Arabia"
"15631","I804_wage_flexibility",5.6,"Saudi Arabia"
"15632","I805_labour_market_policies",4.8,"Saudi Arabia"
"15633","I806_workers_rights",10,"Saudi Arabia"
"15634","I807_foreign_labour_hiring",3.8,"Saudi Arabia"
"15635","I808_internal_labour_mobility",5,"Saudi Arabia"
"15636","Sub17_Meritocracy",NA,"Saudi Arabia"
"15637","I809_reliance_on_management",4.8,"Saudi Arabia"
"15638","I810_pay_productivity",5,"Saudi Arabia"
"15639","I811_gender_pay_gap",0.23,"Saudi Arabia"
"15640","I812_labour_tax",13.5,"Saudi Arabia"
"15641","P9_financial_system",NA,"Saudi Arabia"
"15642","Sub18_Depth",NA,"Saudi Arabia"
"15643","I901_credit_to_private_sector",56,"Saudi Arabia"
"15644","I902_financing_SME",4.7,"Saudi Arabia"
"15645","I903_venture_capital",4.4,"Saudi Arabia"
"15646","I904_market_capitalization",66.6,"Saudi Arabia"
"15647","I905_insurance_premium",0.7,"Saudi Arabia"
"15648","Sub19_Stability",NA,"Saudi Arabia"
"15649","I906_banks_soundness",6,"Saudi Arabia"
"15650","I907_non_performing_loans",1.6,"Saudi Arabia"
"15651","I908_credit_gap",1,"Saudi Arabia"
"15652","I909_regulatory_capital",19.3,"Saudi Arabia"
"15653","P10_market_size",NA,"Saudi Arabia"
"15654","I1001_GDP_PPP",1651,"Saudi Arabia"
"15655","I1002_imports",24.3,"Saudi Arabia"
"15656","P11_dynamism",NA,"Saudi Arabia"
"15657","Sub20_Administrative_Requirements",NA,"Saudi Arabia"
"15658","I1101_starting_business_cost",6.6,"Saudi Arabia"
"15659","I1102_starting_business_time",18,"Saudi Arabia"
"15660","I1103_insolvency_recovery_rate",0,"Saudi Arabia"
"15661","I1104_insolvency_regulations",0,"Saudi Arabia"
"15662","Sub21_Entrepreneurial_Culture",NA,"Saudi Arabia"
"15663","I1105_risk_attitudes",4.5,"Saudi Arabia"
"15664","I1106_delegating_authority",4.9,"Saudi Arabia"
"15665","I1107_innovating_companies",5.2,"Saudi Arabia"
"15666","I1108_disruptive_ideas",4.2,"Saudi Arabia"
"15667","P12_innovation",NA,"Saudi Arabia"
"15668","Sub22_Diversity",NA,"Saudi Arabia"
"15669","I1201_workforce_diversity",5.5,"Saudi Arabia"
"15670","I1202_cluster_development",5,"Saudi Arabia"
"15671","I1203_international_inventions",1.03,"Saudi Arabia"
"15672","I1204_stakeholder_collaboration",4.4,"Saudi Arabia"
"15673","Sub23_Research_Development",NA,"Saudi Arabia"
"15674","I1205_scientific_publications",273.7,"Saudi Arabia"
"15675","I1206_patents",6.46,"Saudi Arabia"
"15676","I1207_RnD_expenditures",0.8,"Saudi Arabia"
"15677","I1208_research_institutions",0.05,"Saudi Arabia"
"15678","Sub24_Commercialization",NA,"Saudi Arabia"
"15679","I1209_buyer_sophistication",4.5,"Saudi Arabia"
"15680","I1210_trademarks",527.35,"Saudi Arabia"
"15681","P1_institutions",NA,"Senegal"
"15682","Sub1_Security",NA,"Senegal"
"15683","I101_organized_crime",4.5,"Senegal"
"15684","I102_homicide",0.3,"Senegal"
"15685","I103_terrorism",99.9,"Senegal"
"15686","I104_police",5.2,"Senegal"
"15687","Sub2_Social_Capital",NA,"Senegal"
"15688","Sub2_Social_Capital",48.5,"Senegal"
"15689","Sub3_Checks_Balances",NA,"Senegal"
"15690","I106_transparency",51,"Senegal"
"15691","I107_judicial_independence",3.2,"Senegal"
"15692","I108_challenging_regulations",3.7,"Senegal"
"15693","I09_press_freedom",25.8,"Senegal"
"15694","Sub4_Public_Sector",NA,"Senegal"
"15695","I110_gov_burden",3.7,"Senegal"
"15696","I111_settling_disputes",4.4,"Senegal"
"15697","I112_e_participation",0.51,"Senegal"
"15698","Sub5_Transparency",NA,"Senegal"
"15699","I113_corruption",45,"Senegal"
"15700","I114_property_rights",NA,"Senegal"
"15701","I114_property_rights",4.3,"Senegal"
"15702","I115_intellectual_property_protection",4.4,"Senegal"
"15703","I116_land_administration",10,"Senegal"
"15704","Sub6_Corporate_Governance",NA,"Senegal"
"15705","I117_auditing_accounting_standards",4.3,"Senegal"
"15706","I118_interest_conflict_regulation",4.7,"Senegal"
"15707","I119_shareholder_governance",3.7,"Senegal"
"15708","Sub7_Government_Orientation",NA,"Senegal"
"15709","I120_policy_stability",4.5,"Senegal"
"15710","I121_response_to_change",4.1,"Senegal"
"15711","I122_digital_business_laws",3.9,"Senegal"
"15712","I123_gov_long_term_vision",4.4,"Senegal"
"15713","I124_energy_regulations",23.2,"Senegal"
"15714","I125_renewable_energy",46.1,"Senegal"
"15715","I126_environment_treaties",24,"Senegal"
"15716","P2_infrastructure",NA,"Senegal"
"15717","Sub8_Transport_Infrastructure",NA,"Senegal"
"15718","I201_road_connectivity",72.9,"Senegal"
"15719","I202_quality_of_roads",4.1,"Senegal"
"15720","I203_railroad_density",3.7,"Senegal"
"15721","I204_train_efficiency",2.9,"Senegal"
"15722","I205_airport_connectivity",7655.2,"Senegal"
"15723","I206_air_transport_efficiency",4.5,"Senegal"
"15724","I207_shipping_connectivity",14.4,"Senegal"
"15725","I208_seaport_efficiency",4,"Senegal"
"15726","Sub9_Utility_Infrastructure",NA,"Senegal"
"15727","I209_electricity_access",65.2,"Senegal"
"15728","I210_electricity_supply",15,"Senegal"
"15729","I211_unsafe_drinking_water",48.9,"Senegal"
"15730","I212_water_supply",3.7,"Senegal"
"15731","P3_ICT_adoption",NA,"Senegal"
"15732","I301_cellular_subscription",104.5,"Senegal"
"15733","I302_mobile_broadband",41.5,"Senegal"
"15734","I303_fixed_broadband",0.8,"Senegal"
"15735","I304_fibre_internet",0,"Senegal"
"15736","I305_internet_users",46,"Senegal"
"15737","P4_macro_stability",NA,"Senegal"
"15738","I401_inflation",0.9,"Senegal"
"15739","I402_debt_dynamic",40,"Senegal"
"15740","P5_health",NA,"Senegal"
"15741","I501_healthy_life_expectancy",58.8,"Senegal"
"15742","P6_skills",NA,"Senegal"
"15743","Sub10_Workforce",NA,"Senegal"
"15744","I601_years_of_schooling",2.8,"Senegal"
"15745","Sub11_Workforce_Skills",NA,"Senegal"
"15746","I602_staff_training",3.6,"Senegal"
"15747","I603_vocational_training",4.6,"Senegal"
"15748","I604_graduates_skillset",4.2,"Senegal"
"15749","I605_digital_skills",4.2,"Senegal"
"15750","I606_skilled_employees",4.8,"Senegal"
"15751","Sub12_Future_Workforce",NA,"Senegal"
"15752","I501_healthy_life_expectancy",9,"Senegal"
"15753","Sub13_Future_Workforce_Skills",NA,"Senegal"
"15754","I608_critical_thinking",3.4,"Senegal"
"15755","I609_pupil_teacher_ratio",32.8,"Senegal"
"15756","P7_product_market",NA,"Senegal"
"15757","Sub14_Domestic_Competition",NA,"Senegal"
"15758","I701_distortive_taxes",3.7,"Senegal"
"15759","I702_market_dominance",3.8,"Senegal"
"15760","I703_competition_services",4.8,"Senegal"
"15761","Sub15_Trade_Openess",NA,"Senegal"
"15762","I704_non_tariff_barriers",4.3,"Senegal"
"15763","I705_trade_tariffs",10.19,"Senegal"
"15764","I706_tariffs_complexity",6.7,"Senegal"
"15765","I707_border_clearance",2.2,"Senegal"
"15766","P8_labour_market",NA,"Senegal"
"15767","Sub16_Flexibility",NA,"Senegal"
"15768","I801_redundancy_costs",14.8,"Senegal"
"15769","I802_hiring_firing_practices",3.4,"Senegal"
"15770","I803_labour_employer_relations",4.4,"Senegal"
"15771","I804_wage_flexibility",4.9,"Senegal"
"15772","I805_labour_market_policies",2.5,"Senegal"
"15773","I806_workers_rights",69,"Senegal"
"15774","I807_foreign_labour_hiring",4.7,"Senegal"
"15775","I808_internal_labour_mobility",4.8,"Senegal"
"15776","Sub17_Meritocracy",NA,"Senegal"
"15777","I809_reliance_on_management",3.7,"Senegal"
"15778","I810_pay_productivity",3.4,"Senegal"
"15779","I811_gender_pay_gap",0.42,"Senegal"
"15780","I812_labour_tax",23.6,"Senegal"
"15781","P9_financial_system",NA,"Senegal"
"15782","Sub18_Depth",NA,"Senegal"
"15783","I901_credit_to_private_sector",28.2,"Senegal"
"15784","I902_financing_SME",3.6,"Senegal"
"15785","I903_venture_capital",2.6,"Senegal"
"15786","I904_market_capitalization",5.7,"Senegal"
"15787","I905_insurance_premium",1.2,"Senegal"
"15788","Sub19_Stability",NA,"Senegal"
"15789","I906_banks_soundness",4.7,"Senegal"
"15790","I907_non_performing_loans",13.6,"Senegal"
"15791","I908_credit_gap",0,"Senegal"
"15792","I909_regulatory_capital",13.6,"Senegal"
"15793","P10_market_size",NA,"Senegal"
"15794","I1001_GDP_PPP",53,"Senegal"
"15795","I1002_imports",39.3,"Senegal"
"15796","P11_dynamism",NA,"Senegal"
"15797","Sub20_Administrative_Requirements",NA,"Senegal"
"15798","I1101_starting_business_cost",32,"Senegal"
"15799","I1102_starting_business_time",6,"Senegal"
"15800","I1103_insolvency_recovery_rate",30.1,"Senegal"
"15801","I1104_insolvency_regulations",9,"Senegal"
"15802","Sub21_Entrepreneurial_Culture",NA,"Senegal"
"15803","I1105_risk_attitudes",3.8,"Senegal"
"15804","I1106_delegating_authority",3.7,"Senegal"
"15805","I1107_innovating_companies",4.1,"Senegal"
"15806","I1108_disruptive_ideas",3.2,"Senegal"
"15807","P12_innovation",NA,"Senegal"
"15808","Sub22_Diversity",NA,"Senegal"
"15809","I1201_workforce_diversity",3.9,"Senegal"
"15810","I1202_cluster_development",3.5,"Senegal"
"15811","I1203_international_inventions",0.02,"Senegal"
"15812","I1204_stakeholder_collaboration",3.6,"Senegal"
"15813","Sub23_Research_Development",NA,"Senegal"
"15814","I1205_scientific_publications",112.3,"Senegal"
"15815","I1206_patents",0.02,"Senegal"
"15816","I1207_RnD_expenditures",0.8,"Senegal"
"15817","I1208_research_institutions",0,"Senegal"
"15818","Sub24_Commercialization",NA,"Senegal"
"15819","I1209_buyer_sophistication",2.7,"Senegal"
"15820","I1210_trademarks",306.7,"Senegal"
"15821","P1_institutions",NA,"Serbia"
"15822","Sub1_Security",NA,"Serbia"
"15823","I101_organized_crime",4.1,"Serbia"
"15824","I102_homicide",1.1,"Serbia"
"15825","I103_terrorism",99.9,"Serbia"
"15826","I104_police",4.1,"Serbia"
"15827","Sub2_Social_Capital",NA,"Serbia"
"15828","Sub2_Social_Capital",NA,"Serbia"
"15829","Sub3_Checks_Balances",NA,"Serbia"
"15830","I106_transparency",43,"Serbia"
"15831","I107_judicial_independence",3,"Serbia"
"15832","I108_challenging_regulations",3,"Serbia"
"15833","I09_press_freedom",31.2,"Serbia"
"15834","Sub4_Public_Sector",NA,"Serbia"
"15835","I110_gov_burden",3.1,"Serbia"
"15836","I111_settling_disputes",3.1,"Serbia"
"15837","I112_e_participation",0.81,"Serbia"
"15838","Sub5_Transparency",NA,"Serbia"
"15839","I113_corruption",39,"Serbia"
"15840","I114_property_rights",NA,"Serbia"
"15841","I114_property_rights",3.9,"Serbia"
"15842","I115_intellectual_property_protection",3.7,"Serbia"
"15843","I116_land_administration",18,"Serbia"
"15844","Sub6_Corporate_Governance",NA,"Serbia"
"15845","I117_auditing_accounting_standards",4.2,"Serbia"
"15846","I118_interest_conflict_regulation",5,"Serbia"
"15847","I119_shareholder_governance",6.3,"Serbia"
"15848","Sub7_Government_Orientation",NA,"Serbia"
"15849","I120_policy_stability",3.6,"Serbia"
"15850","I121_response_to_change",3.7,"Serbia"
"15851","I122_digital_business_laws",3.6,"Serbia"
"15852","I123_gov_long_term_vision",3.6,"Serbia"
"15853","I124_energy_regulations",66.1,"Serbia"
"15854","I125_renewable_energy",52.9,"Serbia"
"15855","I126_environment_treaties",21,"Serbia"
"15856","P2_infrastructure",NA,"Serbia"
"15857","Sub8_Transport_Infrastructure",NA,"Serbia"
"15858","I201_road_connectivity",84.5,"Serbia"
"15859","I202_quality_of_roads",3.5,"Serbia"
"15860","I203_railroad_density",42.7,"Serbia"
"15861","I204_train_efficiency",2.6,"Serbia"
"15862","I205_airport_connectivity",27204.6,"Serbia"
"15863","I206_air_transport_efficiency",4.3,"Serbia"
"15864","I207_shipping_connectivity",NA,"Serbia"
"15865","I208_seaport_efficiency",3.1,"Serbia"
"15866","Sub9_Utility_Infrastructure",NA,"Serbia"
"15867","I209_electricity_access",100,"Serbia"
"15868","I210_electricity_supply",12.8,"Serbia"
"15869","I211_unsafe_drinking_water",5.3,"Serbia"
"15870","I212_water_supply",5.1,"Serbia"
"15871","P3_ICT_adoption",NA,"Serbia"
"15872","I301_cellular_subscription",97.6,"Serbia"
"15873","I302_mobile_broadband",60.7,"Serbia"
"15874","I303_fixed_broadband",16.8,"Serbia"
"15875","I304_fibre_internet",0.9,"Serbia"
"15876","I305_internet_users",73.4,"Serbia"
"15877","P4_macro_stability",NA,"Serbia"
"15878","I401_inflation",2.5,"Serbia"
"15879","I402_debt_dynamic",50,"Serbia"
"15880","P5_health",NA,"Serbia"
"15881","I501_healthy_life_expectancy",65.3,"Serbia"
"15882","P6_skills",NA,"Serbia"
"15883","Sub10_Workforce",NA,"Serbia"
"15884","I601_years_of_schooling",11.1,"Serbia"
"15885","Sub11_Workforce_Skills",NA,"Serbia"
"15886","I602_staff_training",3.6,"Serbia"
"15887","I603_vocational_training",3.9,"Serbia"
"15888","I604_graduates_skillset",4.1,"Serbia"
"15889","I605_digital_skills",4.1,"Serbia"
"15890","I606_skilled_employees",4.4,"Serbia"
"15891","Sub12_Future_Workforce",NA,"Serbia"
"15892","I501_healthy_life_expectancy",14.8,"Serbia"
"15893","Sub13_Future_Workforce_Skills",NA,"Serbia"
"15894","I608_critical_thinking",3.6,"Serbia"
"15895","I609_pupil_teacher_ratio",14.3,"Serbia"
"15896","P7_product_market",NA,"Serbia"
"15897","Sub14_Domestic_Competition",NA,"Serbia"
"15898","I701_distortive_taxes",3.6,"Serbia"
"15899","I702_market_dominance",3.2,"Serbia"
"15900","I703_competition_services",4.7,"Serbia"
"15901","Sub15_Trade_Openess",NA,"Serbia"
"15902","I704_non_tariff_barriers",4.5,"Serbia"
"15903","I705_trade_tariffs",5.22,"Serbia"
"15904","I706_tariffs_complexity",6,"Serbia"
"15905","I707_border_clearance",2.6,"Serbia"
"15906","P8_labour_market",NA,"Serbia"
"15907","Sub16_Flexibility",NA,"Serbia"
"15908","I801_redundancy_costs",7.7,"Serbia"
"15909","I802_hiring_firing_practices",4,"Serbia"
"15910","I803_labour_employer_relations",4.1,"Serbia"
"15911","I804_wage_flexibility",5.1,"Serbia"
"15912","I805_labour_market_policies",3.5,"Serbia"
"15913","I806_workers_rights",69,"Serbia"
"15914","I807_foreign_labour_hiring",4.1,"Serbia"
"15915","I808_internal_labour_mobility",4.3,"Serbia"
"15916","Sub17_Meritocracy",NA,"Serbia"
"15917","I809_reliance_on_management",3.7,"Serbia"
"15918","I810_pay_productivity",4,"Serbia"
"15919","I811_gender_pay_gap",0.83,"Serbia"
"15920","I812_labour_tax",20.2,"Serbia"
"15921","P9_financial_system",NA,"Serbia"
"15922","Sub18_Depth",NA,"Serbia"
"15923","I901_credit_to_private_sector",43.3,"Serbia"
"15924","I902_financing_SME",3.9,"Serbia"
"15925","I903_venture_capital",3.2,"Serbia"
"15926","I904_market_capitalization",13.2,"Serbia"
"15927","I905_insurance_premium",1.8,"Serbia"
"15928","Sub19_Stability",NA,"Serbia"
"15929","I906_banks_soundness",4.7,"Serbia"
"15930","I907_non_performing_loans",9.8,"Serbia"
"15931","I908_credit_gap",-4.8,"Serbia"
"15932","I909_regulatory_capital",21.8,"Serbia"
"15933","P10_market_size",NA,"Serbia"
"15934","I1001_GDP_PPP",109,"Serbia"
"15935","I1002_imports",62.4,"Serbia"
"15936","P11_dynamism",NA,"Serbia"
"15937","Sub20_Administrative_Requirements",NA,"Serbia"
"15938","I1101_starting_business_cost",2.2,"Serbia"
"15939","I1102_starting_business_time",5.5,"Serbia"
"15940","I1103_insolvency_recovery_rate",34.5,"Serbia"
"15941","I1104_insolvency_regulations",13.5,"Serbia"
"15942","Sub21_Entrepreneurial_Culture",NA,"Serbia"
"15943","I1105_risk_attitudes",3.7,"Serbia"
"15944","I1106_delegating_authority",4.2,"Serbia"
"15945","I1107_innovating_companies",4,"Serbia"
"15946","I1108_disruptive_ideas",3.5,"Serbia"
"15947","P12_innovation",NA,"Serbia"
"15948","Sub22_Diversity",NA,"Serbia"
"15949","I1201_workforce_diversity",4.7,"Serbia"
"15950","I1202_cluster_development",3.4,"Serbia"
"15951","I1203_international_inventions",1.08,"Serbia"
"15952","I1204_stakeholder_collaboration",3.6,"Serbia"
"15953","Sub23_Research_Development",NA,"Serbia"
"15954","I1205_scientific_publications",180.3,"Serbia"
"15955","I1206_patents",2.49,"Serbia"
"15956","I1207_RnD_expenditures",0.9,"Serbia"
"15957","I1208_research_institutions",0.02,"Serbia"
"15958","Sub24_Commercialization",NA,"Serbia"
"15959","I1209_buyer_sophistication",2.7,"Serbia"
"15960","I1210_trademarks",702.51,"Serbia"
"15961","P1_institutions",NA,"Seychelles"
"15962","Sub1_Security",NA,"Seychelles"
"15963","I101_organized_crime",4.7,"Seychelles"
"15964","I102_homicide",12.7,"Seychelles"
"15965","I103_terrorism",100,"Seychelles"
"15966","I104_police",3.9,"Seychelles"
"15967","Sub2_Social_Capital",NA,"Seychelles"
"15968","Sub2_Social_Capital",NA,"Seychelles"
"15969","Sub3_Checks_Balances",NA,"Seychelles"
"15970","I106_transparency",NA,"Seychelles"
"15971","I107_judicial_independence",4.5,"Seychelles"
"15972","I108_challenging_regulations",4.2,"Seychelles"
"15973","I09_press_freedom",29.4,"Seychelles"
"15974","Sub4_Public_Sector",NA,"Seychelles"
"15975","I110_gov_burden",4.1,"Seychelles"
"15976","I111_settling_disputes",4.4,"Seychelles"
"15977","I112_e_participation",0.65,"Seychelles"
"15978","Sub5_Transparency",NA,"Seychelles"
"15979","I113_corruption",66,"Seychelles"
"15980","I114_property_rights",NA,"Seychelles"
"15981","I114_property_rights",4.7,"Seychelles"
"15982","I115_intellectual_property_protection",4.5,"Seychelles"
"15983","I116_land_administration",21,"Seychelles"
"15984","Sub6_Corporate_Governance",NA,"Seychelles"
"15985","I117_auditing_accounting_standards",4.7,"Seychelles"
"15986","I118_interest_conflict_regulation",5.7,"Seychelles"
"15987","I119_shareholder_governance",4.3,"Seychelles"
"15988","Sub7_Government_Orientation",NA,"Seychelles"
"15989","I120_policy_stability",4.8,"Seychelles"
"15990","I121_response_to_change",4.6,"Seychelles"
"15991","I122_digital_business_laws",4.4,"Seychelles"
"15992","I123_gov_long_term_vision",4.8,"Seychelles"
"15993","I124_energy_regulations",NA,"Seychelles"
"15994","I125_renewable_energy",NA,"Seychelles"
"15995","I126_environment_treaties",23,"Seychelles"
"15996","P2_infrastructure",NA,"Seychelles"
"15997","Sub8_Transport_Infrastructure",NA,"Seychelles"
"15998","I201_road_connectivity",NA,"Seychelles"
"15999","I202_quality_of_roads",4,"Seychelles"
"16000","I203_railroad_density",NA,"Seychelles"
"16001","I204_train_efficiency",NA,"Seychelles"
"16002","I205_airport_connectivity",8777,"Seychelles"
"16003","I206_air_transport_efficiency",4.4,"Seychelles"
"16004","I207_shipping_connectivity",8,"Seychelles"
"16005","I208_seaport_efficiency",4.4,"Seychelles"
"16006","Sub9_Utility_Infrastructure",NA,"Seychelles"
"16007","I209_electricity_access",99,"Seychelles"
"16008","I210_electricity_supply",NA,"Seychelles"
"16009","I211_unsafe_drinking_water",30,"Seychelles"
"16010","I212_water_supply",4.9,"Seychelles"
"16011","P3_ICT_adoption",NA,"Seychelles"
"16012","I301_cellular_subscription",184.3,"Seychelles"
"16013","I302_mobile_broadband",80.5,"Seychelles"
"16014","I303_fixed_broadband",20.3,"Seychelles"
"16015","I304_fibre_internet",NA,"Seychelles"
"16016","I305_internet_users",58.8,"Seychelles"
"16017","P4_macro_stability",NA,"Seychelles"
"16018","I401_inflation",3.3,"Seychelles"
"16019","I402_debt_dynamic",50,"Seychelles"
"16020","P5_health",NA,"Seychelles"
"16021","I501_healthy_life_expectancy",65,"Seychelles"
"16022","P6_skills",NA,"Seychelles"
"16023","Sub10_Workforce",NA,"Seychelles"
"16024","I601_years_of_schooling",11,"Seychelles"
"16025","Sub11_Workforce_Skills",NA,"Seychelles"
"16026","I602_staff_training",4.3,"Seychelles"
"16027","I603_vocational_training",4.3,"Seychelles"
"16028","I604_graduates_skillset",4.3,"Seychelles"
"16029","I605_digital_skills",4.6,"Seychelles"
"16030","I606_skilled_employees",4.1,"Seychelles"
"16031","Sub12_Future_Workforce",NA,"Seychelles"
"16032","I501_healthy_life_expectancy",15.5,"Seychelles"
"16033","Sub13_Future_Workforce_Skills",NA,"Seychelles"
"16034","I608_critical_thinking",4.3,"Seychelles"
"16035","I609_pupil_teacher_ratio",14,"Seychelles"
"16036","P7_product_market",NA,"Seychelles"
"16037","Sub14_Domestic_Competition",NA,"Seychelles"
"16038","I701_distortive_taxes",4.2,"Seychelles"
"16039","I702_market_dominance",4,"Seychelles"
"16040","I703_competition_services",4.7,"Seychelles"
"16041","Sub15_Trade_Openess",NA,"Seychelles"
"16042","I704_non_tariff_barriers",4.5,"Seychelles"
"16043","I705_trade_tariffs",1.59,"Seychelles"
"16044","I706_tariffs_complexity",5.1,"Seychelles"
"16045","I707_border_clearance",NA,"Seychelles"
"16046","P8_labour_market",NA,"Seychelles"
"16047","Sub16_Flexibility",NA,"Seychelles"
"16048","I801_redundancy_costs",11.9,"Seychelles"
"16049","I802_hiring_firing_practices",4.1,"Seychelles"
"16050","I803_labour_employer_relations",4.6,"Seychelles"
"16051","I804_wage_flexibility",4.5,"Seychelles"
"16052","I805_labour_market_policies",4.5,"Seychelles"
"16053","I806_workers_rights",NA,"Seychelles"
"16054","I807_foreign_labour_hiring",4.3,"Seychelles"
"16055","I808_internal_labour_mobility",4.3,"Seychelles"
"16056","Sub17_Meritocracy",NA,"Seychelles"
"16057","I809_reliance_on_management",4.7,"Seychelles"
"16058","I810_pay_productivity",4.2,"Seychelles"
"16059","I811_gender_pay_gap",NA,"Seychelles"
"16060","I812_labour_tax",2.3,"Seychelles"
"16061","P9_financial_system",NA,"Seychelles"
"16062","Sub18_Depth",NA,"Seychelles"
"16063","I901_credit_to_private_sector",27.3,"Seychelles"
"16064","I902_financing_SME",4.2,"Seychelles"
"16065","I903_venture_capital",3.4,"Seychelles"
"16066","I904_market_capitalization",20.7,"Seychelles"
"16067","I905_insurance_premium",1.8,"Seychelles"
"16068","Sub19_Stability",NA,"Seychelles"
"16069","I906_banks_soundness",4.6,"Seychelles"
"16070","I907_non_performing_loans",8.1,"Seychelles"
"16071","I908_credit_gap",3,"Seychelles"
"16072","I909_regulatory_capital",25.2,"Seychelles"
"16073","P10_market_size",NA,"Seychelles"
"16074","I1001_GDP_PPP",3,"Seychelles"
"16075","I1002_imports",115.2,"Seychelles"
"16076","P11_dynamism",NA,"Seychelles"
"16077","Sub20_Administrative_Requirements",NA,"Seychelles"
"16078","I1101_starting_business_cost",13.4,"Seychelles"
"16079","I1102_starting_business_time",32,"Seychelles"
"16080","I1103_insolvency_recovery_rate",38.9,"Seychelles"
"16081","I1104_insolvency_regulations",10,"Seychelles"
"16082","Sub21_Entrepreneurial_Culture",NA,"Seychelles"
"16083","I1105_risk_attitudes",4.5,"Seychelles"
"16084","I1106_delegating_authority",4.8,"Seychelles"
"16085","I1107_innovating_companies",4.1,"Seychelles"
"16086","I1108_disruptive_ideas",4.1,"Seychelles"
"16087","P12_innovation",NA,"Seychelles"
"16088","Sub22_Diversity",NA,"Seychelles"
"16089","I1201_workforce_diversity",5.3,"Seychelles"
"16090","I1202_cluster_development",4.2,"Seychelles"
"16091","I1203_international_inventions",1.23,"Seychelles"
"16092","I1204_stakeholder_collaboration",4,"Seychelles"
"16093","Sub23_Research_Development",NA,"Seychelles"
"16094","I1205_scientific_publications",55.3,"Seychelles"
"16095","I1206_patents",8.43,"Seychelles"
"16096","I1207_RnD_expenditures",0.2,"Seychelles"
"16097","I1208_research_institutions",0,"Seychelles"
"16098","Sub24_Commercialization",NA,"Seychelles"
"16099","I1209_buyer_sophistication",4.2,"Seychelles"
"16100","I1210_trademarks",11039.15,"Seychelles"
"16101","P1_institutions",NA,"Singapore"
"16102","Sub1_Security",NA,"Singapore"
"16103","I101_organized_crime",6.6,"Singapore"
"16104","I102_homicide",0.2,"Singapore"
"16105","I103_terrorism",100,"Singapore"
"16106","I104_police",6.5,"Singapore"
"16107","Sub2_Social_Capital",NA,"Singapore"
"16108","Sub2_Social_Capital",61.8,"Singapore"
"16109","Sub3_Checks_Balances",NA,"Singapore"
"16110","I106_transparency",NA,"Singapore"
"16111","I107_judicial_independence",5.6,"Singapore"
"16112","I108_challenging_regulations",4.6,"Singapore"
"16113","I09_press_freedom",51.4,"Singapore"
"16114","Sub4_Public_Sector",NA,"Singapore"
"16115","I110_gov_burden",5.5,"Singapore"
"16116","I111_settling_disputes",6.2,"Singapore"
"16117","I112_e_participation",0.97,"Singapore"
"16118","Sub5_Transparency",NA,"Singapore"
"16119","I113_corruption",85,"Singapore"
"16120","I114_property_rights",NA,"Singapore"
"16121","I114_property_rights",6.4,"Singapore"
"16122","I115_intellectual_property_protection",6.4,"Singapore"
"16123","I116_land_administration",28.5,"Singapore"
"16124","Sub6_Corporate_Governance",NA,"Singapore"
"16125","I117_auditing_accounting_standards",6.3,"Singapore"
"16126","I118_interest_conflict_regulation",9.3,"Singapore"
"16127","I119_shareholder_governance",6.7,"Singapore"
"16128","Sub7_Government_Orientation",NA,"Singapore"
"16129","I120_policy_stability",6.3,"Singapore"
"16130","I121_response_to_change",6.1,"Singapore"
"16131","I122_digital_business_laws",5.6,"Singapore"
"16132","I123_gov_long_term_vision",6.5,"Singapore"
"16133","I124_energy_regulations",74.6,"Singapore"
"16134","I125_renewable_energy",53.9,"Singapore"
"16135","I126_environment_treaties",18,"Singapore"
"16136","P2_infrastructure",NA,"Singapore"
"16137","Sub8_Transport_Infrastructure",NA,"Singapore"
"16138","I201_road_connectivity",NA,"Singapore"
"16139","I202_quality_of_roads",6.5,"Singapore"
"16140","I203_railroad_density",281.5,"Singapore"
"16141","I204_train_efficiency",5.8,"Singapore"
"16142","I205_airport_connectivity",352687.7,"Singapore"
"16143","I206_air_transport_efficiency",6.7,"Singapore"
"16144","I207_shipping_connectivity",133.9,"Singapore"
"16145","I208_seaport_efficiency",6.5,"Singapore"
"16146","Sub9_Utility_Infrastructure",NA,"Singapore"
"16147","I209_electricity_access",100,"Singapore"
"16148","I210_electricity_supply",1.9,"Singapore"
"16149","I211_unsafe_drinking_water",1.7,"Singapore"
"16150","I212_water_supply",6.8,"Singapore"
"16151","P3_ICT_adoption",NA,"Singapore"
"16152","I301_cellular_subscription",NA,"Singapore"
"16153","I302_mobile_broadband",NA,"Singapore"
"16154","I303_fixed_broadband",NA,"Singapore"
"16155","I304_fibre_internet",NA,"Singapore"
"16156","I305_internet_users",NA,"Singapore"
"16157","P4_macro_stability",NA,"Singapore"
"16158","I401_inflation",NA,"Singapore"
"16159","I402_debt_dynamic",NA,"Singapore"
"16160","P5_health",NA,"Singapore"
"16161","I501_healthy_life_expectancy",NA,"Singapore"
"16162","P6_skills",NA,"Singapore"
"16163","Sub10_Workforce",NA,"Singapore"
"16164","I601_years_of_schooling",NA,"Singapore"
"16165","Sub11_Workforce_Skills",NA,"Singapore"
"16166","I602_staff_training",NA,"Singapore"
"16167","I603_vocational_training",NA,"Singapore"
"16168","I604_graduates_skillset",NA,"Singapore"
"16169","I605_digital_skills",NA,"Singapore"
"16170","I606_skilled_employees",NA,"Singapore"
"16171","Sub12_Future_Workforce",NA,"Singapore"
"16172","I501_healthy_life_expectancy",NA,"Singapore"
"16173","Sub13_Future_Workforce_Skills",NA,"Singapore"
"16174","I608_critical_thinking",NA,"Singapore"
"16175","I609_pupil_teacher_ratio",NA,"Singapore"
"16176","P7_product_market",NA,"Singapore"
"16177","Sub14_Domestic_Competition",NA,"Singapore"
"16178","I701_distortive_taxes",NA,"Singapore"
"16179","I702_market_dominance",NA,"Singapore"
"16180","I703_competition_services",NA,"Singapore"
"16181","Sub15_Trade_Openess",NA,"Singapore"
"16182","I704_non_tariff_barriers",NA,"Singapore"
"16183","I705_trade_tariffs",NA,"Singapore"
"16184","I706_tariffs_complexity",NA,"Singapore"
"16185","I707_border_clearance",NA,"Singapore"
"16186","P8_labour_market",NA,"Singapore"
"16187","Sub16_Flexibility",NA,"Singapore"
"16188","I801_redundancy_costs",NA,"Singapore"
"16189","I802_hiring_firing_practices",NA,"Singapore"
"16190","I803_labour_employer_relations",NA,"Singapore"
"16191","I804_wage_flexibility",NA,"Singapore"
"16192","I805_labour_market_policies",NA,"Singapore"
"16193","I806_workers_rights",NA,"Singapore"
"16194","I807_foreign_labour_hiring",NA,"Singapore"
"16195","I808_internal_labour_mobility",NA,"Singapore"
"16196","Sub17_Meritocracy",NA,"Singapore"
"16197","I809_reliance_on_management",NA,"Singapore"
"16198","I810_pay_productivity",NA,"Singapore"
"16199","I811_gender_pay_gap",NA,"Singapore"
"16200","I812_labour_tax",NA,"Singapore"
"16201","P9_financial_system",NA,"Singapore"
"16202","Sub18_Depth",NA,"Singapore"
"16203","I901_credit_to_private_sector",126.5,"Singapore"
"16204","I902_financing_SME",5.2,"Singapore"
"16205","I903_venture_capital",4.8,"Singapore"
"16206","I904_market_capitalization",220.1,"Singapore"
"16207","I905_insurance_premium",6.3,"Singapore"
"16208","Sub19_Stability",NA,"Singapore"
"16209","I906_banks_soundness",6.5,"Singapore"
"16210","I907_non_performing_loans",1.4,"Singapore"
"16211","I908_credit_gap",2.1,"Singapore"
"16212","I909_regulatory_capital",16.5,"Singapore"
"16213","P10_market_size",NA,"Singapore"
"16214","I1001_GDP_PPP",503,"Singapore"
"16215","I1002_imports",154.3,"Singapore"
"16216","P11_dynamism",NA,"Singapore"
"16217","Sub20_Administrative_Requirements",NA,"Singapore"
"16218","I1101_starting_business_cost",0.4,"Singapore"
"16219","I1102_starting_business_time",1.5,"Singapore"
"16220","I1103_insolvency_recovery_rate",88.8,"Singapore"
"16221","I1104_insolvency_regulations",8.5,"Singapore"
"16222","Sub21_Entrepreneurial_Culture",NA,"Singapore"
"16223","I1105_risk_attitudes",4.5,"Singapore"
"16224","I1106_delegating_authority",5.3,"Singapore"
"16225","I1107_innovating_companies",5,"Singapore"
"16226","I1108_disruptive_ideas",4.6,"Singapore"
"16227","P12_innovation",NA,"Singapore"
"16228","Sub22_Diversity",NA,"Singapore"
"16229","I1201_workforce_diversity",5.8,"Singapore"
"16230","I1202_cluster_development",5.1,"Singapore"
"16231","I1203_international_inventions",26.31,"Singapore"
"16232","I1204_stakeholder_collaboration",5,"Singapore"
"16233","Sub23_Research_Development",NA,"Singapore"
"16234","I1205_scientific_publications",493.7,"Singapore"
"16235","I1206_patents",118.66,"Singapore"
"16236","I1207_RnD_expenditures",2.2,"Singapore"
"16237","I1208_research_institutions",0.11,"Singapore"
"16238","Sub24_Commercialization",NA,"Singapore"
"16239","I1209_buyer_sophistication",4.8,"Singapore"
"16240","I1210_trademarks",4821.95,"Singapore"
"16241","P1_institutions",NA,"Slovak Republic"
"16242","Sub1_Security",NA,"Slovak Republic"
"16243","I101_organized_crime",4.4,"Slovak Republic"
"16244","I102_homicide",1.5,"Slovak Republic"
"16245","I103_terrorism",100,"Slovak Republic"
"16246","I104_police",3.4,"Slovak Republic"
"16247","Sub2_Social_Capital",NA,"Slovak Republic"
"16248","Sub2_Social_Capital",52.2,"Slovak Republic"
"16249","Sub3_Checks_Balances",NA,"Slovak Republic"
"16250","I106_transparency",59,"Slovak Republic"
"16251","I107_judicial_independence",2.8,"Slovak Republic"
"16252","I108_challenging_regulations",2.4,"Slovak Republic"
"16253","I09_press_freedom",23.6,"Slovak Republic"
"16254","Sub4_Public_Sector",NA,"Slovak Republic"
"16255","I110_gov_burden",2.4,"Slovak Republic"
"16256","I111_settling_disputes",2.4,"Slovak Republic"
"16257","I112_e_participation",0.81,"Slovak Republic"
"16258","Sub5_Transparency",NA,"Slovak Republic"
"16259","I113_corruption",50,"Slovak Republic"
"16260","I114_property_rights",NA,"Slovak Republic"
"16261","I114_property_rights",4.4,"Slovak Republic"
"16262","I115_intellectual_property_protection",4.3,"Slovak Republic"
"16263","I116_land_administration",25.5,"Slovak Republic"
"16264","Sub6_Corporate_Governance",NA,"Slovak Republic"
"16265","I117_auditing_accounting_standards",5.5,"Slovak Republic"
"16266","I118_interest_conflict_regulation",4.7,"Slovak Republic"
"16267","I119_shareholder_governance",6,"Slovak Republic"
"16268","Sub7_Government_Orientation",NA,"Slovak Republic"
"16269","I120_policy_stability",3,"Slovak Republic"
"16270","I121_response_to_change",2.9,"Slovak Republic"
"16271","I122_digital_business_laws",3.5,"Slovak Republic"
"16272","I123_gov_long_term_vision",2.7,"Slovak Republic"
"16273","I124_energy_regulations",82.9,"Slovak Republic"
"16274","I125_renewable_energy",82.6,"Slovak Republic"
"16275","I126_environment_treaties",25,"Slovak Republic"
"16276","P2_infrastructure",NA,"Slovak Republic"
"16277","Sub8_Transport_Infrastructure",NA,"Slovak Republic"
"16278","I201_road_connectivity",83.5,"Slovak Republic"
"16279","I202_quality_of_roads",4,"Slovak Republic"
"16280","I203_railroad_density",75.4,"Slovak Republic"
"16281","I204_train_efficiency",4,"Slovak Republic"
"16282","I205_airport_connectivity",6351.2,"Slovak Republic"
"16283","I206_air_transport_efficiency",3.8,"Slovak Republic"
"16284","I207_shipping_connectivity",NA,"Slovak Republic"
"16285","I208_seaport_efficiency",3.1,"Slovak Republic"
"16286","Sub9_Utility_Infrastructure",NA,"Slovak Republic"
"16287","I209_electricity_access",100,"Slovak Republic"
"16288","I210_electricity_supply",4.5,"Slovak Republic"
"16289","I211_unsafe_drinking_water",3.1,"Slovak Republic"
"16290","I212_water_supply",6.5,"Slovak Republic"
"16291","P3_ICT_adoption",NA,"Slovak Republic"
"16292","I301_cellular_subscription",132.8,"Slovak Republic"
"16293","I302_mobile_broadband",86,"Slovak Republic"
"16294","I303_fixed_broadband",27.7,"Slovak Republic"
"16295","I304_fibre_internet",7.6,"Slovak Republic"
"16296","I305_internet_users",80.7,"Slovak Republic"
"16297","P4_macro_stability",NA,"Slovak Republic"
"16298","I401_inflation",2,"Slovak Republic"
"16299","I402_debt_dynamic",100,"Slovak Republic"
"16300","P5_health",NA,"Slovak Republic"
"16301","I501_healthy_life_expectancy",66.3,"Slovak Republic"
"16302","P6_skills",NA,"Slovak Republic"
"16303","Sub10_Workforce",NA,"Slovak Republic"
"16304","I601_years_of_schooling",13.6,"Slovak Republic"
"16305","Sub11_Workforce_Skills",NA,"Slovak Republic"
"16306","I602_staff_training",4.1,"Slovak Republic"
"16307","I603_vocational_training",3.6,"Slovak Republic"
"16308","I604_graduates_skillset",3.8,"Slovak Republic"
"16309","I605_digital_skills",4.6,"Slovak Republic"
"16310","I606_skilled_employees",3.4,"Slovak Republic"
"16311","Sub12_Future_Workforce",NA,"Slovak Republic"
"16312","I501_healthy_life_expectancy",14.5,"Slovak Republic"
"16313","Sub13_Future_Workforce_Skills",NA,"Slovak Republic"
"16314","I608_critical_thinking",2.9,"Slovak Republic"
"16315","I609_pupil_teacher_ratio",15.2,"Slovak Republic"
"16316","P7_product_market",NA,"Slovak Republic"
"16317","Sub14_Domestic_Competition",NA,"Slovak Republic"
"16318","I701_distortive_taxes",2.5,"Slovak Republic"
"16319","I702_market_dominance",3.7,"Slovak Republic"
"16320","I703_competition_services",5.5,"Slovak Republic"
"16321","Sub15_Trade_Openess",NA,"Slovak Republic"
"16322","I704_non_tariff_barriers",4.7,"Slovak Republic"
"16323","I705_trade_tariffs",1.12,"Slovak Republic"
"16324","I706_tariffs_complexity",2.9,"Slovak Republic"
"16325","I707_border_clearance",2.8,"Slovak Republic"
"16326","P8_labour_market",NA,"Slovak Republic"
"16327","Sub16_Flexibility",NA,"Slovak Republic"
"16328","I801_redundancy_costs",18.8,"Slovak Republic"
"16329","I802_hiring_firing_practices",3.3,"Slovak Republic"
"16330","I803_labour_employer_relations",4.2,"Slovak Republic"
"16331","I804_wage_flexibility",5,"Slovak Republic"
"16332","I805_labour_market_policies",4.1,"Slovak Republic"
"16333","I806_workers_rights",100,"Slovak Republic"
"16334","I807_foreign_labour_hiring",3.3,"Slovak Republic"
"16335","I808_internal_labour_mobility",4.1,"Slovak Republic"
"16336","Sub17_Meritocracy",NA,"Slovak Republic"
"16337","I809_reliance_on_management",4.5,"Slovak Republic"
"16338","I810_pay_productivity",4.2,"Slovak Republic"
"16339","I811_gender_pay_gap",0.88,"Slovak Republic"
"16340","I812_labour_tax",39.7,"Slovak Republic"
"16341","P9_financial_system",NA,"Slovak Republic"
"16342","Sub18_Depth",NA,"Slovak Republic"
"16343","I901_credit_to_private_sector",56.7,"Slovak Republic"
"16344","I902_financing_SME",4.2,"Slovak Republic"
"16345","I903_venture_capital",3.6,"Slovak Republic"
"16346","I904_market_capitalization",5.4,"Slovak Republic"
"16347","I905_insurance_premium",2.5,"Slovak Republic"
"16348","Sub19_Stability",NA,"Slovak Republic"
"16349","I906_banks_soundness",6,"Slovak Republic"
"16350","I907_non_performing_loans",3.7,"Slovak Republic"
"16351","I908_credit_gap",1.7,"Slovak Republic"
"16352","I909_regulatory_capital",18.2,"Slovak Republic"
"16353","P10_market_size",NA,"Slovak Republic"
"16354","I1001_GDP_PPP",170,"Slovak Republic"
"16355","I1002_imports",98.2,"Slovak Republic"
"16356","P11_dynamism",NA,"Slovak Republic"
"16357","Sub20_Administrative_Requirements",NA,"Slovak Republic"
"16358","I1101_starting_business_cost",1,"Slovak Republic"
"16359","I1102_starting_business_time",26.5,"Slovak Republic"
"16360","I1103_insolvency_recovery_rate",48.8,"Slovak Republic"
"16361","I1104_insolvency_regulations",13,"Slovak Republic"
"16362","Sub21_Entrepreneurial_Culture",NA,"Slovak Republic"
"16363","I1105_risk_attitudes",3.6,"Slovak Republic"
"16364","I1106_delegating_authority",4.4,"Slovak Republic"
"16365","I1107_innovating_companies",4.1,"Slovak Republic"
"16366","I1108_disruptive_ideas",3.5,"Slovak Republic"
"16367","P12_innovation",NA,"Slovak Republic"
"16368","Sub22_Diversity",NA,"Slovak Republic"
"16369","I1201_workforce_diversity",3.9,"Slovak Republic"
"16370","I1202_cluster_development",3.8,"Slovak Republic"
"16371","I1203_international_inventions",3.31,"Slovak Republic"
"16372","I1204_stakeholder_collaboration",3.6,"Slovak Republic"
"16373","Sub23_Research_Development",NA,"Slovak Republic"
"16374","I1205_scientific_publications",242,"Slovak Republic"
"16375","I1206_patents",9.82,"Slovak Republic"
"16376","I1207_RnD_expenditures",0.8,"Slovak Republic"
"16377","I1208_research_institutions",0.02,"Slovak Republic"
"16378","Sub24_Commercialization",NA,"Slovak Republic"
"16379","I1209_buyer_sophistication",3.2,"Slovak Republic"
"16380","I1210_trademarks",2788.85,"Slovak Republic"
"16381","P1_institutions",NA,"Slovenia"
"16382","Sub1_Security",NA,"Slovenia"
"16383","I101_organized_crime",5.6,"Slovenia"
"16384","I102_homicide",0.9,"Slovenia"
"16385","I103_terrorism",100,"Slovenia"
"16386","I104_police",5.5,"Slovenia"
"16387","Sub2_Social_Capital",NA,"Slovenia"
"16388","Sub2_Social_Capital",60.1,"Slovenia"
"16389","Sub3_Checks_Balances",NA,"Slovenia"
"16390","I106_transparency",69,"Slovenia"
"16391","I107_judicial_independence",3.5,"Slovenia"
"16392","I108_challenging_regulations",2.7,"Slovenia"
"16393","I09_press_freedom",22.3,"Slovenia"
"16394","Sub4_Public_Sector",NA,"Slovenia"
"16395","I110_gov_burden",2.6,"Slovenia"
"16396","I111_settling_disputes",3.2,"Slovenia"
"16397","I112_e_participation",0.81,"Slovenia"
"16398","Sub5_Transparency",NA,"Slovenia"
"16399","I113_corruption",60,"Slovenia"
"16400","I114_property_rights",NA,"Slovenia"
"16401","I114_property_rights",4.6,"Slovenia"
"16402","I115_intellectual_property_protection",4.8,"Slovenia"
"16403","I116_land_administration",23,"Slovenia"
"16404","Sub6_Corporate_Governance",NA,"Slovenia"
"16405","I117_auditing_accounting_standards",4.9,"Slovenia"
"16406","I118_interest_conflict_regulation",7.3,"Slovenia"
"16407","I119_shareholder_governance",6.7,"Slovenia"
"16408","Sub7_Government_Orientation",NA,"Slovenia"
"16409","I120_policy_stability",3.7,"Slovenia"
"16410","I121_response_to_change",3.3,"Slovenia"
"16411","I122_digital_business_laws",3.9,"Slovenia"
"16412","I123_gov_long_term_vision",3.3,"Slovenia"
"16413","I124_energy_regulations",NA,"Slovenia"
"16414","I125_renewable_energy",NA,"Slovenia"
"16415","I126_environment_treaties",27,"Slovenia"
"16416","P2_infrastructure",NA,"Slovenia"
"16417","Sub8_Transport_Infrastructure",NA,"Slovenia"
"16418","I201_road_connectivity",74.3,"Slovenia"
"16419","I202_quality_of_roads",4.9,"Slovenia"
"16420","I203_railroad_density",60,"Slovenia"
"16421","I204_train_efficiency",3.1,"Slovenia"
"16422","I205_airport_connectivity",8559.7,"Slovenia"
"16423","I206_air_transport_efficiency",4.6,"Slovenia"
"16424","I207_shipping_connectivity",39.3,"Slovenia"
"16425","I208_seaport_efficiency",4.7,"Slovenia"
"16426","Sub9_Utility_Infrastructure",NA,"Slovenia"
"16427","I209_electricity_access",100,"Slovenia"
"16428","I210_electricity_supply",5.7,"Slovenia"
"16429","I211_unsafe_drinking_water",2.4,"Slovenia"
"16430","I212_water_supply",6.6,"Slovenia"
"16431","P3_ICT_adoption",NA,"Slovenia"
"16432","I301_cellular_subscription",118.7,"Slovenia"
"16433","I302_mobile_broadband",77.7,"Slovenia"
"16434","I303_fixed_broadband",29.5,"Slovenia"
"16435","I304_fibre_internet",9.4,"Slovenia"
"16436","I305_internet_users",79.7,"Slovenia"
"16437","P4_macro_stability",NA,"Slovenia"
"16438","I401_inflation",1.6,"Slovenia"
"16439","I402_debt_dynamic",100,"Slovenia"
"16440","P5_health",NA,"Slovenia"
"16441","I501_healthy_life_expectancy",68.7,"Slovenia"
"16442","P6_skills",NA,"Slovenia"
"16443","Sub10_Workforce",NA,"Slovenia"
"16444","I601_years_of_schooling",12.3,"Slovenia"
"16445","Sub11_Workforce_Skills",NA,"Slovenia"
"16446","I602_staff_training",4.5,"Slovenia"
"16447","I603_vocational_training",4.2,"Slovenia"
"16448","I604_graduates_skillset",4.5,"Slovenia"
"16449","I605_digital_skills",4.8,"Slovenia"
"16450","I606_skilled_employees",4.3,"Slovenia"
"16451","Sub12_Future_Workforce",NA,"Slovenia"
"16452","I501_healthy_life_expectancy",17.4,"Slovenia"
"16453","Sub13_Future_Workforce_Skills",NA,"Slovenia"
"16454","I608_critical_thinking",3.2,"Slovenia"
"16455","I609_pupil_teacher_ratio",13.8,"Slovenia"
"16456","P7_product_market",NA,"Slovenia"
"16457","Sub14_Domestic_Competition",NA,"Slovenia"
"16458","I701_distortive_taxes",4,"Slovenia"
"16459","I702_market_dominance",4.5,"Slovenia"
"16460","I703_competition_services",5.4,"Slovenia"
"16461","Sub15_Trade_Openess",NA,"Slovenia"
"16462","I704_non_tariff_barriers",5.1,"Slovenia"
"16463","I705_trade_tariffs",1.12,"Slovenia"
"16464","I706_tariffs_complexity",2.9,"Slovenia"
"16465","I707_border_clearance",3.4,"Slovenia"
"16466","P8_labour_market",NA,"Slovenia"
"16467","Sub16_Flexibility",NA,"Slovenia"
"16468","I801_redundancy_costs",10.6,"Slovenia"
"16469","I802_hiring_firing_practices",2.6,"Slovenia"
"16470","I803_labour_employer_relations",4.6,"Slovenia"
"16471","I804_wage_flexibility",4.6,"Slovenia"
"16472","I805_labour_market_policies",4.6,"Slovenia"
"16473","I806_workers_rights",NA,"Slovenia"
"16474","I807_foreign_labour_hiring",3.6,"Slovenia"
"16475","I808_internal_labour_mobility",3.3,"Slovenia"
"16476","Sub17_Meritocracy",NA,"Slovenia"
"16477","I809_reliance_on_management",4.6,"Slovenia"
"16478","I810_pay_productivity",4.1,"Slovenia"
"16479","I811_gender_pay_gap",0.9,"Slovenia"
"16480","I812_labour_tax",18.2,"Slovenia"
"16481","P9_financial_system",NA,"Slovenia"
"16482","Sub18_Depth",NA,"Slovenia"
"16483","I901_credit_to_private_sector",47.1,"Slovenia"
"16484","I902_financing_SME",4.2,"Slovenia"
"16485","I903_venture_capital",3.3,"Slovenia"
"16486","I904_market_capitalization",12.9,"Slovenia"
"16487","I905_insurance_premium",3.6,"Slovenia"
"16488","Sub19_Stability",NA,"Slovenia"
"16489","I906_banks_soundness",4.9,"Slovenia"
"16490","I907_non_performing_loans",3.2,"Slovenia"
"16491","I908_credit_gap",-16.5,"Slovenia"
"16492","I909_regulatory_capital",18.7,"Slovenia"
"16493","P10_market_size",NA,"Slovenia"
"16494","I1001_GDP_PPP",68,"Slovenia"
"16495","I1002_imports",88.2,"Slovenia"
"16496","P11_dynamism",NA,"Slovenia"
"16497","Sub20_Administrative_Requirements",NA,"Slovenia"
"16498","I1101_starting_business_cost",0,"Slovenia"
"16499","I1102_starting_business_time",8,"Slovenia"
"16500","I1103_insolvency_recovery_rate",88.7,"Slovenia"
"16501","I1104_insolvency_regulations",11.5,"Slovenia"
"16502","Sub21_Entrepreneurial_Culture",NA,"Slovenia"
"16503","I1105_risk_attitudes",3.6,"Slovenia"
"16504","I1106_delegating_authority",4.6,"Slovenia"
"16505","I1107_innovating_companies",4.4,"Slovenia"
"16506","I1108_disruptive_ideas",3.5,"Slovenia"
"16507","P12_innovation",NA,"Slovenia"
"16508","Sub22_Diversity",NA,"Slovenia"
"16509","I1201_workforce_diversity",4.5,"Slovenia"
"16510","I1202_cluster_development",3.8,"Slovenia"
"16511","I1203_international_inventions",6.49,"Slovenia"
"16512","I1204_stakeholder_collaboration",4,"Slovenia"
"16513","Sub23_Research_Development",NA,"Slovenia"
"16514","I1205_scientific_publications",254.7,"Slovenia"
"16515","I1206_patents",51.57,"Slovenia"
"16516","I1207_RnD_expenditures",2,"Slovenia"
"16517","I1208_research_institutions",0.02,"Slovenia"
"16518","Sub24_Commercialization",NA,"Slovenia"
"16519","I1209_buyer_sophistication",3.6,"Slovenia"
"16520","I1210_trademarks",NA,"Slovenia"
"16521","P1_institutions",NA,"South Africa"
"16522","Sub1_Security",NA,"South Africa"
"16523","I101_organized_crime",3.2,"South Africa"
"16524","I102_homicide",35.9,"South Africa"
"16525","I103_terrorism",97,"South Africa"
"16526","I104_police",3.2,"South Africa"
"16527","Sub2_Social_Capital",NA,"South Africa"
"16528","Sub2_Social_Capital",56.2,"South Africa"
"16529","Sub3_Checks_Balances",NA,"South Africa"
"16530","I106_transparency",89,"South Africa"
"16531","I107_judicial_independence",5,"South Africa"
"16532","I108_challenging_regulations",4,"South Africa"
"16533","I09_press_freedom",22.2,"South Africa"
"16534","Sub4_Public_Sector",NA,"South Africa"
"16535","I110_gov_burden",3,"South Africa"
"16536","I111_settling_disputes",4.6,"South Africa"
"16537","I112_e_participation",0.85,"South Africa"
"16538","Sub5_Transparency",NA,"South Africa"
"16539","I113_corruption",43,"South Africa"
"16540","I114_property_rights",NA,"South Africa"
"16541","I114_property_rights",4.1,"South Africa"
"16542","I115_intellectual_property_protection",4.7,"South Africa"
"16543","I116_land_administration",15,"South Africa"
"16544","Sub6_Corporate_Governance",NA,"South Africa"
"16545","I117_auditing_accounting_standards",5.1,"South Africa"
"16546","I118_interest_conflict_regulation",8,"South Africa"
"16547","I119_shareholder_governance",6.7,"South Africa"
"16548","Sub7_Government_Orientation",NA,"South Africa"
"16549","I120_policy_stability",3.3,"South Africa"
"16550","I121_response_to_change",3,"South Africa"
"16551","I122_digital_business_laws",3.5,"South Africa"
"16552","I123_gov_long_term_vision",3.7,"South Africa"
"16553","I124_energy_regulations",76.2,"South Africa"
"16554","I125_renewable_energy",76.1,"South Africa"
"16555","I126_environment_treaties",24,"South Africa"
"16556","P2_infrastructure",NA,"South Africa"
"16557","Sub8_Transport_Infrastructure",NA,"South Africa"
"16558","I201_road_connectivity",96.2,"South Africa"
"16559","I202_quality_of_roads",4.5,"South Africa"
"16560","I203_railroad_density",17.3,"South Africa"
"16561","I204_train_efficiency",3,"South Africa"
"16562","I205_airport_connectivity",106077.2,"South Africa"
"16563","I206_air_transport_efficiency",5.5,"South Africa"
"16564","I207_shipping_connectivity",40.1,"South Africa"
"16565","I208_seaport_efficiency",4.5,"South Africa"
"16566","Sub9_Utility_Infrastructure",NA,"South Africa"
"16567","I209_electricity_access",84.2,"South Africa"
"16568","I210_electricity_supply",8.7,"South Africa"
"16569","I211_unsafe_drinking_water",27.8,"South Africa"
"16570","I212_water_supply",4.4,"South Africa"
"16571","P3_ICT_adoption",NA,"South Africa"
"16572","I301_cellular_subscription",153.2,"South Africa"
"16573","I302_mobile_broadband",76,"South Africa"
"16574","I303_fixed_broadband",2.4,"South Africa"
"16575","I304_fibre_internet",0.4,"South Africa"
"16576","I305_internet_users",56.2,"South Africa"
"16577","P4_macro_stability",NA,"South Africa"
"16578","I401_inflation",4.9,"South Africa"
"16579","I402_debt_dynamic",79.4,"South Africa"
"16580","P5_health",NA,"South Africa"
"16581","I501_healthy_life_expectancy",57.1,"South Africa"
"16582","P6_skills",NA,"South Africa"
"16583","Sub10_Workforce",NA,"South Africa"
"16584","I601_years_of_schooling",10.1,"South Africa"
"16585","Sub11_Workforce_Skills",NA,"South Africa"
"16586","I602_staff_training",4.5,"South Africa"
"16587","I603_vocational_training",3.5,"South Africa"
"16588","I604_graduates_skillset",3.7,"South Africa"
"16589","I605_digital_skills",3.3,"South Africa"
"16590","I606_skilled_employees",3.9,"South Africa"
"16591","Sub12_Future_Workforce",NA,"South Africa"
"16592","I501_healthy_life_expectancy",13.7,"South Africa"
"16593","Sub13_Future_Workforce_Skills",NA,"South Africa"
"16594","I608_critical_thinking",3.2,"South Africa"
"16595","I609_pupil_teacher_ratio",30.3,"South Africa"
"16596","P7_product_market",NA,"South Africa"
"16597","Sub14_Domestic_Competition",NA,"South Africa"
"16598","I701_distortive_taxes",3.6,"South Africa"
"16599","I702_market_dominance",3.8,"South Africa"
"16600","I703_competition_services",5.2,"South Africa"
"16601","Sub15_Trade_Openess",NA,"South Africa"
"16602","I704_non_tariff_barriers",4.3,"South Africa"
"16603","I705_trade_tariffs",7.07,"South Africa"
"16604","I706_tariffs_complexity",4.9,"South Africa"
"16605","I707_border_clearance",3.2,"South Africa"
"16606","P8_labour_market",NA,"South Africa"
"16607","Sub16_Flexibility",NA,"South Africa"
"16608","I801_redundancy_costs",9.3,"South Africa"
"16609","I802_hiring_firing_practices",2.9,"South Africa"
"16610","I803_labour_employer_relations",3.2,"South Africa"
"16611","I804_wage_flexibility",3.5,"South Africa"
"16612","I805_labour_market_policies",2.5,"South Africa"
"16613","I806_workers_rights",86,"South Africa"
"16614","I807_foreign_labour_hiring",3.4,"South Africa"
"16615","I808_internal_labour_mobility",5.1,"South Africa"
"16616","Sub17_Meritocracy",NA,"South Africa"
"16617","I809_reliance_on_management",4.6,"South Africa"
"16618","I810_pay_productivity",3.8,"South Africa"
"16619","I811_gender_pay_gap",0.79,"South Africa"
"16620","I812_labour_tax",4,"South Africa"
"16621","P9_financial_system",NA,"South Africa"
"16622","Sub18_Depth",NA,"South Africa"
"16623","I901_credit_to_private_sector",146.5,"South Africa"
"16624","I902_financing_SME",3.6,"South Africa"
"16625","I903_venture_capital",3.1,"South Africa"
"16626","I904_market_capitalization",302.1,"South Africa"
"16627","I905_insurance_premium",12.9,"South Africa"
"16628","Sub19_Stability",NA,"South Africa"
"16629","I906_banks_soundness",5.7,"South Africa"
"16630","I907_non_performing_loans",2.8,"South Africa"
"16631","I908_credit_gap",-3.9,"South Africa"
"16632","I909_regulatory_capital",15.5,"South Africa"
"16633","P10_market_size",NA,"South Africa"
"16634","I1001_GDP_PPP",702,"South Africa"
"16635","I1002_imports",35.3,"South Africa"
"16636","P11_dynamism",NA,"South Africa"
"16637","Sub20_Administrative_Requirements",NA,"South Africa"
"16638","I1101_starting_business_cost",0.2,"South Africa"
"16639","I1102_starting_business_time",40,"South Africa"
"16640","I1103_insolvency_recovery_rate",34.5,"South Africa"
"16641","I1104_insolvency_regulations",11.5,"South Africa"
"16642","Sub21_Entrepreneurial_Culture",NA,"South Africa"
"16643","I1105_risk_attitudes",4.3,"South Africa"
"16644","I1106_delegating_authority",4.9,"South Africa"
"16645","I1107_innovating_companies",4.4,"South Africa"
"16646","I1108_disruptive_ideas",4,"South Africa"
"16647","P12_innovation",NA,"South Africa"
"16648","Sub22_Diversity",NA,"South Africa"
"16649","I1201_workforce_diversity",5.1,"South Africa"
"16650","I1202_cluster_development",4.3,"South Africa"
"16651","I1203_international_inventions",0.31,"South Africa"
"16652","I1204_stakeholder_collaboration",4.2,"South Africa"
"16653","Sub23_Research_Development",NA,"South Africa"
"16654","I1205_scientific_publications",391.7,"South Africa"
"16655","I1206_patents",3.02,"South Africa"
"16656","I1207_RnD_expenditures",0.8,"South Africa"
"16657","I1208_research_institutions",0.05,"South Africa"
"16658","Sub24_Commercialization",NA,"South Africa"
"16659","I1209_buyer_sophistication",3.8,"South Africa"
"16660","I1210_trademarks",504.69,"South Africa"
"16661","P1_institutions",NA,"Spain"
"16662","Sub1_Security",NA,"Spain"
"16663","I101_organized_crime",5.9,"Spain"
"16664","I102_homicide",0.7,"Spain"
"16665","I103_terrorism",98.3,"Spain"
"16666","I104_police",6.3,"Spain"
"16667","Sub2_Social_Capital",NA,"Spain"
"16668","Sub2_Social_Capital",56.8,"Spain"
"16669","Sub3_Checks_Balances",NA,"Spain"
"16670","I106_transparency",54,"Spain"
"16671","I107_judicial_independence",4.2,"Spain"
"16672","I108_challenging_regulations",3.4,"Spain"
"16673","I09_press_freedom",22,"Spain"
"16674","Sub4_Public_Sector",NA,"Spain"
"16675","I110_gov_burden",2.9,"Spain"
"16676","I111_settling_disputes",3.9,"Spain"
"16677","I112_e_participation",0.98,"Spain"
"16678","Sub5_Transparency",NA,"Spain"
"16679","I113_corruption",58,"Spain"
"16680","I114_property_rights",NA,"Spain"
"16681","I114_property_rights",4.8,"Spain"
"16682","I115_intellectual_property_protection",4.8,"Spain"
"16683","I116_land_administration",22.5,"Spain"
"16684","Sub6_Corporate_Governance",NA,"Spain"
"16685","I117_auditing_accounting_standards",5.5,"Spain"
"16686","I118_interest_conflict_regulation",6.3,"Spain"
"16687","I119_shareholder_governance",7.7,"Spain"
"16688","Sub7_Government_Orientation",NA,"Spain"
"16689","I120_policy_stability",4.2,"Spain"
"16690","I121_response_to_change",3.3,"Spain"
"16691","I122_digital_business_laws",3.7,"Spain"
"16692","I123_gov_long_term_vision",2.8,"Spain"
"16693","I124_energy_regulations",70.6,"Spain"
"16694","I125_renewable_energy",66.1,"Spain"
"16695","I126_environment_treaties",28,"Spain"
"16696","P2_infrastructure",NA,"Spain"
"16697","Sub8_Transport_Infrastructure",NA,"Spain"
"16698","I201_road_connectivity",100,"Spain"
"16699","I202_quality_of_roads",5.7,"Spain"
"16700","I203_railroad_density",31.1,"Spain"
"16701","I204_train_efficiency",5.4,"Spain"
"16702","I205_airport_connectivity",813743.1,"Spain"
"16703","I206_air_transport_efficiency",5.6,"Spain"
"16704","I207_shipping_connectivity",90.1,"Spain"
"16705","I208_seaport_efficiency",5.4,"Spain"
"16706","Sub9_Utility_Infrastructure",NA,"Spain"
"16707","I209_electricity_access",100,"Spain"
"16708","I210_electricity_supply",9.5,"Spain"
"16709","I211_unsafe_drinking_water",0.4,"Spain"
"16710","I212_water_supply",6.6,"Spain"
"16711","P3_ICT_adoption",NA,"Spain"
"16712","I301_cellular_subscription",115.9,"Spain"
"16713","I302_mobile_broadband",98.5,"Spain"
"16714","I303_fixed_broadband",32,"Spain"
"16715","I304_fibre_internet",14.4,"Spain"
"16716","I305_internet_users",86.1,"Spain"
"16717","P4_macro_stability",NA,"Spain"
"16718","I401_inflation",1.8,"Spain"
"16719","I402_debt_dynamic",80,"Spain"
"16720","P5_health",NA,"Spain"
"16721","I501_healthy_life_expectancy",72.1,"Spain"
"16722","P6_skills",NA,"Spain"
"16723","Sub10_Workforce",NA,"Spain"
"16724","I601_years_of_schooling",9.8,"Spain"
"16725","Sub11_Workforce_Skills",NA,"Spain"
"16726","I602_staff_training",3.9,"Spain"
"16727","I603_vocational_training",4.5,"Spain"
"16728","I604_graduates_skillset",4.5,"Spain"
"16729","I605_digital_skills",4.3,"Spain"
"16730","I606_skilled_employees",4.6,"Spain"
"16731","Sub12_Future_Workforce",NA,"Spain"
"16732","I501_healthy_life_expectancy",17.9,"Spain"
"16733","Sub13_Future_Workforce_Skills",NA,"Spain"
"16734","I608_critical_thinking",3.3,"Spain"
"16735","I609_pupil_teacher_ratio",13,"Spain"
"16736","P7_product_market",NA,"Spain"
"16737","Sub14_Domestic_Competition",NA,"Spain"
"16738","I701_distortive_taxes",3.5,"Spain"
"16739","I702_market_dominance",4.5,"Spain"
"16740","I703_competition_services",5.5,"Spain"
"16741","Sub15_Trade_Openess",NA,"Spain"
"16742","I704_non_tariff_barriers",5,"Spain"
"16743","I705_trade_tariffs",1.12,"Spain"
"16744","I706_tariffs_complexity",2.9,"Spain"
"16745","I707_border_clearance",3.6,"Spain"
"16746","P8_labour_market",NA,"Spain"
"16747","Sub16_Flexibility",NA,"Spain"
"16748","I801_redundancy_costs",17.3,"Spain"
"16749","I802_hiring_firing_practices",3.2,"Spain"
"16750","I803_labour_employer_relations",4.4,"Spain"
"16751","I804_wage_flexibility",5.1,"Spain"
"16752","I805_labour_market_policies",3.9,"Spain"
"16753","I806_workers_rights",79,"Spain"
"16754","I807_foreign_labour_hiring",4.4,"Spain"
"16755","I808_internal_labour_mobility",4.4,"Spain"
"16756","Sub17_Meritocracy",NA,"Spain"
"16757","I809_reliance_on_management",4.7,"Spain"
"16758","I810_pay_productivity",3.7,"Spain"
"16759","I811_gender_pay_gap",0.87,"Spain"
"16760","I812_labour_tax",35.7,"Spain"
"16761","P9_financial_system",NA,"Spain"
"16762","Sub18_Depth",NA,"Spain"
"16763","I901_credit_to_private_sector",112,"Spain"
"16764","I902_financing_SME",4.3,"Spain"
"16765","I903_venture_capital",3.8,"Spain"
"16766","I904_market_capitalization",63.5,"Spain"
"16767","I905_insurance_premium",4.6,"Spain"
"16768","Sub19_Stability",NA,"Spain"
"16769","I906_banks_soundness",5.1,"Spain"
"16770","I907_non_performing_loans",4.5,"Spain"
"16771","I908_credit_gap",-29,"Spain"
"16772","I909_regulatory_capital",15,"Spain"
"16773","P10_market_size",NA,"Spain"
"16774","I1001_GDP_PPP",1657,"Spain"
"16775","I1002_imports",33.2,"Spain"
"16776","P11_dynamism",NA,"Spain"
"16777","Sub20_Administrative_Requirements",NA,"Spain"
"16778","I1101_starting_business_cost",4,"Spain"
"16779","I1102_starting_business_time",12.5,"Spain"
"16780","I1103_insolvency_recovery_rate",77.3,"Spain"
"16781","I1104_insolvency_regulations",12,"Spain"
"16782","Sub21_Entrepreneurial_Culture",NA,"Spain"
"16783","I1105_risk_attitudes",3.8,"Spain"
"16784","I1106_delegating_authority",4.4,"Spain"
"16785","I1107_innovating_companies",4,"Spain"
"16786","I1108_disruptive_ideas",3.5,"Spain"
"16787","P12_innovation",NA,"Spain"
"16788","Sub22_Diversity",NA,"Spain"
"16789","I1201_workforce_diversity",4.4,"Spain"
"16790","I1202_cluster_development",4.3,"Spain"
"16791","I1203_international_inventions",3.68,"Spain"
"16792","I1204_stakeholder_collaboration",3.6,"Spain"
"16793","Sub23_Research_Development",NA,"Spain"
"16794","I1205_scientific_publications",776,"Spain"
"16795","I1206_patents",28.92,"Spain"
"16796","I1207_RnD_expenditures",1.2,"Spain"
"16797","I1208_research_institutions",0.55,"Spain"
"16798","Sub24_Commercialization",NA,"Spain"
"16799","I1209_buyer_sophistication",3.6,"Spain"
"16800","I1210_trademarks",7361.95,"Spain"
"16801","P1_institutions",NA,"Sri Lanka"
"16802","Sub1_Security",NA,"Sri Lanka"
"16803","I101_organized_crime",4.1,"Sri Lanka"
"16804","I102_homicide",2.3,"Sri Lanka"
"16805","I103_terrorism",98.3,"Sri Lanka"
"16806","I104_police",4,"Sri Lanka"
"16807","Sub2_Social_Capital",NA,"Sri Lanka"
"16808","Sub2_Social_Capital",56,"Sri Lanka"
"16809","Sub3_Checks_Balances",NA,"Sri Lanka"
"16810","I106_transparency",44,"Sri Lanka"
"16811","I107_judicial_independence",3.9,"Sri Lanka"
"16812","I108_challenging_regulations",3.4,"Sri Lanka"
"16813","I09_press_freedom",39.6,"Sri Lanka"
"16814","Sub4_Public_Sector",NA,"Sri Lanka"
"16815","I110_gov_burden",3,"Sri Lanka"
"16816","I111_settling_disputes",3.8,"Sri Lanka"
"16817","I112_e_participation",0.63,"Sri Lanka"
"16818","Sub5_Transparency",NA,"Sri Lanka"
"16819","I113_corruption",38,"Sri Lanka"
"16820","I114_property_rights",NA,"Sri Lanka"
"16821","I114_property_rights",3.9,"Sri Lanka"
"16822","I115_intellectual_property_protection",3.8,"Sri Lanka"
"16823","I116_land_administration",5.5,"Sri Lanka"
"16824","Sub6_Corporate_Governance",NA,"Sri Lanka"
"16825","I117_auditing_accounting_standards",4.2,"Sri Lanka"
"16826","I118_interest_conflict_regulation",6.7,"Sri Lanka"
"16827","I119_shareholder_governance",6.7,"Sri Lanka"
"16828","Sub7_Government_Orientation",NA,"Sri Lanka"
"16829","I120_policy_stability",3.7,"Sri Lanka"
"16830","I121_response_to_change",3.3,"Sri Lanka"
"16831","I122_digital_business_laws",3.2,"Sri Lanka"
"16832","I123_gov_long_term_vision",3.3,"Sri Lanka"
"16833","I124_energy_regulations",47.5,"Sri Lanka"
"16834","I125_renewable_energy",55.1,"Sri Lanka"
"16835","I126_environment_treaties",21,"Sri Lanka"
"16836","P2_infrastructure",NA,"Sri Lanka"
"16837","Sub8_Transport_Infrastructure",NA,"Sri Lanka"
"16838","I201_road_connectivity",65.6,"Sri Lanka"
"16839","I202_quality_of_roads",3.9,"Sri Lanka"
"16840","I203_railroad_density",24.9,"Sri Lanka"
"16841","I204_train_efficiency",3.8,"Sri Lanka"
"16842","I205_airport_connectivity",57216,"Sri Lanka"
"16843","I206_air_transport_efficiency",4.6,"Sri Lanka"
"16844","I207_shipping_connectivity",72.5,"Sri Lanka"
"16845","I208_seaport_efficiency",4.1,"Sri Lanka"
"16846","Sub9_Utility_Infrastructure",NA,"Sri Lanka"
"16847","I209_electricity_access",100,"Sri Lanka"
"16848","I210_electricity_supply",7,"Sri Lanka"
"16849","I211_unsafe_drinking_water",33.3,"Sri Lanka"
"16850","I212_water_supply",4.5,"Sri Lanka"
"16851","P3_ICT_adoption",NA,"Sri Lanka"
"16852","I301_cellular_subscription",115.1,"Sri Lanka"
"16853","I302_mobile_broadband",58.8,"Sri Lanka"
"16854","I303_fixed_broadband",7.2,"Sri Lanka"
"16855","I304_fibre_internet",0,"Sri Lanka"
"16856","I305_internet_users",34.1,"Sri Lanka"
"16857","P4_macro_stability",NA,"Sri Lanka"
"16858","I401_inflation",5.4,"Sri Lanka"
"16859","I402_debt_dynamic",40,"Sri Lanka"
"16860","P5_health",NA,"Sri Lanka"
"16861","I501_healthy_life_expectancy",67.9,"Sri Lanka"
"16862","P6_skills",NA,"Sri Lanka"
"16863","Sub10_Workforce",NA,"Sri Lanka"
"16864","I601_years_of_schooling",9.8,"Sri Lanka"
"16865","Sub11_Workforce_Skills",NA,"Sri Lanka"
"16866","I602_staff_training",3.9,"Sri Lanka"
"16867","I603_vocational_training",4.3,"Sri Lanka"
"16868","I604_graduates_skillset",4.4,"Sri Lanka"
"16869","I605_digital_skills",4.2,"Sri Lanka"
"16870","I606_skilled_employees",4.5,"Sri Lanka"
"16871","Sub12_Future_Workforce",NA,"Sri Lanka"
"16872","I501_healthy_life_expectancy",14,"Sri Lanka"
"16873","Sub13_Future_Workforce_Skills",NA,"Sri Lanka"
"16874","I608_critical_thinking",3.9,"Sri Lanka"
"16875","I609_pupil_teacher_ratio",22.9,"Sri Lanka"
"16876","P7_product_market",NA,"Sri Lanka"
"16877","Sub14_Domestic_Competition",NA,"Sri Lanka"
"16878","I701_distortive_taxes",3.7,"Sri Lanka"
"16879","I702_market_dominance",3.6,"Sri Lanka"
"16880","I703_competition_services",4.4,"Sri Lanka"
"16881","Sub15_Trade_Openess",NA,"Sri Lanka"
"16882","I704_non_tariff_barriers",3.9,"Sri Lanka"
"16883","I705_trade_tariffs",12.21,"Sri Lanka"
"16884","I706_tariffs_complexity",3.9,"Sri Lanka"
"16885","I707_border_clearance",2.6,"Sri Lanka"
"16886","P8_labour_market",NA,"Sri Lanka"
"16887","Sub16_Flexibility",NA,"Sri Lanka"
"16888","I801_redundancy_costs",58.5,"Sri Lanka"
"16889","I802_hiring_firing_practices",3.8,"Sri Lanka"
"16890","I803_labour_employer_relations",4.5,"Sri Lanka"
"16891","I804_wage_flexibility",4.8,"Sri Lanka"
"16892","I805_labour_market_policies",3.6,"Sri Lanka"
"16893","I806_workers_rights",70,"Sri Lanka"
"16894","I807_foreign_labour_hiring",3.7,"Sri Lanka"
"16895","I808_internal_labour_mobility",4.2,"Sri Lanka"
"16896","Sub17_Meritocracy",NA,"Sri Lanka"
"16897","I809_reliance_on_management",4.3,"Sri Lanka"
"16898","I810_pay_productivity",4,"Sri Lanka"
"16899","I811_gender_pay_gap",0.45,"Sri Lanka"
"16900","I812_labour_tax",16.9,"Sri Lanka"
"16901","P9_financial_system",NA,"Sri Lanka"
"16902","Sub18_Depth",NA,"Sri Lanka"
"16903","I901_credit_to_private_sector",43.7,"Sri Lanka"
"16904","I902_financing_SME",4.1,"Sri Lanka"
"16905","I903_venture_capital",3.3,"Sri Lanka"
"16906","I904_market_capitalization",23.5,"Sri Lanka"
"16907","I905_insurance_premium",1,"Sri Lanka"
"16908","Sub19_Stability",NA,"Sri Lanka"
"16909","I906_banks_soundness",4.5,"Sri Lanka"
"16910","I907_non_performing_loans",2.5,"Sri Lanka"
"16911","I908_credit_gap",6.7,"Sri Lanka"
"16912","I909_regulatory_capital",14.3,"Sri Lanka"
"16913","P10_market_size",NA,"Sri Lanka"
"16914","I1001_GDP_PPP",258,"Sri Lanka"
"16915","I1002_imports",33.2,"Sri Lanka"
"16916","P11_dynamism",NA,"Sri Lanka"
"16917","Sub20_Administrative_Requirements",NA,"Sri Lanka"
"16918","I1101_starting_business_cost",9.4,"Sri Lanka"
"16919","I1102_starting_business_time",9,"Sri Lanka"
"16920","I1103_insolvency_recovery_rate",43.1,"Sri Lanka"
"16921","I1104_insolvency_regulations",7,"Sri Lanka"
"16922","Sub21_Entrepreneurial_Culture",NA,"Sri Lanka"
"16923","I1105_risk_attitudes",4.2,"Sri Lanka"
"16924","I1106_delegating_authority",4.1,"Sri Lanka"
"16925","I1107_innovating_companies",4.1,"Sri Lanka"
"16926","I1108_disruptive_ideas",3.8,"Sri Lanka"
"16927","P12_innovation",NA,"Sri Lanka"
"16928","Sub22_Diversity",NA,"Sri Lanka"
"16929","I1201_workforce_diversity",4.4,"Sri Lanka"
"16930","I1202_cluster_development",3.9,"Sri Lanka"
"16931","I1203_international_inventions",0.09,"Sri Lanka"
"16932","I1204_stakeholder_collaboration",3.7,"Sri Lanka"
"16933","Sub23_Research_Development",NA,"Sri Lanka"
"16934","I1205_scientific_publications",147.7,"Sri Lanka"
"16935","I1206_patents",0.23,"Sri Lanka"
"16936","I1207_RnD_expenditures",0.1,"Sri Lanka"
"16937","I1208_research_institutions",0.01,"Sri Lanka"
"16938","Sub24_Commercialization",NA,"Sri Lanka"
"16939","I1209_buyer_sophistication",3.9,"Sri Lanka"
"16940","I1210_trademarks",355.55,"Sri Lanka"
"16941","P1_institutions",NA,"Sweden"
"16942","Sub1_Security",NA,"Sweden"
"16943","I101_organized_crime",5.2,"Sweden"
"16944","I102_homicide",1.1,"Sweden"
"16945","I103_terrorism",98.5,"Sweden"
"16946","I104_police",5.1,"Sweden"
"16947","Sub2_Social_Capital",NA,"Sweden"
"16948","Sub2_Social_Capital",59.5,"Sweden"
"16949","Sub3_Checks_Balances",NA,"Sweden"
"16950","I106_transparency",87,"Sweden"
"16951","I107_judicial_independence",5.6,"Sweden"
"16952","I108_challenging_regulations",4.4,"Sweden"
"16953","I09_press_freedom",8.3,"Sweden"
"16954","Sub4_Public_Sector",NA,"Sweden"
"16955","I110_gov_burden",3.8,"Sweden"
"16956","I111_settling_disputes",5.1,"Sweden"
"16957","I112_e_participation",0.94,"Sweden"
"16958","Sub5_Transparency",NA,"Sweden"
"16959","I113_corruption",85,"Sweden"
"16960","I114_property_rights",NA,"Sweden"
"16961","I114_property_rights",5.5,"Sweden"
"16962","I115_intellectual_property_protection",5.6,"Sweden"
"16963","I116_land_administration",27.5,"Sweden"
"16964","Sub6_Corporate_Governance",NA,"Sweden"
"16965","I117_auditing_accounting_standards",6,"Sweden"
"16966","I118_interest_conflict_regulation",6.3,"Sweden"
"16967","I119_shareholder_governance",7.3,"Sweden"
"16968","Sub7_Government_Orientation",NA,"Sweden"
"16969","I120_policy_stability",4.8,"Sweden"
"16970","I121_response_to_change",4.4,"Sweden"
"16971","I122_digital_business_laws",5.1,"Sweden"
"16972","I123_gov_long_term_vision",4.3,"Sweden"
"16973","I124_energy_regulations",67.6,"Sweden"
"16974","I125_renewable_energy",80.4,"Sweden"
"16975","I126_environment_treaties",29,"Sweden"
"16976","P2_infrastructure",NA,"Sweden"
"16977","Sub8_Transport_Infrastructure",NA,"Sweden"
"16978","I201_road_connectivity",95.9,"Sweden"
"16979","I202_quality_of_roads",5.3,"Sweden"
"16980","I203_railroad_density",23.8,"Sweden"
"16981","I204_train_efficiency",4,"Sweden"
"16982","I205_airport_connectivity",129998.5,"Sweden"
"16983","I206_air_transport_efficiency",5.7,"Sweden"
"16984","I207_shipping_connectivity",59.7,"Sweden"
"16985","I208_seaport_efficiency",5.3,"Sweden"
"16986","Sub9_Utility_Infrastructure",NA,"Sweden"
"16987","I209_electricity_access",100,"Sweden"
"16988","I210_electricity_supply",5.3,"Sweden"
"16989","I211_unsafe_drinking_water",0.3,"Sweden"
"16990","I212_water_supply",6.8,"Sweden"
"16991","P3_ICT_adoption",NA,"Sweden"
"16992","I301_cellular_subscription",125.1,"Sweden"
"16993","I302_mobile_broadband",123,"Sweden"
"16994","I303_fixed_broadband",39.1,"Sweden"
"16995","I304_fibre_internet",24.1,"Sweden"
"16996","I305_internet_users",92.1,"Sweden"
"16997","P4_macro_stability",NA,"Sweden"
"16998","I401_inflation",2,"Sweden"
"16999","I402_debt_dynamic",100,"Sweden"
"17000","P5_health",NA,"Sweden"
"17001","I501_healthy_life_expectancy",70.9,"Sweden"
"17002","P6_skills",NA,"Sweden"
"17003","Sub10_Workforce",NA,"Sweden"
"17004","I601_years_of_schooling",12.4,"Sweden"
"17005","Sub11_Workforce_Skills",NA,"Sweden"
"17006","I602_staff_training",5.2,"Sweden"
"17007","I603_vocational_training",4.9,"Sweden"
"17008","I604_graduates_skillset",5.2,"Sweden"
"17009","I605_digital_skills",5.7,"Sweden"
"17010","I606_skilled_employees",4.8,"Sweden"
"17011","Sub12_Future_Workforce",NA,"Sweden"
"17012","I501_healthy_life_expectancy",18.8,"Sweden"
"17013","Sub13_Future_Workforce_Skills",NA,"Sweden"
"17014","I608_critical_thinking",5.3,"Sweden"
"17015","I609_pupil_teacher_ratio",12.4,"Sweden"
"17016","P7_product_market",NA,"Sweden"
"17017","Sub14_Domestic_Competition",NA,"Sweden"
"17018","I701_distortive_taxes",4.4,"Sweden"
"17019","I702_market_dominance",4.8,"Sweden"
"17020","I703_competition_services",5.4,"Sweden"
"17021","Sub15_Trade_Openess",NA,"Sweden"
"17022","I704_non_tariff_barriers",5.2,"Sweden"
"17023","I705_trade_tariffs",1.12,"Sweden"
"17024","I706_tariffs_complexity",2.9,"Sweden"
"17025","I707_border_clearance",4,"Sweden"
"17026","P8_labour_market",NA,"Sweden"
"17027","Sub16_Flexibility",NA,"Sweden"
"17028","I801_redundancy_costs",14.4,"Sweden"
"17029","I802_hiring_firing_practices",3.6,"Sweden"
"17030","I803_labour_employer_relations",5.7,"Sweden"
"17031","I804_wage_flexibility",3.6,"Sweden"
"17032","I805_labour_market_policies",4.6,"Sweden"
"17033","I806_workers_rights",100,"Sweden"
"17034","I807_foreign_labour_hiring",3.9,"Sweden"
"17035","I808_internal_labour_mobility",4.3,"Sweden"
"17036","Sub17_Meritocracy",NA,"Sweden"
"17037","I809_reliance_on_management",5.8,"Sweden"
"17038","I810_pay_productivity",4.5,"Sweden"
"17039","I811_gender_pay_gap",1,"Sweden"
"17040","I812_labour_tax",35.4,"Sweden"
"17041","P9_financial_system",NA,"Sweden"
"17042","Sub18_Depth",NA,"Sweden"
"17043","I901_credit_to_private_sector",129.8,"Sweden"
"17044","I902_financing_SME",4.7,"Sweden"
"17045","I903_venture_capital",4.4,"Sweden"
"17046","I904_market_capitalization",140.9,"Sweden"
"17047","I905_insurance_premium",7,"Sweden"
"17048","Sub19_Stability",NA,"Sweden"
"17049","I906_banks_soundness",5.5,"Sweden"
"17050","I907_non_performing_loans",1.1,"Sweden"
"17051","I908_credit_gap",-8.9,"Sweden"
"17052","I909_regulatory_capital",25.8,"Sweden"
"17053","P10_market_size",NA,"Sweden"
"17054","I1001_GDP_PPP",482,"Sweden"
"17055","I1002_imports",43.3,"Sweden"
"17056","P11_dynamism",NA,"Sweden"
"17057","Sub20_Administrative_Requirements",NA,"Sweden"
"17058","I1101_starting_business_cost",0.5,"Sweden"
"17059","I1102_starting_business_time",7,"Sweden"
"17060","I1103_insolvency_recovery_rate",78,"Sweden"
"17061","I1104_insolvency_regulations",12,"Sweden"
"17062","Sub21_Entrepreneurial_Culture",NA,"Sweden"
"17063","I1105_risk_attitudes",5,"Sweden"
"17064","I1106_delegating_authority",5.9,"Sweden"
"17065","I1107_innovating_companies",5.5,"Sweden"
"17066","I1108_disruptive_ideas",4.6,"Sweden"
"17067","P12_innovation",NA,"Sweden"
"17068","Sub22_Diversity",NA,"Sweden"
"17069","I1201_workforce_diversity",5.2,"Sweden"
"17070","I1202_cluster_development",4.9,"Sweden"
"17071","I1203_international_inventions",31.54,"Sweden"
"17072","I1204_stakeholder_collaboration",5.3,"Sweden"
"17073","Sub23_Research_Development",NA,"Sweden"
"17074","I1205_scientific_publications",779.3,"Sweden"
"17075","I1206_patents",256.32,"Sweden"
"17076","I1207_RnD_expenditures",3.3,"Sweden"
"17077","I1208_research_institutions",0.1,"Sweden"
"17078","Sub24_Commercialization",NA,"Sweden"
"17079","I1209_buyer_sophistication",4.5,"Sweden"
"17080","I1210_trademarks",10725.02,"Sweden"
"17081","P1_institutions",NA,"Switzerland"
"17082","Sub1_Security",NA,"Switzerland"
"17083","I101_organized_crime",6.1,"Switzerland"
"17084","I102_homicide",0.5,"Switzerland"
"17085","I103_terrorism",100,"Switzerland"
"17086","I104_police",6.4,"Switzerland"
"17087","Sub2_Social_Capital",NA,"Switzerland"
"17088","Sub2_Social_Capital",62.4,"Switzerland"
"17089","Sub3_Checks_Balances",NA,"Switzerland"
"17090","I106_transparency",NA,"Switzerland"
"17091","I107_judicial_independence",6.2,"Switzerland"
"17092","I108_challenging_regulations",5.3,"Switzerland"
"17093","I09_press_freedom",10.5,"Switzerland"
"17094","Sub4_Public_Sector",NA,"Switzerland"
"17095","I110_gov_burden",4.8,"Switzerland"
"17096","I111_settling_disputes",5.8,"Switzerland"
"17097","I112_e_participation",0.84,"Switzerland"
"17098","Sub5_Transparency",NA,"Switzerland"
"17099","I113_corruption",85,"Switzerland"
"17100","I114_property_rights",NA,"Switzerland"
"17101","I114_property_rights",6.4,"Switzerland"
"17102","I115_intellectual_property_protection",6.3,"Switzerland"
"17103","I116_land_administration",23.5,"Switzerland"
"17104","Sub6_Corporate_Governance",NA,"Switzerland"
"17105","I117_auditing_accounting_standards",6.1,"Switzerland"
"17106","I118_interest_conflict_regulation",3.3,"Switzerland"
"17107","I119_shareholder_governance",6.7,"Switzerland"
"17108","Sub7_Government_Orientation",NA,"Switzerland"
"17109","I120_policy_stability",6.4,"Switzerland"
"17110","I121_response_to_change",5,"Switzerland"
"17111","I122_digital_business_laws",4.6,"Switzerland"
"17112","I123_gov_long_term_vision",5.2,"Switzerland"
"17113","I124_energy_regulations",68.8,"Switzerland"
"17114","I125_renewable_energy",86.7,"Switzerland"
"17115","I126_environment_treaties",26,"Switzerland"
"17116","P2_infrastructure",NA,"Switzerland"
"17117","Sub8_Transport_Infrastructure",NA,"Switzerland"
"17118","I201_road_connectivity",84.4,"Switzerland"
"17119","I202_quality_of_roads",6.3,"Switzerland"
"17120","I203_railroad_density",102.1,"Switzerland"
"17121","I204_train_efficiency",6.4,"Switzerland"
"17122","I205_airport_connectivity",225267.6,"Switzerland"
"17123","I206_air_transport_efficiency",6.1,"Switzerland"
"17124","I207_shipping_connectivity",NA,"Switzerland"
"17125","I208_seaport_efficiency",4.5,"Switzerland"
"17126","Sub9_Utility_Infrastructure",NA,"Switzerland"
"17127","I209_electricity_access",100,"Switzerland"
"17128","I210_electricity_supply",6.7,"Switzerland"
"17129","I211_unsafe_drinking_water",0.3,"Switzerland"
"17130","I212_water_supply",6.9,"Switzerland"
"17131","P3_ICT_adoption",NA,"Switzerland"
"17132","I301_cellular_subscription",129.6,"Switzerland"
"17133","I302_mobile_broadband",98.2,"Switzerland"
"17134","I303_fixed_broadband",46.3,"Switzerland"
"17135","I304_fibre_internet",8.2,"Switzerland"
"17136","I305_internet_users",89.7,"Switzerland"
"17137","P4_macro_stability",NA,"Switzerland"
"17138","I401_inflation",0.7,"Switzerland"
"17139","I402_debt_dynamic",100,"Switzerland"
"17140","P5_health",NA,"Switzerland"
"17141","I501_healthy_life_expectancy",72,"Switzerland"
"17142","P6_skills",NA,"Switzerland"
"17143","Sub10_Workforce",NA,"Switzerland"
"17144","I601_years_of_schooling",13.9,"Switzerland"
"17145","Sub11_Workforce_Skills",NA,"Switzerland"
"17146","I602_staff_training",5.7,"Switzerland"
"17147","I603_vocational_training",6.4,"Switzerland"
"17148","I604_graduates_skillset",5.9,"Switzerland"
"17149","I605_digital_skills",5.5,"Switzerland"
"17150","I606_skilled_employees",4.9,"Switzerland"
"17151","Sub12_Future_Workforce",NA,"Switzerland"
"17152","I501_healthy_life_expectancy",16.2,"Switzerland"
"17153","Sub13_Future_Workforce_Skills",NA,"Switzerland"
"17154","I608_critical_thinking",5.4,"Switzerland"
"17155","I609_pupil_teacher_ratio",10.1,"Switzerland"
"17156","P7_product_market",NA,"Switzerland"
"17157","Sub14_Domestic_Competition",NA,"Switzerland"
"17158","I701_distortive_taxes",4.7,"Switzerland"
"17159","I702_market_dominance",5.8,"Switzerland"
"17160","I703_competition_services",5.6,"Switzerland"
"17161","Sub15_Trade_Openess",NA,"Switzerland"
"17162","I704_non_tariff_barriers",4.7,"Switzerland"
"17163","I705_trade_tariffs",3.04,"Switzerland"
"17164","I706_tariffs_complexity",1.7,"Switzerland"
"17165","I707_border_clearance",3.6,"Switzerland"
"17166","P8_labour_market",NA,"Switzerland"
"17167","Sub16_Flexibility",NA,"Switzerland"
"17168","I801_redundancy_costs",10.1,"Switzerland"
"17169","I802_hiring_firing_practices",5.8,"Switzerland"
"17170","I803_labour_employer_relations",6.1,"Switzerland"
"17171","I804_wage_flexibility",5.7,"Switzerland"
"17172","I805_labour_market_policies",5.8,"Switzerland"
"17173","I806_workers_rights",89,"Switzerland"
"17174","I807_foreign_labour_hiring",4.4,"Switzerland"
"17175","I808_internal_labour_mobility",4.4,"Switzerland"
"17176","Sub17_Meritocracy",NA,"Switzerland"
"17177","I809_reliance_on_management",5.9,"Switzerland"
"17178","I810_pay_productivity",5.5,"Switzerland"
"17179","I811_gender_pay_gap",0.89,"Switzerland"
"17180","I812_labour_tax",17.7,"Switzerland"
"17181","P9_financial_system",NA,"Switzerland"
"17182","Sub18_Depth",NA,"Switzerland"
"17183","I901_credit_to_private_sector",172.8,"Switzerland"
"17184","I902_financing_SME",5,"Switzerland"
"17185","I903_venture_capital",4.4,"Switzerland"
"17186","I904_market_capitalization",227.3,"Switzerland"
"17187","I905_insurance_premium",6.8,"Switzerland"
"17188","Sub19_Stability",NA,"Switzerland"
"17189","I906_banks_soundness",6.1,"Switzerland"
"17190","I907_non_performing_loans",0.6,"Switzerland"
"17191","I908_credit_gap",2,"Switzerland"
"17192","I909_regulatory_capital",17.2,"Switzerland"
"17193","P10_market_size",NA,"Switzerland"
"17194","I1001_GDP_PPP",488,"Switzerland"
"17195","I1002_imports",54.3,"Switzerland"
"17196","P11_dynamism",NA,"Switzerland"
"17197","Sub20_Administrative_Requirements",NA,"Switzerland"
"17198","I1101_starting_business_cost",2.3,"Switzerland"
"17199","I1102_starting_business_time",10,"Switzerland"
"17200","I1103_insolvency_recovery_rate",46.8,"Switzerland"
"17201","I1104_insolvency_regulations",12,"Switzerland"
"17202","Sub21_Entrepreneurial_Culture",NA,"Switzerland"
"17203","I1105_risk_attitudes",4.5,"Switzerland"
"17204","I1106_delegating_authority",5.7,"Switzerland"
"17205","I1107_innovating_companies",5,"Switzerland"
"17206","I1108_disruptive_ideas",4.2,"Switzerland"
"17207","P12_innovation",NA,"Switzerland"
"17208","Sub22_Diversity",NA,"Switzerland"
"17209","I1201_workforce_diversity",5.2,"Switzerland"
"17210","I1202_cluster_development",5.3,"Switzerland"
"17211","I1203_international_inventions",71.42,"Switzerland"
"17212","I1204_stakeholder_collaboration",5.3,"Switzerland"
"17213","Sub23_Research_Development",NA,"Switzerland"
"17214","I1205_scientific_publications",867.7,"Switzerland"
"17215","I1206_patents",321.65,"Switzerland"
"17216","I1207_RnD_expenditures",3.4,"Switzerland"
"17217","I1208_research_institutions",0.12,"Switzerland"
"17218","Sub24_Commercialization",NA,"Switzerland"
"17219","I1209_buyer_sophistication",5,"Switzerland"
"17220","I1210_trademarks",20380.95,"Switzerland"
"17221","P1_institutions",NA,"Taiwan, China"
"17222","Sub1_Security",NA,"Taiwan, China"
"17223","I101_organized_crime",5.2,"Taiwan, China"
"17224","I102_homicide",1.7,"Taiwan, China"
"17225","I103_terrorism",99.9,"Taiwan, China"
"17226","I104_police",5.7,"Taiwan, China"
"17227","Sub2_Social_Capital",NA,"Taiwan, China"
"17228","Sub2_Social_Capital",NA,"Taiwan, China"
"17229","Sub3_Checks_Balances",NA,"Taiwan, China"
"17230","I106_transparency",NA,"Taiwan, China"
"17231","I107_judicial_independence",4.6,"Taiwan, China"
"17232","I108_challenging_regulations",3.7,"Taiwan, China"
"17233","I09_press_freedom",25,"Taiwan, China"
"17234","Sub4_Public_Sector",NA,"Taiwan, China"
"17235","I110_gov_burden",3.9,"Taiwan, China"
"17236","I111_settling_disputes",3.8,"Taiwan, China"
"17237","I112_e_participation",NA,"Taiwan, China"
"17238","Sub5_Transparency",NA,"Taiwan, China"
"17239","I113_corruption",63,"Taiwan, China"
"17240","I114_property_rights",NA,"Taiwan, China"
"17241","I114_property_rights",5.6,"Taiwan, China"
"17242","I115_intellectual_property_protection",5.3,"Taiwan, China"
"17243","I116_land_administration",28.5,"Taiwan, China"
"17244","Sub6_Corporate_Governance",NA,"Taiwan, China"
"17245","I117_auditing_accounting_standards",5.9,"Taiwan, China"
"17246","I118_interest_conflict_regulation",7,"Taiwan, China"
"17247","I119_shareholder_governance",8,"Taiwan, China"
"17248","Sub7_Government_Orientation",NA,"Taiwan, China"
"17249","I120_policy_stability",4.1,"Taiwan, China"
"17250","I121_response_to_change",3.9,"Taiwan, China"
"17251","I122_digital_business_laws",3.9,"Taiwan, China"
"17252","I123_gov_long_term_vision",3.7,"Taiwan, China"
"17253","I124_energy_regulations",NA,"Taiwan, China"
"17254","I125_renewable_energy",NA,"Taiwan, China"
"17255","I126_environment_treaties",NA,"Taiwan, China"
"17256","P2_infrastructure",NA,"Taiwan, China"
"17257","Sub8_Transport_Infrastructure",NA,"Taiwan, China"
"17258","I201_road_connectivity",72.7,"Taiwan, China"
"17259","I202_quality_of_roads",5.6,"Taiwan, China"
"17260","I203_railroad_density",45,"Taiwan, China"
"17261","I204_train_efficiency",5.4,"Taiwan, China"
"17262","I205_airport_connectivity",315887.6,"Taiwan, China"
"17263","I206_air_transport_efficiency",5.6,"Taiwan, China"
"17264","I207_shipping_connectivity",78,"Taiwan, China"
"17265","I208_seaport_efficiency",5.4,"Taiwan, China"
"17266","Sub9_Utility_Infrastructure",NA,"Taiwan, China"
"17267","I209_electricity_access",100,"Taiwan, China"
"17268","I210_electricity_supply",3.3,"Taiwan, China"
"17269","I211_unsafe_drinking_water",4.1,"Taiwan, China"
"17270","I212_water_supply",5.7,"Taiwan, China"
"17271","P3_ICT_adoption",NA,"Taiwan, China"
"17272","I301_cellular_subscription",123.7,"Taiwan, China"
"17273","I302_mobile_broadband",111,"Taiwan, China"
"17274","I303_fixed_broadband",24.1,"Taiwan, China"
"17275","I304_fibre_internet",15.3,"Taiwan, China"
"17276","I305_internet_users",92.8,"Taiwan, China"
"17277","P4_macro_stability",NA,"Taiwan, China"
"17278","I401_inflation",1.3,"Taiwan, China"
"17279","I402_debt_dynamic",100,"Taiwan, China"
"17280","P5_health",NA,"Taiwan, China"
"17281","I501_healthy_life_expectancy",69.9,"Taiwan, China"
"17282","P6_skills",NA,"Taiwan, China"
"17283","Sub10_Workforce",NA,"Taiwan, China"
"17284","I601_years_of_schooling",11.9,"Taiwan, China"
"17285","Sub11_Workforce_Skills",NA,"Taiwan, China"
"17286","I602_staff_training",4.9,"Taiwan, China"
"17287","I603_vocational_training",4.7,"Taiwan, China"
"17288","I604_graduates_skillset",4.2,"Taiwan, China"
"17289","I605_digital_skills",5.2,"Taiwan, China"
"17290","I606_skilled_employees",5.1,"Taiwan, China"
"17291","Sub12_Future_Workforce",NA,"Taiwan, China"
"17292","I501_healthy_life_expectancy",16.6,"Taiwan, China"
"17293","Sub13_Future_Workforce_Skills",NA,"Taiwan, China"
"17294","I608_critical_thinking",3.7,"Taiwan, China"
"17295","I609_pupil_teacher_ratio",12.1,"Taiwan, China"
"17296","P7_product_market",NA,"Taiwan, China"
"17297","Sub14_Domestic_Competition",NA,"Taiwan, China"
"17298","I701_distortive_taxes",4.3,"Taiwan, China"
"17299","I702_market_dominance",5.2,"Taiwan, China"
"17300","I703_competition_services",5.7,"Taiwan, China"
"17301","Sub15_Trade_Openess",NA,"Taiwan, China"
"17302","I704_non_tariff_barriers",5,"Taiwan, China"
"17303","I705_trade_tariffs",5.05,"Taiwan, China"
"17304","I706_tariffs_complexity",4.9,"Taiwan, China"
"17305","I707_border_clearance",3.5,"Taiwan, China"
"17306","P8_labour_market",NA,"Taiwan, China"
"17307","Sub16_Flexibility",NA,"Taiwan, China"
"17308","I801_redundancy_costs",15.4,"Taiwan, China"
"17309","I802_hiring_firing_practices",4.7,"Taiwan, China"
"17310","I803_labour_employer_relations",5.4,"Taiwan, China"
"17311","I804_wage_flexibility",6,"Taiwan, China"
"17312","I805_labour_market_policies",4.4,"Taiwan, China"
"17313","I806_workers_rights",84,"Taiwan, China"
"17314","I807_foreign_labour_hiring",3.9,"Taiwan, China"
"17315","I808_internal_labour_mobility",5.5,"Taiwan, China"
"17316","Sub17_Meritocracy",NA,"Taiwan, China"
"17317","I809_reliance_on_management",5.4,"Taiwan, China"
"17318","I810_pay_productivity",4.8,"Taiwan, China"
"17319","I811_gender_pay_gap",0.85,"Taiwan, China"
"17320","I812_labour_tax",18.7,"Taiwan, China"
"17321","P9_financial_system",NA,"Taiwan, China"
"17322","Sub18_Depth",NA,"Taiwan, China"
"17323","I901_credit_to_private_sector",145,"Taiwan, China"
"17324","I902_financing_SME",5.2,"Taiwan, China"
"17325","I903_venture_capital",4.1,"Taiwan, China"
"17326","I904_market_capitalization",162.5,"Taiwan, China"
"17327","I905_insurance_premium",16.1,"Taiwan, China"
"17328","Sub19_Stability",NA,"Taiwan, China"
"17329","I906_banks_soundness",6,"Taiwan, China"
"17330","I907_non_performing_loans",0.3,"Taiwan, China"
"17331","I908_credit_gap",0.4,"Taiwan, China"
"17332","I909_regulatory_capital",13.3,"Taiwan, China"
"17333","P10_market_size",NA,"Taiwan, China"
"17334","I1001_GDP_PPP",1112,"Taiwan, China"
"17335","I1002_imports",58.1,"Taiwan, China"
"17336","P11_dynamism",NA,"Taiwan, China"
"17337","Sub20_Administrative_Requirements",NA,"Taiwan, China"
"17338","I1101_starting_business_cost",1.9,"Taiwan, China"
"17339","I1102_starting_business_time",10,"Taiwan, China"
"17340","I1103_insolvency_recovery_rate",82.2,"Taiwan, China"
"17341","I1104_insolvency_regulations",10.5,"Taiwan, China"
"17342","Sub21_Entrepreneurial_Culture",NA,"Taiwan, China"
"17343","I1105_risk_attitudes",4.5,"Taiwan, China"
"17344","I1106_delegating_authority",4.9,"Taiwan, China"
"17345","I1107_innovating_companies",4.8,"Taiwan, China"
"17346","I1108_disruptive_ideas",4.3,"Taiwan, China"
"17347","P12_innovation",NA,"Taiwan, China"
"17348","Sub22_Diversity",NA,"Taiwan, China"
"17349","I1201_workforce_diversity",5.7,"Taiwan, China"
"17350","I1202_cluster_development",5.5,"Taiwan, China"
"17351","I1203_international_inventions",24.43,"Taiwan, China"
"17352","I1204_stakeholder_collaboration",4.7,"Taiwan, China"
"17353","Sub23_Research_Development",NA,"Taiwan, China"
"17354","I1205_scientific_publications",439.3,"Taiwan, China"
"17355","I1206_patents",447.42,"Taiwan, China"
"17356","I1207_RnD_expenditures",3.2,"Taiwan, China"
"17357","I1208_research_institutions",0.19,"Taiwan, China"
"17358","Sub24_Commercialization",NA,"Taiwan, China"
"17359","I1209_buyer_sophistication",4.7,"Taiwan, China"
"17360","I1210_trademarks",NA,"Taiwan, China"
"17361","P1_institutions",NA,"Tajikistan"
"17362","Sub1_Security",NA,"Tajikistan"
"17363","I101_organized_crime",4.7,"Tajikistan"
"17364","I102_homicide",1.6,"Tajikistan"
"17365","I103_terrorism",99.7,"Tajikistan"
"17366","I104_police",4.6,"Tajikistan"
"17367","Sub2_Social_Capital",NA,"Tajikistan"
"17368","Sub2_Social_Capital",49.7,"Tajikistan"
"17369","Sub3_Checks_Balances",NA,"Tajikistan"
"17370","I106_transparency",30,"Tajikistan"
"17371","I107_judicial_independence",4.3,"Tajikistan"
"17372","I108_challenging_regulations",4.1,"Tajikistan"
"17373","I09_press_freedom",54,"Tajikistan"
"17374","Sub4_Public_Sector",NA,"Tajikistan"
"17375","I110_gov_burden",4.4,"Tajikistan"
"17376","I111_settling_disputes",4.5,"Tajikistan"
"17377","I112_e_participation",0.39,"Tajikistan"
"17378","Sub5_Transparency",NA,"Tajikistan"
"17379","I113_corruption",25,"Tajikistan"
"17380","I114_property_rights",NA,"Tajikistan"
"17381","I114_property_rights",4.6,"Tajikistan"
"17382","I115_intellectual_property_protection",4.3,"Tajikistan"
"17383","I116_land_administration",7.5,"Tajikistan"
"17384","Sub6_Corporate_Governance",NA,"Tajikistan"
"17385","I117_auditing_accounting_standards",4.3,"Tajikistan"
"17386","I118_interest_conflict_regulation",6.7,"Tajikistan"
"17387","I119_shareholder_governance",6.7,"Tajikistan"
"17388","Sub7_Government_Orientation",NA,"Tajikistan"
"17389","I120_policy_stability",4.8,"Tajikistan"
"17390","I121_response_to_change",4.7,"Tajikistan"
"17391","I122_digital_business_laws",3.6,"Tajikistan"
"17392","I123_gov_long_term_vision",5.3,"Tajikistan"
"17393","I124_energy_regulations",44.8,"Tajikistan"
"17394","I125_renewable_energy",36,"Tajikistan"
"17395","I126_environment_treaties",16,"Tajikistan"
"17396","P2_infrastructure",NA,"Tajikistan"
"17397","Sub8_Transport_Infrastructure",NA,"Tajikistan"
"17398","I201_road_connectivity",35.8,"Tajikistan"
"17399","I202_quality_of_roads",4.5,"Tajikistan"
"17400","I203_railroad_density",4.5,"Tajikistan"
"17401","I204_train_efficiency",4.1,"Tajikistan"
"17402","I205_airport_connectivity",4195.6,"Tajikistan"
"17403","I206_air_transport_efficiency",4.5,"Tajikistan"
"17404","I207_shipping_connectivity",NA,"Tajikistan"
"17405","I208_seaport_efficiency",1,"Tajikistan"
"17406","Sub9_Utility_Infrastructure",NA,"Tajikistan"
"17407","I209_electricity_access",100,"Tajikistan"
"17408","I210_electricity_supply",17.3,"Tajikistan"
"17409","I211_unsafe_drinking_water",23.6,"Tajikistan"
"17410","I212_water_supply",4.7,"Tajikistan"
"17411","P3_ICT_adoption",NA,"Tajikistan"
"17412","I301_cellular_subscription",111.5,"Tajikistan"
"17413","I302_mobile_broadband",22.8,"Tajikistan"
"17414","I303_fixed_broadband",0.1,"Tajikistan"
"17415","I304_fibre_internet",NA,"Tajikistan"
"17416","I305_internet_users",22,"Tajikistan"
"17417","P4_macro_stability",NA,"Tajikistan"
"17418","I401_inflation",5.6,"Tajikistan"
"17419","I402_debt_dynamic",49.2,"Tajikistan"
"17420","P5_health",NA,"Tajikistan"
"17421","I501_healthy_life_expectancy",61.3,"Tajikistan"
"17422","P6_skills",NA,"Tajikistan"
"17423","Sub10_Workforce",NA,"Tajikistan"
"17424","I601_years_of_schooling",11.4,"Tajikistan"
"17425","Sub11_Workforce_Skills",NA,"Tajikistan"
"17426","I602_staff_training",3.8,"Tajikistan"
"17427","I603_vocational_training",4.3,"Tajikistan"
"17428","I604_graduates_skillset",4.2,"Tajikistan"
"17429","I605_digital_skills",4.4,"Tajikistan"
"17430","I606_skilled_employees",4.2,"Tajikistan"
"17431","Sub12_Future_Workforce",NA,"Tajikistan"
"17432","I501_healthy_life_expectancy",11.2,"Tajikistan"
"17433","Sub13_Future_Workforce_Skills",NA,"Tajikistan"
"17434","I608_critical_thinking",4.2,"Tajikistan"
"17435","I609_pupil_teacher_ratio",22.3,"Tajikistan"
"17436","P7_product_market",NA,"Tajikistan"
"17437","Sub14_Domestic_Competition",NA,"Tajikistan"
"17438","I701_distortive_taxes",4,"Tajikistan"
"17439","I702_market_dominance",3.9,"Tajikistan"
"17440","I703_competition_services",4.6,"Tajikistan"
"17441","Sub15_Trade_Openess",NA,"Tajikistan"
"17442","I704_non_tariff_barriers",4.2,"Tajikistan"
"17443","I705_trade_tariffs",5.92,"Tajikistan"
"17444","I706_tariffs_complexity",6.2,"Tajikistan"
"17445","I707_border_clearance",1.9,"Tajikistan"
"17446","P8_labour_market",NA,"Tajikistan"
"17447","Sub16_Flexibility",NA,"Tajikistan"
"17448","I801_redundancy_costs",21.7,"Tajikistan"
"17449","I802_hiring_firing_practices",4.5,"Tajikistan"
"17450","I803_labour_employer_relations",4.5,"Tajikistan"
"17451","I804_wage_flexibility",5.4,"Tajikistan"
"17452","I805_labour_market_policies",4.2,"Tajikistan"
"17453","I806_workers_rights",NA,"Tajikistan"
"17454","I807_foreign_labour_hiring",4.5,"Tajikistan"
"17455","I808_internal_labour_mobility",4.8,"Tajikistan"
"17456","Sub17_Meritocracy",NA,"Tajikistan"
"17457","I809_reliance_on_management",3.7,"Tajikistan"
"17458","I810_pay_productivity",4.7,"Tajikistan"
"17459","I811_gender_pay_gap",0.59,"Tajikistan"
"17460","I812_labour_tax",28.5,"Tajikistan"
"17461","P9_financial_system",NA,"Tajikistan"
"17462","Sub18_Depth",NA,"Tajikistan"
"17463","I901_credit_to_private_sector",18.5,"Tajikistan"
"17464","I902_financing_SME",4,"Tajikistan"
"17465","I903_venture_capital",3.3,"Tajikistan"
"17466","I904_market_capitalization",0,"Tajikistan"
"17467","I905_insurance_premium",NA,"Tajikistan"
"17468","Sub19_Stability",NA,"Tajikistan"
"17469","I906_banks_soundness",3.9,"Tajikistan"
"17470","I907_non_performing_loans",19.1,"Tajikistan"
"17471","I908_credit_gap",-5.2,"Tajikistan"
"17472","I909_regulatory_capital",17.7,"Tajikistan"
"17473","P10_market_size",NA,"Tajikistan"
"17474","I1001_GDP_PPP",28,"Tajikistan"
"17475","I1002_imports",38.3,"Tajikistan"
"17476","P11_dynamism",NA,"Tajikistan"
"17477","Sub20_Administrative_Requirements",NA,"Tajikistan"
"17478","I1101_starting_business_cost",18,"Tajikistan"
"17479","I1102_starting_business_time",11,"Tajikistan"
"17480","I1103_insolvency_recovery_rate",34.2,"Tajikistan"
"17481","I1104_insolvency_regulations",4,"Tajikistan"
"17482","Sub21_Entrepreneurial_Culture",NA,"Tajikistan"
"17483","I1105_risk_attitudes",3.9,"Tajikistan"
"17484","I1106_delegating_authority",4.2,"Tajikistan"
"17485","I1107_innovating_companies",4.2,"Tajikistan"
"17486","I1108_disruptive_ideas",3.5,"Tajikistan"
"17487","P12_innovation",NA,"Tajikistan"
"17488","Sub22_Diversity",NA,"Tajikistan"
"17489","I1201_workforce_diversity",4.5,"Tajikistan"
"17490","I1202_cluster_development",3.2,"Tajikistan"
"17491","I1203_international_inventions",0,"Tajikistan"
"17492","I1204_stakeholder_collaboration",4,"Tajikistan"
"17493","Sub23_Research_Development",NA,"Tajikistan"
"17494","I1205_scientific_publications",38,"Tajikistan"
"17495","I1206_patents",0.04,"Tajikistan"
"17496","I1207_RnD_expenditures",0.1,"Tajikistan"
"17497","I1208_research_institutions",0,"Tajikistan"
"17498","Sub24_Commercialization",NA,"Tajikistan"
"17499","I1209_buyer_sophistication",3.8,"Tajikistan"
"17500","I1210_trademarks",12.52,"Tajikistan"
"17501","P1_institutions",NA,"Tanzania"
"17502","Sub1_Security",NA,"Tanzania"
"17503","I101_organized_crime",4.4,"Tanzania"
"17504","I102_homicide",6.2,"Tanzania"
"17505","I103_terrorism",99.1,"Tanzania"
"17506","I104_police",4.1,"Tanzania"
"17507","Sub2_Social_Capital",NA,"Tanzania"
"17508","Sub2_Social_Capital",45.7,"Tanzania"
"17509","Sub3_Checks_Balances",NA,"Tanzania"
"17510","I106_transparency",10,"Tanzania"
"17511","I107_judicial_independence",3.7,"Tanzania"
"17512","I108_challenging_regulations",3.5,"Tanzania"
"17513","I09_press_freedom",36.3,"Tanzania"
"17514","Sub4_Public_Sector",NA,"Tanzania"
"17515","I110_gov_burden",3.8,"Tanzania"
"17516","I111_settling_disputes",4.1,"Tanzania"
"17517","I112_e_participation",0.62,"Tanzania"
"17518","Sub5_Transparency",NA,"Tanzania"
"17519","I113_corruption",36,"Tanzania"
"17520","I114_property_rights",NA,"Tanzania"
"17521","I114_property_rights",4.2,"Tanzania"
"17522","I115_intellectual_property_protection",4.1,"Tanzania"
"17523","I116_land_administration",7.5,"Tanzania"
"17524","Sub6_Corporate_Governance",NA,"Tanzania"
"17525","I117_auditing_accounting_standards",4.2,"Tanzania"
"17526","I118_interest_conflict_regulation",5.3,"Tanzania"
"17527","I119_shareholder_governance",3.7,"Tanzania"
"17528","Sub7_Government_Orientation",NA,"Tanzania"
"17529","I120_policy_stability",4.1,"Tanzania"
"17530","I121_response_to_change",4.2,"Tanzania"
"17531","I122_digital_business_laws",3.8,"Tanzania"
"17532","I123_gov_long_term_vision",4.4,"Tanzania"
"17533","I124_energy_regulations",13.9,"Tanzania"
"17534","I125_renewable_energy",41.9,"Tanzania"
"17535","I126_environment_treaties",23,"Tanzania"
"17536","P2_infrastructure",NA,"Tanzania"
"17537","Sub8_Transport_Infrastructure",NA,"Tanzania"
"17538","I201_road_connectivity",70,"Tanzania"
"17539","I202_quality_of_roads",4.1,"Tanzania"
"17540","I203_railroad_density",3,"Tanzania"
"17541","I204_train_efficiency",3.2,"Tanzania"
"17542","I205_airport_connectivity",12683.1,"Tanzania"
"17543","I206_air_transport_efficiency",4.1,"Tanzania"
"17544","I207_shipping_connectivity",13.2,"Tanzania"
"17545","I208_seaport_efficiency",4.1,"Tanzania"
"17546","Sub9_Utility_Infrastructure",NA,"Tanzania"
"17547","I209_electricity_access",32.8,"Tanzania"
"17548","I210_electricity_supply",15.8,"Tanzania"
"17549","I211_unsafe_drinking_water",63.2,"Tanzania"
"17550","I212_water_supply",3.6,"Tanzania"
"17551","P3_ICT_adoption",NA,"Tanzania"
"17552","I301_cellular_subscription",77.2,"Tanzania"
"17553","I302_mobile_broadband",9.1,"Tanzania"
"17554","I303_fixed_broadband",1.5,"Tanzania"
"17555","I304_fibre_internet",0.2,"Tanzania"
"17556","I305_internet_users",25,"Tanzania"
"17557","P4_macro_stability",NA,"Tanzania"
"17558","I401_inflation",4.4,"Tanzania"
"17559","I402_debt_dynamic",49.7,"Tanzania"
"17560","P5_health",NA,"Tanzania"
"17561","I501_healthy_life_expectancy",58.2,"Tanzania"
"17562","P6_skills",NA,"Tanzania"
"17563","Sub10_Workforce",NA,"Tanzania"
"17564","I601_years_of_schooling",6.8,"Tanzania"
"17565","Sub11_Workforce_Skills",NA,"Tanzania"
"17566","I602_staff_training",3.8,"Tanzania"
"17567","I603_vocational_training",4.2,"Tanzania"
"17568","I604_graduates_skillset",4,"Tanzania"
"17569","I605_digital_skills",3.9,"Tanzania"
"17570","I606_skilled_employees",4.3,"Tanzania"
"17571","Sub12_Future_Workforce",NA,"Tanzania"
"17572","I501_healthy_life_expectancy",7.7,"Tanzania"
"17573","Sub13_Future_Workforce_Skills",NA,"Tanzania"
"17574","I608_critical_thinking",3.5,"Tanzania"
"17575","I609_pupil_teacher_ratio",47.2,"Tanzania"
"17576","P7_product_market",NA,"Tanzania"
"17577","Sub14_Domestic_Competition",NA,"Tanzania"
"17578","I701_distortive_taxes",3.5,"Tanzania"
"17579","I702_market_dominance",3.5,"Tanzania"
"17580","I703_competition_services",4.4,"Tanzania"
"17581","Sub15_Trade_Openess",NA,"Tanzania"
"17582","I704_non_tariff_barriers",4,"Tanzania"
"17583","I705_trade_tariffs",10.91,"Tanzania"
"17584","I706_tariffs_complexity",6.2,"Tanzania"
"17585","I707_border_clearance",2.8,"Tanzania"
"17586","P8_labour_market",NA,"Tanzania"
"17587","Sub16_Flexibility",NA,"Tanzania"
"17588","I801_redundancy_costs",9.3,"Tanzania"
"17589","I802_hiring_firing_practices",3.9,"Tanzania"
"17590","I803_labour_employer_relations",4.4,"Tanzania"
"17591","I804_wage_flexibility",4.6,"Tanzania"
"17592","I805_labour_market_policies",3.4,"Tanzania"
"17593","I806_workers_rights",71,"Tanzania"
"17594","I807_foreign_labour_hiring",3.3,"Tanzania"
"17595","I808_internal_labour_mobility",4.3,"Tanzania"
"17596","Sub17_Meritocracy",NA,"Tanzania"
"17597","I809_reliance_on_management",4.5,"Tanzania"
"17598","I810_pay_productivity",3.7,"Tanzania"
"17599","I811_gender_pay_gap",0.5,"Tanzania"
"17600","I812_labour_tax",17.5,"Tanzania"
"17601","P9_financial_system",NA,"Tanzania"
"17602","Sub18_Depth",NA,"Tanzania"
"17603","I901_credit_to_private_sector",14.8,"Tanzania"
"17604","I902_financing_SME",3.9,"Tanzania"
"17605","I903_venture_capital",3.1,"Tanzania"
"17606","I904_market_capitalization",9,"Tanzania"
"17607","I905_insurance_premium",0.6,"Tanzania"
"17608","Sub19_Stability",NA,"Tanzania"
"17609","I906_banks_soundness",4,"Tanzania"
"17610","I907_non_performing_loans",11.5,"Tanzania"
"17611","I908_credit_gap",-0.9,"Tanzania"
"17612","I909_regulatory_capital",19.3,"Tanzania"
"17613","P10_market_size",NA,"Tanzania"
"17614","I1001_GDP_PPP",156,"Tanzania"
"17615","I1002_imports",18.6,"Tanzania"
"17616","P11_dynamism",NA,"Tanzania"
"17617","Sub20_Administrative_Requirements",NA,"Tanzania"
"17618","I1101_starting_business_cost",58.7,"Tanzania"
"17619","I1102_starting_business_time",27.5,"Tanzania"
"17620","I1103_insolvency_recovery_rate",20.3,"Tanzania"
"17621","I1104_insolvency_regulations",9,"Tanzania"
"17622","Sub21_Entrepreneurial_Culture",NA,"Tanzania"
"17623","I1105_risk_attitudes",4,"Tanzania"
"17624","I1106_delegating_authority",4.2,"Tanzania"
"17625","I1107_innovating_companies",4.3,"Tanzania"
"17626","I1108_disruptive_ideas",3.8,"Tanzania"
"17627","P12_innovation",NA,"Tanzania"
"17628","Sub22_Diversity",NA,"Tanzania"
"17629","I1201_workforce_diversity",4,"Tanzania"
"17630","I1202_cluster_development",4,"Tanzania"
"17631","I1203_international_inventions",0,"Tanzania"
"17632","I1204_stakeholder_collaboration",3.9,"Tanzania"
"17633","Sub23_Research_Development",NA,"Tanzania"
"17634","I1205_scientific_publications",147.3,"Tanzania"
"17635","I1206_patents",0,"Tanzania"
"17636","I1207_RnD_expenditures",0.5,"Tanzania"
"17637","I1208_research_institutions",0.01,"Tanzania"
"17638","Sub24_Commercialization",NA,"Tanzania"
"17639","I1209_buyer_sophistication",3.1,"Tanzania"
"17640","I1210_trademarks",0,"Tanzania"
"17641","P1_institutions",NA,"Thailand"
"17642","Sub1_Security",NA,"Thailand"
"17643","I101_organized_crime",4.3,"Thailand"
"17644","I102_homicide",3.2,"Thailand"
"17645","I103_terrorism",69.9,"Thailand"
"17646","I104_police",3.6,"Thailand"
"17647","Sub2_Social_Capital",NA,"Thailand"
"17648","Sub2_Social_Capital",53.2,"Thailand"
"17649","Sub3_Checks_Balances",NA,"Thailand"
"17650","I106_transparency",56,"Thailand"
"17651","I107_judicial_independence",4,"Thailand"
"17652","I108_challenging_regulations",3.3,"Thailand"
"17653","I09_press_freedom",44.1,"Thailand"
"17654","Sub4_Public_Sector",NA,"Thailand"
"17655","I110_gov_burden",3.7,"Thailand"
"17656","I111_settling_disputes",4.2,"Thailand"
"17657","I112_e_participation",0.65,"Thailand"
"17658","Sub5_Transparency",NA,"Thailand"
"17659","I113_corruption",36,"Thailand"
"17660","I114_property_rights",NA,"Thailand"
"17661","I114_property_rights",4.3,"Thailand"
"17662","I115_intellectual_property_protection",3.7,"Thailand"
"17663","I116_land_administration",19,"Thailand"
"17664","Sub6_Corporate_Governance",NA,"Thailand"
"17665","I117_auditing_accounting_standards",4.9,"Thailand"
"17666","I118_interest_conflict_regulation",8.3,"Thailand"
"17667","I119_shareholder_governance",6.7,"Thailand"
"17668","Sub7_Government_Orientation",NA,"Thailand"
"17669","I120_policy_stability",3.8,"Thailand"
"17670","I121_response_to_change",3.9,"Thailand"
"17671","I122_digital_business_laws",3.6,"Thailand"
"17672","I123_gov_long_term_vision",3.9,"Thailand"
"17673","I124_energy_regulations",59.5,"Thailand"
"17674","I125_renewable_energy",47,"Thailand"
"17675","I126_environment_treaties",21,"Thailand"
"17676","P2_infrastructure",NA,"Thailand"
"17677","Sub8_Transport_Infrastructure",NA,"Thailand"
"17678","I201_road_connectivity",80,"Thailand"
"17679","I202_quality_of_roads",4.4,"Thailand"
"17680","I203_railroad_density",8.7,"Thailand"
"17681","I204_train_efficiency",2.8,"Thailand"
"17682","I205_airport_connectivity",670386.8,"Thailand"
"17683","I206_air_transport_efficiency",5,"Thailand"
"17684","I207_shipping_connectivity",48,"Thailand"
"17685","I208_seaport_efficiency",4.1,"Thailand"
"17686","Sub9_Utility_Infrastructure",NA,"Thailand"
"17687","I209_electricity_access",100,"Thailand"
"17688","I210_electricity_supply",5.8,"Thailand"
"17689","I211_unsafe_drinking_water",52.7,"Thailand"
"17690","I212_water_supply",5.2,"Thailand"
"17691","P3_ICT_adoption",NA,"Thailand"
"17692","I301_cellular_subscription",180.2,"Thailand"
"17693","I302_mobile_broadband",104.7,"Thailand"
"17694","I303_fixed_broadband",13.2,"Thailand"
"17695","I304_fibre_internet",2.4,"Thailand"
"17696","I305_internet_users",56.8,"Thailand"
"17697","P4_macro_stability",NA,"Thailand"
"17698","I401_inflation",0.9,"Thailand"
"17699","I402_debt_dynamic",80,"Thailand"
"17700","P5_health",NA,"Thailand"
"17701","I501_healthy_life_expectancy",68.5,"Thailand"
"17702","P6_skills",NA,"Thailand"
"17703","Sub10_Workforce",NA,"Thailand"
"17704","I601_years_of_schooling",7.6,"Thailand"
"17705","Sub11_Workforce_Skills",NA,"Thailand"
"17706","I602_staff_training",4.3,"Thailand"
"17707","I603_vocational_training",4.1,"Thailand"
"17708","I604_graduates_skillset",4,"Thailand"
"17709","I605_digital_skills",4.3,"Thailand"
"17710","I606_skilled_employees",4,"Thailand"
"17711","Sub12_Future_Workforce",NA,"Thailand"
"17712","I501_healthy_life_expectancy",15.4,"Thailand"
"17713","Sub13_Future_Workforce_Skills",NA,"Thailand"
"17714","I608_critical_thinking",3.2,"Thailand"
"17715","I609_pupil_teacher_ratio",16.2,"Thailand"
"17716","P7_product_market",NA,"Thailand"
"17717","Sub14_Domestic_Competition",NA,"Thailand"
"17718","I701_distortive_taxes",3.9,"Thailand"
"17719","I702_market_dominance",3.6,"Thailand"
"17720","I703_competition_services",5.2,"Thailand"
"17721","Sub15_Trade_Openess",NA,"Thailand"
"17722","I704_non_tariff_barriers",4.4,"Thailand"
"17723","I705_trade_tariffs",7.46,"Thailand"
"17724","I706_tariffs_complexity",4.1,"Thailand"
"17725","I707_border_clearance",3.1,"Thailand"
"17726","P8_labour_market",NA,"Thailand"
"17727","Sub16_Flexibility",NA,"Thailand"
"17728","I801_redundancy_costs",36,"Thailand"
"17729","I802_hiring_firing_practices",4.3,"Thailand"
"17730","I803_labour_employer_relations",4.9,"Thailand"
"17731","I804_wage_flexibility",4.4,"Thailand"
"17732","I805_labour_market_policies",3.8,"Thailand"
"17733","I806_workers_rights",62,"Thailand"
"17734","I807_foreign_labour_hiring",4.1,"Thailand"
"17735","I808_internal_labour_mobility",4.5,"Thailand"
"17736","Sub17_Meritocracy",NA,"Thailand"
"17737","I809_reliance_on_management",4.5,"Thailand"
"17738","I810_pay_productivity",4.6,"Thailand"
"17739","I811_gender_pay_gap",0.79,"Thailand"
"17740","I812_labour_tax",5.4,"Thailand"
"17741","P9_financial_system",NA,"Thailand"
"17742","Sub18_Depth",NA,"Thailand"
"17743","I901_credit_to_private_sector",146.5,"Thailand"
"17744","I902_financing_SME",4.5,"Thailand"
"17745","I903_venture_capital",3.8,"Thailand"
"17746","I904_market_capitalization",104.2,"Thailand"
"17747","I905_insurance_premium",5.2,"Thailand"
"17748","Sub19_Stability",NA,"Thailand"
"17749","I906_banks_soundness",5.8,"Thailand"
"17750","I907_non_performing_loans",3.1,"Thailand"
"17751","I908_credit_gap",-6.7,"Thailand"
"17752","I909_regulatory_capital",17.6,"Thailand"
"17753","P10_market_size",NA,"Thailand"
"17754","I1001_GDP_PPP",1174,"Thailand"
"17755","I1002_imports",62.5,"Thailand"
"17756","P11_dynamism",NA,"Thailand"
"17757","Sub20_Administrative_Requirements",NA,"Thailand"
"17758","I1101_starting_business_cost",3.1,"Thailand"
"17759","I1102_starting_business_time",4.5,"Thailand"
"17760","I1103_insolvency_recovery_rate",69.8,"Thailand"
"17761","I1104_insolvency_regulations",12.5,"Thailand"
"17762","Sub21_Entrepreneurial_Culture",NA,"Thailand"
"17763","I1105_risk_attitudes",4.5,"Thailand"
"17764","I1106_delegating_authority",4.5,"Thailand"
"17765","I1107_innovating_companies",4.6,"Thailand"
"17766","I1108_disruptive_ideas",4.1,"Thailand"
"17767","P12_innovation",NA,"Thailand"
"17768","Sub22_Diversity",NA,"Thailand"
"17769","I1201_workforce_diversity",5.1,"Thailand"
"17770","I1202_cluster_development",4.1,"Thailand"
"17771","I1203_international_inventions",0.37,"Thailand"
"17772","I1204_stakeholder_collaboration",4.1,"Thailand"
"17773","Sub23_Research_Development",NA,"Thailand"
"17774","I1205_scientific_publications",289.7,"Thailand"
"17775","I1206_patents",0.97,"Thailand"
"17776","I1207_RnD_expenditures",0.8,"Thailand"
"17777","I1208_research_institutions",0.04,"Thailand"
"17778","Sub24_Commercialization",NA,"Thailand"
"17779","I1209_buyer_sophistication",4.3,"Thailand"
"17780","I1210_trademarks",544.35,"Thailand"
"17781","P1_institutions",NA,"Trinidad and Tobago"
"17782","Sub1_Security",NA,"Trinidad and Tobago"
"17783","I101_organized_crime",3.3,"Trinidad and Tobago"
"17784","I102_homicide",30.9,"Trinidad and Tobago"
"17785","I103_terrorism",100,"Trinidad and Tobago"
"17786","I104_police",3.2,"Trinidad and Tobago"
"17787","Sub2_Social_Capital",NA,"Trinidad and Tobago"
"17788","Sub2_Social_Capital",56.2,"Trinidad and Tobago"
"17789","Sub3_Checks_Balances",NA,"Trinidad and Tobago"
"17790","I106_transparency",33,"Trinidad and Tobago"
"17791","I107_judicial_independence",4.1,"Trinidad and Tobago"
"17792","I108_challenging_regulations",2.7,"Trinidad and Tobago"
"17793","I09_press_freedom",24.7,"Trinidad and Tobago"
"17794","Sub4_Public_Sector",NA,"Trinidad and Tobago"
"17795","I110_gov_burden",3.1,"Trinidad and Tobago"
"17796","I111_settling_disputes",2.7,"Trinidad and Tobago"
"17797","I112_e_participation",0.58,"Trinidad and Tobago"
"17798","Sub5_Transparency",NA,"Trinidad and Tobago"
"17799","I113_corruption",41,"Trinidad and Tobago"
"17800","I114_property_rights",NA,"Trinidad and Tobago"
"17801","I114_property_rights",4.3,"Trinidad and Tobago"
"17802","I115_intellectual_property_protection",3.7,"Trinidad and Tobago"
"17803","I116_land_administration",11,"Trinidad and Tobago"
"17804","Sub6_Corporate_Governance",NA,"Trinidad and Tobago"
"17805","I117_auditing_accounting_standards",4.6,"Trinidad and Tobago"
"17806","I118_interest_conflict_regulation",7,"Trinidad and Tobago"
"17807","I119_shareholder_governance",5.3,"Trinidad and Tobago"
"17808","Sub7_Government_Orientation",NA,"Trinidad and Tobago"
"17809","I120_policy_stability",3.7,"Trinidad and Tobago"
"17810","I121_response_to_change",2.5,"Trinidad and Tobago"
"17811","I122_digital_business_laws",2.7,"Trinidad and Tobago"
"17812","I123_gov_long_term_vision",3.1,"Trinidad and Tobago"
"17813","I124_energy_regulations",NA,"Trinidad and Tobago"
"17814","I125_renewable_energy",NA,"Trinidad and Tobago"
"17815","I126_environment_treaties",22,"Trinidad and Tobago"
"17816","P2_infrastructure",NA,"Trinidad and Tobago"
"17817","Sub8_Transport_Infrastructure",NA,"Trinidad and Tobago"
"17818","I201_road_connectivity",41,"Trinidad and Tobago"
"17819","I202_quality_of_roads",3.7,"Trinidad and Tobago"
"17820","I203_railroad_density",NA,"Trinidad and Tobago"
"17821","I204_train_efficiency",NA,"Trinidad and Tobago"
"17822","I205_airport_connectivity",7558.5,"Trinidad and Tobago"
"17823","I206_air_transport_efficiency",4.2,"Trinidad and Tobago"
"17824","I207_shipping_connectivity",12.4,"Trinidad and Tobago"
"17825","I208_seaport_efficiency",3,"Trinidad and Tobago"
"17826","Sub9_Utility_Infrastructure",NA,"Trinidad and Tobago"
"17827","I209_electricity_access",99,"Trinidad and Tobago"
"17828","I210_electricity_supply",1.9,"Trinidad and Tobago"
"17829","I211_unsafe_drinking_water",34.6,"Trinidad and Tobago"
"17830","I212_water_supply",4.4,"Trinidad and Tobago"
"17831","P3_ICT_adoption",NA,"Trinidad and Tobago"
"17832","I301_cellular_subscription",140.1,"Trinidad and Tobago"
"17833","I302_mobile_broadband",46.2,"Trinidad and Tobago"
"17834","I303_fixed_broadband",24.4,"Trinidad and Tobago"
"17835","I304_fibre_internet",7.3,"Trinidad and Tobago"
"17836","I305_internet_users",77.3,"Trinidad and Tobago"
"17837","P4_macro_stability",NA,"Trinidad and Tobago"
"17838","I401_inflation",1.5,"Trinidad and Tobago"
"17839","I402_debt_dynamic",77.8,"Trinidad and Tobago"
"17840","P5_health",NA,"Trinidad and Tobago"
"17841","I501_healthy_life_expectancy",65,"Trinidad and Tobago"
"17842","P6_skills",NA,"Trinidad and Tobago"
"17843","Sub10_Workforce",NA,"Trinidad and Tobago"
"17844","I601_years_of_schooling",9.9,"Trinidad and Tobago"
"17845","Sub11_Workforce_Skills",NA,"Trinidad and Tobago"
"17846","I602_staff_training",4,"Trinidad and Tobago"
"17847","I603_vocational_training",4.2,"Trinidad and Tobago"
"17848","I604_graduates_skillset",4.1,"Trinidad and Tobago"
"17849","I605_digital_skills",3.8,"Trinidad and Tobago"
"17850","I606_skilled_employees",4.4,"Trinidad and Tobago"
"17851","Sub12_Future_Workforce",NA,"Trinidad and Tobago"
"17852","I501_healthy_life_expectancy",NA,"Trinidad and Tobago"
"17853","Sub13_Future_Workforce_Skills",NA,"Trinidad and Tobago"
"17854","I608_critical_thinking",3,"Trinidad and Tobago"
"17855","I609_pupil_teacher_ratio",25,"Trinidad and Tobago"
"17856","P7_product_market",NA,"Trinidad and Tobago"
"17857","Sub14_Domestic_Competition",NA,"Trinidad and Tobago"
"17858","I701_distortive_taxes",3.5,"Trinidad and Tobago"
"17859","I702_market_dominance",3,"Trinidad and Tobago"
"17860","I703_competition_services",4.8,"Trinidad and Tobago"
"17861","Sub15_Trade_Openess",NA,"Trinidad and Tobago"
"17862","I704_non_tariff_barriers",4.6,"Trinidad and Tobago"
"17863","I705_trade_tariffs",11.43,"Trinidad and Tobago"
"17864","I706_tariffs_complexity",5.2,"Trinidad and Tobago"
"17865","I707_border_clearance",2.4,"Trinidad and Tobago"
"17866","P8_labour_market",NA,"Trinidad and Tobago"
"17867","Sub16_Flexibility",NA,"Trinidad and Tobago"
"17868","I801_redundancy_costs",20.5,"Trinidad and Tobago"
"17869","I802_hiring_firing_practices",3.2,"Trinidad and Tobago"
"17870","I803_labour_employer_relations",3,"Trinidad and Tobago"
"17871","I804_wage_flexibility",4.6,"Trinidad and Tobago"
"17872","I805_labour_market_policies",2.9,"Trinidad and Tobago"
"17873","I806_workers_rights",65,"Trinidad and Tobago"
"17874","I807_foreign_labour_hiring",3.4,"Trinidad and Tobago"
"17875","I808_internal_labour_mobility",4.1,"Trinidad and Tobago"
"17876","Sub17_Meritocracy",NA,"Trinidad and Tobago"
"17877","I809_reliance_on_management",4.5,"Trinidad and Tobago"
"17878","I810_pay_productivity",3.6,"Trinidad and Tobago"
"17879","I811_gender_pay_gap",0.85,"Trinidad and Tobago"
"17880","I812_labour_tax",9.4,"Trinidad and Tobago"
"17881","P9_financial_system",NA,"Trinidad and Tobago"
"17882","Sub18_Depth",NA,"Trinidad and Tobago"
"17883","I901_credit_to_private_sector",38.4,"Trinidad and Tobago"
"17884","I902_financing_SME",3.4,"Trinidad and Tobago"
"17885","I903_venture_capital",2.3,"Trinidad and Tobago"
"17886","I904_market_capitalization",89.3,"Trinidad and Tobago"
"17887","I905_insurance_premium",3.6,"Trinidad and Tobago"
"17888","Sub19_Stability",NA,"Trinidad and Tobago"
"17889","I906_banks_soundness",5.7,"Trinidad and Tobago"
"17890","I907_non_performing_loans",2.9,"Trinidad and Tobago"
"17891","I908_credit_gap",7.2,"Trinidad and Tobago"
"17892","I909_regulatory_capital",21.7,"Trinidad and Tobago"
"17893","P10_market_size",NA,"Trinidad and Tobago"
"17894","I1001_GDP_PPP",39,"Trinidad and Tobago"
"17895","I1002_imports",46.1,"Trinidad and Tobago"
"17896","P11_dynamism",NA,"Trinidad and Tobago"
"17897","Sub20_Administrative_Requirements",NA,"Trinidad and Tobago"
"17898","I1101_starting_business_cost",0.7,"Trinidad and Tobago"
"17899","I1102_starting_business_time",10.5,"Trinidad and Tobago"
"17900","I1103_insolvency_recovery_rate",26.2,"Trinidad and Tobago"
"17901","I1104_insolvency_regulations",11,"Trinidad and Tobago"
"17902","Sub21_Entrepreneurial_Culture",NA,"Trinidad and Tobago"
"17903","I1105_risk_attitudes",3.4,"Trinidad and Tobago"
"17904","I1106_delegating_authority",4.5,"Trinidad and Tobago"
"17905","I1107_innovating_companies",3.2,"Trinidad and Tobago"
"17906","I1108_disruptive_ideas",2.9,"Trinidad and Tobago"
"17907","P12_innovation",NA,"Trinidad and Tobago"
"17908","Sub22_Diversity",NA,"Trinidad and Tobago"
"17909","I1201_workforce_diversity",5.1,"Trinidad and Tobago"
"17910","I1202_cluster_development",3.5,"Trinidad and Tobago"
"17911","I1203_international_inventions",0.46,"Trinidad and Tobago"
"17912","I1204_stakeholder_collaboration",3.1,"Trinidad and Tobago"
"17913","Sub23_Research_Development",NA,"Trinidad and Tobago"
"17914","I1205_scientific_publications",88.3,"Trinidad and Tobago"
"17915","I1206_patents",0.95,"Trinidad and Tobago"
"17916","I1207_RnD_expenditures",0.1,"Trinidad and Tobago"
"17917","I1208_research_institutions",0,"Trinidad and Tobago"
"17918","Sub24_Commercialization",NA,"Trinidad and Tobago"
"17919","I1209_buyer_sophistication",3.5,"Trinidad and Tobago"
"17920","I1210_trademarks",339.52,"Trinidad and Tobago"
"17921","P1_institutions",NA,"Tunisia"
"17922","Sub1_Security",NA,"Tunisia"
"17923","I101_organized_crime",4.9,"Tunisia"
"17924","I102_homicide",3,"Tunisia"
"17925","I103_terrorism",97.7,"Tunisia"
"17926","I104_police",4.5,"Tunisia"
"17927","Sub2_Social_Capital",NA,"Tunisia"
"17928","Sub2_Social_Capital",41.9,"Tunisia"
"17929","Sub3_Checks_Balances",NA,"Tunisia"
"17930","I106_transparency",39,"Tunisia"
"17931","I107_judicial_independence",3.7,"Tunisia"
"17932","I108_challenging_regulations",3.7,"Tunisia"
"17933","I09_press_freedom",29.6,"Tunisia"
"17934","Sub4_Public_Sector",NA,"Tunisia"
"17935","I110_gov_burden",2.9,"Tunisia"
"17936","I111_settling_disputes",3.7,"Tunisia"
"17937","I112_e_participation",0.8,"Tunisia"
"17938","Sub5_Transparency",NA,"Tunisia"
"17939","I113_corruption",43,"Tunisia"
"17940","I114_property_rights",NA,"Tunisia"
"17941","I114_property_rights",4.3,"Tunisia"
"17942","I115_intellectual_property_protection",3.7,"Tunisia"
"17943","I116_land_administration",13,"Tunisia"
"17944","Sub6_Corporate_Governance",NA,"Tunisia"
"17945","I117_auditing_accounting_standards",4.2,"Tunisia"
"17946","I118_interest_conflict_regulation",6,"Tunisia"
"17947","I119_shareholder_governance",5.3,"Tunisia"
"17948","Sub7_Government_Orientation",NA,"Tunisia"
"17949","I120_policy_stability",3.3,"Tunisia"
"17950","I121_response_to_change",3.2,"Tunisia"
"17951","I122_digital_business_laws",3.2,"Tunisia"
"17952","I123_gov_long_term_vision",2.7,"Tunisia"
"17953","I124_energy_regulations",74.1,"Tunisia"
"17954","I125_renewable_energy",76.1,"Tunisia"
"17955","I126_environment_treaties",22,"Tunisia"
"17956","P2_infrastructure",NA,"Tunisia"
"17957","Sub8_Transport_Infrastructure",NA,"Tunisia"
"17958","I201_road_connectivity",82.7,"Tunisia"
"17959","I202_quality_of_roads",3.6,"Tunisia"
"17960","I203_railroad_density",13.9,"Tunisia"
"17961","I204_train_efficiency",3.2,"Tunisia"
"17962","I205_airport_connectivity",34374.4,"Tunisia"
"17963","I206_air_transport_efficiency",3.6,"Tunisia"
"17964","I207_shipping_connectivity",6.3,"Tunisia"
"17965","I208_seaport_efficiency",3.4,"Tunisia"
"17966","Sub9_Utility_Infrastructure",NA,"Tunisia"
"17967","I209_electricity_access",100,"Tunisia"
"17968","I210_electricity_supply",15.5,"Tunisia"
"17969","I211_unsafe_drinking_water",20.2,"Tunisia"
"17970","I212_water_supply",4.9,"Tunisia"
"17971","P3_ICT_adoption",NA,"Tunisia"
"17972","I301_cellular_subscription",127.7,"Tunisia"
"17973","I302_mobile_broadband",76.1,"Tunisia"
"17974","I303_fixed_broadband",8.8,"Tunisia"
"17975","I304_fibre_internet",0.2,"Tunisia"
"17976","I305_internet_users",64.2,"Tunisia"
"17977","P4_macro_stability",NA,"Tunisia"
"17978","I401_inflation",6.3,"Tunisia"
"17979","I402_debt_dynamic",37.7,"Tunisia"
"17980","P5_health",NA,"Tunisia"
"17981","I501_healthy_life_expectancy",67.3,"Tunisia"
"17982","P6_skills",NA,"Tunisia"
"17983","Sub10_Workforce",NA,"Tunisia"
"17984","I601_years_of_schooling",7.1,"Tunisia"
"17985","Sub11_Workforce_Skills",NA,"Tunisia"
"17986","I602_staff_training",3.7,"Tunisia"
"17987","I603_vocational_training",3.7,"Tunisia"
"17988","I604_graduates_skillset",3.6,"Tunisia"
"17989","I605_digital_skills",4.2,"Tunisia"
"17990","I606_skilled_employees",4,"Tunisia"
"17991","Sub12_Future_Workforce",NA,"Tunisia"
"17992","I501_healthy_life_expectancy",15.1,"Tunisia"
"17993","Sub13_Future_Workforce_Skills",NA,"Tunisia"
"17994","I608_critical_thinking",3.1,"Tunisia"
"17995","I609_pupil_teacher_ratio",16.2,"Tunisia"
"17996","P7_product_market",NA,"Tunisia"
"17997","Sub14_Domestic_Competition",NA,"Tunisia"
"17998","I701_distortive_taxes",4.3,"Tunisia"
"17999","I702_market_dominance",3.6,"Tunisia"
"18000","I703_competition_services",4.7,"Tunisia"
"18001","Sub15_Trade_Openess",NA,"Tunisia"
"18002","I704_non_tariff_barriers",4.1,"Tunisia"
"18003","I705_trade_tariffs",10.36,"Tunisia"
"18004","I706_tariffs_complexity",6.4,"Tunisia"
"18005","I707_border_clearance",2.4,"Tunisia"
"18006","P8_labour_market",NA,"Tunisia"
"18007","Sub16_Flexibility",NA,"Tunisia"
"18008","I801_redundancy_costs",21.5,"Tunisia"
"18009","I802_hiring_firing_practices",3,"Tunisia"
"18010","I803_labour_employer_relations",3.7,"Tunisia"
"18011","I804_wage_flexibility",4.3,"Tunisia"
"18012","I805_labour_market_policies",2.8,"Tunisia"
"18013","I806_workers_rights",72,"Tunisia"
"18014","I807_foreign_labour_hiring",2.7,"Tunisia"
"18015","I808_internal_labour_mobility",4.3,"Tunisia"
"18016","Sub17_Meritocracy",NA,"Tunisia"
"18017","I809_reliance_on_management",3.9,"Tunisia"
"18018","I810_pay_productivity",3.2,"Tunisia"
"18019","I811_gender_pay_gap",0.37,"Tunisia"
"18020","I812_labour_tax",25.3,"Tunisia"
"18021","P9_financial_system",NA,"Tunisia"
"18022","Sub18_Depth",NA,"Tunisia"
"18023","I901_credit_to_private_sector",82.4,"Tunisia"
"18024","I902_financing_SME",3.4,"Tunisia"
"18025","I903_venture_capital",2.7,"Tunisia"
"18026","I904_market_capitalization",21,"Tunisia"
"18027","I905_insurance_premium",1.6,"Tunisia"
"18028","Sub19_Stability",NA,"Tunisia"
"18029","I906_banks_soundness",3.7,"Tunisia"
"18030","I907_non_performing_loans",15.4,"Tunisia"
"18031","I908_credit_gap",3.2,"Tunisia"
"18032","I909_regulatory_capital",10.8,"Tunisia"
"18033","P10_market_size",NA,"Tunisia"
"18034","I1001_GDP_PPP",128,"Tunisia"
"18035","I1002_imports",64.3,"Tunisia"
"18036","P11_dynamism",NA,"Tunisia"
"18037","Sub20_Administrative_Requirements",NA,"Tunisia"
"18038","I1101_starting_business_cost",4.3,"Tunisia"
"18039","I1102_starting_business_time",8,"Tunisia"
"18040","I1103_insolvency_recovery_rate",51.3,"Tunisia"
"18041","I1104_insolvency_regulations",8.5,"Tunisia"
"18042","Sub21_Entrepreneurial_Culture",NA,"Tunisia"
"18043","I1105_risk_attitudes",3.7,"Tunisia"
"18044","I1106_delegating_authority",4.1,"Tunisia"
"18045","I1107_innovating_companies",3.5,"Tunisia"
"18046","I1108_disruptive_ideas",3.1,"Tunisia"
"18047","P12_innovation",NA,"Tunisia"
"18048","Sub22_Diversity",NA,"Tunisia"
"18049","I1201_workforce_diversity",3.7,"Tunisia"
"18050","I1202_cluster_development",3.3,"Tunisia"
"18051","I1203_international_inventions",0.13,"Tunisia"
"18052","I1204_stakeholder_collaboration",3.2,"Tunisia"
"18053","Sub23_Research_Development",NA,"Tunisia"
"18054","I1205_scientific_publications",158.3,"Tunisia"
"18055","I1206_patents",0.28,"Tunisia"
"18056","I1207_RnD_expenditures",0.6,"Tunisia"
"18057","I1208_research_institutions",0.02,"Tunisia"
"18058","Sub24_Commercialization",NA,"Tunisia"
"18059","I1209_buyer_sophistication",3.2,"Tunisia"
"18060","I1210_trademarks",347.16,"Tunisia"
"18061","P1_institutions",NA,"Turkey"
"18062","Sub1_Security",NA,"Turkey"
"18063","I101_organized_crime",4.5,"Turkey"
"18064","I102_homicide",4.3,"Turkey"
"18065","I103_terrorism",42.5,"Turkey"
"18066","I104_police",4.3,"Turkey"
"18067","Sub2_Social_Capital",NA,"Turkey"
"18068","Sub2_Social_Capital",46.9,"Turkey"
"18069","Sub3_Checks_Balances",NA,"Turkey"
"18070","I106_transparency",58,"Turkey"
"18071","I107_judicial_independence",3,"Turkey"
"18072","I108_challenging_regulations",2.7,"Turkey"
"18073","I09_press_freedom",52.8,"Turkey"
"18074","Sub4_Public_Sector",NA,"Turkey"
"18075","I110_gov_burden",3.6,"Turkey"
"18076","I111_settling_disputes",3.5,"Turkey"
"18077","I112_e_participation",0.86,"Turkey"
"18078","Sub5_Transparency",NA,"Turkey"
"18079","I113_corruption",41,"Turkey"
"18080","I114_property_rights",NA,"Turkey"
"18081","I114_property_rights",4.3,"Turkey"
"18082","I115_intellectual_property_protection",3.9,"Turkey"
"18083","I116_land_administration",23,"Turkey"
"18084","Sub6_Corporate_Governance",NA,"Turkey"
"18085","I117_auditing_accounting_standards",4.4,"Turkey"
"18086","I118_interest_conflict_regulation",6.7,"Turkey"
"18087","I119_shareholder_governance",7.7,"Turkey"
"18088","Sub7_Government_Orientation",NA,"Turkey"
"18089","I120_policy_stability",3.8,"Turkey"
"18090","I121_response_to_change",4.2,"Turkey"
"18091","I122_digital_business_laws",4,"Turkey"
"18092","I123_gov_long_term_vision",3.9,"Turkey"
"18093","I124_energy_regulations",62.5,"Turkey"
"18094","I125_renewable_energy",74.7,"Turkey"
"18095","I126_environment_treaties",17,"Turkey"
"18096","P2_infrastructure",NA,"Turkey"
"18097","Sub8_Transport_Infrastructure",NA,"Turkey"
"18098","I201_road_connectivity",87.1,"Turkey"
"18099","I202_quality_of_roads",5,"Turkey"
"18100","I203_railroad_density",13.3,"Turkey"
"18101","I204_train_efficiency",3.5,"Turkey"
"18102","I205_airport_connectivity",558459.1,"Turkey"
"18103","I206_air_transport_efficiency",5.4,"Turkey"
"18104","I207_shipping_connectivity",59.7,"Turkey"
"18105","I208_seaport_efficiency",4.7,"Turkey"
"18106","Sub9_Utility_Infrastructure",NA,"Turkey"
"18107","I209_electricity_access",100,"Turkey"
"18108","I210_electricity_supply",12.8,"Turkey"
"18109","I211_unsafe_drinking_water",22.7,"Turkey"
"18110","I212_water_supply",4.9,"Turkey"
"18111","P3_ICT_adoption",NA,"Turkey"
"18112","I301_cellular_subscription",97.3,"Turkey"
"18113","I302_mobile_broadband",74.2,"Turkey"
"18114","I303_fixed_broadband",16.3,"Turkey"
"18115","I304_fibre_internet",2.9,"Turkey"
"18116","I305_internet_users",71,"Turkey"
"18117","P4_macro_stability",NA,"Turkey"
"18118","I401_inflation",13.7,"Turkey"
"18119","I402_debt_dynamic",49.6,"Turkey"
"18120","P5_health",NA,"Turkey"
"18121","I501_healthy_life_expectancy",67.9,"Turkey"
"18122","P6_skills",NA,"Turkey"
"18123","Sub10_Workforce",NA,"Turkey"
"18124","I601_years_of_schooling",7.6,"Turkey"
"18125","Sub11_Workforce_Skills",NA,"Turkey"
"18126","I602_staff_training",3.5,"Turkey"
"18127","I603_vocational_training",3.2,"Turkey"
"18128","I604_graduates_skillset",3.7,"Turkey"
"18129","I605_digital_skills",3.5,"Turkey"
"18130","I606_skilled_employees",3.9,"Turkey"
"18131","Sub12_Future_Workforce",NA,"Turkey"
"18132","I501_healthy_life_expectancy",17.7,"Turkey"
"18133","Sub13_Future_Workforce_Skills",NA,"Turkey"
"18134","I608_critical_thinking",2.4,"Turkey"
"18135","I609_pupil_teacher_ratio",18.4,"Turkey"
"18136","P7_product_market",NA,"Turkey"
"18137","Sub14_Domestic_Competition",NA,"Turkey"
"18138","I701_distortive_taxes",3.8,"Turkey"
"18139","I702_market_dominance",3.7,"Turkey"
"18140","I703_competition_services",5.2,"Turkey"
"18141","Sub15_Trade_Openess",NA,"Turkey"
"18142","I704_non_tariff_barriers",4.3,"Turkey"
"18143","I705_trade_tariffs",5.65,"Turkey"
"18144","I706_tariffs_complexity",4.5,"Turkey"
"18145","I707_border_clearance",2.7,"Turkey"
"18146","P8_labour_market",NA,"Turkey"
"18147","Sub16_Flexibility",NA,"Turkey"
"18148","I801_redundancy_costs",29.8,"Turkey"
"18149","I802_hiring_firing_practices",3.6,"Turkey"
"18150","I803_labour_employer_relations",3.8,"Turkey"
"18151","I804_wage_flexibility",5.3,"Turkey"
"18152","I805_labour_market_policies",3.8,"Turkey"
"18153","I806_workers_rights",61,"Turkey"
"18154","I807_foreign_labour_hiring",4.2,"Turkey"
"18155","I808_internal_labour_mobility",4.8,"Turkey"
"18156","Sub17_Meritocracy",NA,"Turkey"
"18157","I809_reliance_on_management",4.2,"Turkey"
"18158","I810_pay_productivity",3.6,"Turkey"
"18159","I811_gender_pay_gap",0.42,"Turkey"
"18160","I812_labour_tax",20.3,"Turkey"
"18161","P9_financial_system",NA,"Turkey"
"18162","Sub18_Depth",NA,"Turkey"
"18163","I901_credit_to_private_sector",69.2,"Turkey"
"18164","I902_financing_SME",4,"Turkey"
"18165","I903_venture_capital",2.9,"Turkey"
"18166","I904_market_capitalization",22.9,"Turkey"
"18167","I905_insurance_premium",1.2,"Turkey"
"18168","Sub19_Stability",NA,"Turkey"
"18169","I906_banks_soundness",4.6,"Turkey"
"18170","I907_non_performing_loans",2.8,"Turkey"
"18171","I908_credit_gap",-1.9,"Turkey"
"18172","I909_regulatory_capital",16,"Turkey"
"18173","P10_market_size",NA,"Turkey"
"18174","I1001_GDP_PPP",2038,"Turkey"
"18175","I1002_imports",32,"Turkey"
"18176","P11_dynamism",NA,"Turkey"
"18177","Sub20_Administrative_Requirements",NA,"Turkey"
"18178","I1101_starting_business_cost",10.6,"Turkey"
"18179","I1102_starting_business_time",7,"Turkey"
"18180","I1103_insolvency_recovery_rate",14.7,"Turkey"
"18181","I1104_insolvency_regulations",10.5,"Turkey"
"18182","Sub21_Entrepreneurial_Culture",NA,"Turkey"
"18183","I1105_risk_attitudes",4.3,"Turkey"
"18184","I1106_delegating_authority",4.3,"Turkey"
"18185","I1107_innovating_companies",4.1,"Turkey"
"18186","I1108_disruptive_ideas",3.4,"Turkey"
"18187","P12_innovation",NA,"Turkey"
"18188","Sub22_Diversity",NA,"Turkey"
"18189","I1201_workforce_diversity",3.7,"Turkey"
"18190","I1202_cluster_development",3.8,"Turkey"
"18191","I1203_international_inventions",0.31,"Turkey"
"18192","I1204_stakeholder_collaboration",3.6,"Turkey"
"18193","Sub23_Research_Development",NA,"Turkey"
"18194","I1205_scientific_publications",369.7,"Turkey"
"18195","I1206_patents",3.08,"Turkey"
"18196","I1207_RnD_expenditures",0.9,"Turkey"
"18197","I1208_research_institutions",0.13,"Turkey"
"18198","Sub24_Commercialization",NA,"Turkey"
"18199","I1209_buyer_sophistication",3.7,"Turkey"
"18200","I1210_trademarks",1700.04,"Turkey"
"18201","P1_institutions",NA,"Uganda"
"18202","Sub1_Security",NA,"Uganda"
"18203","I101_organized_crime",3.9,"Uganda"
"18204","I102_homicide",11,"Uganda"
"18205","I103_terrorism",98.3,"Uganda"
"18206","I104_police",3.6,"Uganda"
"18207","Sub2_Social_Capital",NA,"Uganda"
"18208","Sub2_Social_Capital",52.1,"Uganda"
"18209","Sub3_Checks_Balances",NA,"Uganda"
"18210","I106_transparency",60,"Uganda"
"18211","I107_judicial_independence",3.2,"Uganda"
"18212","I108_challenging_regulations",3.1,"Uganda"
"18213","I09_press_freedom",39.4,"Uganda"
"18214","Sub4_Public_Sector",NA,"Uganda"
"18215","I110_gov_burden",3.7,"Uganda"
"18216","I111_settling_disputes",3.6,"Uganda"
"18217","I112_e_participation",0.62,"Uganda"
"18218","Sub5_Transparency",NA,"Uganda"
"18219","I113_corruption",26,"Uganda"
"18220","I114_property_rights",NA,"Uganda"
"18221","I114_property_rights",4.1,"Uganda"
"18222","I115_intellectual_property_protection",3.4,"Uganda"
"18223","I116_land_administration",10.5,"Uganda"
"18224","Sub6_Corporate_Governance",NA,"Uganda"
"18225","I117_auditing_accounting_standards",4.3,"Uganda"
"18226","I118_interest_conflict_regulation",5,"Uganda"
"18227","I119_shareholder_governance",5,"Uganda"
"18228","Sub7_Government_Orientation",NA,"Uganda"
"18229","I120_policy_stability",4.4,"Uganda"
"18230","I121_response_to_change",3.8,"Uganda"
"18231","I122_digital_business_laws",3.1,"Uganda"
"18232","I123_gov_long_term_vision",4.4,"Uganda"
"18233","I124_energy_regulations",29.5,"Uganda"
"18234","I125_renewable_energy",55.9,"Uganda"
"18235","I126_environment_treaties",20,"Uganda"
"18236","P2_infrastructure",NA,"Uganda"
"18237","Sub8_Transport_Infrastructure",NA,"Uganda"
"18238","I201_road_connectivity",75.5,"Uganda"
"18239","I202_quality_of_roads",3.7,"Uganda"
"18240","I203_railroad_density",NA,"Uganda"
"18241","I204_train_efficiency",NA,"Uganda"
"18242","I205_airport_connectivity",8280.9,"Uganda"
"18243","I206_air_transport_efficiency",3.6,"Uganda"
"18244","I207_shipping_connectivity",NA,"Uganda"
"18245","I208_seaport_efficiency",2.7,"Uganda"
"18246","Sub9_Utility_Infrastructure",NA,"Uganda"
"18247","I209_electricity_access",19.7,"Uganda"
"18248","I210_electricity_supply",NA,"Uganda"
"18249","I211_unsafe_drinking_water",63.1,"Uganda"
"18250","I212_water_supply",4,"Uganda"
"18251","P3_ICT_adoption",NA,"Uganda"
"18252","I301_cellular_subscription",57.3,"Uganda"
"18253","I302_mobile_broadband",33.6,"Uganda"
"18254","I303_fixed_broadband",0,"Uganda"
"18255","I304_fibre_internet",NA,"Uganda"
"18256","I305_internet_users",23.7,"Uganda"
"18257","P4_macro_stability",NA,"Uganda"
"18258","I401_inflation",4.1,"Uganda"
"18259","I402_debt_dynamic",48.7,"Uganda"
"18260","P5_health",NA,"Uganda"
"18261","I501_healthy_life_expectancy",57,"Uganda"
"18262","P6_skills",NA,"Uganda"
"18263","Sub10_Workforce",NA,"Uganda"
"18264","I601_years_of_schooling",5.8,"Uganda"
"18265","Sub11_Workforce_Skills",NA,"Uganda"
"18266","I602_staff_training",3.8,"Uganda"
"18267","I603_vocational_training",3.8,"Uganda"
"18268","I604_graduates_skillset",3.4,"Uganda"
"18269","I605_digital_skills",3.4,"Uganda"
"18270","I606_skilled_employees",4.4,"Uganda"
"18271","Sub12_Future_Workforce",NA,"Uganda"
"18272","I501_healthy_life_expectancy",NA,"Uganda"
"18273","Sub13_Future_Workforce_Skills",NA,"Uganda"
"18274","I608_critical_thinking",2.8,"Uganda"
"18275","I609_pupil_teacher_ratio",42.7,"Uganda"
"18276","P7_product_market",NA,"Uganda"
"18277","Sub14_Domestic_Competition",NA,"Uganda"
"18278","I701_distortive_taxes",3,"Uganda"
"18279","I702_market_dominance",2.9,"Uganda"
"18280","I703_competition_services",5,"Uganda"
"18281","Sub15_Trade_Openess",NA,"Uganda"
"18282","I704_non_tariff_barriers",4.3,"Uganda"
"18283","I705_trade_tariffs",10.41,"Uganda"
"18284","I706_tariffs_complexity",6.3,"Uganda"
"18285","I707_border_clearance",2.6,"Uganda"
"18286","P8_labour_market",NA,"Uganda"
"18287","Sub16_Flexibility",NA,"Uganda"
"18288","I801_redundancy_costs",8.7,"Uganda"
"18289","I802_hiring_firing_practices",4.4,"Uganda"
"18290","I803_labour_employer_relations",4.5,"Uganda"
"18291","I804_wage_flexibility",5.9,"Uganda"
"18292","I805_labour_market_policies",2.6,"Uganda"
"18293","I806_workers_rights",70,"Uganda"
"18294","I807_foreign_labour_hiring",4.8,"Uganda"
"18295","I808_internal_labour_mobility",4.5,"Uganda"
"18296","Sub17_Meritocracy",NA,"Uganda"
"18297","I809_reliance_on_management",4.2,"Uganda"
"18298","I810_pay_productivity",3.6,"Uganda"
"18299","I811_gender_pay_gap",0.48,"Uganda"
"18300","I812_labour_tax",11.3,"Uganda"
"18301","P9_financial_system",NA,"Uganda"
"18302","Sub18_Depth",NA,"Uganda"
"18303","I901_credit_to_private_sector",15.4,"Uganda"
"18304","I902_financing_SME",3.9,"Uganda"
"18305","I903_venture_capital",2.5,"Uganda"
"18306","I904_market_capitalization",4.6,"Uganda"
"18307","I905_insurance_premium",0.6,"Uganda"
"18308","Sub19_Stability",NA,"Uganda"
"18309","I906_banks_soundness",4.5,"Uganda"
"18310","I907_non_performing_loans",5.5,"Uganda"
"18311","I908_credit_gap",-1.5,"Uganda"
"18312","I909_regulatory_capital",21.3,"Uganda"
"18313","P10_market_size",NA,"Uganda"
"18314","I1001_GDP_PPP",86,"Uganda"
"18315","I1002_imports",32.4,"Uganda"
"18316","P11_dynamism",NA,"Uganda"
"18317","Sub20_Administrative_Requirements",NA,"Uganda"
"18318","I1101_starting_business_cost",33.6,"Uganda"
"18319","I1102_starting_business_time",24,"Uganda"
"18320","I1103_insolvency_recovery_rate",39.3,"Uganda"
"18321","I1104_insolvency_regulations",6,"Uganda"
"18322","Sub21_Entrepreneurial_Culture",NA,"Uganda"
"18323","I1105_risk_attitudes",4.4,"Uganda"
"18324","I1106_delegating_authority",4.4,"Uganda"
"18325","I1107_innovating_companies",4.2,"Uganda"
"18326","I1108_disruptive_ideas",3.7,"Uganda"
"18327","P12_innovation",NA,"Uganda"
"18328","Sub22_Diversity",NA,"Uganda"
"18329","I1201_workforce_diversity",4.5,"Uganda"
"18330","I1202_cluster_development",3.5,"Uganda"
"18331","I1203_international_inventions",0,"Uganda"
"18332","I1204_stakeholder_collaboration",3.7,"Uganda"
"18333","Sub23_Research_Development",NA,"Uganda"
"18334","I1205_scientific_publications",156.7,"Uganda"
"18335","I1206_patents",0,"Uganda"
"18336","I1207_RnD_expenditures",0.2,"Uganda"
"18337","I1208_research_institutions",0.01,"Uganda"
"18338","Sub24_Commercialization",NA,"Uganda"
"18339","I1209_buyer_sophistication",2.7,"Uganda"
"18340","I1210_trademarks",34.33,"Uganda"
"18341","P1_institutions",NA,"Ukraine"
"18342","Sub1_Security",NA,"Ukraine"
"18343","I101_organized_crime",3.9,"Ukraine"
"18344","I102_homicide",6.2,"Ukraine"
"18345","I103_terrorism",75.9,"Ukraine"
"18346","I104_police",3.8,"Ukraine"
"18347","Sub2_Social_Capital",NA,"Ukraine"
"18348","Sub2_Social_Capital",45,"Ukraine"
"18349","Sub3_Checks_Balances",NA,"Ukraine"
"18350","I106_transparency",54,"Ukraine"
"18351","I107_judicial_independence",3,"Ukraine"
"18352","I108_challenging_regulations",3,"Ukraine"
"18353","I09_press_freedom",32.5,"Ukraine"
"18354","Sub4_Public_Sector",NA,"Ukraine"
"18355","I110_gov_burden",3.6,"Ukraine"
"18356","I111_settling_disputes",3.4,"Ukraine"
"18357","I112_e_participation",0.69,"Ukraine"
"18358","Sub5_Transparency",NA,"Ukraine"
"18359","I113_corruption",32,"Ukraine"
"18360","I114_property_rights",NA,"Ukraine"
"18361","I114_property_rights",3.3,"Ukraine"
"18362","I115_intellectual_property_protection",3.4,"Ukraine"
"18363","I116_land_administration",14.5,"Ukraine"
"18364","Sub6_Corporate_Governance",NA,"Ukraine"
"18365","I117_auditing_accounting_standards",3.9,"Ukraine"
"18366","I118_interest_conflict_regulation",5.3,"Ukraine"
"18367","I119_shareholder_governance",6.3,"Ukraine"
"18368","Sub7_Government_Orientation",NA,"Ukraine"
"18369","I120_policy_stability",3.1,"Ukraine"
"18370","I121_response_to_change",3.3,"Ukraine"
"18371","I122_digital_business_laws",3.3,"Ukraine"
"18372","I123_gov_long_term_vision",3.1,"Ukraine"
"18373","I124_energy_regulations",50.7,"Ukraine"
"18374","I125_renewable_energy",62.7,"Ukraine"
"18375","I126_environment_treaties",20,"Ukraine"
"18376","P2_infrastructure",NA,"Ukraine"
"18377","Sub8_Transport_Infrastructure",NA,"Ukraine"
"18378","I201_road_connectivity",78.2,"Ukraine"
"18379","I202_quality_of_roads",3,"Ukraine"
"18380","I203_railroad_density",37.3,"Ukraine"
"18381","I204_train_efficiency",4.2,"Ukraine"
"18382","I205_airport_connectivity",68844.5,"Ukraine"
"18383","I206_air_transport_efficiency",4,"Ukraine"
"18384","I207_shipping_connectivity",30.1,"Ukraine"
"18385","I208_seaport_efficiency",3.9,"Ukraine"
"18386","Sub9_Utility_Infrastructure",NA,"Ukraine"
"18387","I209_electricity_access",100,"Ukraine"
"18388","I210_electricity_supply",10.3,"Ukraine"
"18389","I211_unsafe_drinking_water",13.7,"Ukraine"
"18390","I212_water_supply",4.6,"Ukraine"
"18391","P3_ICT_adoption",NA,"Ukraine"
"18392","I301_cellular_subscription",122.6,"Ukraine"
"18393","I302_mobile_broadband",45.2,"Ukraine"
"18394","I303_fixed_broadband",12.3,"Ukraine"
"18395","I304_fibre_internet",3.7,"Ukraine"
"18396","I305_internet_users",58.9,"Ukraine"
"18397","P4_macro_stability",NA,"Ukraine"
"18398","I401_inflation",12.7,"Ukraine"
"18399","I402_debt_dynamic",40,"Ukraine"
"18400","P5_health",NA,"Ukraine"
"18401","I501_healthy_life_expectancy",61,"Ukraine"
"18402","P6_skills",NA,"Ukraine"
"18403","Sub10_Workforce",NA,"Ukraine"
"18404","I601_years_of_schooling",10.4,"Ukraine"
"18405","Sub11_Workforce_Skills",NA,"Ukraine"
"18406","I602_staff_training",4,"Ukraine"
"18407","I603_vocational_training",4.2,"Ukraine"
"18408","I604_graduates_skillset",4.3,"Ukraine"
"18409","I605_digital_skills",4.5,"Ukraine"
"18410","I606_skilled_employees",4.4,"Ukraine"
"18411","Sub12_Future_Workforce",NA,"Ukraine"
"18412","I501_healthy_life_expectancy",15,"Ukraine"
"18413","Sub13_Future_Workforce_Skills",NA,"Ukraine"
"18414","I608_critical_thinking",4.2,"Ukraine"
"18415","I609_pupil_teacher_ratio",13,"Ukraine"
"18416","P7_product_market",NA,"Ukraine"
"18417","Sub14_Domestic_Competition",NA,"Ukraine"
"18418","I701_distortive_taxes",3.4,"Ukraine"
"18419","I702_market_dominance",3.6,"Ukraine"
"18420","I703_competition_services",4.9,"Ukraine"
"18421","Sub15_Trade_Openess",NA,"Ukraine"
"18422","I704_non_tariff_barriers",4.2,"Ukraine"
"18423","I705_trade_tariffs",2.69,"Ukraine"
"18424","I706_tariffs_complexity",5.9,"Ukraine"
"18425","I707_border_clearance",2.5,"Ukraine"
"18426","P8_labour_market",NA,"Ukraine"
"18427","Sub16_Flexibility",NA,"Ukraine"
"18428","I801_redundancy_costs",13,"Ukraine"
"18429","I802_hiring_firing_practices",4.3,"Ukraine"
"18430","I803_labour_employer_relations",4.3,"Ukraine"
"18431","I804_wage_flexibility",4.5,"Ukraine"
"18432","I805_labour_market_policies",3.8,"Ukraine"
"18433","I806_workers_rights",64,"Ukraine"
"18434","I807_foreign_labour_hiring",4.2,"Ukraine"
"18435","I808_internal_labour_mobility",4.4,"Ukraine"
"18436","Sub17_Meritocracy",NA,"Ukraine"
"18437","I809_reliance_on_management",4.1,"Ukraine"
"18438","I810_pay_productivity",4.3,"Ukraine"
"18439","I811_gender_pay_gap",0.83,"Ukraine"
"18440","I812_labour_tax",29.6,"Ukraine"
"18441","P9_financial_system",NA,"Ukraine"
"18442","Sub18_Depth",NA,"Ukraine"
"18443","I901_credit_to_private_sector",47.5,"Ukraine"
"18444","I902_financing_SME",3.4,"Ukraine"
"18445","I903_venture_capital",3,"Ukraine"
"18446","I904_market_capitalization",4,"Ukraine"
"18447","I905_insurance_premium",1.4,"Ukraine"
"18448","Sub19_Stability",NA,"Ukraine"
"18449","I906_banks_soundness",3.2,"Ukraine"
"18450","I907_non_performing_loans",54.5,"Ukraine"
"18451","I908_credit_gap",-30.8,"Ukraine"
"18452","I909_regulatory_capital",13.7,"Ukraine"
"18453","P10_market_size",NA,"Ukraine"
"18454","I1001_GDP_PPP",347,"Ukraine"
"18455","I1002_imports",56.8,"Ukraine"
"18456","P11_dynamism",NA,"Ukraine"
"18457","Sub20_Administrative_Requirements",NA,"Ukraine"
"18458","I1101_starting_business_cost",0.6,"Ukraine"
"18459","I1102_starting_business_time",6.5,"Ukraine"
"18460","I1103_insolvency_recovery_rate",9.6,"Ukraine"
"18461","I1104_insolvency_regulations",8.5,"Ukraine"
"18462","Sub21_Entrepreneurial_Culture",NA,"Ukraine"
"18463","I1105_risk_attitudes",4.7,"Ukraine"
"18464","I1106_delegating_authority",4.3,"Ukraine"
"18465","I1107_innovating_companies",3.6,"Ukraine"
"18466","I1108_disruptive_ideas",3.4,"Ukraine"
"18467","P12_innovation",NA,"Ukraine"
"18468","Sub22_Diversity",NA,"Ukraine"
"18469","I1201_workforce_diversity",4.6,"Ukraine"
"18470","I1202_cluster_development",3.5,"Ukraine"
"18471","I1203_international_inventions",0.53,"Ukraine"
"18472","I1204_stakeholder_collaboration",3.8,"Ukraine"
"18473","Sub23_Research_Development",NA,"Ukraine"
"18474","I1205_scientific_publications",229.3,"Ukraine"
"18475","I1206_patents",1.56,"Ukraine"
"18476","I1207_RnD_expenditures",0.4,"Ukraine"
"18477","I1208_research_institutions",0.04,"Ukraine"
"18478","Sub24_Commercialization",NA,"Ukraine"
"18479","I1209_buyer_sophistication",3.6,"Ukraine"
"18480","I1210_trademarks",744.49,"Ukraine"
"18481","P1_institutions",NA,"United Arab Emirates"
"18482","Sub1_Security",NA,"United Arab Emirates"
"18483","I101_organized_crime",6.1,"United Arab Emirates"
"18484","I102_homicide",0.5,"United Arab Emirates"
"18485","I103_terrorism",100,"United Arab Emirates"
"18486","I104_police",6.2,"United Arab Emirates"
"18487","Sub2_Social_Capital",NA,"United Arab Emirates"
"18488","Sub2_Social_Capital",58.6,"United Arab Emirates"
"18489","Sub3_Checks_Balances",NA,"United Arab Emirates"
"18490","I106_transparency",NA,"United Arab Emirates"
"18491","I107_judicial_independence",5.5,"United Arab Emirates"
"18492","I108_challenging_regulations",5.2,"United Arab Emirates"
"18493","I09_press_freedom",43.6,"United Arab Emirates"
"18494","Sub4_Public_Sector",NA,"United Arab Emirates"
"18495","I110_gov_burden",5.2,"United Arab Emirates"
"18496","I111_settling_disputes",5.5,"United Arab Emirates"
"18497","I112_e_participation",0.94,"United Arab Emirates"
"18498","Sub5_Transparency",NA,"United Arab Emirates"
"18499","I113_corruption",70,"United Arab Emirates"
"18500","I114_property_rights",NA,"United Arab Emirates"
"18501","I114_property_rights",5.7,"United Arab Emirates"
"18502","I115_intellectual_property_protection",5.6,"United Arab Emirates"
"18503","I116_land_administration",22,"United Arab Emirates"
"18504","Sub6_Corporate_Governance",NA,"United Arab Emirates"
"18505","I117_auditing_accounting_standards",5.3,"United Arab Emirates"
"18506","I118_interest_conflict_regulation",7.7,"United Arab Emirates"
"18507","I119_shareholder_governance",7.3,"United Arab Emirates"
"18508","Sub7_Government_Orientation",NA,"United Arab Emirates"
"18509","I120_policy_stability",5.6,"United Arab Emirates"
"18510","I121_response_to_change",5.7,"United Arab Emirates"
"18511","I122_digital_business_laws",5.4,"United Arab Emirates"
"18512","I123_gov_long_term_vision",5.9,"United Arab Emirates"
"18513","I124_energy_regulations",65.2,"United Arab Emirates"
"18514","I125_renewable_energy",72.3,"United Arab Emirates"
"18515","I126_environment_treaties",21,"United Arab Emirates"
"18516","P2_infrastructure",NA,"United Arab Emirates"
"18517","Sub8_Transport_Infrastructure",NA,"United Arab Emirates"
"18518","I201_road_connectivity",90.1,"United Arab Emirates"
"18519","I202_quality_of_roads",6,"United Arab Emirates"
"18520","I203_railroad_density",NA,"United Arab Emirates"
"18521","I204_train_efficiency",NA,"United Arab Emirates"
"18522","I205_airport_connectivity",425486.6,"United Arab Emirates"
"18523","I206_air_transport_efficiency",6,"United Arab Emirates"
"18524","I207_shipping_connectivity",83.9,"United Arab Emirates"
"18525","I208_seaport_efficiency",5.5,"United Arab Emirates"
"18526","Sub9_Utility_Infrastructure",NA,"United Arab Emirates"
"18527","I209_electricity_access",100,"United Arab Emirates"
"18528","I210_electricity_supply",7.1,"United Arab Emirates"
"18529","I211_unsafe_drinking_water",11.7,"United Arab Emirates"
"18530","I212_water_supply",6.1,"United Arab Emirates"
"18531","P3_ICT_adoption",NA,"United Arab Emirates"
"18532","I301_cellular_subscription",208.5,"United Arab Emirates"
"18533","I302_mobile_broadband",250,"United Arab Emirates"
"18534","I303_fixed_broadband",31.4,"United Arab Emirates"
"18535","I304_fibre_internet",27.7,"United Arab Emirates"
"18536","I305_internet_users",98.5,"United Arab Emirates"
"18537","P4_macro_stability",NA,"United Arab Emirates"
"18538","I401_inflation",2.5,"United Arab Emirates"
"18539","I402_debt_dynamic",100,"United Arab Emirates"
"18540","P5_health",NA,"United Arab Emirates"
"18541","I501_healthy_life_expectancy",63.1,"United Arab Emirates"
"18542","P6_skills",NA,"United Arab Emirates"
"18543","Sub10_Workforce",NA,"United Arab Emirates"
"18544","I601_years_of_schooling",11,"United Arab Emirates"
"18545","Sub11_Workforce_Skills",NA,"United Arab Emirates"
"18546","I602_staff_training",5,"United Arab Emirates"
"18547","I603_vocational_training",4.8,"United Arab Emirates"
"18548","I604_graduates_skillset",5.1,"United Arab Emirates"
"18549","I605_digital_skills",5.3,"United Arab Emirates"
"18550","I606_skilled_employees",5.1,"United Arab Emirates"
"18551","Sub12_Future_Workforce",NA,"United Arab Emirates"
"18552","I501_healthy_life_expectancy",13.6,"United Arab Emirates"
"18553","Sub13_Future_Workforce_Skills",NA,"United Arab Emirates"
"18554","I608_critical_thinking",5.1,"United Arab Emirates"
"18555","I609_pupil_teacher_ratio",24.5,"United Arab Emirates"
"18556","P7_product_market",NA,"United Arab Emirates"
"18557","Sub14_Domestic_Competition",NA,"United Arab Emirates"
"18558","I701_distortive_taxes",5.4,"United Arab Emirates"
"18559","I702_market_dominance",5,"United Arab Emirates"
"18560","I703_competition_services",5.4,"United Arab Emirates"
"18561","Sub15_Trade_Openess",NA,"United Arab Emirates"
"18562","I704_non_tariff_barriers",5.3,"United Arab Emirates"
"18563","I705_trade_tariffs",5.42,"United Arab Emirates"
"18564","I706_tariffs_complexity",6.4,"United Arab Emirates"
"18565","I707_border_clearance",3.6,"United Arab Emirates"
"18566","P8_labour_market",NA,"United Arab Emirates"
"18567","Sub16_Flexibility",NA,"United Arab Emirates"
"18568","I801_redundancy_costs",4.3,"United Arab Emirates"
"18569","I802_hiring_firing_practices",5.2,"United Arab Emirates"
"18570","I803_labour_employer_relations",5.3,"United Arab Emirates"
"18571","I804_wage_flexibility",5.4,"United Arab Emirates"
"18572","I805_labour_market_policies",4.8,"United Arab Emirates"
"18573","I806_workers_rights",10,"United Arab Emirates"
"18574","I807_foreign_labour_hiring",5.4,"United Arab Emirates"
"18575","I808_internal_labour_mobility",5.1,"United Arab Emirates"
"18576","Sub17_Meritocracy",NA,"United Arab Emirates"
"18577","I809_reliance_on_management",5.3,"United Arab Emirates"
"18578","I810_pay_productivity",5.3,"United Arab Emirates"
"18579","I811_gender_pay_gap",0.44,"United Arab Emirates"
"18580","I812_labour_tax",14.1,"United Arab Emirates"
"18581","P9_financial_system",NA,"United Arab Emirates"
"18582","Sub18_Depth",NA,"United Arab Emirates"
"18583","I901_credit_to_private_sector",80.6,"United Arab Emirates"
"18584","I902_financing_SME",5,"United Arab Emirates"
"18585","I903_venture_capital",4.8,"United Arab Emirates"
"18586","I904_market_capitalization",60.4,"United Arab Emirates"
"18587","I905_insurance_premium",1.6,"United Arab Emirates"
"18588","Sub19_Stability",NA,"United Arab Emirates"
"18589","I906_banks_soundness",5.5,"United Arab Emirates"
"18590","I907_non_performing_loans",6.4,"United Arab Emirates"
"18591","I908_credit_gap",-3.1,"United Arab Emirates"
"18592","I909_regulatory_capital",18.4,"United Arab Emirates"
"18593","P10_market_size",NA,"United Arab Emirates"
"18594","I1001_GDP_PPP",643,"United Arab Emirates"
"18595","I1002_imports",76.3,"United Arab Emirates"
"18596","P11_dynamism",NA,"United Arab Emirates"
"18597","Sub20_Administrative_Requirements",NA,"United Arab Emirates"
"18598","I1101_starting_business_cost",22.8,"United Arab Emirates"
"18599","I1102_starting_business_time",4,"United Arab Emirates"
"18600","I1103_insolvency_recovery_rate",28.4,"United Arab Emirates"
"18601","I1104_insolvency_regulations",11,"United Arab Emirates"
"18602","Sub21_Entrepreneurial_Culture",NA,"United Arab Emirates"
"18603","I1105_risk_attitudes",5,"United Arab Emirates"
"18604","I1106_delegating_authority",5.2,"United Arab Emirates"
"18605","I1107_innovating_companies",5.2,"United Arab Emirates"
"18606","I1108_disruptive_ideas",4.7,"United Arab Emirates"
"18607","P12_innovation",NA,"United Arab Emirates"
"18608","Sub22_Diversity",NA,"United Arab Emirates"
"18609","I1201_workforce_diversity",5.7,"United Arab Emirates"
"18610","I1202_cluster_development",5.2,"United Arab Emirates"
"18611","I1203_international_inventions",1.28,"United Arab Emirates"
"18612","I1204_stakeholder_collaboration",4.8,"United Arab Emirates"
"18613","Sub23_Research_Development",NA,"United Arab Emirates"
"18614","I1205_scientific_publications",170.7,"United Arab Emirates"
"18615","I1206_patents",3.86,"United Arab Emirates"
"18616","I1207_RnD_expenditures",1,"United Arab Emirates"
"18617","I1208_research_institutions",0.02,"United Arab Emirates"
"18618","Sub24_Commercialization",NA,"United Arab Emirates"
"18619","I1209_buyer_sophistication",4.7,"United Arab Emirates"
"18620","I1210_trademarks",2151.71,"United Arab Emirates"
"18621","P1_institutions",NA,"United Kingdom"
"18622","Sub1_Security",NA,"United Kingdom"
"18623","I101_organized_crime",4.7,"United Kingdom"
"18624","I102_homicide",1.2,"United Kingdom"
"18625","I103_terrorism",88.3,"United Kingdom"
"18626","I104_police",5.2,"United Kingdom"
"18627","Sub2_Social_Capital",NA,"United Kingdom"
"18628","Sub2_Social_Capital",64.4,"United Kingdom"
"18629","Sub3_Checks_Balances",NA,"United Kingdom"
"18630","I106_transparency",74,"United Kingdom"
"18631","I107_judicial_independence",5.2,"United Kingdom"
"18632","I108_challenging_regulations",4.5,"United Kingdom"
"18633","I09_press_freedom",22.2,"United Kingdom"
"18634","Sub4_Public_Sector",NA,"United Kingdom"
"18635","I110_gov_burden",4.3,"United Kingdom"
"18636","I111_settling_disputes",5.1,"United Kingdom"
"18637","I112_e_participation",0.98,"United Kingdom"
"18638","Sub5_Transparency",NA,"United Kingdom"
"18639","I113_corruption",80,"United Kingdom"
"18640","I114_property_rights",NA,"United Kingdom"
"18641","I114_property_rights",5.5,"United Kingdom"
"18642","I115_intellectual_property_protection",5.5,"United Kingdom"
"18643","I116_land_administration",25.5,"United Kingdom"
"18644","Sub6_Corporate_Governance",NA,"United Kingdom"
"18645","I117_auditing_accounting_standards",5.4,"United Kingdom"
"18646","I118_interest_conflict_regulation",8.3,"United Kingdom"
"18647","I119_shareholder_governance",6.7,"United Kingdom"
"18648","Sub7_Government_Orientation",NA,"United Kingdom"
"18649","I120_policy_stability",4.6,"United Kingdom"
"18650","I121_response_to_change",4.5,"United Kingdom"
"18651","I122_digital_business_laws",4.9,"United Kingdom"
"18652","I123_gov_long_term_vision",4.1,"United Kingdom"
"18653","I124_energy_regulations",84.2,"United Kingdom"
"18654","I125_renewable_energy",90.6,"United Kingdom"
"18655","I126_environment_treaties",28,"United Kingdom"
"18656","P2_infrastructure",NA,"United Kingdom"
"18657","Sub8_Transport_Infrastructure",NA,"United Kingdom"
"18658","I201_road_connectivity",91.3,"United Kingdom"
"18659","I202_quality_of_roads",4.9,"United Kingdom"
"18660","I203_railroad_density",67.2,"United Kingdom"
"18661","I204_train_efficiency",4.3,"United Kingdom"
"18662","I205_airport_connectivity",901365,"United Kingdom"
"18663","I206_air_transport_efficiency",5.3,"United Kingdom"
"18664","I207_shipping_connectivity",95.6,"United Kingdom"
"18665","I208_seaport_efficiency",5.2,"United Kingdom"
"18666","Sub9_Utility_Infrastructure",NA,"United Kingdom"
"18667","I209_electricity_access",100,"United Kingdom"
"18668","I210_electricity_supply",7.4,"United Kingdom"
"18669","I211_unsafe_drinking_water",0.3,"United Kingdom"
"18670","I212_water_supply",6.4,"United Kingdom"
"18671","P3_ICT_adoption",NA,"United Kingdom"
"18672","I301_cellular_subscription",117.5,"United Kingdom"
"18673","I302_mobile_broadband",96.9,"United Kingdom"
"18674","I303_fixed_broadband",39.6,"United Kingdom"
"18675","I304_fibre_internet",0.5,"United Kingdom"
"18676","I305_internet_users",94.9,"United Kingdom"
"18677","P4_macro_stability",NA,"United Kingdom"
"18678","I401_inflation",2.6,"United Kingdom"
"18679","I402_debt_dynamic",100,"United Kingdom"
"18680","P5_health",NA,"United Kingdom"
"18681","I501_healthy_life_expectancy",69.3,"United Kingdom"
"18682","P6_skills",NA,"United Kingdom"
"18683","Sub10_Workforce",NA,"United Kingdom"
"18684","I601_years_of_schooling",13.2,"United Kingdom"
"18685","Sub11_Workforce_Skills",NA,"United Kingdom"
"18686","I602_staff_training",4.8,"United Kingdom"
"18687","I603_vocational_training",4.9,"United Kingdom"
"18688","I604_graduates_skillset",4.7,"United Kingdom"
"18689","I605_digital_skills",4.9,"United Kingdom"
"18690","I606_skilled_employees",5.1,"United Kingdom"
"18691","Sub12_Future_Workforce",NA,"United Kingdom"
"18692","I501_healthy_life_expectancy",19,"United Kingdom"
"18693","Sub13_Future_Workforce_Skills",NA,"United Kingdom"
"18694","I608_critical_thinking",4.8,"United Kingdom"
"18695","I609_pupil_teacher_ratio",15.1,"United Kingdom"
"18696","P7_product_market",NA,"United Kingdom"
"18697","Sub14_Domestic_Competition",NA,"United Kingdom"
"18698","I701_distortive_taxes",4.5,"United Kingdom"
"18699","I702_market_dominance",4.6,"United Kingdom"
"18700","I703_competition_services",5.4,"United Kingdom"
"18701","Sub15_Trade_Openess",NA,"United Kingdom"
"18702","I704_non_tariff_barriers",5,"United Kingdom"
"18703","I705_trade_tariffs",1.12,"United Kingdom"
"18704","I706_tariffs_complexity",2.9,"United Kingdom"
"18705","I707_border_clearance",3.8,"United Kingdom"
"18706","P8_labour_market",NA,"United Kingdom"
"18707","Sub16_Flexibility",NA,"United Kingdom"
"18708","I801_redundancy_costs",9.3,"United Kingdom"
"18709","I802_hiring_firing_practices",5,"United Kingdom"
"18710","I803_labour_employer_relations",5,"United Kingdom"
"18711","I804_wage_flexibility",5.4,"United Kingdom"
"18712","I805_labour_market_policies",4.3,"United Kingdom"
"18713","I806_workers_rights",80,"United Kingdom"
"18714","I807_foreign_labour_hiring",4.6,"United Kingdom"
"18715","I808_internal_labour_mobility",4.8,"United Kingdom"
"18716","Sub17_Meritocracy",NA,"United Kingdom"
"18717","I809_reliance_on_management",5.3,"United Kingdom"
"18718","I810_pay_productivity",4.7,"United Kingdom"
"18719","I811_gender_pay_gap",0.94,"United Kingdom"
"18720","I812_labour_tax",10.8,"United Kingdom"
"18721","P9_financial_system",NA,"United Kingdom"
"18722","Sub18_Depth",NA,"United Kingdom"
"18723","I901_credit_to_private_sector",134.4,"United Kingdom"
"18724","I902_financing_SME",4.8,"United Kingdom"
"18725","I903_venture_capital",4.5,"United Kingdom"
"18726","I904_market_capitalization",111.7,"United Kingdom"
"18727","I905_insurance_premium",10.8,"United Kingdom"
"18728","Sub19_Stability",NA,"United Kingdom"
"18729","I906_banks_soundness",5.4,"United Kingdom"
"18730","I907_non_performing_loans",0.7,"United Kingdom"
"18731","I908_credit_gap",-15.3,"United Kingdom"
"18732","I909_regulatory_capital",20.3,"United Kingdom"
"18733","P10_market_size",NA,"United Kingdom"
"18734","I1001_GDP_PPP",2700,"United Kingdom"
"18735","I1002_imports",31.9,"United Kingdom"
"18736","P11_dynamism",NA,"United Kingdom"
"18737","Sub20_Administrative_Requirements",NA,"United Kingdom"
"18738","I1101_starting_business_cost",0,"United Kingdom"
"18739","I1102_starting_business_time",4.5,"United Kingdom"
"18740","I1103_insolvency_recovery_rate",85.3,"United Kingdom"
"18741","I1104_insolvency_regulations",11,"United Kingdom"
"18742","Sub21_Entrepreneurial_Culture",NA,"United Kingdom"
"18743","I1105_risk_attitudes",4.9,"United Kingdom"
"18744","I1106_delegating_authority",5.2,"United Kingdom"
"18745","I1107_innovating_companies",4.9,"United Kingdom"
"18746","I1108_disruptive_ideas",4.6,"United Kingdom"
"18747","P12_innovation",NA,"United Kingdom"
"18748","Sub22_Diversity",NA,"United Kingdom"
"18749","I1201_workforce_diversity",5.3,"United Kingdom"
"18750","I1202_cluster_development",5,"United Kingdom"
"18751","I1203_international_inventions",12.44,"United Kingdom"
"18752","I1204_stakeholder_collaboration",4.9,"United Kingdom"
"18753","Sub23_Research_Development",NA,"United Kingdom"
"18754","I1205_scientific_publications",1289,"United Kingdom"
"18755","I1206_patents",101.76,"United Kingdom"
"18756","I1207_RnD_expenditures",1.7,"United Kingdom"
"18757","I1208_research_institutions",0.66,"United Kingdom"
"18758","Sub24_Commercialization",NA,"United Kingdom"
"18759","I1209_buyer_sophistication",4.7,"United Kingdom"
"18760","I1210_trademarks",6560.11,"United Kingdom"
"18761","P1_institutions",NA,"United States"
"18762","Sub1_Security",NA,"United States"
"18763","I101_organized_crime",4.7,"United States"
"18764","I102_homicide",5.3,"United States"
"18765","I103_terrorism",83.3,"United States"
"18766","I104_police",5.7,"United States"
"18767","Sub2_Social_Capital",NA,"United States"
"18768","Sub2_Social_Capital",65.1,"United States"
"18769","Sub3_Checks_Balances",NA,"United States"
"18770","I106_transparency",77,"United States"
"18771","I107_judicial_independence",5.2,"United States"
"18772","I108_challenging_regulations",5,"United States"
"18773","I09_press_freedom",25.7,"United States"
"18774","Sub4_Public_Sector",NA,"United States"
"18775","I110_gov_burden",4.5,"United States"
"18776","I111_settling_disputes",5.3,"United States"
"18777","I112_e_participation",0.98,"United States"
"18778","Sub5_Transparency",NA,"United States"
"18779","I113_corruption",71,"United States"
"18780","I114_property_rights",NA,"United States"
"18781","I114_property_rights",5.6,"United States"
"18782","I115_intellectual_property_protection",5.7,"United States"
"18783","I116_land_administration",17.6,"United States"
"18784","Sub6_Corporate_Governance",NA,"United States"
"18785","I117_auditing_accounting_standards",5.8,"United States"
"18786","I118_interest_conflict_regulation",8.3,"United States"
"18787","I119_shareholder_governance",4.6,"United States"
"18788","Sub7_Government_Orientation",NA,"United States"
"18789","I120_policy_stability",5.3,"United States"
"18790","I121_response_to_change",5.1,"United States"
"18791","I122_digital_business_laws",5.7,"United States"
"18792","I123_gov_long_term_vision",5,"United States"
"18793","I124_energy_regulations",82,"United States"
"18794","I125_renewable_energy",58.4,"United States"
"18795","I126_environment_treaties",16,"United States"
"18796","P2_infrastructure",NA,"United States"
"18797","Sub8_Transport_Infrastructure",NA,"United States"
"18798","I201_road_connectivity",100,"United States"
"18799","I202_quality_of_roads",5.5,"United States"
"18800","I203_railroad_density",16.5,"United States"
"18801","I204_train_efficiency",5.2,"United States"
"18802","I205_airport_connectivity",7293521.5,"United States"
"18803","I206_air_transport_efficiency",5.8,"United States"
"18804","I207_shipping_connectivity",96.7,"United States"
"18805","I208_seaport_efficiency",5.6,"United States"
"18806","Sub9_Utility_Infrastructure",NA,"United States"
"18807","I209_electricity_access",100,"United States"
"18808","I210_electricity_supply",5.4,"United States"
"18809","I211_unsafe_drinking_water",0.3,"United States"
"18810","I212_water_supply",6.2,"United States"
"18811","P3_ICT_adoption",NA,"United States"
"18812","I301_cellular_subscription",123.7,"United States"
"18813","I302_mobile_broadband",142.5,"United States"
"18814","I303_fixed_broadband",35.6,"United States"
"18815","I304_fibre_internet",4.2,"United States"
"18816","I305_internet_users",87.3,"United States"
"18817","P4_macro_stability",NA,"United States"
"18818","I401_inflation",2.3,"United States"
"18819","I402_debt_dynamic",99.5,"United States"
"18820","P5_health",NA,"United States"
"18821","I501_healthy_life_expectancy",66.6,"United States"
"18822","P6_skills",NA,"United States"
"18823","Sub10_Workforce",NA,"United States"
"18824","I601_years_of_schooling",13.4,"United States"
"18825","Sub11_Workforce_Skills",NA,"United States"
"18826","I602_staff_training",5.3,"United States"
"18827","I603_vocational_training",5.2,"United States"
"18828","I604_graduates_skillset",5.3,"United States"
"18829","I605_digital_skills",5.3,"United States"
"18830","I606_skilled_employees",5.3,"United States"
"18831","Sub12_Future_Workforce",NA,"United States"
"18832","I501_healthy_life_expectancy",16.3,"United States"
"18833","Sub13_Future_Workforce_Skills",NA,"United States"
"18834","I608_critical_thinking",5.1,"United States"
"18835","I609_pupil_teacher_ratio",14.5,"United States"
"18836","P7_product_market",NA,"United States"
"18837","Sub14_Domestic_Competition",NA,"United States"
"18838","I701_distortive_taxes",4.5,"United States"
"18839","I702_market_dominance",5.2,"United States"
"18840","I703_competition_services",5.9,"United States"
"18841","Sub15_Trade_Openess",NA,"United States"
"18842","I704_non_tariff_barriers",4.9,"United States"
"18843","I705_trade_tariffs",1.65,"United States"
"18844","I706_tariffs_complexity",3.7,"United States"
"18845","I707_border_clearance",3.8,"United States"
"18846","P8_labour_market",NA,"United States"
"18847","Sub16_Flexibility",NA,"United States"
"18848","I801_redundancy_costs",0,"United States"
"18849","I802_hiring_firing_practices",5.3,"United States"
"18850","I803_labour_employer_relations",5.2,"United States"
"18851","I804_wage_flexibility",5.7,"United States"
"18852","I805_labour_market_policies",4.9,"United States"
"18853","I806_workers_rights",69,"United States"
"18854","I807_foreign_labour_hiring",4.6,"United States"
"18855","I808_internal_labour_mobility",5.5,"United States"
"18856","Sub17_Meritocracy",NA,"United States"
"18857","I809_reliance_on_management",5.7,"United States"
"18858","I810_pay_productivity",5.3,"United States"
"18859","I811_gender_pay_gap",0.85,"United States"
"18860","I812_labour_tax",9.8,"United States"
"18861","P9_financial_system",NA,"United States"
"18862","Sub18_Depth",NA,"United States"
"18863","I901_credit_to_private_sector",190.2,"United States"
"18864","I902_financing_SME",5.5,"United States"
"18865","I903_venture_capital",5.2,"United States"
"18866","I904_market_capitalization",150.3,"United States"
"18867","I905_insurance_premium",6.5,"United States"
"18868","Sub19_Stability",NA,"United States"
"18869","I906_banks_soundness",5.8,"United States"
"18870","I907_non_performing_loans",1.1,"United States"
"18871","I908_credit_gap",-1.6,"United States"
"18872","I909_regulatory_capital",14.3,"United States"
"18873","P10_market_size",NA,"United States"
"18874","I1001_GDP_PPP",18217,"United States"
"18875","I1002_imports",15.4,"United States"
"18876","P11_dynamism",NA,"United States"
"18877","Sub20_Administrative_Requirements",NA,"United States"
"18878","I1101_starting_business_cost",1,"United States"
"18879","I1102_starting_business_time",5.6,"United States"
"18880","I1103_insolvency_recovery_rate",81.8,"United States"
"18881","I1104_insolvency_regulations",15,"United States"
"18882","Sub21_Entrepreneurial_Culture",NA,"United States"
"18883","I1105_risk_attitudes",5.6,"United States"
"18884","I1106_delegating_authority",5.6,"United States"
"18885","I1107_innovating_companies",5.6,"United States"
"18886","I1108_disruptive_ideas",5.1,"United States"
"18887","P12_innovation",NA,"United States"
"18888","Sub22_Diversity",NA,"United States"
"18889","I1201_workforce_diversity",5.5,"United States"
"18890","I1202_cluster_development",5.5,"United States"
"18891","I1203_international_inventions",12.39,"United States"
"18892","I1204_stakeholder_collaboration",5.4,"United States"
"18893","Sub23_Research_Development",NA,"United States"
"18894","I1205_scientific_publications",2088,"United States"
"18895","I1206_patents",143.99,"United States"
"18896","I1207_RnD_expenditures",2.7,"United States"
"18897","I1208_research_institutions",4.06,"United States"
"18898","Sub24_Commercialization",NA,"United States"
"18899","I1209_buyer_sophistication",5.1,"United States"
"18900","I1210_trademarks",2947.15,"United States"
"18901","P1_institutions",NA,"Uruguay"
"18902","Sub1_Security",NA,"Uruguay"
"18903","I101_organized_crime",4.6,"Uruguay"
"18904","I102_homicide",8.2,"Uruguay"
"18905","I103_terrorism",100,"Uruguay"
"18906","I104_police",4,"Uruguay"
"18907","Sub2_Social_Capital",NA,"Uruguay"
"18908","Sub2_Social_Capital",54.4,"Uruguay"
"18909","Sub3_Checks_Balances",NA,"Uruguay"
"18910","I106_transparency",NA,"Uruguay"
"18911","I107_judicial_independence",5.3,"Uruguay"
"18912","I108_challenging_regulations",3.7,"Uruguay"
"18913","I09_press_freedom",16.1,"Uruguay"
"18914","Sub4_Public_Sector",NA,"Uruguay"
"18915","I110_gov_burden",2.9,"Uruguay"
"18916","I111_settling_disputes",4,"Uruguay"
"18917","I112_e_participation",0.92,"Uruguay"
"18918","Sub5_Transparency",NA,"Uruguay"
"18919","I113_corruption",70,"Uruguay"
"18920","I114_property_rights",NA,"Uruguay"
"18921","I114_property_rights",5.1,"Uruguay"
"18922","I115_intellectual_property_protection",4.7,"Uruguay"
"18923","I116_land_administration",22.5,"Uruguay"
"18924","Sub6_Corporate_Governance",NA,"Uruguay"
"18925","I117_auditing_accounting_standards",5.5,"Uruguay"
"18926","I118_interest_conflict_regulation",5,"Uruguay"
"18927","I119_shareholder_governance",3.7,"Uruguay"
"18928","Sub7_Government_Orientation",NA,"Uruguay"
"18929","I120_policy_stability",4.8,"Uruguay"
"18930","I121_response_to_change",2.9,"Uruguay"
"18931","I122_digital_business_laws",3.9,"Uruguay"
"18932","I123_gov_long_term_vision",3.4,"Uruguay"
"18933","I124_energy_regulations",62.7,"Uruguay"
"18934","I125_renewable_energy",56,"Uruguay"
"18935","I126_environment_treaties",25,"Uruguay"
"18936","P2_infrastructure",NA,"Uruguay"
"18937","Sub8_Transport_Infrastructure",NA,"Uruguay"
"18938","I201_road_connectivity",89.8,"Uruguay"
"18939","I202_quality_of_roads",3.7,"Uruguay"
"18940","I203_railroad_density",8.6,"Uruguay"
"18941","I204_train_efficiency",1.2,"Uruguay"
"18942","I205_airport_connectivity",7181.7,"Uruguay"
"18943","I206_air_transport_efficiency",5.1,"Uruguay"
"18944","I207_shipping_connectivity",33.2,"Uruguay"
"18945","I208_seaport_efficiency",4.8,"Uruguay"
"18946","Sub9_Utility_Infrastructure",NA,"Uruguay"
"18947","I209_electricity_access",99.7,"Uruguay"
"18948","I210_electricity_supply",12.9,"Uruguay"
"18949","I211_unsafe_drinking_water",5.7,"Uruguay"
"18950","I212_water_supply",6.1,"Uruguay"
"18951","P3_ICT_adoption",NA,"Uruguay"
"18952","I301_cellular_subscription",149.9,"Uruguay"
"18953","I302_mobile_broadband",123.8,"Uruguay"
"18954","I303_fixed_broadband",28.3,"Uruguay"
"18955","I304_fibre_internet",18.8,"Uruguay"
"18956","I305_internet_users",68.3,"Uruguay"
"18957","P4_macro_stability",NA,"Uruguay"
"18958","I401_inflation",6.9,"Uruguay"
"18959","I402_debt_dynamic",79.3,"Uruguay"
"18960","P5_health",NA,"Uruguay"
"18961","I501_healthy_life_expectancy",67.2,"Uruguay"
"18962","P6_skills",NA,"Uruguay"
"18963","Sub10_Workforce",NA,"Uruguay"
"18964","I601_years_of_schooling",8.7,"Uruguay"
"18965","Sub11_Workforce_Skills",NA,"Uruguay"
"18966","I602_staff_training",3.9,"Uruguay"
"18967","I603_vocational_training",4.6,"Uruguay"
"18968","I604_graduates_skillset",4.3,"Uruguay"
"18969","I605_digital_skills",4.3,"Uruguay"
"18970","I606_skilled_employees",4.1,"Uruguay"
"18971","Sub12_Future_Workforce",NA,"Uruguay"
"18972","I501_healthy_life_expectancy",16.3,"Uruguay"
"18973","Sub13_Future_Workforce_Skills",NA,"Uruguay"
"18974","I608_critical_thinking",2.9,"Uruguay"
"18975","I609_pupil_teacher_ratio",11.1,"Uruguay"
"18976","P7_product_market",NA,"Uruguay"
"18977","Sub14_Domestic_Competition",NA,"Uruguay"
"18978","I701_distortive_taxes",3.7,"Uruguay"
"18979","I702_market_dominance",3.8,"Uruguay"
"18980","I703_competition_services",4.9,"Uruguay"
"18981","Sub15_Trade_Openess",NA,"Uruguay"
"18982","I704_non_tariff_barriers",4.5,"Uruguay"
"18983","I705_trade_tariffs",8.75,"Uruguay"
"18984","I706_tariffs_complexity",6.7,"Uruguay"
"18985","I707_border_clearance",2.5,"Uruguay"
"18986","P8_labour_market",NA,"Uruguay"
"18987","Sub16_Flexibility",NA,"Uruguay"
"18988","I801_redundancy_costs",20.8,"Uruguay"
"18989","I802_hiring_firing_practices",2.5,"Uruguay"
"18990","I803_labour_employer_relations",3.2,"Uruguay"
"18991","I804_wage_flexibility",2,"Uruguay"
"18992","I805_labour_market_policies",4,"Uruguay"
"18993","I806_workers_rights",99,"Uruguay"
"18994","I807_foreign_labour_hiring",5.3,"Uruguay"
"18995","I808_internal_labour_mobility",4.4,"Uruguay"
"18996","Sub17_Meritocracy",NA,"Uruguay"
"18997","I809_reliance_on_management",4.3,"Uruguay"
"18998","I810_pay_productivity",3.3,"Uruguay"
"18999","I811_gender_pay_gap",0.83,"Uruguay"
"19000","I812_labour_tax",15.6,"Uruguay"
"19001","P9_financial_system",NA,"Uruguay"
"19002","Sub18_Depth",NA,"Uruguay"
"19003","I901_credit_to_private_sector",28.1,"Uruguay"
"19004","I902_financing_SME",4,"Uruguay"
"19005","I903_venture_capital",3.2,"Uruguay"
"19006","I904_market_capitalization",0.4,"Uruguay"
"19007","I905_insurance_premium",2.3,"Uruguay"
"19008","Sub19_Stability",NA,"Uruguay"
"19009","I906_banks_soundness",5.8,"Uruguay"
"19010","I907_non_performing_loans",2.4,"Uruguay"
"19011","I908_credit_gap",4.5,"Uruguay"
"19012","I909_regulatory_capital",16.3,"Uruguay"
"19013","P10_market_size",NA,"Uruguay"
"19014","I1001_GDP_PPP",73,"Uruguay"
"19015","I1002_imports",20.9,"Uruguay"
"19016","P11_dynamism",NA,"Uruguay"
"19017","Sub20_Administrative_Requirements",NA,"Uruguay"
"19018","I1101_starting_business_cost",22.6,"Uruguay"
"19019","I1102_starting_business_time",6.5,"Uruguay"
"19020","I1103_insolvency_recovery_rate",43.2,"Uruguay"
"19021","I1104_insolvency_regulations",9.5,"Uruguay"
"19022","Sub21_Entrepreneurial_Culture",NA,"Uruguay"
"19023","I1105_risk_attitudes",3.5,"Uruguay"
"19024","I1106_delegating_authority",4.2,"Uruguay"
"19025","I1107_innovating_companies",3.7,"Uruguay"
"19026","I1108_disruptive_ideas",3.1,"Uruguay"
"19027","P12_innovation",NA,"Uruguay"
"19028","Sub22_Diversity",NA,"Uruguay"
"19029","I1201_workforce_diversity",4.7,"Uruguay"
"19030","I1202_cluster_development",3.4,"Uruguay"
"19031","I1203_international_inventions",0.44,"Uruguay"
"19032","I1204_stakeholder_collaboration",3.5,"Uruguay"
"19033","Sub23_Research_Development",NA,"Uruguay"
"19034","I1205_scientific_publications",163.3,"Uruguay"
"19035","I1206_patents",1.98,"Uruguay"
"19036","I1207_RnD_expenditures",0.4,"Uruguay"
"19037","I1208_research_institutions",0,"Uruguay"
"19038","Sub24_Commercialization",NA,"Uruguay"
"19039","I1209_buyer_sophistication",3.7,"Uruguay"
"19040","I1210_trademarks",1015.52,"Uruguay"
"19041","P1_institutions",NA,"Venezuela"
"19042","Sub1_Security",NA,"Venezuela"
"19043","I101_organized_crime",2.3,"Venezuela"
"19044","I102_homicide",56.3,"Venezuela"
"19045","I103_terrorism",98.3,"Venezuela"
"19046","I104_police",1.8,"Venezuela"
"19047","Sub2_Social_Capital",NA,"Venezuela"
"19048","Sub2_Social_Capital",45.6,"Venezuela"
"19049","Sub3_Checks_Balances",NA,"Venezuela"
"19050","I106_transparency",0,"Venezuela"
"19051","I107_judicial_independence",1.1,"Venezuela"
"19052","I108_challenging_regulations",1.3,"Venezuela"
"19053","I09_press_freedom",49.1,"Venezuela"
"19054","Sub4_Public_Sector",NA,"Venezuela"
"19055","I110_gov_burden",1.8,"Venezuela"
"19056","I111_settling_disputes",1.7,"Venezuela"
"19057","I112_e_participation",0.4,"Venezuela"
"19058","Sub5_Transparency",NA,"Venezuela"
"19059","I113_corruption",18,"Venezuela"
"19060","I114_property_rights",NA,"Venezuela"
"19061","I114_property_rights",1.6,"Venezuela"
"19062","I115_intellectual_property_protection",1.9,"Venezuela"
"19063","I116_land_administration",5.5,"Venezuela"
"19064","Sub6_Corporate_Governance",NA,"Venezuela"
"19065","I117_auditing_accounting_standards",4.1,"Venezuela"
"19066","I118_interest_conflict_regulation",2.7,"Venezuela"
"19067","I119_shareholder_governance",2.7,"Venezuela"
"19068","Sub7_Government_Orientation",NA,"Venezuela"
"19069","I120_policy_stability",1.3,"Venezuela"
"19070","I121_response_to_change",1.4,"Venezuela"
"19071","I122_digital_business_laws",1.9,"Venezuela"
"19072","I123_gov_long_term_vision",1.4,"Venezuela"
"19073","I124_energy_regulations",26.3,"Venezuela"
"19074","I125_renewable_energy",19.1,"Venezuela"
"19075","I126_environment_treaties",20,"Venezuela"
"19076","P2_infrastructure",NA,"Venezuela"
"19077","Sub8_Transport_Infrastructure",NA,"Venezuela"
"19078","I201_road_connectivity",85.7,"Venezuela"
"19079","I202_quality_of_roads",2.6,"Venezuela"
"19080","I203_railroad_density",0.5,"Venezuela"
"19081","I204_train_efficiency",1.5,"Venezuela"
"19082","I205_airport_connectivity",7402.4,"Venezuela"
"19083","I206_air_transport_efficiency",2.2,"Venezuela"
"19084","I207_shipping_connectivity",9.8,"Venezuela"
"19085","I208_seaport_efficiency",2.1,"Venezuela"
"19086","Sub9_Utility_Infrastructure",NA,"Venezuela"
"19087","I209_electricity_access",98.9,"Venezuela"
"19088","I210_electricity_supply",33.2,"Venezuela"
"19089","I211_unsafe_drinking_water",14.7,"Venezuela"
"19090","I212_water_supply",1.9,"Venezuela"
"19091","P3_ICT_adoption",NA,"Venezuela"
"19092","I301_cellular_subscription",71.8,"Venezuela"
"19093","I302_mobile_broadband",54.5,"Venezuela"
"19094","I303_fixed_broadband",8.7,"Venezuela"
"19095","I304_fibre_internet",0,"Venezuela"
"19096","I305_internet_users",72,"Venezuela"
"19097","P4_macro_stability",NA,"Venezuela"
"19098","I401_inflation",465141.6,"Venezuela"
"19099","I402_debt_dynamic",0,"Venezuela"
"19100","P5_health",NA,"Venezuela"
"19101","I501_healthy_life_expectancy",66.2,"Venezuela"
"19102","P6_skills",NA,"Venezuela"
"19103","Sub10_Workforce",NA,"Venezuela"
"19104","I601_years_of_schooling",10.3,"Venezuela"
"19105","Sub11_Workforce_Skills",NA,"Venezuela"
"19106","I602_staff_training",3.4,"Venezuela"
"19107","I603_vocational_training",4.3,"Venezuela"
"19108","I604_graduates_skillset",4.2,"Venezuela"
"19109","I605_digital_skills",3.6,"Venezuela"
"19110","I606_skilled_employees",3.4,"Venezuela"
"19111","Sub12_Future_Workforce",NA,"Venezuela"
"19112","I501_healthy_life_expectancy",NA,"Venezuela"
"19113","Sub13_Future_Workforce_Skills",NA,"Venezuela"
"19114","I608_critical_thinking",3.3,"Venezuela"
"19115","I609_pupil_teacher_ratio",NA,"Venezuela"
"19116","P7_product_market",NA,"Venezuela"
"19117","Sub14_Domestic_Competition",NA,"Venezuela"
"19118","I701_distortive_taxes",1.8,"Venezuela"
"19119","I702_market_dominance",2.9,"Venezuela"
"19120","I703_competition_services",3.6,"Venezuela"
"19121","Sub15_Trade_Openess",NA,"Venezuela"
"19122","I704_non_tariff_barriers",3.3,"Venezuela"
"19123","I705_trade_tariffs",11.64,"Venezuela"
"19124","I706_tariffs_complexity",6.6,"Venezuela"
"19125","I707_border_clearance",1.8,"Venezuela"
"19126","P8_labour_market",NA,"Venezuela"
"19127","Sub16_Flexibility",NA,"Venezuela"
"19128","I801_redundancy_costs",NA,"Venezuela"
"19129","I802_hiring_firing_practices",1.9,"Venezuela"
"19130","I803_labour_employer_relations",3.8,"Venezuela"
"19131","I804_wage_flexibility",4.4,"Venezuela"
"19132","I805_labour_market_policies",1.7,"Venezuela"
"19133","I806_workers_rights",74,"Venezuela"
"19134","I807_foreign_labour_hiring",3.6,"Venezuela"
"19135","I808_internal_labour_mobility",4.7,"Venezuela"
"19136","Sub17_Meritocracy",NA,"Venezuela"
"19137","I809_reliance_on_management",4.2,"Venezuela"
"19138","I810_pay_productivity",2.2,"Venezuela"
"19139","I811_gender_pay_gap",0.64,"Venezuela"
"19140","I812_labour_tax",18,"Venezuela"
"19141","P9_financial_system",NA,"Venezuela"
"19142","Sub18_Depth",NA,"Venezuela"
"19143","I901_credit_to_private_sector",NA,"Venezuela"
"19144","I902_financing_SME",2.8,"Venezuela"
"19145","I903_venture_capital",2.1,"Venezuela"
"19146","I904_market_capitalization",2.5,"Venezuela"
"19147","I905_insurance_premium",3.1,"Venezuela"
"19148","Sub19_Stability",NA,"Venezuela"
"19149","I906_banks_soundness",3.1,"Venezuela"
"19150","I907_non_performing_loans",NA,"Venezuela"
"19151","I908_credit_gap",NA,"Venezuela"
"19152","I909_regulatory_capital",15.1,"Venezuela"
"19153","P10_market_size",NA,"Venezuela"
"19154","I1001_GDP_PPP",277,"Venezuela"
"19155","I1002_imports",7.2,"Venezuela"
"19156","P11_dynamism",NA,"Venezuela"
"19157","Sub20_Administrative_Requirements",NA,"Venezuela"
"19158","I1101_starting_business_cost",391.3,"Venezuela"
"19159","I1102_starting_business_time",230,"Venezuela"
"19160","I1103_insolvency_recovery_rate",5.6,"Venezuela"
"19161","I1104_insolvency_regulations",5,"Venezuela"
"19162","Sub21_Entrepreneurial_Culture",NA,"Venezuela"
"19163","I1105_risk_attitudes",4.1,"Venezuela"
"19164","I1106_delegating_authority",4,"Venezuela"
"19165","I1107_innovating_companies",3.4,"Venezuela"
"19166","I1108_disruptive_ideas",4,"Venezuela"
"19167","P12_innovation",NA,"Venezuela"
"19168","Sub22_Diversity",NA,"Venezuela"
"19169","I1201_workforce_diversity",4.8,"Venezuela"
"19170","I1202_cluster_development",2.6,"Venezuela"
"19171","I1203_international_inventions",0.08,"Venezuela"
"19172","I1204_stakeholder_collaboration",3.4,"Venezuela"
"19173","Sub23_Research_Development",NA,"Venezuela"
"19174","I1205_scientific_publications",193,"Venezuela"
"19175","I1206_patents",0.21,"Venezuela"
"19176","I1207_RnD_expenditures",0.1,"Venezuela"
"19177","I1208_research_institutions",0.01,"Venezuela"
"19178","Sub24_Commercialization",NA,"Venezuela"
"19179","I1209_buyer_sophistication",2.2,"Venezuela"
"19180","I1210_trademarks",544.58,"Venezuela"
"19181","P1_institutions",NA,"Viet Nam"
"19182","Sub1_Security",NA,"Viet Nam"
"19183","I101_organized_crime",4.6,"Viet Nam"
"19184","I102_homicide",1.5,"Viet Nam"
"19185","I103_terrorism",100,"Viet Nam"
"19186","I104_police",4.2,"Viet Nam"
"19187","Sub2_Social_Capital",NA,"Viet Nam"
"19188","Sub2_Social_Capital",48,"Viet Nam"
"19189","Sub3_Checks_Balances",NA,"Viet Nam"
"19190","I106_transparency",15,"Viet Nam"
"19191","I107_judicial_independence",3.5,"Viet Nam"
"19192","I108_challenging_regulations",3.6,"Viet Nam"
"19193","I09_press_freedom",74.9,"Viet Nam"
"19194","Sub4_Public_Sector",NA,"Viet Nam"
"19195","I110_gov_burden",3.4,"Viet Nam"
"19196","I111_settling_disputes",3.6,"Viet Nam"
"19197","I112_e_participation",0.69,"Viet Nam"
"19198","Sub5_Transparency",NA,"Viet Nam"
"19199","I113_corruption",33,"Viet Nam"
"19200","I114_property_rights",NA,"Viet Nam"
"19201","I114_property_rights",4,"Viet Nam"
"19202","I115_intellectual_property_protection",3.7,"Viet Nam"
"19203","I116_land_administration",14,"Viet Nam"
"19204","Sub6_Corporate_Governance",NA,"Viet Nam"
"19205","I117_auditing_accounting_standards",3.6,"Viet Nam"
"19206","I118_interest_conflict_regulation",4.3,"Viet Nam"
"19207","I119_shareholder_governance",6.7,"Viet Nam"
"19208","Sub7_Government_Orientation",NA,"Viet Nam"
"19209","I120_policy_stability",4,"Viet Nam"
"19210","I121_response_to_change",4,"Viet Nam"
"19211","I122_digital_business_laws",3.6,"Viet Nam"
"19212","I123_gov_long_term_vision",4.2,"Viet Nam"
"19213","I124_energy_regulations",72,"Viet Nam"
"19214","I125_renewable_energy",66.7,"Viet Nam"
"19215","I126_environment_treaties",23,"Viet Nam"
"19216","P2_infrastructure",NA,"Viet Nam"
"19217","Sub8_Transport_Infrastructure",NA,"Viet Nam"
"19218","I201_road_connectivity",63.3,"Viet Nam"
"19219","I202_quality_of_roads",3.4,"Viet Nam"
"19220","I203_railroad_density",7.6,"Viet Nam"
"19221","I204_train_efficiency",3.6,"Viet Nam"
"19222","I205_airport_connectivity",364184.2,"Viet Nam"
"19223","I206_air_transport_efficiency",4,"Viet Nam"
"19224","I207_shipping_connectivity",68.8,"Viet Nam"
"19225","I208_seaport_efficiency",3.8,"Viet Nam"
"19226","Sub9_Utility_Infrastructure",NA,"Viet Nam"
"19227","I209_electricity_access",98.8,"Viet Nam"
"19228","I210_electricity_supply",10.2,"Viet Nam"
"19229","I211_unsafe_drinking_water",34.3,"Viet Nam"
"19230","I212_water_supply",4.6,"Viet Nam"
"19231","P3_ICT_adoption",NA,"Viet Nam"
"19232","I301_cellular_subscription",147.2,"Viet Nam"
"19233","I302_mobile_broadband",71.9,"Viet Nam"
"19234","I303_fixed_broadband",13.6,"Viet Nam"
"19235","I304_fibre_internet",9.9,"Viet Nam"
"19236","I305_internet_users",70.3,"Viet Nam"
"19237","P4_macro_stability",NA,"Viet Nam"
"19238","I401_inflation",3.5,"Viet Nam"
"19239","I402_debt_dynamic",50,"Viet Nam"
"19240","P5_health",NA,"Viet Nam"
"19241","I501_healthy_life_expectancy",65.8,"Viet Nam"
"19242","P6_skills",NA,"Viet Nam"
"19243","Sub10_Workforce",NA,"Viet Nam"
"19244","I601_years_of_schooling",7.6,"Viet Nam"
"19245","Sub11_Workforce_Skills",NA,"Viet Nam"
"19246","I602_staff_training",4,"Viet Nam"
"19247","I603_vocational_training",3.6,"Viet Nam"
"19248","I604_graduates_skillset",3.5,"Viet Nam"
"19249","I605_digital_skills",3.8,"Viet Nam"
"19250","I606_skilled_employees",4,"Viet Nam"
"19251","Sub12_Future_Workforce",NA,"Viet Nam"
"19252","I501_healthy_life_expectancy",NA,"Viet Nam"
"19253","Sub13_Future_Workforce_Skills",NA,"Viet Nam"
"19254","I608_critical_thinking",3,"Viet Nam"
"19255","I609_pupil_teacher_ratio",19.6,"Viet Nam"
"19256","P7_product_market",NA,"Viet Nam"
"19257","Sub14_Domestic_Competition",NA,"Viet Nam"
"19258","I701_distortive_taxes",3.7,"Viet Nam"
"19259","I702_market_dominance",4,"Viet Nam"
"19260","I703_competition_services",4.9,"Viet Nam"
"19261","Sub15_Trade_Openess",NA,"Viet Nam"
"19262","I704_non_tariff_barriers",3.9,"Viet Nam"
"19263","I705_trade_tariffs",8.4,"Viet Nam"
"19264","I706_tariffs_complexity",5.5,"Viet Nam"
"19265","I707_border_clearance",3,"Viet Nam"
"19266","P8_labour_market",NA,"Viet Nam"
"19267","Sub16_Flexibility",NA,"Viet Nam"
"19268","I801_redundancy_costs",24.6,"Viet Nam"
"19269","I802_hiring_firing_practices",4.3,"Viet Nam"
"19270","I803_labour_employer_relations",4.3,"Viet Nam"
"19271","I804_wage_flexibility",4.9,"Viet Nam"
"19272","I805_labour_market_policies",3.2,"Viet Nam"
"19273","I806_workers_rights",64,"Viet Nam"
"19274","I807_foreign_labour_hiring",4.1,"Viet Nam"
"19275","I808_internal_labour_mobility",5,"Viet Nam"
"19276","Sub17_Meritocracy",NA,"Viet Nam"
"19277","I809_reliance_on_management",3.6,"Viet Nam"
"19278","I810_pay_productivity",4.2,"Viet Nam"
"19279","I811_gender_pay_gap",0.73,"Viet Nam"
"19280","I812_labour_tax",24.5,"Viet Nam"
"19281","P9_financial_system",NA,"Viet Nam"
"19282","Sub18_Depth",NA,"Viet Nam"
"19283","I901_credit_to_private_sector",122.2,"Viet Nam"
"19284","I902_financing_SME",3.6,"Viet Nam"
"19285","I903_venture_capital",3.3,"Viet Nam"
"19286","I904_market_capitalization",36.9,"Viet Nam"
"19287","I905_insurance_premium",1.4,"Viet Nam"
"19288","Sub19_Stability",NA,"Viet Nam"
"19289","I906_banks_soundness",4,"Viet Nam"
"19290","I907_non_performing_loans",1.8,"Viet Nam"
"19291","I908_credit_gap",3.2,"Viet Nam"
"19292","I909_regulatory_capital",12.5,"Viet Nam"
"19293","P10_market_size",NA,"Viet Nam"
"19294","I1001_GDP_PPP",631,"Viet Nam"
"19295","I1002_imports",108.7,"Viet Nam"
"19296","P11_dynamism",NA,"Viet Nam"
"19297","Sub20_Administrative_Requirements",NA,"Viet Nam"
"19298","I1101_starting_business_cost",5.9,"Viet Nam"
"19299","I1102_starting_business_time",17,"Viet Nam"
"19300","I1103_insolvency_recovery_rate",21.3,"Viet Nam"
"19301","I1104_insolvency_regulations",7.5,"Viet Nam"
"19302","Sub21_Entrepreneurial_Culture",NA,"Viet Nam"
"19303","I1105_risk_attitudes",3.9,"Viet Nam"
"19304","I1106_delegating_authority",4.1,"Viet Nam"
"19305","I1107_innovating_companies",4.1,"Viet Nam"
"19306","I1108_disruptive_ideas",4,"Viet Nam"
"19307","P12_innovation",NA,"Viet Nam"
"19308","Sub22_Diversity",NA,"Viet Nam"
"19309","I1201_workforce_diversity",4.4,"Viet Nam"
"19310","I1202_cluster_development",4.2,"Viet Nam"
"19311","I1203_international_inventions",0.12,"Viet Nam"
"19312","I1204_stakeholder_collaboration",3.6,"Viet Nam"
"19313","Sub23_Research_Development",NA,"Viet Nam"
"19314","I1205_scientific_publications",182.7,"Viet Nam"
"19315","I1206_patents",0.21,"Viet Nam"
"19316","I1207_RnD_expenditures",0.4,"Viet Nam"
"19317","I1208_research_institutions",0.02,"Viet Nam"
"19318","Sub24_Commercialization",NA,"Viet Nam"
"19319","I1209_buyer_sophistication",3.9,"Viet Nam"
"19320","I1210_trademarks",385.36,"Viet Nam"
"19321","P1_institutions",NA,"Yemen"
"19322","Sub1_Security",NA,"Yemen"
"19323","I101_organized_crime",3.5,"Yemen"
"19324","I102_homicide",6.7,"Yemen"
"19325","I103_terrorism",16.9,"Yemen"
"19326","I104_police",3.1,"Yemen"
"19327","Sub2_Social_Capital",NA,"Yemen"
"19328","Sub2_Social_Capital",39,"Yemen"
"19329","Sub3_Checks_Balances",NA,"Yemen"
"19330","I106_transparency",0,"Yemen"
"19331","I107_judicial_independence",2.6,"Yemen"
"19332","I108_challenging_regulations",2.4,"Yemen"
"19333","I09_press_freedom",61.7,"Yemen"
"19334","Sub4_Public_Sector",NA,"Yemen"
"19335","I110_gov_burden",2.8,"Yemen"
"19336","I111_settling_disputes",3,"Yemen"
"19337","I112_e_participation",0.12,"Yemen"
"19338","Sub5_Transparency",NA,"Yemen"
"19339","I113_corruption",14,"Yemen"
"19340","I114_property_rights",NA,"Yemen"
"19341","I114_property_rights",2.9,"Yemen"
"19342","I115_intellectual_property_protection",2.4,"Yemen"
"19343","I116_land_administration",7,"Yemen"
"19344","Sub6_Corporate_Governance",NA,"Yemen"
"19345","I117_auditing_accounting_standards",2.7,"Yemen"
"19346","I118_interest_conflict_regulation",4.3,"Yemen"
"19347","I119_shareholder_governance",4.3,"Yemen"
"19348","Sub7_Government_Orientation",NA,"Yemen"
"19349","I120_policy_stability",2.3,"Yemen"
"19350","I121_response_to_change",2.3,"Yemen"
"19351","I122_digital_business_laws",1.9,"Yemen"
"19352","I123_gov_long_term_vision",1.9,"Yemen"
"19353","I124_energy_regulations",10.5,"Yemen"
"19354","I125_renewable_energy",20,"Yemen"
"19355","I126_environment_treaties",19,"Yemen"
"19356","P2_infrastructure",NA,"Yemen"
"19357","Sub8_Transport_Infrastructure",NA,"Yemen"
"19358","I201_road_connectivity",56.7,"Yemen"
"19359","I202_quality_of_roads",2.1,"Yemen"
"19360","I203_railroad_density",NA,"Yemen"
"19361","I204_train_efficiency",NA,"Yemen"
"19362","I205_airport_connectivity",4.2,"Yemen"
"19363","I206_air_transport_efficiency",2.2,"Yemen"
"19364","I207_shipping_connectivity",7.9,"Yemen"
"19365","I208_seaport_efficiency",2.2,"Yemen"
"19366","Sub9_Utility_Infrastructure",NA,"Yemen"
"19367","I209_electricity_access",46.5,"Yemen"
"19368","I210_electricity_supply",21.9,"Yemen"
"19369","I211_unsafe_drinking_water",53.9,"Yemen"
"19370","I212_water_supply",1.8,"Yemen"
"19371","P3_ICT_adoption",NA,"Yemen"
"19372","I301_cellular_subscription",55.2,"Yemen"
"19373","I302_mobile_broadband",6,"Yemen"
"19374","I303_fixed_broadband",1.7,"Yemen"
"19375","I304_fibre_internet",0,"Yemen"
"19376","I305_internet_users",26.7,"Yemen"
"19377","P4_macro_stability",NA,"Yemen"
"19378","I401_inflation",33.2,"Yemen"
"19379","I402_debt_dynamic",50,"Yemen"
"19380","P5_health",NA,"Yemen"
"19381","I501_healthy_life_expectancy",56.7,"Yemen"
"19382","P6_skills",NA,"Yemen"
"19383","Sub10_Workforce",NA,"Yemen"
"19384","I601_years_of_schooling",2.6,"Yemen"
"19385","Sub11_Workforce_Skills",NA,"Yemen"
"19386","I602_staff_training",2.9,"Yemen"
"19387","I603_vocational_training",2.7,"Yemen"
"19388","I604_graduates_skillset",2.7,"Yemen"
"19389","I605_digital_skills",3.5,"Yemen"
"19390","I606_skilled_employees",3.7,"Yemen"
"19391","Sub12_Future_Workforce",NA,"Yemen"
"19392","I501_healthy_life_expectancy",9,"Yemen"
"19393","Sub13_Future_Workforce_Skills",NA,"Yemen"
"19394","I608_critical_thinking",2.3,"Yemen"
"19395","I609_pupil_teacher_ratio",26.9,"Yemen"
"19396","P7_product_market",NA,"Yemen"
"19397","Sub14_Domestic_Competition",NA,"Yemen"
"19398","I701_distortive_taxes",2.6,"Yemen"
"19399","I702_market_dominance",3.2,"Yemen"
"19400","I703_competition_services",4.1,"Yemen"
"19401","Sub15_Trade_Openess",NA,"Yemen"
"19402","I704_non_tariff_barriers",3.4,"Yemen"
"19403","I705_trade_tariffs",6.68,"Yemen"
"19404","I706_tariffs_complexity",6.1,"Yemen"
"19405","I707_border_clearance",2.4,"Yemen"
"19406","P8_labour_market",NA,"Yemen"
"19407","Sub16_Flexibility",NA,"Yemen"
"19408","I801_redundancy_costs",27.4,"Yemen"
"19409","I802_hiring_firing_practices",3,"Yemen"
"19410","I803_labour_employer_relations",4,"Yemen"
"19411","I804_wage_flexibility",5.2,"Yemen"
"19412","I805_labour_market_policies",1.8,"Yemen"
"19413","I806_workers_rights",3,"Yemen"
"19414","I807_foreign_labour_hiring",4,"Yemen"
"19415","I808_internal_labour_mobility",4.1,"Yemen"
"19416","Sub17_Meritocracy",NA,"Yemen"
"19417","I809_reliance_on_management",2.8,"Yemen"
"19418","I810_pay_productivity",3.5,"Yemen"
"19419","I811_gender_pay_gap",0.05,"Yemen"
"19420","I812_labour_tax",11.3,"Yemen"
"19421","P9_financial_system",NA,"Yemen"
"19422","Sub18_Depth",NA,"Yemen"
"19423","I901_credit_to_private_sector",NA,"Yemen"
"19424","I902_financing_SME",2.4,"Yemen"
"19425","I903_venture_capital",2.2,"Yemen"
"19426","I904_market_capitalization",0,"Yemen"
"19427","I905_insurance_premium",0.2,"Yemen"
"19428","Sub19_Stability",NA,"Yemen"
"19429","I906_banks_soundness",2.7,"Yemen"
"19430","I907_non_performing_loans",NA,"Yemen"
"19431","I908_credit_gap",NA,"Yemen"
"19432","I909_regulatory_capital",24.3,"Yemen"
"19433","P10_market_size",NA,"Yemen"
"19434","I1001_GDP_PPP",65,"Yemen"
"19435","I1002_imports",31.8,"Yemen"
"19436","P11_dynamism",NA,"Yemen"
"19437","Sub20_Administrative_Requirements",NA,"Yemen"
"19438","I1101_starting_business_cost",118.8,"Yemen"
"19439","I1102_starting_business_time",40.5,"Yemen"
"19440","I1103_insolvency_recovery_rate",19.1,"Yemen"
"19441","I1104_insolvency_regulations",5,"Yemen"
"19442","Sub21_Entrepreneurial_Culture",NA,"Yemen"
"19443","I1105_risk_attitudes",3.4,"Yemen"
"19444","I1106_delegating_authority",3.2,"Yemen"
"19445","I1107_innovating_companies",3.5,"Yemen"
"19446","I1108_disruptive_ideas",2.8,"Yemen"
"19447","P12_innovation",NA,"Yemen"
"19448","Sub22_Diversity",NA,"Yemen"
"19449","I1201_workforce_diversity",3.3,"Yemen"
"19450","I1202_cluster_development",2.8,"Yemen"
"19451","I1203_international_inventions",0,"Yemen"
"19452","I1204_stakeholder_collaboration",2.6,"Yemen"
"19453","Sub23_Research_Development",NA,"Yemen"
"19454","I1205_scientific_publications",63.3,"Yemen"
"19455","I1206_patents",0,"Yemen"
"19456","I1207_RnD_expenditures",NA,"Yemen"
"19457","I1208_research_institutions",0,"Yemen"
"19458","Sub24_Commercialization",NA,"Yemen"
"19459","I1209_buyer_sophistication",2.5,"Yemen"
"19460","I1210_trademarks",81.04,"Yemen"
"19461","P1_institutions",NA,"Zambia"
"19462","Sub1_Security",NA,"Zambia"
"19463","I101_organized_crime",4.5,"Zambia"
"19464","I102_homicide",5.3,"Zambia"
"19465","I103_terrorism",99.9,"Zambia"
"19466","I104_police",3.1,"Zambia"
"19467","Sub2_Social_Capital",NA,"Zambia"
"19468","Sub2_Social_Capital",54.5,"Zambia"
"19469","Sub3_Checks_Balances",NA,"Zambia"
"19470","I106_transparency",8,"Zambia"
"19471","I107_judicial_independence",2.7,"Zambia"
"19472","I108_challenging_regulations",2.4,"Zambia"
"19473","I09_press_freedom",36.4,"Zambia"
"19474","Sub4_Public_Sector",NA,"Zambia"
"19475","I110_gov_burden",3.5,"Zambia"
"19476","I111_settling_disputes",3.5,"Zambia"
"19477","I112_e_participation",0.4,"Zambia"
"19478","Sub5_Transparency",NA,"Zambia"
"19479","I113_corruption",35,"Zambia"
"19480","I114_property_rights",NA,"Zambia"
"19481","I114_property_rights",4.1,"Zambia"
"19482","I115_intellectual_property_protection",3.6,"Zambia"
"19483","I116_land_administration",7,"Zambia"
"19484","Sub6_Corporate_Governance",NA,"Zambia"
"19485","I117_auditing_accounting_standards",3.6,"Zambia"
"19486","I118_interest_conflict_regulation",5.7,"Zambia"
"19487","I119_shareholder_governance",4.3,"Zambia"
"19488","Sub7_Government_Orientation",NA,"Zambia"
"19489","I120_policy_stability",3.7,"Zambia"
"19490","I121_response_to_change",3.4,"Zambia"
"19491","I122_digital_business_laws",3.1,"Zambia"
"19492","I123_gov_long_term_vision",3.8,"Zambia"
"19493","I124_energy_regulations",16.1,"Zambia"
"19494","I125_renewable_energy",51.4,"Zambia"
"19495","I126_environment_treaties",19,"Zambia"
"19496","P2_infrastructure",NA,"Zambia"
"19497","Sub8_Transport_Infrastructure",NA,"Zambia"
"19498","I201_road_connectivity",77.5,"Zambia"
"19499","I202_quality_of_roads",3.4,"Zambia"
"19500","I203_railroad_density",2.9,"Zambia"
"19501","I204_train_efficiency",2.1,"Zambia"
"19502","I205_airport_connectivity",4819.8,"Zambia"
"19503","I206_air_transport_efficiency",4.1,"Zambia"
"19504","I207_shipping_connectivity",NA,"Zambia"
"19505","I208_seaport_efficiency",2.7,"Zambia"
"19506","Sub9_Utility_Infrastructure",NA,"Zambia"
"19507","I209_electricity_access",32.6,"Zambia"
"19508","I210_electricity_supply",14.5,"Zambia"
"19509","I211_unsafe_drinking_water",61.4,"Zambia"
"19510","I212_water_supply",3.3,"Zambia"
"19511","P3_ICT_adoption",NA,"Zambia"
"19512","I301_cellular_subscription",89.2,"Zambia"
"19513","I302_mobile_broadband",56.6,"Zambia"
"19514","I303_fixed_broadband",0.2,"Zambia"
"19515","I304_fibre_internet",0,"Zambia"
"19516","I305_internet_users",14.3,"Zambia"
"19517","P4_macro_stability",NA,"Zambia"
"19518","I401_inflation",6.8,"Zambia"
"19519","I402_debt_dynamic",35.9,"Zambia"
"19520","P5_health",NA,"Zambia"
"19521","I501_healthy_life_expectancy",55.1,"Zambia"
"19522","P6_skills",NA,"Zambia"
"19523","Sub10_Workforce",NA,"Zambia"
"19524","I601_years_of_schooling",7.9,"Zambia"
"19525","Sub11_Workforce_Skills",NA,"Zambia"
"19526","I602_staff_training",3.6,"Zambia"
"19527","I603_vocational_training",3.5,"Zambia"
"19528","I604_graduates_skillset",3.8,"Zambia"
"19529","I605_digital_skills",3.5,"Zambia"
"19530","I606_skilled_employees",4.8,"Zambia"
"19531","Sub12_Future_Workforce",NA,"Zambia"
"19532","I501_healthy_life_expectancy",NA,"Zambia"
"19533","Sub13_Future_Workforce_Skills",NA,"Zambia"
"19534","I608_critical_thinking",2.8,"Zambia"
"19535","I609_pupil_teacher_ratio",42.1,"Zambia"
"19536","P7_product_market",NA,"Zambia"
"19537","Sub14_Domestic_Competition",NA,"Zambia"
"19538","I701_distortive_taxes",3.4,"Zambia"
"19539","I702_market_dominance",2.9,"Zambia"
"19540","I703_competition_services",4.9,"Zambia"
"19541","Sub15_Trade_Openess",NA,"Zambia"
"19542","I704_non_tariff_barriers",4.2,"Zambia"
"19543","I705_trade_tariffs",10.27,"Zambia"
"19544","I706_tariffs_complexity",6.5,"Zambia"
"19545","I707_border_clearance",2.2,"Zambia"
"19546","P8_labour_market",NA,"Zambia"
"19547","Sub16_Flexibility",NA,"Zambia"
"19548","I801_redundancy_costs",50.5,"Zambia"
"19549","I802_hiring_firing_practices",3.9,"Zambia"
"19550","I803_labour_employer_relations",3.8,"Zambia"
"19551","I804_wage_flexibility",5.5,"Zambia"
"19552","I805_labour_market_policies",2.1,"Zambia"
"19553","I806_workers_rights",70,"Zambia"
"19554","I807_foreign_labour_hiring",4.7,"Zambia"
"19555","I808_internal_labour_mobility",4.9,"Zambia"
"19556","Sub17_Meritocracy",NA,"Zambia"
"19557","I809_reliance_on_management",3.9,"Zambia"
"19558","I810_pay_productivity",3.5,"Zambia"
"19559","I811_gender_pay_gap",0.35,"Zambia"
"19560","I812_labour_tax",10.4,"Zambia"
"19561","P9_financial_system",NA,"Zambia"
"19562","Sub18_Depth",NA,"Zambia"
"19563","I901_credit_to_private_sector",15.5,"Zambia"
"19564","I902_financing_SME",3.1,"Zambia"
"19565","I903_venture_capital",1.8,"Zambia"
"19566","I904_market_capitalization",16.5,"Zambia"
"19567","I905_insurance_premium",1,"Zambia"
"19568","Sub19_Stability",NA,"Zambia"
"19569","I906_banks_soundness",4.4,"Zambia"
"19570","I907_non_performing_loans",12,"Zambia"
"19571","I908_credit_gap",-5.5,"Zambia"
"19572","I909_regulatory_capital",24.5,"Zambia"
"19573","P10_market_size",NA,"Zambia"
"19574","I1001_GDP_PPP",65,"Zambia"
"19575","I1002_imports",44,"Zambia"
"19576","P11_dynamism",NA,"Zambia"
"19577","Sub20_Administrative_Requirements",NA,"Zambia"
"19578","I1101_starting_business_cost",32.8,"Zambia"
"19579","I1102_starting_business_time",8.5,"Zambia"
"19580","I1103_insolvency_recovery_rate",49.8,"Zambia"
"19581","I1104_insolvency_regulations",5,"Zambia"
"19582","Sub21_Entrepreneurial_Culture",NA,"Zambia"
"19583","I1105_risk_attitudes",3.9,"Zambia"
"19584","I1106_delegating_authority",4.5,"Zambia"
"19585","I1107_innovating_companies",3.8,"Zambia"
"19586","I1108_disruptive_ideas",3.3,"Zambia"
"19587","P12_innovation",NA,"Zambia"
"19588","Sub22_Diversity",NA,"Zambia"
"19589","I1201_workforce_diversity",4.5,"Zambia"
"19590","I1202_cluster_development",3.5,"Zambia"
"19591","I1203_international_inventions",0.02,"Zambia"
"19592","I1204_stakeholder_collaboration",3.2,"Zambia"
"19593","Sub23_Research_Development",NA,"Zambia"
"19594","I1205_scientific_publications",109.7,"Zambia"
"19595","I1206_patents",0.02,"Zambia"
"19596","I1207_RnD_expenditures",0.3,"Zambia"
"19597","I1208_research_institutions",0,"Zambia"
"19598","Sub24_Commercialization",NA,"Zambia"
"19599","I1209_buyer_sophistication",2.6,"Zambia"
"19600","I1210_trademarks",52.62,"Zambia"
"19601","P1_institutions",NA,"Zimbabwe"
"19602","Sub1_Security",NA,"Zimbabwe"
"19603","I101_organized_crime",4.8,"Zimbabwe"
"19604","I102_homicide",6.7,"Zimbabwe"
"19605","I103_terrorism",99.9,"Zimbabwe"
"19606","I104_police",3.3,"Zimbabwe"
"19607","Sub2_Social_Capital",NA,"Zimbabwe"
"19608","Sub2_Social_Capital",47.7,"Zimbabwe"
"19609","Sub3_Checks_Balances",NA,"Zimbabwe"
"19610","I106_transparency",23,"Zimbabwe"
"19611","I107_judicial_independence",2.8,"Zimbabwe"
"19612","I108_challenging_regulations",2.8,"Zimbabwe"
"19613","I09_press_freedom",42.2,"Zimbabwe"
"19614","Sub4_Public_Sector",NA,"Zimbabwe"
"19615","I110_gov_burden",2.4,"Zimbabwe"
"19616","I111_settling_disputes",3.3,"Zimbabwe"
"19617","I112_e_participation",0.28,"Zimbabwe"
"19618","Sub5_Transparency",NA,"Zimbabwe"
"19619","I113_corruption",22,"Zimbabwe"
"19620","I114_property_rights",NA,"Zimbabwe"
"19621","I114_property_rights",2.8,"Zimbabwe"
"19622","I115_intellectual_property_protection",3.5,"Zimbabwe"
"19623","I116_land_administration",10,"Zimbabwe"
"19624","Sub6_Corporate_Governance",NA,"Zimbabwe"
"19625","I117_auditing_accounting_standards",4.8,"Zimbabwe"
"19626","I118_interest_conflict_regulation",5,"Zimbabwe"
"19627","I119_shareholder_governance",5.7,"Zimbabwe"
"19628","Sub7_Government_Orientation",NA,"Zimbabwe"
"19629","I120_policy_stability",2.6,"Zimbabwe"
"19630","I121_response_to_change",2.6,"Zimbabwe"
"19631","I122_digital_business_laws",2.5,"Zimbabwe"
"19632","I123_gov_long_term_vision",3.4,"Zimbabwe"
"19633","I124_energy_regulations",22.7,"Zimbabwe"
"19634","I125_renewable_energy",44,"Zimbabwe"
"19635","I126_environment_treaties",19,"Zimbabwe"
"19636","P2_infrastructure",NA,"Zimbabwe"
"19637","Sub8_Transport_Infrastructure",NA,"Zimbabwe"
"19638","I201_road_connectivity",85.9,"Zimbabwe"
"19639","I202_quality_of_roads",2.8,"Zimbabwe"
"19640","I203_railroad_density",7.1,"Zimbabwe"
"19641","I204_train_efficiency",1.9,"Zimbabwe"
"19642","I205_airport_connectivity",3605.3,"Zimbabwe"
"19643","I206_air_transport_efficiency",3.5,"Zimbabwe"
"19644","I207_shipping_connectivity",NA,"Zimbabwe"
"19645","I208_seaport_efficiency",3.1,"Zimbabwe"
"19646","Sub9_Utility_Infrastructure",NA,"Zimbabwe"
"19647","I209_electricity_access",33.6,"Zimbabwe"
"19648","I210_electricity_supply",17.2,"Zimbabwe"
"19649","I211_unsafe_drinking_water",66.6,"Zimbabwe"
"19650","I212_water_supply",2.3,"Zimbabwe"
"19651","P3_ICT_adoption",NA,"Zimbabwe"
"19652","I301_cellular_subscription",89.4,"Zimbabwe"
"19653","I302_mobile_broadband",52.3,"Zimbabwe"
"19654","I303_fixed_broadband",1.4,"Zimbabwe"
"19655","I304_fibre_internet",0.2,"Zimbabwe"
"19656","I305_internet_users",27.1,"Zimbabwe"
"19657","P4_macro_stability",NA,"Zimbabwe"
"19658","I401_inflation",5.8,"Zimbabwe"
"19659","I402_debt_dynamic",50,"Zimbabwe"
"19660","P5_health",NA,"Zimbabwe"
"19661","I501_healthy_life_expectancy",53.2,"Zimbabwe"
"19662","P6_skills",NA,"Zimbabwe"
"19663","Sub10_Workforce",NA,"Zimbabwe"
"19664","I601_years_of_schooling",8.1,"Zimbabwe"
"19665","Sub11_Workforce_Skills",NA,"Zimbabwe"
"19666","I602_staff_training",3.8,"Zimbabwe"
"19667","I603_vocational_training",3.6,"Zimbabwe"
"19668","I604_graduates_skillset",4,"Zimbabwe"
"19669","I605_digital_skills",3.9,"Zimbabwe"
"19670","I606_skilled_employees",4.4,"Zimbabwe"
"19671","Sub12_Future_Workforce",NA,"Zimbabwe"
"19672","I501_healthy_life_expectancy",10.2,"Zimbabwe"
"19673","Sub13_Future_Workforce_Skills",NA,"Zimbabwe"
"19674","I608_critical_thinking",3.2,"Zimbabwe"
"19675","I609_pupil_teacher_ratio",36.4,"Zimbabwe"
"19676","P7_product_market",NA,"Zimbabwe"
"19677","Sub14_Domestic_Competition",NA,"Zimbabwe"
"19678","I701_distortive_taxes",3,"Zimbabwe"
"19679","I702_market_dominance",3.1,"Zimbabwe"
"19680","I703_competition_services",4.4,"Zimbabwe"
"19681","Sub15_Trade_Openess",NA,"Zimbabwe"
"19682","I704_non_tariff_barriers",4.1,"Zimbabwe"
"19683","I705_trade_tariffs",14.55,"Zimbabwe"
"19684","I706_tariffs_complexity",4.5,"Zimbabwe"
"19685","I707_border_clearance",2,"Zimbabwe"
"19686","P8_labour_market",NA,"Zimbabwe"
"19687","Sub16_Flexibility",NA,"Zimbabwe"
"19688","I801_redundancy_costs",25.3,"Zimbabwe"
"19689","I802_hiring_firing_practices",2.8,"Zimbabwe"
"19690","I803_labour_employer_relations",4.3,"Zimbabwe"
"19691","I804_wage_flexibility",3.1,"Zimbabwe"
"19692","I805_labour_market_policies",1.8,"Zimbabwe"
"19693","I806_workers_rights",57,"Zimbabwe"
"19694","I807_foreign_labour_hiring",2.7,"Zimbabwe"
"19695","I808_internal_labour_mobility",4.9,"Zimbabwe"
"19696","Sub17_Meritocracy",NA,"Zimbabwe"
"19697","I809_reliance_on_management",5,"Zimbabwe"
"19698","I810_pay_productivity",3.5,"Zimbabwe"
"19699","I811_gender_pay_gap",0.51,"Zimbabwe"
"19700","I812_labour_tax",5.6,"Zimbabwe"
"19701","P9_financial_system",NA,"Zimbabwe"
"19702","Sub18_Depth",NA,"Zimbabwe"
"19703","I901_credit_to_private_sector",22.4,"Zimbabwe"
"19704","I902_financing_SME",3,"Zimbabwe"
"19705","I903_venture_capital",2.1,"Zimbabwe"
"19706","I904_market_capitalization",10.5,"Zimbabwe"
"19707","I905_insurance_premium",NA,"Zimbabwe"
"19708","Sub19_Stability",NA,"Zimbabwe"
"19709","I906_banks_soundness",3.4,"Zimbabwe"
"19710","I907_non_performing_loans",7.2,"Zimbabwe"
"19711","I908_credit_gap",-6.8,"Zimbabwe"
"19712","I909_regulatory_capital",25.8,"Zimbabwe"
"19713","P10_market_size",NA,"Zimbabwe"
"19714","I1001_GDP_PPP",38,"Zimbabwe"
"19715","I1002_imports",20.9,"Zimbabwe"
"19716","P11_dynamism",NA,"Zimbabwe"
"19717","Sub20_Administrative_Requirements",NA,"Zimbabwe"
"19718","I1101_starting_business_cost",110.7,"Zimbabwe"
"19719","I1102_starting_business_time",32,"Zimbabwe"
"19720","I1103_insolvency_recovery_rate",18,"Zimbabwe"
"19721","I1104_insolvency_regulations",5,"Zimbabwe"
"19722","Sub21_Entrepreneurial_Culture",NA,"Zimbabwe"
"19723","I1105_risk_attitudes",4.2,"Zimbabwe"
"19724","I1106_delegating_authority",4.6,"Zimbabwe"
"19725","I1107_innovating_companies",4,"Zimbabwe"
"19726","I1108_disruptive_ideas",3.4,"Zimbabwe"
"19727","P12_innovation",NA,"Zimbabwe"
"19728","Sub22_Diversity",NA,"Zimbabwe"
"19729","I1201_workforce_diversity",4.4,"Zimbabwe"
"19730","I1202_cluster_development",2.9,"Zimbabwe"
"19731","I1203_international_inventions",0.04,"Zimbabwe"
"19732","I1204_stakeholder_collaboration",3.2,"Zimbabwe"
"19733","Sub23_Research_Development",NA,"Zimbabwe"
"19734","I1205_scientific_publications",119.3,"Zimbabwe"
"19735","I1206_patents",0.04,"Zimbabwe"
"19736","I1207_RnD_expenditures",NA,"Zimbabwe"
"19737","I1208_research_institutions",0,"Zimbabwe"
"19738","Sub24_Commercialization",NA,"Zimbabwe"
"19739","I1209_buyer_sophistication",2.8,"Zimbabwe"
"19740","I1210_trademarks",17.51,"Zimbabwe"
